workload	kind	callee	calling_conv	is_vararg	is_tail	is_musttail	can_lower_return	features	return_type	arg_types	split_arg_types	count	share_percent
TOTAL	call	direct	0	0	0	0	1	-	void	ptr{pointer}	ptr{pointer}	27986	16.862896
TOTAL	call	direct	0	0	0	0	1	-	ptr{pointer}	ptr{pointer}	ptr{pointer}	22299	13.436208
TOTAL	call	direct	0	0	0	0	1	-	i32	ptr{pointer}	ptr{pointer}	11477	6.915438
TOTAL	call	direct	0	0	0	0	1	-	void	ptr{pointer},ptr{pointer}	ptr{pointer},ptr{pointer}	6828	4.114195
TOTAL	call	direct	0	0	0	0	1	-	ptr{pointer}	ptr{pointer},ptr{pointer}	ptr{pointer},ptr{pointer}	5652	3.405599
TOTAL	call	direct	0	0	0	0	1	-	ptr{pointer}	ptr{pointer},i32	ptr{pointer},i32	4706	2.835589
TOTAL	call	direct	0	0	0	0	1	-	void	ptr{pointer},ptr{pointer},ptr{pointer}	ptr{pointer},ptr{pointer},ptr{pointer}	3908	2.354756
TOTAL	call	direct	0	0	0	0	1	-	i32	ptr{pointer},ptr{pointer}	ptr{pointer},ptr{pointer}	3802	2.290886
TOTAL	invoke	direct	0	0	0	0	1	-	void	ptr{pointer}	ptr{pointer}	3130	1.885974
TOTAL	call	direct	0	0	0	0	1	-	ptr{pointer}	-	-	2734	1.647365
TOTAL	call	direct	0	0	0	0	1	-	void	ptr{pointer},i32	ptr{pointer},i32	2423	1.459973
TOTAL	call	indirect	0	0	0	0	1	-	void	ptr{pointer},ptr{pointer},ptr{pointer}	ptr{pointer},ptr{pointer},ptr{pointer}	2417	1.456357
TOTAL	call	direct	0	0	0	0	1	-	void	-	-	2116	1.274991
TOTAL	call	direct	0	0	0	0	1	-	%class.btVector3	ptr{pointer},ptr{pointer}	ptr{pointer},ptr{pointer}	2111	1.271978
TOTAL	call	indirect	0	0	0	0	1	-	i32	ptr{pointer}	ptr{pointer}	2097	1.263542
TOTAL	call	direct	0	0	0	0	1	-	void	ptr{pointer},i64	ptr{pointer},i64	1972	1.188224
TOTAL	call	direct	0	0	0	0	1	-	void	ptr{pointer},ptr{pointer},ptr{pointer},ptr{pointer}	ptr{pointer},ptr{pointer},ptr{pointer},ptr{pointer}	1934	1.165327
TOTAL	call	direct	0	0	0	0	1	-	i64	ptr{pointer}	ptr{pointer}	1838	1.107482
TOTAL	call	direct	0	0	0	0	1	-	i32	i32	i32	1722	1.037587
TOTAL	call	direct	0	0	0	0	1	-	ptr{pointer}	i64	i64	1502	0.905026
TOTAL	call	direct	0	0	0	0	1	-	i32	-	-	1356	0.817055
TOTAL	call	direct	0	0	0	0	1	-	void	ptr{pointer,sret},ptr{pointer},ptr{pointer}	ptr{pointer,sret},ptr{pointer},ptr{pointer}	1331	0.801991
TOTAL	call	direct	0	0	0	0	1	-	i32	ptr{pointer},i32	ptr{pointer},i32	1321	0.795965
TOTAL	invoke	direct	0	0	0	0	1	-	ptr{pointer}	ptr{pointer}	ptr{pointer}	1183	0.712814
TOTAL	call	direct	0	1	0	0	1	-	void	ptr{pointer}	ptr{pointer}	1136	0.684494
TOTAL	call	direct	0	0	0	0	1	-	ptr{pointer}	ptr{pointer},ptr{pointer},ptr{pointer}	ptr{pointer},ptr{pointer},ptr{pointer}	1085	0.653764
TOTAL	call	direct	0	0	0	0	1	-	i32	i32,i32	i32,i32	1059	0.638098
TOTAL	call	direct	0	0	0	0	1	-	ptr{pointer}	i32	i32	1057	0.636893
TOTAL	call	direct	0	0	0	0	1	-	float	ptr{pointer},ptr{pointer}	ptr{pointer},ptr{pointer}	1046	0.630265
TOTAL	call	direct	0	0	0	0	1	-	ptr{pointer}	ptr{pointer},ptr{pointer},ptr{pointer},i64	ptr{pointer},ptr{pointer},ptr{pointer},i64	1010	0.608573
TOTAL	call	direct	0	0	0	0	1	-	i1	ptr{pointer}	ptr{pointer}	876	0.527832
TOTAL	invoke	direct	0	0	0	0	1	-	ptr{pointer}	ptr{pointer},i32	ptr{pointer},i32	855	0.515178
TOTAL	call	direct	0	0	0	0	1	-	i32	ptr{pointer},ptr{pointer},ptr{pointer}	ptr{pointer},ptr{pointer},ptr{pointer}	833	0.501922
TOTAL	invoke	direct	0	0	0	0	1	-	void	ptr{pointer},ptr{pointer}	ptr{pointer},ptr{pointer}	801	0.482641
TOTAL	call	direct	0	1	0	0	1	-	ptr{pointer}	i32,i32,ptr{pointer},i32,ptr{pointer}	i32,i32,ptr{pointer},i32,ptr{pointer}	770	0.463962
TOTAL	call	direct	0	0	0	0	1	-	void	ptr{pointer},i32,i32	ptr{pointer},i32,i32	762	0.459141
TOTAL	call	direct	0	0	0	0	1	-	ptr{pointer}	i32,ptr{pointer}	i32,ptr{pointer}	748	0.450706
TOTAL	call	direct	0	1	0	0	1	-	ptr{pointer}	i32,i32,ptr{pointer},i32,ptr{pointer},ptr{pointer,vararg}	i32,i32,ptr{pointer},i32,ptr{pointer},ptr{pointer,vararg}	745	0.448898
TOTAL	invoke	direct	0	0	0	0	1	-	ptr{pointer}	ptr{pointer},ptr{pointer}	ptr{pointer},ptr{pointer}	703	0.423591
TOTAL	call	direct	0	0	0	0	1	-	void	ptr{pointer,sret},ptr{pointer}	ptr{pointer,sret},ptr{pointer}	651	0.392258
TOTAL	invoke	direct	0	0	0	0	1	-	i32	ptr{pointer}	ptr{pointer}	647	0.389848
TOTAL	call	indirect	0	0	0	0	1	-	void	ptr{pointer}	ptr{pointer}	589	0.354901
TOTAL	call	direct	0	0	0	0	1	-	void	i32	i32	570	0.343452
TOTAL	call	direct	0	0	0	0	1	-	float	float	float	560	0.337427
TOTAL	call	direct	0	0	0	0	1	-	void	ptr{pointer},i32,ptr{pointer}	ptr{pointer},i32,ptr{pointer}	524	0.315735
TOTAL	call	direct	0	0	0	0	1	-	float	ptr{pointer}	ptr{pointer}	517	0.311517
TOTAL	call	direct	0	0	0	0	1	-	i1	ptr{pointer},ptr{pointer}	ptr{pointer},ptr{pointer}	468	0.281992
TOTAL	call	direct	0	1	0	0	1	-	i32	ptr{pointer},ptr{pointer}	ptr{pointer},ptr{pointer}	463	0.278980
TOTAL	call	direct	0	0	0	0	1	-	void	ptr{pointer,sret},ptr{pointer},ptr{pointer},ptr{pointer}	ptr{pointer,sret},ptr{pointer},ptr{pointer},ptr{pointer}	453	0.272954
TOTAL	call	indirect	0	0	0	0	1	-	ptr{pointer}	ptr{pointer},ptr{pointer}	ptr{pointer},ptr{pointer}	452	0.272352
TOTAL	call	direct	0	0	0	0	1	-	ptr{pointer}	ptr{pointer},i64	ptr{pointer},i64	442	0.266326
TOTAL	call	direct	0	1	0	0	1	-	void	ptr{pointer},i32{vararg}	ptr{pointer},i32{vararg}	441	0.265723
TOTAL	call	direct	0	0	0	0	1	-	void	ptr{pointer},ptr{pointer},ptr{pointer},ptr{pointer},ptr{pointer}	ptr{pointer},ptr{pointer},ptr{pointer},ptr{pointer},ptr{pointer}	437	0.263313
TOTAL	invoke	direct	0	0	0	0	1	-	void	ptr{pointer},ptr{pointer},ptr{pointer}	ptr{pointer},ptr{pointer},ptr{pointer}	412	0.248250
TOTAL	call	direct	0	0	0	0	1	-	i32	ptr{pointer},ptr{pointer},i64	ptr{pointer},ptr{pointer},i64	406	0.244634
TOTAL	call	direct	0	0	0	0	1	-	ptr{pointer}	ptr{pointer},ptr{pointer},i32	ptr{pointer},ptr{pointer},i32	388	0.233788
TOTAL	call	direct	0	0	0	0	1	-	i1	ptr{pointer},i64	ptr{pointer},i64	386	0.232583
TOTAL	call	direct	0	0	0	0	1	-	i32	ptr{pointer},i32,i32,i32	ptr{pointer},i32,i32,i32	386	0.232583
TOTAL	call	direct	0	0	0	0	1	-	ptr{pointer}	ptr{pointer},i32,ptr{pointer}	ptr{pointer},i32,ptr{pointer}	366	0.220532
TOTAL	call	direct	0	0	0	0	1	-	ptr{pointer}	ptr{pointer},ptr{pointer},ptr{pointer},ptr{pointer}	ptr{pointer},ptr{pointer},ptr{pointer},ptr{pointer}	366	0.220532
TOTAL	call	direct	0	0	0	0	1	-	void	ptr{pointer},ptr{pointer},i32	ptr{pointer},ptr{pointer},i32	346	0.208481
TOTAL	call	indirect	0	0	0	0	1	-	void	ptr{pointer},ptr{pointer}	ptr{pointer},ptr{pointer}	335	0.201853
TOTAL	call	direct	0	0	0	0	1	-	i32	i32,ptr{pointer}	i32,ptr{pointer}	312	0.187995
TOTAL	call	direct	0	0	0	0	1	-	ptr{pointer}	i64,i64	i64,i64	303	0.182572
TOTAL	invoke	indirect	0	0	0	0	1	-	i32	ptr{pointer}	ptr{pointer}	303	0.182572
TOTAL	call	direct	0	1	0	0	1	-	i32	ptr{pointer},ptr{pointer},ptr{pointer,vararg}	ptr{pointer},ptr{pointer},ptr{pointer,vararg}	302	0.181969
TOTAL	call	direct	0	0	0	0	1	-	void	ptr{pointer},ptr{pointer},i64	ptr{pointer},ptr{pointer},i64	299	0.180162
TOTAL	invoke	direct	0	0	0	0	1	-	i32	ptr{pointer},ptr{pointer}	ptr{pointer},ptr{pointer}	291	0.175341
TOTAL	call	direct	0	1	0	0	1	-	void	ptr{pointer},ptr{pointer,vararg}	ptr{pointer},ptr{pointer,vararg}	282	0.169918
TOTAL	invoke	direct	0	0	0	0	1	-	i1	ptr{pointer}	ptr{pointer}	278	0.167508
TOTAL	call	direct	0	0	0	0	1	-	ptr{pointer}	i32,i32	i32,i32	275	0.165701
TOTAL	call	direct	0	1	0	0	1	-	i32	ptr{pointer},ptr{pointer},i32{vararg}	ptr{pointer},ptr{pointer},i32{vararg}	254	0.153047
TOTAL	call	direct	0	0	0	0	1	-	i32	ptr{pointer},i32,ptr{pointer}	ptr{pointer},i32,ptr{pointer}	250	0.150637
TOTAL	call	direct	0	0	0	0	1	-	i32	ptr{pointer},ptr{pointer},i32	ptr{pointer},ptr{pointer},i32	246	0.148227
TOTAL	call	direct	0	0	0	0	1	-	i32	i32,ptr{pointer},i32	i32,ptr{pointer},i32	245	0.147624
TOTAL	call	direct	0	0	1	0	1	-	void	ptr{pointer}	ptr{pointer}	243	0.146419
TOTAL	call	direct	0	0	0	0	1	-	i32	i32,i32,i32	i32,i32,i32	237	0.142804
TOTAL	call	direct	0	0	1	0	1	-	i32	ptr{pointer}	ptr{pointer}	237	0.142804
TOTAL	call	direct	0	0	0	0	1	-	ptr{pointer}	ptr{pointer},i32,i32	ptr{pointer},i32,i32	233	0.140394
TOTAL	call	direct	0	0	0	0	1	-	double	ptr{pointer},ptr{pointer}	ptr{pointer},ptr{pointer}	231	0.139188
TOTAL	call	direct	0	0	0	0	1	-	void	ptr{pointer,sret},ptr{pointer},i32	ptr{pointer,sret},ptr{pointer},i32	219	0.131958
TOTAL	call	indirect	0	0	0	0	1	-	i1	ptr{pointer}	ptr{pointer}	212	0.127740
TOTAL	invoke	direct	0	0	0	0	1	-	void	ptr{pointer},ptr{pointer},ptr{pointer},ptr{pointer}	ptr{pointer},ptr{pointer},ptr{pointer},ptr{pointer}	209	0.125932
TOTAL	call	direct	0	0	0	0	1	-	ptr{pointer}	i32,ptr{pointer},ptr{pointer}	i32,ptr{pointer},ptr{pointer}	205	0.123522
TOTAL	call	direct	0	0	0	0	1	-	i64	i32,i64,i32	i32,i64,i32	193	0.116292
TOTAL	call	direct	0	0	0	0	1	-	i32	ptr{pointer},i32,i32	ptr{pointer},i32,i32	192	0.115689
TOTAL	call	direct	0	0	0	0	1	-	i32	ptr{pointer},ptr{pointer},ptr{pointer},ptr{pointer}	ptr{pointer},ptr{pointer},ptr{pointer},ptr{pointer}	179	0.107856
TOTAL	invoke	direct	0	0	0	0	1	-	void	ptr{pointer},i32	ptr{pointer},i32	164	0.098818
TOTAL	call	direct	0	0	0	0	1	-	%class.btVector3	ptr{pointer}	ptr{pointer}	162	0.097613
TOTAL	call	direct	0	0	0	0	1	-	void	ptr{pointer},i32,i1	ptr{pointer},i32,i1	162	0.097613
TOTAL	call	direct	0	0	0	0	1	-	void	ptr{pointer},ptr{pointer},ptr{pointer},ptr{pointer},ptr{pointer},ptr{pointer},ptr{pointer},ptr{pointer},ptr{pointer},ptr{pointer}	ptr{pointer},ptr{pointer},ptr{pointer},ptr{pointer},ptr{pointer},ptr{pointer},ptr{pointer},ptr{pointer},ptr{pointer},ptr{pointer}	160	0.096408
TOTAL	call	direct	0	0	0	0	1	-	void	ptr{pointer},i32,i1,i1	ptr{pointer},i32,i1,i1	155	0.093395
TOTAL	call	direct	0	0	0	0	1	-	ptr{pointer}	i64,i32	i64,i32	153	0.092190
TOTAL	call	direct	0	0	0	0	1	-	i32	ptr{pointer},i32,i32,i32,i32	ptr{pointer},i32,i32,i32,i32	149	0.089780
TOTAL	call	indirect	0	0	0	0	1	-	void	ptr{pointer},ptr{pointer},ptr{pointer},ptr{pointer}	ptr{pointer},ptr{pointer},ptr{pointer},ptr{pointer}	147	0.088574
TOTAL	call	direct	0	0	0	0	1	-	void	ptr{pointer},i32,i32,ptr{pointer}	ptr{pointer},i32,i32,ptr{pointer}	146	0.087972
TOTAL	call	direct	0	0	0	0	1	-	ptr{pointer}	ptr{pointer},ptr{pointer},i64	ptr{pointer},ptr{pointer},i64	143	0.086164
TOTAL	call	direct	0	0	0	0	1	-	i32	ptr{pointer},i64	ptr{pointer},i64	140	0.084357
TOTAL	call	direct	0	0	0	0	1	-	void	ptr{pointer},ptr{pointer},i32,i32	ptr{pointer},ptr{pointer},i32,i32	139	0.083754
TOTAL	call	direct	0	0	0	0	1	-	void	i32,ptr{pointer},ptr{pointer}	i32,ptr{pointer},ptr{pointer}	136	0.081946
TOTAL	call	direct	0	0	0	0	1	-	i64	ptr{pointer},ptr{pointer}	ptr{pointer},ptr{pointer}	132	0.079536
TOTAL	call	direct	0	0	0	0	1	-	void	i32,ptr{pointer}	i32,ptr{pointer}	132	0.079536
TOTAL	call	indirect	0	0	0	0	1	-	float	ptr{pointer}	ptr{pointer}	132	0.079536
TOTAL	call	direct	0	1	0	0	1	-	i32	ptr{pointer}	ptr{pointer}	128	0.077126
TOTAL	call	direct	0	0	0	0	1	-	double	ptr{pointer}	ptr{pointer}	126	0.075921
TOTAL	invoke	direct	0	0	0	0	1	-	ptr{pointer}	i64	i64	126	0.075921
TOTAL	call	direct	0	0	0	0	1	-	void	ptr{pointer},i16,ptr{pointer}	ptr{pointer},i16,ptr{pointer}	123	0.074113
TOTAL	call	direct	0	0	1	0	1	-	i32	ptr{pointer},ptr{pointer},ptr{pointer}	ptr{pointer},ptr{pointer},ptr{pointer}	117	0.070498
TOTAL	call	direct	0	0	0	0	1	-	i32	ptr{pointer},ptr{pointer},ptr{pointer},i32	ptr{pointer},ptr{pointer},ptr{pointer},i32	114	0.068690
TOTAL	call	direct	0	0	0	0	1	-	ptr{pointer}	ptr{pointer},i32,i32,i32,i32,i8	ptr{pointer},i32,i32,i32,i32,i8	114	0.068690
TOTAL	call	direct	0	0	0	0	1	-	void	ptr{pointer},i32,i32,i32	ptr{pointer},i32,i32,i32	114	0.068690
TOTAL	call	direct	0	1	0	0	1	-	i32	ptr{pointer},ptr{pointer,vararg}	ptr{pointer},ptr{pointer,vararg}	114	0.068690
TOTAL	invoke	direct	0	0	0	0	1	-	%class.btVector3	ptr{pointer},ptr{pointer}	ptr{pointer},ptr{pointer}	114	0.068690
TOTAL	invoke	direct	0	0	0	0	1	-	void	ptr{pointer,sret},ptr{pointer},i32	ptr{pointer,sret},ptr{pointer},i32	114	0.068690
TOTAL	invoke	direct	0	0	0	0	1	-	i64	ptr{pointer}	ptr{pointer}	113	0.068088
TOTAL	invoke	direct	0	0	0	0	1	-	void	-	-	110	0.066280
TOTAL	call	direct	0	1	0	0	1	-	i32	ptr{pointer},ptr{pointer},double{vararg}	ptr{pointer},ptr{pointer},double{vararg}	105	0.063267
TOTAL	invoke	direct	0	0	0	0	1	-	i1	ptr{pointer},ptr{pointer}	ptr{pointer},ptr{pointer}	104	0.062665
TOTAL	call	direct	0	0	0	0	1	-	void	ptr{pointer},i8	ptr{pointer},i8	102	0.061460
TOTAL	call	indirect	0	0	0	0	1	-	ptr{pointer}	ptr{pointer}	ptr{pointer}	101	0.060857
TOTAL	call	direct	0	0	0	0	1	-	void	i1	i1	100	0.060255
TOTAL	call	direct	0	1	0	0	1	-	ptr{pointer}	i32,i32,ptr{pointer},i32,ptr{pointer},ptr{pointer,vararg},ptr{pointer,vararg}	i32,i32,ptr{pointer},i32,ptr{pointer},ptr{pointer,vararg},ptr{pointer,vararg}	100	0.060255
TOTAL	invoke	indirect	0	0	0	0	1	-	void	ptr{pointer},ptr{pointer},ptr{pointer}	ptr{pointer},ptr{pointer},ptr{pointer}	99	0.059652
TOTAL	call	direct	0	0	0	0	1	-	i32	i32,i32,i64	i32,i32,i64	98	0.059050
TOTAL	call	direct	0	0	0	0	1	-	void	ptr{pointer},i32,ptr{pointer},ptr{pointer},i32	ptr{pointer},i32,ptr{pointer},ptr{pointer},i32	98	0.059050
TOTAL	call	direct	0	0	0	0	1	-	void	i32,i32,ptr{pointer},i32,i32,i32	i32,i32,ptr{pointer},i32,i32,i32	96	0.057845
TOTAL	call	direct	0	0	0	0	1	-	i1	ptr{pointer},i32	ptr{pointer},i32	95	0.057242
TOTAL	call	direct	0	0	0	0	1	-	i1	ptr{pointer},ptr{pointer},ptr{pointer}	ptr{pointer},ptr{pointer},ptr{pointer}	95	0.057242
TOTAL	call	direct	0	0	0	0	1	-	void	ptr{pointer,sret},ptr{pointer},i32,i32	ptr{pointer,sret},ptr{pointer},i32,i32	92	0.055434
TOTAL	call	direct	0	0	0	0	1	-	void	i32,i32	i32,i32	90	0.054229
TOTAL	call	direct	0	0	0	0	1	-	i32	ptr{pointer},i32,ptr{pointer},ptr{pointer}	ptr{pointer},i32,ptr{pointer},ptr{pointer}	89	0.053627
TOTAL	invoke	direct	0	0	0	0	1	-	void	ptr{pointer},i32,ptr{pointer}	ptr{pointer},i32,ptr{pointer}	89	0.053627
TOTAL	call	direct	0	1	0	0	1	-	i32	ptr{pointer},ptr{pointer},i32{vararg},i32{vararg}	ptr{pointer},ptr{pointer},i32{vararg},i32{vararg}	86	0.051819
TOTAL	invoke	direct	0	0	0	0	1	-	i32	ptr{pointer},i32	ptr{pointer},i32	86	0.051819
TOTAL	call	direct	0	0	0	0	1	-	ptr{pointer}	ptr{pointer},ptr{pointer},ptr{pointer},ptr{pointer},ptr{pointer},ptr{pointer},ptr{pointer},i32,i32,ptr{pointer},i32	ptr{pointer},ptr{pointer},ptr{pointer},ptr{pointer},ptr{pointer},ptr{pointer},ptr{pointer},i32,i32,ptr{pointer},i32	84	0.050614
TOTAL	call	direct	0	0	0	0	1	-	void	ptr{pointer},ptr{pointer},i32,ptr{pointer}	ptr{pointer},ptr{pointer},i32,ptr{pointer}	84	0.050614
TOTAL	call	direct	0	0	0	0	1	-	void	ptr{pointer},ptr{pointer},i8	ptr{pointer},ptr{pointer},i8	84	0.050614
TOTAL	invoke	direct	0	0	0	0	1	-	void	ptr{pointer,sret},ptr{pointer},ptr{pointer}	ptr{pointer,sret},ptr{pointer},ptr{pointer}	84	0.050614
TOTAL	call	direct	0	0	0	0	1	-	i8	ptr{pointer}	ptr{pointer}	81	0.048806
TOTAL	invoke	direct	0	0	0	0	1	-	i32	ptr{pointer},ptr{pointer},ptr{pointer}	ptr{pointer},ptr{pointer},ptr{pointer}	81	0.048806
TOTAL	call	indirect	0	0	0	0	1	-	i32	ptr{pointer},ptr{pointer},ptr{pointer}	ptr{pointer},ptr{pointer},ptr{pointer}	78	0.046999
TOTAL	call	direct	0	0	0	0	1	-	%class.btVector3	ptr{pointer},i32	ptr{pointer},i32	77	0.046396
TOTAL	call	direct	0	0	0	0	1	-	ptr{pointer}	i16	i16	77	0.046396
TOTAL	call	direct	0	0	0	0	1	-	ptr{pointer}	ptr{pointer},ptr{pointer},ptr{pointer},i32	ptr{pointer},ptr{pointer},ptr{pointer},i32	77	0.046396
TOTAL	call	direct	0	0	0	0	1	-	i32	ptr{pointer},i32,i32,i32,i32,ptr{pointer},i32	ptr{pointer},i32,i32,i32,i32,ptr{pointer},i32	76	0.045794
TOTAL	call	direct	0	0	0	0	1	-	void	ptr{pointer},i16	ptr{pointer},i16	74	0.044589
TOTAL	call	direct	0	1	0	0	1	-	i32	ptr{pointer},i32{vararg}	ptr{pointer},i32{vararg}	74	0.044589
TOTAL	call	direct	0	0	0	0	1	-	float	ptr{pointer},i32,i32,i32,i32	ptr{pointer},i32,i32,i32,i32	72	0.043383
TOTAL	call	indirect	0	0	0	0	1	-	i32	ptr{pointer},ptr{pointer}	ptr{pointer},ptr{pointer}	72	0.043383
TOTAL	invoke	direct	0	0	0	0	1	-	ptr{pointer}	ptr{pointer},i64	ptr{pointer},i64	72	0.043383
TOTAL	call	direct	0	0	0	0	1	-	double	ptr{pointer},ptr{pointer},ptr{pointer}	ptr{pointer},ptr{pointer},ptr{pointer}	70	0.042178
TOTAL	call	direct	0	0	0	0	1	-	double	double	double	69	0.041576
TOTAL	call	direct	0	1	0	0	1	-	i32	ptr{pointer},ptr{pointer},ptr{pointer,vararg},i32{vararg}	ptr{pointer},ptr{pointer},ptr{pointer,vararg},i32{vararg}	69	0.041576
TOTAL	call	direct	0	0	0	0	1	-	i64	i64	i64	68	0.040973
TOTAL	call	direct	0	1	0	0	1	-	i32	ptr{pointer},ptr{pointer},ptr{pointer,vararg},ptr{pointer,vararg}	ptr{pointer},ptr{pointer},ptr{pointer,vararg},ptr{pointer,vararg}	68	0.040973
TOTAL	call	direct	0	0	0	0	1	-	void	ptr{pointer},ptr{pointer},i1	ptr{pointer},ptr{pointer},i1	67	0.040371
TOTAL	call	direct	0	0	0	0	1	-	void	ptr{pointer,sret},ptr{pointer},ptr{pointer},i32	ptr{pointer,sret},ptr{pointer},ptr{pointer},i32	67	0.040371
TOTAL	call	direct	0	0	0	0	1	-	void	ptr{pointer},float	ptr{pointer},float	66	0.039768
TOTAL	call	direct	0	0	0	0	1	-	ptr{pointer}	ptr{pointer},i32,ptr{pointer},ptr{pointer},ptr{pointer}	ptr{pointer},i32,ptr{pointer},ptr{pointer},ptr{pointer}	64	0.038563
TOTAL	call	direct	0	0	0	0	1	-	ptr{pointer}	ptr{pointer},i64,ptr{pointer}	ptr{pointer},i64,ptr{pointer}	64	0.038563
TOTAL	call	direct	0	0	0	0	1	-	i32	ptr{pointer},ptr{pointer},ptr{pointer},ptr{pointer},ptr{pointer}	ptr{pointer},ptr{pointer},ptr{pointer},ptr{pointer},ptr{pointer}	63	0.037960
TOTAL	call	direct	0	0	0	0	1	-	void	ptr{pointer},i32,ptr{pointer},ptr{pointer}	ptr{pointer},i32,ptr{pointer},ptr{pointer}	62	0.037358
TOTAL	call	direct	0	0	0	0	1	-	void	ptr{pointer},ptr{pointer},ptr{pointer},i32	ptr{pointer},ptr{pointer},ptr{pointer},i32	62	0.037358
TOTAL	call	direct	0	0	0	0	1	-	i16	ptr{pointer}	ptr{pointer}	61	0.036755
TOTAL	call	direct	0	0	0	0	1	-	void	ptr{pointer},ptr{pointer},ptr{pointer},float	ptr{pointer},ptr{pointer},ptr{pointer},float	61	0.036755
TOTAL	call	indirect	0	0	0	0	1	-	ptr{pointer}	ptr{pointer},i32	ptr{pointer},i32	61	0.036755
TOTAL	call	direct	0	0	0	0	1	-	void	ptr{pointer},i1	ptr{pointer},i1	60	0.036153
TOTAL	call	direct	0	0	0	0	1	-	void	ptr{pointer},i64,i64	ptr{pointer},i64,i64	60	0.036153
TOTAL	call	direct	0	1	0	0	1	-	void	ptr{pointer},ptr{pointer,vararg},ptr{pointer,vararg}	ptr{pointer},ptr{pointer,vararg},ptr{pointer,vararg}	59	0.035550
TOTAL	call	indirect	0	0	0	0	1	-	ptr{pointer}	ptr{pointer},i32,i32	ptr{pointer},i32,i32	59	0.035550
TOTAL	call	direct	0	0	0	0	1	-	double	double,double	double,double	58	0.034948
TOTAL	call	direct	0	0	0	0	1	-	i64	ptr{pointer},i64	ptr{pointer},i64	58	0.034948
TOTAL	invoke	indirect	0	0	0	0	1	-	void	ptr{pointer}	ptr{pointer}	58	0.034948
TOTAL	call	direct	0	0	0	0	1	-	i64	-	-	57	0.034345
TOTAL	call	direct	0	0	0	0	1	-	void	ptr{pointer},ptr{pointer},ptr{pointer},ptr{pointer},ptr{pointer},ptr{pointer}	ptr{pointer},ptr{pointer},ptr{pointer},ptr{pointer},ptr{pointer},ptr{pointer}	56	0.033743
TOTAL	call	direct	0	0	0	0	1	-	[2 x i64]	ptr{pointer},i64	ptr{pointer},i64	55	0.033140
TOTAL	call	direct	0	0	0	0	1	-	i32	ptr{pointer},i32,i32,ptr{pointer},i32	ptr{pointer},i32,i32,ptr{pointer},i32	53	0.031935
TOTAL	call	direct	0	0	0	0	1	-	i32	ptr{pointer},i32,ptr{pointer},i32	ptr{pointer},i32,ptr{pointer},i32	53	0.031935
TOTAL	call	direct	0	0	0	0	1	-	void	ptr{pointer},i64,ptr{pointer}	ptr{pointer},i64,ptr{pointer}	52	0.031332
TOTAL	call	direct	0	0	0	0	1	-	ptr{pointer}	ptr{pointer},i32,i32,i32,i32,i32,i32,i32,ptr{pointer},ptr{pointer}	ptr{pointer},i32,i32,i32,i32,i32,i32,i32,ptr{pointer},ptr{pointer}	51	0.030730
TOTAL	call	direct	0	0	0	0	1	-	ptr{pointer}	ptr{pointer},ptr{pointer},ptr{pointer},ptr{pointer},ptr{pointer}	ptr{pointer},ptr{pointer},ptr{pointer},ptr{pointer},ptr{pointer}	51	0.030730
TOTAL	call	direct	0	1	0	0	1	-	i32	ptr{pointer},i64,ptr{pointer}	ptr{pointer},i64,ptr{pointer}	50	0.030127
TOTAL	call	direct	0	0	0	0	1	-	void	ptr{pointer},ptr{pointer},ptr{pointer},i32,i32	ptr{pointer},ptr{pointer},ptr{pointer},i32,i32	49	0.029525
TOTAL	call	indirect	0	0	0	0	1	-	i32	ptr{pointer},i32,i32,i32,i32,i32	ptr{pointer},i32,i32,i32,i32,i32	49	0.029525
TOTAL	call	direct	0	0	0	0	1	-	ptr{pointer}	i64,ptr{pointer}	i64,ptr{pointer}	48	0.028922
TOTAL	call	direct	0	0	0	0	1	-	ptr{pointer}	ptr{pointer},i1	ptr{pointer},i1	48	0.028922
TOTAL	call	direct	0	0	0	0	1	-	void	ptr{pointer},ptr{pointer},ptr{pointer},i32,i32,ptr{pointer},ptr{pointer},i32	ptr{pointer},ptr{pointer},ptr{pointer},i32,i32,ptr{pointer},ptr{pointer},i32	48	0.028922
TOTAL	invoke	direct	0	0	0	0	1	-	void	ptr{pointer},i64	ptr{pointer},i64	48	0.028922
TOTAL	call	direct	0	0	0	0	1	-	void	ptr{pointer},i32,ptr{pointer},i32	ptr{pointer},i32,ptr{pointer},i32	46	0.027717
TOTAL	call	direct	0	1	0	0	1	-	void	ptr{pointer},i64{vararg}	ptr{pointer},i64{vararg}	46	0.027717
TOTAL	invoke	direct	0	0	0	0	1	-	ptr{pointer}	i64,i32	i64,i32	46	0.027717
TOTAL	call	direct	0	0	0	0	1	-	i32	ptr{pointer},i32,i32,ptr{pointer}	ptr{pointer},i32,i32,ptr{pointer}	45	0.027115
TOTAL	call	direct	0	0	0	0	1	-	i64	i32,ptr{pointer},i64	i32,ptr{pointer},i64	45	0.027115
TOTAL	call	direct	0	0	0	0	1	-	i64	ptr{pointer},i64,i64,ptr{pointer}	ptr{pointer},i64,i64,ptr{pointer}	45	0.027115
TOTAL	call	direct	0	1	0	0	1	-	void	ptr{pointer},ptr{pointer},ptr{pointer,vararg}	ptr{pointer},ptr{pointer},ptr{pointer,vararg}	45	0.027115
TOTAL	call	indirect	0	0	0	0	1	-	i32	ptr{pointer},i64,i32,ptr{pointer}	ptr{pointer},i64,i32,ptr{pointer}	45	0.027115
TOTAL	invoke	indirect	0	0	0	0	1	-	i32	ptr{pointer},i32	ptr{pointer},i32	45	0.027115
TOTAL	call	direct	0	1	0	0	1	-	i32	ptr{pointer},ptr{pointer},i64{vararg}	ptr{pointer},ptr{pointer},i64{vararg}	44	0.026512
TOTAL	call	direct	0	1	0	0	1	-	void	ptr{pointer},i32{vararg},i32{vararg}	ptr{pointer},i32{vararg},i32{vararg}	44	0.026512
TOTAL	invoke	direct	0	0	0	0	1	-	void	ptr{pointer,sret},ptr{pointer}	ptr{pointer,sret},ptr{pointer}	44	0.026512
TOTAL	invoke	indirect	0	0	0	0	1	-	i32	ptr{pointer},ptr{pointer},ptr{pointer}	ptr{pointer},ptr{pointer},ptr{pointer}	44	0.026512
TOTAL	invoke	indirect	0	0	0	0	1	-	i32	ptr{pointer},ptr{pointer}	ptr{pointer},ptr{pointer}	44	0.026512
TOTAL	call	indirect	0	0	0	0	1	-	i32	ptr{pointer},ptr{pointer},i32,ptr{pointer}	ptr{pointer},ptr{pointer},i32,ptr{pointer}	43	0.025910
TOTAL	call	direct	0	0	0	0	1	-	i1	i32	i32	42	0.025307
TOTAL	call	direct	0	0	0	0	1	-	void	i32,i32,ptr{pointer}	i32,i32,ptr{pointer}	42	0.025307
TOTAL	call	direct	0	0	0	0	1	-	void	ptr{pointer},double	ptr{pointer},double	42	0.025307
TOTAL	call	direct	0	0	1	0	1	-	i32	ptr{pointer},ptr{pointer}	ptr{pointer},ptr{pointer}	42	0.025307
TOTAL	call	direct	0	1	0	0	1	-	i32	ptr{pointer},i32,i32{vararg}	ptr{pointer},i32,i32{vararg}	42	0.025307
TOTAL	call	direct	0	0	0	0	1	-	void	i32,i32,i32,ptr{pointer}	i32,i32,i32,ptr{pointer}	41	0.024704
TOTAL	call	direct	0	1	0	0	1	-	i32	ptr{pointer},i64,ptr{pointer},ptr{pointer,vararg}	ptr{pointer},i64,ptr{pointer},ptr{pointer,vararg}	41	0.024704
TOTAL	call	direct	0	1	0	0	1	-	i32	ptr{pointer},ptr{pointer},i32{vararg},ptr{pointer,vararg}	ptr{pointer},ptr{pointer},i32{vararg},ptr{pointer,vararg}	41	0.024704
TOTAL	call	direct	0	0	0	0	1	-	float	float,float,float	float,float,float	40	0.024102
TOTAL	call	direct	0	0	0	0	1	-	void	ptr{pointer},i32,ptr{pointer},ptr{pointer},i32,ptr{pointer},ptr{pointer}	ptr{pointer},i32,ptr{pointer},ptr{pointer},i32,ptr{pointer},ptr{pointer}	40	0.024102
TOTAL	call	direct	0	1	0	0	1	-	void	ptr{pointer},i32{vararg},ptr{pointer,vararg}	ptr{pointer},i32{vararg},ptr{pointer,vararg}	40	0.024102
TOTAL	call	indirect	0	0	0	0	1	-	i32	ptr{pointer},i32,i32,i32,i32,i32,i32,i32	ptr{pointer},i32,i32,i32,i32,i32,i32,i32	40	0.024102
TOTAL	invoke	direct	0	0	0	0	1	-	float	ptr{pointer}	ptr{pointer}	40	0.024102
TOTAL	invoke	direct	0	0	0	0	1	-	void	ptr{pointer},float	ptr{pointer},float	40	0.024102
TOTAL	invoke	indirect	0	0	0	0	1	-	i32	ptr{pointer},i32,i32,ptr{pointer}	ptr{pointer},i32,i32,ptr{pointer}	40	0.024102
TOTAL	call	direct	0	1	0	0	1	-	void	ptr{pointer},ptr{pointer,vararg},i32{vararg}	ptr{pointer},ptr{pointer,vararg},i32{vararg}	39	0.023499
TOTAL	call	direct	0	0	0	0	1	-	void	ptr{pointer},i64,i1	ptr{pointer},i64,i1	38	0.022897
TOTAL	call	direct	0	1	0	0	1	-	void	ptr{pointer},ptr{pointer}	ptr{pointer},ptr{pointer}	38	0.022897
TOTAL	call	direct	0	0	0	0	1	-	void	ptr{pointer},i32,i32,ptr{pointer},ptr{pointer}	ptr{pointer},i32,i32,ptr{pointer},ptr{pointer}	37	0.022294
TOTAL	call	direct	0	0	0	0	1	-	i1	ptr{pointer},i64,ptr{pointer}	ptr{pointer},i64,ptr{pointer}	36	0.021692
TOTAL	call	indirect	0	0	0	0	1	-	i32	ptr{pointer},ptr{pointer},i32	ptr{pointer},ptr{pointer},i32	36	0.021692
TOTAL	call	direct	0	0	0	0	1	-	%class.btQuaternion	ptr{pointer}	ptr{pointer}	35	0.021089
TOTAL	call	direct	0	0	0	0	1	-	i32	ptr{pointer},ptr{pointer},i32,ptr{pointer}	ptr{pointer},ptr{pointer},i32,ptr{pointer}	35	0.021089
TOTAL	call	direct	0	0	0	0	1	-	i64	ptr{pointer},ptr{pointer},ptr{pointer}	ptr{pointer},ptr{pointer},ptr{pointer}	34	0.020487
TOTAL	invoke	indirect	0	0	0	0	1	-	i32	ptr{pointer},i64,i32,ptr{pointer}	ptr{pointer},i64,i32,ptr{pointer}	34	0.020487
TOTAL	call	direct	0	0	0	0	1	-	i32	ptr{pointer},ptr{pointer},i32,i32	ptr{pointer},ptr{pointer},i32,i32	33	0.019884
TOTAL	call	direct	0	0	0	0	1	-	i64	i64,ptr{pointer},i32	i64,ptr{pointer},i32	33	0.019884
TOTAL	call	direct	0	0	0	0	1	-	void	ptr{pointer},i64,i32,i32	ptr{pointer},i64,i32,i32	33	0.019884
TOTAL	invoke	direct	0	0	0	0	1	-	i32	ptr{pointer},i64	ptr{pointer},i64	33	0.019884
TOTAL	call	direct	0	0	0	0	1	-	i16	i16	i16	32	0.019282
TOTAL	call	direct	0	0	0	0	1	-	i32	i32,ptr{pointer},ptr{pointer}	i32,ptr{pointer},ptr{pointer}	32	0.019282
TOTAL	call	direct	0	0	0	0	1	-	i32	ptr{pointer},i32,ptr{pointer},ptr{pointer},ptr{pointer}	ptr{pointer},i32,ptr{pointer},ptr{pointer},ptr{pointer}	32	0.019282
TOTAL	call	direct	0	0	0	0	1	-	ptr{pointer}	ptr{pointer},i8	ptr{pointer},i8	32	0.019282
TOTAL	call	direct	0	0	0	0	1	-	ptr{pointer}	ptr{pointer},ptr{pointer},ptr{pointer},i64,i64	ptr{pointer},ptr{pointer},ptr{pointer},i64,i64	32	0.019282
TOTAL	call	indirect	0	0	0	0	1	-	i32	ptr{pointer},i32	ptr{pointer},i32	32	0.019282
TOTAL	invoke	direct	0	0	0	0	1	-	ptr{pointer}	ptr{pointer},i8	ptr{pointer},i8	32	0.019282
TOTAL	invoke	direct	0	0	0	0	1	-	void	ptr{pointer},i8	ptr{pointer},i8	32	0.019282
TOTAL	call	indirect	0	0	0	0	1	-	%class.btVector3	ptr{pointer},ptr{pointer}	ptr{pointer},ptr{pointer}	31	0.018679
TOTAL	call	indirect	0	0	0	0	1	-	void	ptr{pointer},i32,ptr{pointer}	ptr{pointer},i32,ptr{pointer}	31	0.018679
TOTAL	invoke	direct	0	0	0	0	1	-	void	ptr{pointer},ptr{pointer},i32	ptr{pointer},ptr{pointer},i32	31	0.018679
TOTAL	call	direct	0	0	0	0	1	-	float	float,float	float,float	30	0.018076
TOTAL	call	direct	0	0	0	0	1	-	ptr{pointer}	ptr{pointer},ptr{pointer},i32,ptr{pointer}	ptr{pointer},ptr{pointer},i32,ptr{pointer}	30	0.018076
TOTAL	call	direct	0	0	0	0	1	-	void	i32,i8	i32,i8	30	0.018076
TOTAL	call	direct	0	0	0	0	1	-	%class.btQuaternion	ptr{pointer},ptr{pointer}	ptr{pointer},ptr{pointer}	29	0.017474
TOTAL	call	direct	0	0	0	0	1	-	i64	i64,i64	i64,i64	29	0.017474
TOTAL	call	indirect	0	0	0	0	1	-	void	ptr{pointer},i32,i32	ptr{pointer},i32,i32	29	0.017474
TOTAL	invoke	direct	0	0	0	0	1	-	void	ptr{pointer},i1	ptr{pointer},i1	29	0.017474
TOTAL	call	direct	0	0	0	0	1	-	void	ptr{pointer},i32,ptr{pointer},ptr{pointer},i32,ptr{pointer}	ptr{pointer},i32,ptr{pointer},ptr{pointer},i32,ptr{pointer}	28	0.016871
TOTAL	call	direct	0	1	0	0	1	-	i32	ptr{pointer},ptr{pointer},i32{vararg},i32{vararg},i32{vararg}	ptr{pointer},ptr{pointer},i32{vararg},i32{vararg},i32{vararg}	28	0.016871
TOTAL	call	direct	0	0	0	0	1	-	[2 x i64]	ptr{pointer},ptr{pointer}	ptr{pointer},ptr{pointer}	27	0.016269
TOTAL	call	direct	0	0	0	0	1	-	float	ptr{pointer},ptr{pointer},ptr{pointer}	ptr{pointer},ptr{pointer},ptr{pointer}	27	0.016269
TOTAL	call	direct	0	0	0	0	1	-	i32	i32,i32,i32,ptr{pointer}	i32,i32,i32,ptr{pointer}	27	0.016269
TOTAL	call	direct	0	0	0	0	1	-	ptr{pointer}	ptr{pointer},i32,ptr{pointer},i32	ptr{pointer},i32,ptr{pointer},i32	27	0.016269
TOTAL	call	direct	0	0	0	0	1	-	ptr{pointer}	ptr{pointer},ptr{pointer},i32,i32	ptr{pointer},ptr{pointer},i32,i32	27	0.016269
TOTAL	call	indirect	0	0	0	0	1	-	void	i32,i32,i32,i32,ptr{pointer}	i32,i32,i32,i32,ptr{pointer}	27	0.016269
TOTAL	invoke	indirect	0	0	0	0	1	-	void	ptr{pointer},ptr{pointer},ptr{pointer},ptr{pointer}	ptr{pointer},ptr{pointer},ptr{pointer},ptr{pointer}	27	0.016269
TOTAL	call	direct	0	0	0	0	1	-	double	ptr{pointer},i32,i32,i32	ptr{pointer},i32,i32,i32	26	0.015666
TOTAL	call	direct	0	0	0	0	1	-	i32	i32,i8	i32,i8	26	0.015666
TOTAL	call	direct	0	0	0	0	1	-	ptr{pointer}	ptr{pointer},i32,ptr{pointer},ptr{pointer}	ptr{pointer},i32,ptr{pointer},ptr{pointer}	26	0.015666
TOTAL	invoke	direct	0	0	0	0	1	-	void	ptr{pointer},ptr{pointer},ptr{pointer},ptr{pointer},ptr{pointer}	ptr{pointer},ptr{pointer},ptr{pointer},ptr{pointer},ptr{pointer}	26	0.015666
TOTAL	invoke	indirect	0	0	0	0	1	-	void	ptr{pointer},ptr{pointer}	ptr{pointer},ptr{pointer}	26	0.015666
TOTAL	call	direct	0	0	0	0	1	-	i32	i32,ptr{pointer},i32,ptr{pointer}	i32,ptr{pointer},i32,ptr{pointer}	25	0.015064
TOTAL	call	direct	0	0	0	0	1	-	i64	ptr{pointer},i64,ptr{pointer}	ptr{pointer},i64,ptr{pointer}	25	0.015064
TOTAL	call	direct	0	0	0	0	1	-	void	ptr{pointer},float,float,float	ptr{pointer},float,float,float	25	0.015064
TOTAL	call	direct	0	1	0	0	1	-	ptr{pointer}	ptr{pointer},ptr{pointer},ptr{pointer,vararg}	ptr{pointer},ptr{pointer},ptr{pointer,vararg}	25	0.015064
TOTAL	call	direct	0	1	0	0	1	-	void	ptr{pointer},i32,ptr{pointer}	ptr{pointer},i32,ptr{pointer}	25	0.015064
TOTAL	invoke	direct	0	0	0	0	1	-	i1	ptr{pointer},i32	ptr{pointer},i32	25	0.015064
TOTAL	call	direct	0	0	0	0	1	-	ptr{pointer}	ptr{pointer},ptr{pointer},ptr{pointer},i64,i64,i64,i32	ptr{pointer},ptr{pointer},ptr{pointer},i64,i64,i64,i32	24	0.014461
TOTAL	call	direct	0	0	0	0	1	-	void	ptr{pointer},i64,ptr{pointer},ptr{pointer}	ptr{pointer},i64,ptr{pointer},ptr{pointer}	24	0.014461
TOTAL	call	direct	0	1	0	0	1	-	i32	ptr{pointer},i32{vararg},i32{vararg}	ptr{pointer},i32{vararg},i32{vararg}	24	0.014461
TOTAL	invoke	indirect	0	0	0	0	1	-	float	ptr{pointer}	ptr{pointer}	24	0.014461
TOTAL	call	direct	0	0	0	0	1	-	void	i32,i32,i32,ptr{pointer},ptr{pointer},ptr{pointer}	i32,i32,i32,ptr{pointer},ptr{pointer},ptr{pointer}	23	0.013859
TOTAL	call	direct	0	1	0	0	1	-	i32	ptr{pointer},i64,ptr{pointer},i32{vararg}	ptr{pointer},i64,ptr{pointer},i32{vararg}	23	0.013859
TOTAL	invoke	direct	0	0	0	0	1	-	float	ptr{pointer},ptr{pointer}	ptr{pointer},ptr{pointer}	23	0.013859
TOTAL	invoke	direct	0	0	0	0	1	-	i32	ptr{pointer},i1	ptr{pointer},i1	23	0.013859
TOTAL	call	direct	0	0	0	0	1	-	i32	ptr{pointer},ptr{pointer},ptr{pointer},ptr{pointer},ptr{pointer},i32	ptr{pointer},ptr{pointer},ptr{pointer},ptr{pointer},ptr{pointer},i32	22	0.013256
TOTAL	call	direct	0	0	0	0	1	-	void	ptr{pointer},ptr{pointer},ptr{pointer},ptr{pointer},i64	ptr{pointer},ptr{pointer},ptr{pointer},ptr{pointer},i64	22	0.013256
TOTAL	call	direct	0	1	0	0	1	-	ptr{pointer}	i32,i32,ptr{pointer},i32,ptr{pointer},i32{vararg}	i32,i32,ptr{pointer},i32,ptr{pointer},i32{vararg}	22	0.013256
TOTAL	call	direct	0	1	0	0	1	-	ptr{pointer}	i32,i32,ptr{pointer},i32,ptr{pointer},ptr{pointer,vararg},i32{vararg}	i32,i32,ptr{pointer},i32,ptr{pointer},ptr{pointer,vararg},i32{vararg}	22	0.013256
TOTAL	call	direct	0	1	0	0	1	-	ptr{pointer}	i32,i32,ptr{pointer},i32,ptr{pointer},ptr{pointer,vararg},ptr{pointer,vararg},ptr{pointer,vararg}	i32,i32,ptr{pointer},i32,ptr{pointer},ptr{pointer,vararg},ptr{pointer,vararg},ptr{pointer,vararg}	22	0.013256
TOTAL	call	direct	0	1	0	0	1	-	ptr{pointer}	i32,ptr{pointer},ptr{pointer},ptr{pointer,vararg}	i32,ptr{pointer},ptr{pointer},ptr{pointer,vararg}	22	0.013256
TOTAL	call	direct	0	1	0	0	1	-	void	ptr{pointer},i32{vararg},i64{vararg}	ptr{pointer},i32{vararg},i64{vararg}	22	0.013256
TOTAL	call	indirect	0	0	0	0	1	-	ptr{pointer}	ptr{pointer},i64	ptr{pointer},i64	22	0.013256
TOTAL	call	indirect	0	0	0	0	1	-	ptr{pointer}	ptr{pointer},ptr{pointer},ptr{pointer},ptr{pointer}	ptr{pointer},ptr{pointer},ptr{pointer},ptr{pointer}	22	0.013256
TOTAL	invoke	direct	0	0	0	0	1	-	%class.btVector3	ptr{pointer}	ptr{pointer}	22	0.013256
TOTAL	invoke	indirect	0	0	0	0	1	-	i32	ptr{pointer},i64	ptr{pointer},i64	22	0.013256
TOTAL	call	direct	0	0	0	0	1	-	%class.btVector3	ptr{pointer},ptr{pointer},ptr{pointer}	ptr{pointer},ptr{pointer},ptr{pointer}	21	0.012653
TOTAL	call	direct	0	0	0	0	1	-	i16	i16,i32	i16,i32	21	0.012653
TOTAL	call	direct	0	0	0	0	1	-	i32	ptr{pointer},i64,ptr{pointer}	ptr{pointer},i64,ptr{pointer}	21	0.012653
TOTAL	call	direct	0	0	0	0	1	-	ptr{pointer}	ptr{pointer},float,ptr{pointer},ptr{pointer}	ptr{pointer},float,ptr{pointer},ptr{pointer}	21	0.012653
TOTAL	call	direct	0	0	0	0	1	-	ptr{pointer}	ptr{pointer},i16	ptr{pointer},i16	21	0.012653
TOTAL	call	direct	0	0	0	0	1	-	ptr{pointer}	ptr{pointer},i8,ptr{pointer},i8,i32,i32,i32,ptr{pointer},ptr{pointer}	ptr{pointer},i8,ptr{pointer},i8,i32,i32,i32,ptr{pointer},ptr{pointer}	21	0.012653
TOTAL	call	direct	0	0	0	0	1	-	void	ptr{pointer},i32,i32,i32,ptr{pointer}	ptr{pointer},i32,i32,i32,ptr{pointer}	21	0.012653
TOTAL	call	direct	0	0	0	0	1	-	void	ptr{pointer},i32,i32,ptr{pointer},i1	ptr{pointer},i32,i32,ptr{pointer},i1	21	0.012653
TOTAL	call	direct	0	1	0	0	1	-	i32	ptr{pointer},ptr{pointer},ptr{pointer,vararg},ptr{pointer,vararg},ptr{pointer,vararg}	ptr{pointer},ptr{pointer},ptr{pointer,vararg},ptr{pointer,vararg},ptr{pointer,vararg}	21	0.012653
TOTAL	invoke	indirect	0	0	0	0	1	-	ptr{pointer}	ptr{pointer}	ptr{pointer}	21	0.012653
TOTAL	call	direct	0	0	0	0	1	-	i32	ptr{pointer},i64,i32	ptr{pointer},i64,i32	20	0.012051
TOTAL	call	direct	0	0	0	0	1	-	i32	ptr{pointer},ptr{pointer},i32,i64	ptr{pointer},ptr{pointer},i32,i64	20	0.012051
TOTAL	call	direct	0	0	0	0	1	-	i64	ptr{pointer},ptr{pointer},i64	ptr{pointer},ptr{pointer},i64	20	0.012051
TOTAL	call	direct	0	0	0	0	1	-	void	i32,ptr{pointer},i32	i32,ptr{pointer},i32	20	0.012051
TOTAL	call	direct	0	1	0	0	1	-	i32	ptr{pointer},i32	ptr{pointer},i32	20	0.012051
TOTAL	invoke	direct	0	0	0	0	1	-	void	ptr{pointer},i32,i32	ptr{pointer},i32,i32	20	0.012051
TOTAL	invoke	direct	0	0	0	0	1	-	void	ptr{pointer},ptr{pointer},i1	ptr{pointer},ptr{pointer},i1	20	0.012051
TOTAL	call	direct	0	0	0	0	1	-	double	-	-	19	0.011448
TOTAL	call	direct	0	0	0	0	1	-	float	ptr{pointer},i32	ptr{pointer},i32	19	0.011448
TOTAL	call	direct	0	0	0	0	1	-	i16	ptr{pointer},ptr{pointer},ptr{pointer},i32,i32	ptr{pointer},ptr{pointer},ptr{pointer},i32,i32	19	0.011448
TOTAL	call	direct	0	0	0	0	1	-	i32	i32,ptr{pointer},i64	i32,ptr{pointer},i64	19	0.011448
TOTAL	call	direct	0	0	0	0	1	-	i32	ptr{pointer},ptr{pointer},ptr{pointer},ptr{pointer},i32	ptr{pointer},ptr{pointer},ptr{pointer},ptr{pointer},i32	19	0.011448
TOTAL	call	direct	0	0	0	0	1	-	i32	ptr{pointer},ptr{pointer},ptr{pointer},ptr{pointer},ptr{pointer},ptr{pointer}	ptr{pointer},ptr{pointer},ptr{pointer},ptr{pointer},ptr{pointer},ptr{pointer}	19	0.011448
TOTAL	call	direct	0	0	0	0	1	-	ptr{pointer}	ptr{pointer},ptr{pointer},ptr{pointer},ptr{pointer},ptr{pointer},ptr{pointer}	ptr{pointer},ptr{pointer},ptr{pointer},ptr{pointer},ptr{pointer},ptr{pointer}	19	0.011448
TOTAL	invoke	direct	0	0	0	0	1	-	i1	i32	i32	19	0.011448
TOTAL	invoke	direct	0	0	0	0	1	-	void	ptr{pointer,sret},i32	ptr{pointer,sret},i32	19	0.011448
TOTAL	call	direct	0	0	0	0	1	-	i16	ptr{pointer},ptr{pointer}	ptr{pointer},ptr{pointer}	18	0.010846
TOTAL	call	direct	0	0	0	0	1	-	ptr{pointer}	ptr{pointer},i32,i32,i32	ptr{pointer},i32,i32,i32	18	0.010846
TOTAL	call	direct	0	0	0	0	1	-	void	i32,i32,ptr{pointer},ptr{pointer}	i32,i32,ptr{pointer},ptr{pointer}	18	0.010846
TOTAL	call	direct	0	0	0	0	1	-	void	ptr{pointer},ptr{pointer},i32,i32,i32	ptr{pointer},ptr{pointer},i32,i32,i32	18	0.010846
TOTAL	call	direct	0	0	0	0	1	-	void	ptr{pointer},ptr{pointer},ptr{pointer},ptr{pointer},i32,i32,i1	ptr{pointer},ptr{pointer},ptr{pointer},ptr{pointer},i32,i32,i1	18	0.010846
TOTAL	call	direct	0	1	0	0	1	-	ptr{pointer}	i32,ptr{pointer},ptr{pointer},i32{vararg}	i32,ptr{pointer},ptr{pointer},i32{vararg}	18	0.010846
TOTAL	call	direct	0	1	0	0	1	-	ptr{pointer}	i32,ptr{pointer},ptr{pointer}	i32,ptr{pointer},ptr{pointer}	18	0.010846
TOTAL	call	indirect	0	0	0	0	1	-	ptr{pointer}	ptr{pointer},ptr{pointer},ptr{pointer}	ptr{pointer},ptr{pointer},ptr{pointer}	18	0.010846
TOTAL	invoke	indirect	0	0	0	0	1	-	i32	ptr{pointer},ptr{pointer},ptr{pointer},ptr{pointer},ptr{pointer},ptr{pointer}	ptr{pointer},ptr{pointer},ptr{pointer},ptr{pointer},ptr{pointer},ptr{pointer}	18	0.010846
TOTAL	call	direct	0	0	0	0	1	-	i32	ptr{pointer},ptr{pointer},i32,i8,ptr{pointer}	ptr{pointer},ptr{pointer},i32,i8,ptr{pointer}	17	0.010243
TOTAL	call	direct	0	0	0	0	1	-	i32	ptr{pointer},ptr{pointer},i32,ptr{pointer},ptr{pointer}	ptr{pointer},ptr{pointer},i32,ptr{pointer},ptr{pointer}	17	0.010243
TOTAL	call	direct	0	0	0	0	1	-	ptr{pointer}	ptr{pointer},ptr{pointer},ptr{pointer},ptr{pointer},i1	ptr{pointer},ptr{pointer},ptr{pointer},ptr{pointer},i1	17	0.010243
TOTAL	call	direct	0	0	0	0	1	-	void	ptr{pointer},i32,ptr{pointer},i16	ptr{pointer},i32,ptr{pointer},i16	17	0.010243
TOTAL	call	direct	0	0	0	0	1	-	void	ptr{pointer},i64,i64,ptr{pointer}	ptr{pointer},i64,i64,ptr{pointer}	17	0.010243
TOTAL	call	direct	0	0	0	0	1	-	void	ptr{pointer},ptr{pointer},i64,i32	ptr{pointer},ptr{pointer},i64,i32	17	0.010243
TOTAL	call	direct	0	0	0	0	1	-	void	ptr{pointer},ptr{pointer},ptr{pointer},ptr{pointer},i32	ptr{pointer},ptr{pointer},ptr{pointer},ptr{pointer},i32	17	0.010243
TOTAL	call	direct	0	0	0	0	1	-	void	ptr{pointer},ptr{pointer},ptr{pointer},ptr{pointer},ptr{pointer},ptr{pointer},ptr{pointer},ptr{pointer}	ptr{pointer},ptr{pointer},ptr{pointer},ptr{pointer},ptr{pointer},ptr{pointer},ptr{pointer},ptr{pointer}	17	0.010243
TOTAL	call	direct	0	1	0	0	1	-	i32	ptr{pointer},ptr{pointer},ptr{pointer,vararg},ptr{pointer,vararg},ptr{pointer,vararg},ptr{pointer,vararg}	ptr{pointer},ptr{pointer},ptr{pointer,vararg},ptr{pointer,vararg},ptr{pointer,vararg},ptr{pointer,vararg}	17	0.010243
TOTAL	invoke	direct	0	0	0	0	1	-	ptr{pointer}	-	-	17	0.010243
TOTAL	invoke	indirect	0	0	0	0	1	-	i32	ptr{pointer},ptr{pointer},i32	ptr{pointer},ptr{pointer},i32	17	0.010243
TOTAL	call	direct	0	0	0	0	1	-	double	double,double,i64	double,double,i64	16	0.009641
TOTAL	call	direct	0	0	0	0	1	-	i1	ptr{pointer},i32,ptr{pointer}	ptr{pointer},i32,ptr{pointer}	16	0.009641
TOTAL	call	direct	0	0	0	0	1	-	i32	ptr{pointer},i32,i8	ptr{pointer},i32,i8	16	0.009641
TOTAL	call	direct	0	0	0	0	1	-	ptr{pointer}	i8,ptr{pointer},i8,i8,i8,ptr{pointer}	i8,ptr{pointer},i8,i8,i8,ptr{pointer}	16	0.009641
TOTAL	call	direct	0	0	0	0	1	-	void	ptr{pointer},ptr{pointer},float,float,float	ptr{pointer},ptr{pointer},float,float,float	16	0.009641
TOTAL	call	direct	0	0	0	0	1	-	void	ptr{pointer},ptr{pointer},ptr{pointer},ptr{pointer},ptr{pointer},ptr{pointer},ptr{pointer}	ptr{pointer},ptr{pointer},ptr{pointer},ptr{pointer},ptr{pointer},ptr{pointer},ptr{pointer}	16	0.009641
TOTAL	call	direct	0	0	1	0	1	-	i32	ptr{pointer},ptr{pointer},i32	ptr{pointer},ptr{pointer},i32	16	0.009641
TOTAL	call	direct	0	1	0	0	1	-	i32	ptr{pointer},ptr{pointer,vararg},ptr{pointer,vararg}	ptr{pointer},ptr{pointer,vararg},ptr{pointer,vararg}	16	0.009641
TOTAL	call	direct	0	1	0	0	1	-	i32	ptr{pointer},ptr{pointer},double{vararg},double{vararg},double{vararg}	ptr{pointer},ptr{pointer},double{vararg},double{vararg},double{vararg}	16	0.009641
TOTAL	call	indirect	0	0	0	0	1	-	void	ptr{pointer},ptr{pointer},i32,i32	ptr{pointer},ptr{pointer},i32,i32	16	0.009641
TOTAL	invoke	direct	0	0	0	0	1	-	i32	ptr{pointer},i32,ptr{pointer}	ptr{pointer},i32,ptr{pointer}	16	0.009641
TOTAL	invoke	indirect	0	0	0	0	1	-	i32	ptr{pointer},i32,ptr{pointer}	ptr{pointer},i32,ptr{pointer}	16	0.009641
TOTAL	call	direct	0	0	0	0	1	-	float	ptr{pointer},ptr{pointer},i32	ptr{pointer},ptr{pointer},i32	15	0.009038
TOTAL	call	direct	0	0	0	0	1	-	i32	ptr{pointer},ptr{pointer},i32,i32,ptr{pointer},ptr{pointer},ptr{pointer},ptr{pointer}	ptr{pointer},ptr{pointer},i32,i32,ptr{pointer},ptr{pointer},ptr{pointer},ptr{pointer}	15	0.009038
TOTAL	call	direct	0	0	0	0	1	-	i32	ptr{pointer},ptr{pointer},ptr{pointer},ptr{pointer},i32,ptr{pointer},ptr{pointer}	ptr{pointer},ptr{pointer},ptr{pointer},ptr{pointer},i32,ptr{pointer},ptr{pointer}	15	0.009038
TOTAL	call	direct	0	0	0	0	1	-	i64	ptr{pointer},i64,i32,i32	ptr{pointer},i64,i32,i32	15	0.009038
TOTAL	call	direct	0	0	0	0	1	-	ptr{pointer}	ptr{pointer},i32,i32,i64,i16,ptr{pointer}	ptr{pointer},i32,i32,i64,i16,ptr{pointer}	15	0.009038
TOTAL	call	direct	0	0	0	0	1	-	void	ptr{pointer},i32,float	ptr{pointer},i32,float	15	0.009038
TOTAL	call	direct	0	1	0	0	1	-	void	ptr{pointer},ptr{pointer,vararg},ptr{pointer,vararg},i32{vararg}	ptr{pointer},ptr{pointer,vararg},ptr{pointer,vararg},i32{vararg}	15	0.009038
TOTAL	invoke	direct	0	0	0	0	1	-	i32	-	-	15	0.009038
TOTAL	invoke	direct	0	0	0	0	1	-	i32	ptr{pointer},i32,i32	ptr{pointer},i32,i32	15	0.009038
TOTAL	invoke	direct	0	0	0	0	1	-	ptr{pointer}	ptr{pointer},i1	ptr{pointer},i1	15	0.009038
TOTAL	invoke	direct	0	0	0	0	1	-	void	ptr{pointer},ptr{pointer},ptr{pointer},ptr{pointer},ptr{pointer},ptr{pointer},ptr{pointer},ptr{pointer},ptr{pointer},ptr{pointer}	ptr{pointer},ptr{pointer},ptr{pointer},ptr{pointer},ptr{pointer},ptr{pointer},ptr{pointer},ptr{pointer},ptr{pointer},ptr{pointer}	15	0.009038
TOTAL	call	direct	0	0	0	0	1	-	[2 x i64]	ptr{pointer}	ptr{pointer}	14	0.008436
TOTAL	call	direct	0	0	0	0	1	-	i1	-	-	14	0.008436
TOTAL	call	direct	0	0	0	0	1	-	i1	ptr{pointer},ptr{pointer},ptr{pointer},ptr{pointer}	ptr{pointer},ptr{pointer},ptr{pointer},ptr{pointer}	14	0.008436
TOTAL	call	direct	0	0	0	0	1	-	i8	ptr{pointer},i32	ptr{pointer},i32	14	0.008436
TOTAL	call	direct	0	0	0	0	1	-	ptr{pointer}	ptr{pointer},ptr{pointer},i8	ptr{pointer},ptr{pointer},i8	14	0.008436
TOTAL	call	direct	0	0	0	0	1	-	void	ptr{pointer},float,float,float,float	ptr{pointer},float,float,float,float	14	0.008436
TOTAL	call	direct	0	0	0	0	1	-	void	ptr{pointer},i32,i32,i32,i32	ptr{pointer},i32,i32,i32,i32	14	0.008436
TOTAL	call	direct	0	0	0	0	1	-	void	ptr{pointer},ptr{pointer},float	ptr{pointer},ptr{pointer},float	14	0.008436
TOTAL	call	direct	0	1	0	0	1	-	void	ptr{pointer},i32{vararg},i32{vararg},i32{vararg}	ptr{pointer},i32{vararg},i32{vararg},i32{vararg}	14	0.008436
TOTAL	call	indirect	0	0	0	0	1	-	void	-	-	14	0.008436
TOTAL	call	indirect	0	0	0	0	1	-	void	ptr{pointer},float,ptr{pointer}	ptr{pointer},float,ptr{pointer}	14	0.008436
TOTAL	call	indirect	0	0	0	0	1	-	void	ptr{pointer},float	ptr{pointer},float	14	0.008436
TOTAL	invoke	direct	0	0	0	0	1	-	i1	ptr{pointer},ptr{pointer},i1	ptr{pointer},ptr{pointer},i1	14	0.008436
TOTAL	call	direct	0	0	0	0	1	-	i1	ptr{pointer},ptr{pointer},i32	ptr{pointer},ptr{pointer},i32	13	0.007833
TOTAL	call	direct	0	0	0	0	1	-	i32	ptr{pointer},i8	ptr{pointer},i8	13	0.007833
TOTAL	call	direct	0	0	0	0	1	-	i32	ptr{pointer},ptr{pointer},ptr{pointer},i32,ptr{pointer}	ptr{pointer},ptr{pointer},ptr{pointer},i32,ptr{pointer}	13	0.007833
TOTAL	call	direct	0	0	0	0	1	-	ptr{pointer}	i32,ptr{pointer},ptr{pointer},ptr{pointer},ptr{pointer},ptr{pointer},ptr{pointer},ptr{pointer}	i32,ptr{pointer},ptr{pointer},ptr{pointer},ptr{pointer},ptr{pointer},ptr{pointer},ptr{pointer}	13	0.007833
TOTAL	call	direct	0	0	0	0	1	-	ptr{pointer}	ptr{pointer},i8,ptr{pointer},i32,i32	ptr{pointer},i8,ptr{pointer},i32,i32	13	0.007833
TOTAL	call	direct	0	0	0	0	1	-	ptr{pointer}	ptr{pointer},ptr{pointer},i32,ptr{pointer},ptr{pointer}	ptr{pointer},ptr{pointer},i32,ptr{pointer},ptr{pointer}	13	0.007833
TOTAL	call	direct	0	0	0	0	1	-	ptr{pointer}	ptr{pointer},ptr{pointer},ptr{pointer},ptr{pointer},ptr{pointer},ptr{pointer},ptr{pointer}	ptr{pointer},ptr{pointer},ptr{pointer},ptr{pointer},ptr{pointer},ptr{pointer},ptr{pointer}	13	0.007833
TOTAL	call	direct	0	0	0	0	1	-	void	i64,ptr{pointer}	i64,ptr{pointer}	13	0.007833
TOTAL	call	direct	0	0	0	0	1	-	void	ptr{pointer},ptr{pointer},ptr{pointer},ptr{pointer},ptr{pointer},i1	ptr{pointer},ptr{pointer},ptr{pointer},ptr{pointer},ptr{pointer},i1	13	0.007833
TOTAL	call	direct	0	0	0	0	1	-	void	ptr{pointer,sret},ptr{pointer},float	ptr{pointer,sret},ptr{pointer},float	13	0.007833
TOTAL	call	direct	0	0	0	0	1	-	void	ptr{pointer,sret},ptr{pointer},i64	ptr{pointer,sret},ptr{pointer},i64	13	0.007833
TOTAL	call	direct	0	0	1	0	1	-	i32	ptr{pointer},ptr{pointer},ptr{pointer},i32	ptr{pointer},ptr{pointer},ptr{pointer},i32	13	0.007833
TOTAL	call	direct	0	1	0	0	1	-	i32	ptr{pointer},i64,ptr{pointer},ptr{pointer,vararg},ptr{pointer,vararg}	ptr{pointer},i64,ptr{pointer},ptr{pointer,vararg},ptr{pointer,vararg}	13	0.007833
TOTAL	call	direct	0	1	0	0	1	-	i32	ptr{pointer},ptr{pointer},double{vararg},double{vararg}	ptr{pointer},ptr{pointer},double{vararg},double{vararg}	13	0.007833
TOTAL	call	indirect	0	0	0	0	1	-	void	ptr{pointer},ptr{pointer},ptr{pointer},float	ptr{pointer},ptr{pointer},ptr{pointer},float	13	0.007833
TOTAL	invoke	direct	0	0	0	0	1	-	i32	ptr{pointer},i32,i32,ptr{pointer}	ptr{pointer},i32,i32,ptr{pointer}	13	0.007833
TOTAL	invoke	direct	0	0	0	0	1	-	i32	ptr{pointer},ptr{pointer},ptr{pointer},ptr{pointer}	ptr{pointer},ptr{pointer},ptr{pointer},ptr{pointer}	13	0.007833
TOTAL	invoke	direct	0	0	0	0	1	-	void	ptr{pointer},float,float	ptr{pointer},float,float	13	0.007833
TOTAL	invoke	indirect	0	0	0	0	1	-	i32	ptr{pointer},i32,ptr{pointer},i32	ptr{pointer},i32,ptr{pointer},i32	13	0.007833
TOTAL	call	direct	0	0	0	0	1	-	float	i32,i32,i32,i32,i32	i32,i32,i32,i32,i32	12	0.007231
TOTAL	call	direct	0	0	0	0	1	-	i16	i16,i8	i16,i8	12	0.007231
TOTAL	call	direct	0	0	0	0	1	-	i32	ptr{pointer},i32,i8,i32	ptr{pointer},i32,i8,i32	12	0.007231
TOTAL	call	direct	0	0	0	0	1	-	i32	ptr{pointer},ptr{pointer},i32,i32,ptr{pointer},ptr{pointer}	ptr{pointer},ptr{pointer},i32,i32,ptr{pointer},ptr{pointer}	12	0.007231
TOTAL	call	direct	0	0	0	0	1	-	i64	ptr{pointer},i32	ptr{pointer},i32	12	0.007231
TOTAL	call	direct	0	0	0	0	1	-	i64	ptr{pointer},ptr{pointer},ptr{pointer},ptr{pointer}	ptr{pointer},ptr{pointer},ptr{pointer},ptr{pointer}	12	0.007231
TOTAL	call	direct	0	0	0	0	1	-	ptr{pointer}	ptr{pointer},ptr{pointer},i32,i32,i8,i32	ptr{pointer},ptr{pointer},i32,i32,i8,i32	12	0.007231
TOTAL	call	direct	0	0	0	0	1	-	void	i32,i32,i32,i32,i32	i32,i32,i32,i32,i32	12	0.007231
TOTAL	call	direct	0	0	0	0	1	-	void	ptr{pointer},double,ptr{pointer}	ptr{pointer},double,ptr{pointer}	12	0.007231
TOTAL	call	direct	0	0	0	0	1	-	void	ptr{pointer},i32,i16,ptr{pointer},i1	ptr{pointer},i32,i16,ptr{pointer},i1	12	0.007231
TOTAL	call	direct	0	0	0	0	1	-	void	ptr{pointer},i64,i64,i64	ptr{pointer},i64,i64,i64	12	0.007231
TOTAL	call	direct	0	0	1	0	1	-	i32	ptr{pointer},ptr{pointer},i32,ptr{pointer}	ptr{pointer},ptr{pointer},i32,ptr{pointer}	12	0.007231
TOTAL	call	indirect	0	0	0	0	1	-	i1	ptr{pointer},ptr{pointer}	ptr{pointer},ptr{pointer}	12	0.007231
TOTAL	call	indirect	0	0	0	0	1	-	void	ptr{pointer},i32	ptr{pointer},i32	12	0.007231
TOTAL	call	indirect	0	0	0	0	1	-	void	ptr{pointer},ptr{pointer},ptr{pointer},ptr{pointer},ptr{pointer}	ptr{pointer},ptr{pointer},ptr{pointer},ptr{pointer},ptr{pointer}	12	0.007231
TOTAL	invoke	direct	0	0	0	0	1	-	i1	ptr{pointer},ptr{pointer},ptr{pointer}	ptr{pointer},ptr{pointer},ptr{pointer}	12	0.007231
TOTAL	invoke	direct	0	0	0	0	1	-	ptr{pointer}	ptr{pointer},i64,ptr{pointer}	ptr{pointer},i64,ptr{pointer}	12	0.007231
TOTAL	invoke	direct	0	0	0	0	1	-	void	ptr{pointer},ptr{pointer},ptr{pointer},ptr{pointer},i1	ptr{pointer},ptr{pointer},ptr{pointer},ptr{pointer},i1	12	0.007231
TOTAL	invoke	indirect	0	0	0	0	1	-	void	ptr{pointer},float	ptr{pointer},float	12	0.007231
TOTAL	call	direct	0	0	0	0	1	-	double	ptr{pointer},ptr{pointer},ptr{pointer},ptr{pointer}	ptr{pointer},ptr{pointer},ptr{pointer},ptr{pointer}	11	0.006628
TOTAL	call	direct	0	0	0	0	1	-	float	i32,i32	i32,i32	11	0.006628
TOTAL	call	direct	0	0	0	0	1	-	i32	i8,ptr{pointer},ptr{pointer},ptr{pointer},ptr{pointer},ptr{pointer},i32	i8,ptr{pointer},ptr{pointer},ptr{pointer},ptr{pointer},ptr{pointer},i32	11	0.006628
TOTAL	call	direct	0	0	0	0	1	-	i32	ptr{pointer},i32,i32,ptr{pointer},i32,i32	ptr{pointer},i32,i32,ptr{pointer},i32,i32	11	0.006628
TOTAL	call	direct	0	0	0	0	1	-	i32	ptr{pointer},i32,ptr{pointer},ptr{pointer},i32,i32,i32	ptr{pointer},i32,ptr{pointer},ptr{pointer},i32,i32,i32	11	0.006628
TOTAL	call	direct	0	0	0	0	1	-	i32	ptr{pointer},ptr{pointer},i64,i32	ptr{pointer},ptr{pointer},i64,i32	11	0.006628
TOTAL	call	direct	0	0	0	0	1	-	i32	ptr{pointer},ptr{pointer},ptr{pointer},i32,i16	ptr{pointer},ptr{pointer},ptr{pointer},i32,i16	11	0.006628
TOTAL	call	direct	0	0	0	0	1	-	i64	i32,ptr{pointer}	i32,ptr{pointer}	11	0.006628
TOTAL	call	direct	0	0	0	0	1	-	ptr{pointer}	i32,i32,i32,i32,i32	i32,i32,i32,i32,i32	11	0.006628
TOTAL	call	direct	0	0	0	0	1	-	ptr{pointer}	ptr{pointer},ptr{pointer},ptr{pointer},i32,ptr{pointer},ptr{pointer}	ptr{pointer},ptr{pointer},ptr{pointer},i32,ptr{pointer},ptr{pointer}	11	0.006628
TOTAL	call	direct	0	0	0	0	1	-	ptr{pointer}	ptr{pointer},ptr{pointer},ptr{pointer},ptr{pointer},i64	ptr{pointer},ptr{pointer},ptr{pointer},ptr{pointer},i64	11	0.006628
TOTAL	call	direct	0	0	0	0	1	-	void	ptr{pointer},i32,i32,ptr{pointer},i32	ptr{pointer},i32,i32,ptr{pointer},i32	11	0.006628
TOTAL	call	direct	0	0	0	0	1	-	void	ptr{pointer},ptr{pointer},ptr{pointer},ptr{pointer},ptr{pointer},ptr{pointer},ptr{pointer},float,ptr{pointer},float	ptr{pointer},ptr{pointer},ptr{pointer},ptr{pointer},ptr{pointer},ptr{pointer},ptr{pointer},float,ptr{pointer},float	11	0.006628
TOTAL	call	direct	0	0	0	0	1	-	void	ptr{pointer,sret},ptr{pointer},i32,i32,i32	ptr{pointer,sret},ptr{pointer},i32,i32,i32	11	0.006628
TOTAL	call	direct	0	1	0	0	1	-	i32	ptr{pointer},ptr{pointer,vararg},i32{vararg}	ptr{pointer},ptr{pointer,vararg},i32{vararg}	11	0.006628
TOTAL	call	direct	0	1	0	0	1	-	ptr{pointer}	i32,i32,ptr{pointer},i32,ptr{pointer},ptr{pointer,vararg},ptr{pointer,vararg},ptr{pointer,vararg},ptr{pointer,vararg}	i32,i32,ptr{pointer},i32,ptr{pointer},ptr{pointer,vararg},ptr{pointer,vararg},ptr{pointer,vararg},ptr{pointer,vararg}	11	0.006628
TOTAL	call	direct	0	1	0	0	1	-	void	ptr{pointer},i64{vararg},i64{vararg}	ptr{pointer},i64{vararg},i64{vararg}	11	0.006628
TOTAL	call	indirect	0	0	0	0	1	-	void	ptr{pointer},i32,ptr{pointer},ptr{pointer}	ptr{pointer},i32,ptr{pointer},ptr{pointer}	11	0.006628
TOTAL	invoke	direct	0	0	0	0	1	-	i32	ptr{pointer},ptr{pointer},i64	ptr{pointer},ptr{pointer},i64	11	0.006628
TOTAL	invoke	direct	0	0	0	0	1	-	i32	ptr{pointer},ptr{pointer},ptr{pointer},ptr{pointer},ptr{pointer},ptr{pointer}	ptr{pointer},ptr{pointer},ptr{pointer},ptr{pointer},ptr{pointer},ptr{pointer}	11	0.006628
TOTAL	invoke	direct	0	0	0	0	1	-	void	ptr{pointer},i32,i32,ptr{pointer},i1	ptr{pointer},i32,i32,ptr{pointer},i1	11	0.006628
TOTAL	call	direct	0	0	0	0	1	-	float	ptr{pointer},ptr{pointer},ptr{pointer},ptr{pointer},ptr{pointer},ptr{pointer},ptr{pointer},ptr{pointer},ptr{pointer},i32,i32	ptr{pointer},ptr{pointer},ptr{pointer},ptr{pointer},ptr{pointer},ptr{pointer},ptr{pointer},ptr{pointer},ptr{pointer},i32,i32	10	0.006025
TOTAL	call	direct	0	0	0	0	1	-	i32	i32,i32,ptr{pointer},ptr{pointer}	i32,i32,ptr{pointer},ptr{pointer}	10	0.006025
TOTAL	call	direct	0	0	0	0	1	-	i32	i32,i32,ptr{pointer}	i32,i32,ptr{pointer}	10	0.006025
TOTAL	call	direct	0	0	0	0	1	-	i32	i64	i64	10	0.006025
TOTAL	call	direct	0	0	0	0	1	-	i32	ptr{pointer},ptr{pointer},i64,i32,ptr{pointer}	ptr{pointer},ptr{pointer},i64,i32,ptr{pointer}	10	0.006025
TOTAL	call	direct	0	0	0	0	1	-	i32	ptr{pointer},ptr{pointer},i64,ptr{pointer},i32	ptr{pointer},ptr{pointer},i64,ptr{pointer},i32	10	0.006025
TOTAL	call	direct	0	0	0	0	1	-	i32	ptr{pointer},ptr{pointer},i64,ptr{pointer}	ptr{pointer},ptr{pointer},i64,ptr{pointer}	10	0.006025
TOTAL	call	direct	0	0	0	0	1	-	i64	i64,ptr{pointer}	i64,ptr{pointer}	10	0.006025
TOTAL	call	direct	0	0	0	0	1	-	ptr{pointer}	i16,i32,i32	i16,i32,i32	10	0.006025
TOTAL	call	direct	0	0	0	0	1	-	ptr{pointer}	ptr{pointer},i64,ptr{pointer},i64	ptr{pointer},i64,ptr{pointer},i64	10	0.006025
TOTAL	call	direct	0	0	0	0	1	-	ptr{pointer}	ptr{pointer},i64,ptr{pointer},ptr{pointer}	ptr{pointer},i64,ptr{pointer},ptr{pointer}	10	0.006025
TOTAL	call	direct	0	0	0	0	1	-	void	i32,ptr{pointer},ptr{pointer},i32,ptr{pointer},i32,ptr{pointer},ptr{pointer}	i32,ptr{pointer},ptr{pointer},i32,ptr{pointer},i32,ptr{pointer},ptr{pointer}	10	0.006025
TOTAL	call	direct	0	0	0	0	1	-	void	ptr{pointer},i32,ptr{pointer},ptr{pointer},ptr{pointer},ptr{pointer},i16,i64,i32,i32	ptr{pointer},i32,ptr{pointer},ptr{pointer},ptr{pointer},ptr{pointer},i16,i64,i32,i32	10	0.006025
TOTAL	call	direct	0	0	0	0	1	-	void	ptr{pointer},i8,i8	ptr{pointer},i8,i8	10	0.006025
TOTAL	call	direct	0	0	0	0	1	-	void	ptr{pointer},ptr{pointer},float,float,ptr{pointer},ptr{pointer}	ptr{pointer},ptr{pointer},float,float,ptr{pointer},ptr{pointer}	10	0.006025
TOTAL	call	direct	0	0	0	0	1	-	void	ptr{pointer,sret},i32	ptr{pointer,sret},i32	10	0.006025
TOTAL	call	direct	0	1	0	0	1	-	i32	ptr{pointer},ptr{pointer},i64{vararg},double{vararg}	ptr{pointer},ptr{pointer},i64{vararg},double{vararg}	10	0.006025
TOTAL	call	indirect	0	0	0	0	1	-	i32	ptr{pointer},i64	ptr{pointer},i64	10	0.006025
TOTAL	call	indirect	0	0	0	0	1	-	void	ptr{pointer},ptr{pointer},i1	ptr{pointer},ptr{pointer},i1	10	0.006025
TOTAL	invoke	direct	0	0	0	0	1	-	i1	ptr{pointer},i32,ptr{pointer}	ptr{pointer},i32,ptr{pointer}	10	0.006025
TOTAL	invoke	direct	0	0	0	0	1	-	i1	ptr{pointer},ptr{pointer},ptr{pointer},ptr{pointer},ptr{pointer},ptr{pointer}	ptr{pointer},ptr{pointer},ptr{pointer},ptr{pointer},ptr{pointer},ptr{pointer}	10	0.006025
TOTAL	invoke	direct	0	0	0	0	1	-	void	ptr{pointer},ptr{pointer},ptr{pointer},ptr{pointer},ptr{pointer},ptr{pointer}	ptr{pointer},ptr{pointer},ptr{pointer},ptr{pointer},ptr{pointer},ptr{pointer}	10	0.006025
TOTAL	invoke	direct	0	0	0	0	1	-	void	ptr{pointer,sret},i32,ptr{pointer}	ptr{pointer,sret},i32,ptr{pointer}	10	0.006025
TOTAL	call	direct	0	0	0	0	1	-	i16	ptr{pointer},i32	ptr{pointer},i32	9	0.005423
TOTAL	call	direct	0	0	0	0	1	-	i32	i32,ptr{pointer},i8,i32,i8,ptr{pointer}	i32,ptr{pointer},i8,i32,i8,ptr{pointer}	9	0.005423
TOTAL	call	direct	0	0	0	0	1	-	i32	i32,ptr{pointer},ptr{pointer},i32	i32,ptr{pointer},ptr{pointer},i32	9	0.005423
TOTAL	call	direct	0	0	0	0	1	-	i32	ptr{pointer},i1	ptr{pointer},i1	9	0.005423
TOTAL	call	direct	0	0	0	0	1	-	i32	ptr{pointer},i32,i32,i32,ptr{pointer}	ptr{pointer},i32,i32,i32,ptr{pointer}	9	0.005423
TOTAL	call	direct	0	0	0	0	1	-	i32	ptr{pointer},ptr{pointer},i32,i32,i32,i32,i32,i32	ptr{pointer},ptr{pointer},i32,i32,i32,i32,i32,i32	9	0.005423
TOTAL	call	direct	0	0	0	0	1	-	i32	ptr{pointer},ptr{pointer},i32,ptr{pointer},ptr{pointer},ptr{pointer}	ptr{pointer},ptr{pointer},i32,ptr{pointer},ptr{pointer},ptr{pointer}	9	0.005423
TOTAL	call	direct	0	0	0	0	1	-	ptr{pointer}	i32,ptr{pointer},ptr{pointer},ptr{pointer},ptr{pointer}	i32,ptr{pointer},ptr{pointer},ptr{pointer},ptr{pointer}	9	0.005423
TOTAL	call	direct	0	0	0	0	1	-	ptr{pointer}	ptr{pointer},i32,i32,ptr{pointer}	ptr{pointer},i32,i32,ptr{pointer}	9	0.005423
TOTAL	call	direct	0	0	0	0	1	-	void	ptr{pointer},float,ptr{pointer},ptr{pointer},ptr{pointer}	ptr{pointer},float,ptr{pointer},ptr{pointer},ptr{pointer}	9	0.005423
TOTAL	call	direct	0	0	0	0	1	-	void	ptr{pointer},i32,ptr{pointer},i8,ptr{pointer}	ptr{pointer},i32,ptr{pointer},i8,ptr{pointer}	9	0.005423
TOTAL	call	direct	0	0	0	0	1	-	void	ptr{pointer},ptr{pointer},ptr{pointer},ptr{pointer},i1	ptr{pointer},ptr{pointer},ptr{pointer},ptr{pointer},i1	9	0.005423
TOTAL	call	direct	0	0	0	0	1	-	void	ptr{pointer},ptr{pointer},ptr{pointer},ptr{pointer},ptr{pointer},float	ptr{pointer},ptr{pointer},ptr{pointer},ptr{pointer},ptr{pointer},float	9	0.005423
TOTAL	call	direct	0	0	0	0	1	-	void	ptr{pointer,sret},i64	ptr{pointer,sret},i64	9	0.005423
TOTAL	call	direct	0	1	0	0	1	-	i32	i32,i32,ptr{pointer,vararg}	i32,i32,ptr{pointer,vararg}	9	0.005423
TOTAL	call	direct	0	1	0	0	1	-	void	ptr{pointer},ptr{pointer},ptr{pointer},i32{vararg}	ptr{pointer},ptr{pointer},ptr{pointer},i32{vararg}	9	0.005423
TOTAL	invoke	direct	0	0	0	0	1	-	i1	i32,ptr{pointer}	i32,ptr{pointer}	9	0.005423
TOTAL	invoke	direct	0	0	0	0	1	-	i8	ptr{pointer}	ptr{pointer}	9	0.005423
TOTAL	invoke	direct	0	0	0	0	1	-	ptr{pointer}	ptr{pointer},i32,i32	ptr{pointer},i32,i32	9	0.005423
TOTAL	invoke	direct	0	0	0	0	1	-	void	ptr{pointer},ptr{pointer},i64	ptr{pointer},ptr{pointer},i64	9	0.005423
TOTAL	invoke	indirect	0	0	0	0	1	-	i1	ptr{pointer}	ptr{pointer}	9	0.005423
TOTAL	invoke	indirect	0	0	0	0	1	-	ptr{pointer}	ptr{pointer},ptr{pointer},ptr{pointer}	ptr{pointer},ptr{pointer},ptr{pointer}	9	0.005423
TOTAL	call	direct	0	0	0	0	1	-	i1	ptr{pointer},ptr{pointer},ptr{pointer},i32,i32	ptr{pointer},ptr{pointer},ptr{pointer},i32,i32	8	0.004820
TOTAL	call	direct	0	0	0	0	1	-	i1	ptr{pointer},ptr{pointer},ptr{pointer},ptr{pointer},ptr{pointer},ptr{pointer}	ptr{pointer},ptr{pointer},ptr{pointer},ptr{pointer},ptr{pointer},ptr{pointer}	8	0.004820
TOTAL	call	direct	0	0	0	0	1	-	i32	double	double	8	0.004820
TOTAL	call	direct	0	0	0	0	1	-	i32	i1	i1	8	0.004820
TOTAL	call	direct	0	0	0	0	1	-	i32	i32,i32,i32,i32	i32,i32,i32,i32	8	0.004820
TOTAL	call	direct	0	0	0	0	1	-	i32	i32,i32,i32,ptr{pointer},i32,i32	i32,i32,i32,ptr{pointer},i32,i32	8	0.004820
TOTAL	call	direct	0	0	0	0	1	-	i32	i32,ptr{pointer},ptr{pointer},ptr{pointer},ptr{pointer}	i32,ptr{pointer},ptr{pointer},ptr{pointer},ptr{pointer}	8	0.004820
TOTAL	call	direct	0	0	0	0	1	-	i32	ptr{pointer},i32,i32,ptr{pointer},i32,ptr{pointer},ptr{pointer}	ptr{pointer},i32,i32,ptr{pointer},i32,ptr{pointer},ptr{pointer}	8	0.004820
TOTAL	call	direct	0	0	0	0	1	-	i32	ptr{pointer},i32,ptr{pointer},ptr{pointer},ptr{pointer},i8,i32,i32,i32,ptr{pointer}	ptr{pointer},i32,ptr{pointer},ptr{pointer},ptr{pointer},i8,i32,i32,i32,ptr{pointer}	8	0.004820
TOTAL	call	direct	0	0	0	0	1	-	i32	ptr{pointer},i64,ptr{pointer},ptr{pointer}	ptr{pointer},i64,ptr{pointer},ptr{pointer}	8	0.004820
TOTAL	call	direct	0	0	0	0	1	-	i32	ptr{pointer},ptr{pointer},ptr{pointer},i32,i8	ptr{pointer},ptr{pointer},ptr{pointer},i32,i8	8	0.004820
TOTAL	call	direct	0	0	0	0	1	-	i64	i32	i32	8	0.004820
TOTAL	call	direct	0	0	0	0	1	-	i64	ptr{pointer},i64,i64,i64,i32,i64	ptr{pointer},i64,i64,i64,i32,i64	8	0.004820
TOTAL	call	direct	0	0	0	0	1	-	i8	i8	i8	8	0.004820
TOTAL	call	direct	0	0	0	0	1	-	i8	ptr{pointer},ptr{pointer}	ptr{pointer},ptr{pointer}	8	0.004820
TOTAL	call	direct	0	0	0	0	1	-	ptr{pointer}	i32,ptr{pointer},ptr{pointer},ptr{pointer}	i32,ptr{pointer},ptr{pointer},ptr{pointer}	8	0.004820
TOTAL	call	direct	0	0	0	0	1	-	ptr{pointer}	ptr{pointer},i32,i32,ptr{pointer},ptr{pointer},ptr{pointer}	ptr{pointer},i32,i32,ptr{pointer},ptr{pointer},ptr{pointer}	8	0.004820
TOTAL	call	direct	0	0	0	0	1	-	ptr{pointer}	ptr{pointer},i32,i32,ptr{pointer},ptr{pointer}	ptr{pointer},i32,i32,ptr{pointer},ptr{pointer}	8	0.004820
TOTAL	call	direct	0	0	0	0	1	-	ptr{pointer}	ptr{pointer},i64,i64,ptr{pointer},i32,ptr{pointer}	ptr{pointer},i64,i64,ptr{pointer},i32,ptr{pointer}	8	0.004820
TOTAL	call	direct	0	0	0	0	1	-	ptr{pointer}	ptr{pointer},ptr{pointer},ptr{pointer},ptr{pointer},ptr{pointer},ptr{pointer},ptr{pointer},ptr{pointer}	ptr{pointer},ptr{pointer},ptr{pointer},ptr{pointer},ptr{pointer},ptr{pointer},ptr{pointer},ptr{pointer}	8	0.004820
TOTAL	call	direct	0	0	0	0	1	-	void	i1,ptr{pointer},ptr{pointer},ptr{pointer}	i1,ptr{pointer},ptr{pointer},ptr{pointer}	8	0.004820
TOTAL	call	direct	0	0	0	0	1	-	void	i32,i64	i32,i64	8	0.004820
TOTAL	call	direct	0	0	0	0	1	-	void	i32,ptr{pointer},ptr{pointer},ptr{pointer},ptr{pointer},ptr{pointer}	i32,ptr{pointer},ptr{pointer},ptr{pointer},ptr{pointer},ptr{pointer}	8	0.004820
TOTAL	call	direct	0	0	0	0	1	-	void	ptr{pointer},float,float	ptr{pointer},float,float	8	0.004820
TOTAL	call	direct	0	0	0	0	1	-	void	ptr{pointer},i32,i32,i32,i32,i32,i32,i32	ptr{pointer},i32,i32,i32,i32,i32,i32,i32	8	0.004820
TOTAL	call	direct	0	0	0	0	1	-	void	ptr{pointer},ptr{pointer},i32,i32,i32,i32,i32	ptr{pointer},ptr{pointer},i32,i32,i32,i32,i32	8	0.004820
TOTAL	call	direct	0	0	0	0	1	-	void	ptr{pointer},ptr{pointer},ptr{pointer},i32,i32,i32,i32	ptr{pointer},ptr{pointer},ptr{pointer},i32,i32,i32,i32	8	0.004820
TOTAL	call	direct	0	0	0	0	1	-	void	ptr{pointer},ptr{pointer},ptr{pointer},i64	ptr{pointer},ptr{pointer},ptr{pointer},i64	8	0.004820
TOTAL	call	direct	0	0	0	0	1	-	void	ptr{pointer},ptr{pointer},ptr{pointer},ptr{pointer},ptr{pointer},i16,i32,ptr{pointer},ptr{pointer},ptr{pointer},i32	ptr{pointer},ptr{pointer},ptr{pointer},ptr{pointer},ptr{pointer},i16,i32,ptr{pointer},ptr{pointer},ptr{pointer},i32	8	0.004820
TOTAL	call	direct	0	1	0	0	1	-	void	ptr{pointer},ptr{pointer},ptr{pointer,vararg},ptr{pointer,vararg},ptr{pointer,vararg}	ptr{pointer},ptr{pointer},ptr{pointer,vararg},ptr{pointer,vararg},ptr{pointer,vararg}	8	0.004820
TOTAL	call	indirect	0	0	0	0	1	-	i8	i8	i8	8	0.004820
TOTAL	invoke	direct	0	0	0	0	1	-	float	float	float	8	0.004820
TOTAL	invoke	direct	0	0	0	0	1	-	void	i32,ptr{pointer}	i32,ptr{pointer}	8	0.004820
TOTAL	invoke	direct	0	0	0	0	1	-	void	ptr{pointer},ptr{pointer},ptr{pointer},ptr{pointer},ptr{pointer},float	ptr{pointer},ptr{pointer},ptr{pointer},ptr{pointer},ptr{pointer},float	8	0.004820
TOTAL	invoke	indirect	0	0	0	0	1	-	float	ptr{pointer},ptr{pointer}	ptr{pointer},ptr{pointer}	8	0.004820
TOTAL	invoke	indirect	0	0	0	0	1	-	i32	ptr{pointer},ptr{pointer},ptr{pointer},i32	ptr{pointer},ptr{pointer},ptr{pointer},i32	8	0.004820
TOTAL	call	direct	0	0	0	0	1	-	float	ptr{pointer},ptr{pointer},i32,ptr{pointer},ptr{pointer}	ptr{pointer},ptr{pointer},i32,ptr{pointer},ptr{pointer}	7	0.004218
TOTAL	call	direct	0	0	0	0	1	-	i1	float	float	7	0.004218
TOTAL	call	direct	0	0	0	0	1	-	i32	i32,i32,ptr{pointer},i32	i32,i32,ptr{pointer},i32	7	0.004218
TOTAL	call	direct	0	0	0	0	1	-	i32	i32,ptr{pointer},i16,ptr{pointer},i64,i32	i32,ptr{pointer},i16,ptr{pointer},i64,i32	7	0.004218
TOTAL	call	direct	0	0	0	0	1	-	i32	i32,ptr{pointer},i64,i64,ptr{pointer},i64	i32,ptr{pointer},i64,i64,ptr{pointer},i64	7	0.004218
TOTAL	call	direct	0	0	0	0	1	-	i32	ptr{pointer},i32,i32,i32,i32,i32	ptr{pointer},i32,i32,i32,i32,i32	7	0.004218
TOTAL	call	direct	0	0	0	0	1	-	i32	ptr{pointer},i32,ptr{pointer},ptr{pointer},i32,ptr{pointer},ptr{pointer},ptr{pointer}	ptr{pointer},i32,ptr{pointer},ptr{pointer},i32,ptr{pointer},ptr{pointer},ptr{pointer}	7	0.004218
TOTAL	call	direct	0	0	0	0	1	-	i32	ptr{pointer},i64,ptr{pointer},ptr{pointer},i32,ptr{pointer}	ptr{pointer},i64,ptr{pointer},ptr{pointer},i32,ptr{pointer}	7	0.004218
TOTAL	call	direct	0	0	0	0	1	-	i32	ptr{pointer},ptr{pointer},i32,i32,ptr{pointer}	ptr{pointer},ptr{pointer},i32,i32,ptr{pointer}	7	0.004218
TOTAL	call	direct	0	0	0	0	1	-	i64	i64,i64,i64	i64,i64,i64	7	0.004218
TOTAL	call	direct	0	0	0	0	1	-	i64	ptr{pointer},i64,i64	ptr{pointer},i64,i64	7	0.004218
TOTAL	call	direct	0	0	0	0	1	-	i64	ptr{pointer},ptr{pointer},ptr{pointer},ptr{pointer},ptr{pointer}	ptr{pointer},ptr{pointer},ptr{pointer},ptr{pointer},ptr{pointer}	7	0.004218
TOTAL	call	direct	0	0	0	0	1	-	ptr{pointer}	i32,i32,i32,ptr{pointer},ptr{pointer},i32,i32,i32,ptr{pointer},i32	i32,i32,i32,ptr{pointer},ptr{pointer},i32,i32,i32,ptr{pointer},i32	7	0.004218
TOTAL	call	direct	0	0	0	0	1	-	ptr{pointer}	i32,i32,i32	i32,i32,i32	7	0.004218
TOTAL	call	direct	0	0	0	0	1	-	ptr{pointer}	ptr{pointer},i32,i32,i32,ptr{pointer},ptr{pointer}	ptr{pointer},i32,i32,i32,ptr{pointer},ptr{pointer}	7	0.004218
TOTAL	call	direct	0	0	0	0	1	-	ptr{pointer}	ptr{pointer},i64,i32,i32,i32,i64	ptr{pointer},i64,i32,i32,i32,i64	7	0.004218
TOTAL	call	direct	0	0	0	0	1	-	void	ptr{pointer},i1,i1	ptr{pointer},i1,i1	7	0.004218
TOTAL	call	direct	0	0	0	0	1	-	void	ptr{pointer},i32,i8,i32,ptr{pointer}	ptr{pointer},i32,i8,i32,ptr{pointer}	7	0.004218
TOTAL	call	direct	0	0	0	0	1	-	void	ptr{pointer},ptr{pointer},ptr{pointer},i32,ptr{pointer},ptr{pointer},ptr{pointer},i32,ptr{pointer},i32	ptr{pointer},ptr{pointer},ptr{pointer},i32,ptr{pointer},ptr{pointer},ptr{pointer},i32,ptr{pointer},i32	7	0.004218
TOTAL	call	direct	0	0	0	0	1	-	void	ptr{pointer},ptr{pointer},ptr{pointer},ptr{pointer},float	ptr{pointer},ptr{pointer},ptr{pointer},ptr{pointer},float	7	0.004218
TOTAL	call	direct	0	1	0	0	1	-	i32	ptr{pointer},i32{vararg},i32{vararg},i32{vararg},double{vararg},double{vararg},double{vararg},i32{vararg},i32{vararg},ptr{pointer,vararg},i32{vararg}	ptr{pointer},i32{vararg},i32{vararg},i32{vararg},double{vararg},double{vararg},double{vararg},i32{vararg},i32{vararg},ptr{pointer,vararg},i32{vararg}	7	0.004218
TOTAL	call	direct	0	1	0	0	1	-	void	ptr{pointer},ptr{pointer},i32{vararg}	ptr{pointer},ptr{pointer},i32{vararg}	7	0.004218
TOTAL	call	direct	0	1	0	0	1	-	void	ptr{pointer},ptr{pointer},ptr{pointer,vararg},ptr{pointer,vararg}	ptr{pointer},ptr{pointer},ptr{pointer,vararg},ptr{pointer,vararg}	7	0.004218
TOTAL	call	indirect	0	0	0	0	1	-	i64	ptr{pointer},ptr{pointer},i64	ptr{pointer},ptr{pointer},i64	7	0.004218
TOTAL	call	indirect	0	0	0	0	1	-	void	ptr{pointer},ptr{pointer},i64	ptr{pointer},ptr{pointer},i64	7	0.004218
TOTAL	call	indirect	0	0	0	0	1	-	void	ptr{pointer},ptr{pointer},ptr{pointer},ptr{pointer},ptr{pointer},ptr{pointer},ptr{pointer},ptr{pointer},ptr{pointer},i32	ptr{pointer},ptr{pointer},ptr{pointer},ptr{pointer},ptr{pointer},ptr{pointer},ptr{pointer},ptr{pointer},ptr{pointer},i32	7	0.004218
TOTAL	invoke	direct	0	0	0	0	1	-	i16	ptr{pointer}	ptr{pointer}	7	0.004218
TOTAL	invoke	direct	0	0	0	0	1	-	i1	ptr{pointer},ptr{pointer},ptr{pointer},ptr{pointer}	ptr{pointer},ptr{pointer},ptr{pointer},ptr{pointer}	7	0.004218
TOTAL	invoke	direct	0	0	0	0	1	-	i32	ptr{pointer},ptr{pointer},ptr{pointer},ptr{pointer},ptr{pointer}	ptr{pointer},ptr{pointer},ptr{pointer},ptr{pointer},ptr{pointer}	7	0.004218
TOTAL	invoke	direct	0	0	0	0	1	-	void	i32,i32,ptr{pointer}	i32,i32,ptr{pointer}	7	0.004218
TOTAL	invoke	direct	0	0	0	0	1	-	void	ptr{pointer},i32,ptr{pointer},ptr{pointer}	ptr{pointer},i32,ptr{pointer},ptr{pointer}	7	0.004218
TOTAL	invoke	direct	0	0	0	0	1	-	void	ptr{pointer},ptr{pointer},ptr{pointer},i32	ptr{pointer},ptr{pointer},ptr{pointer},i32	7	0.004218
TOTAL	invoke	indirect	0	0	0	0	1	-	i32	ptr{pointer},ptr{pointer},i32,ptr{pointer}	ptr{pointer},ptr{pointer},i32,ptr{pointer}	7	0.004218
TOTAL	call	direct	0	0	0	0	1	-	double	ptr{pointer},i32	ptr{pointer},i32	6	0.003615
TOTAL	call	direct	0	0	0	0	1	-	float	i32	i32	6	0.003615
TOTAL	call	direct	0	0	0	0	1	-	float	ptr{pointer},ptr{pointer},ptr{pointer},ptr{pointer},i32,i32,i32,ptr{pointer},ptr{pointer},ptr{pointer},ptr{pointer},ptr{pointer},ptr{pointer}	ptr{pointer},ptr{pointer},ptr{pointer},ptr{pointer},i32,i32,i32,ptr{pointer},ptr{pointer},ptr{pointer},ptr{pointer},ptr{pointer},ptr{pointer}	6	0.003615
TOTAL	call	direct	0	0	0	0	1	-	i1	i32,i32,i32,i32,i32,i32,ptr{pointer},ptr{pointer},ptr{pointer}	i32,i32,i32,i32,i32,i32,ptr{pointer},ptr{pointer},ptr{pointer}	6	0.003615
TOTAL	call	direct	0	0	0	0	1	-	i1	ptr{pointer},ptr{pointer},i1	ptr{pointer},ptr{pointer},i1	6	0.003615
TOTAL	call	direct	0	0	0	0	1	-	i1	ptr{pointer},ptr{pointer},ptr{pointer},i32	ptr{pointer},ptr{pointer},ptr{pointer},i32	6	0.003615
TOTAL	call	direct	0	0	0	0	1	-	i32	i16	i16	6	0.003615
TOTAL	call	direct	0	0	0	0	1	-	i32	i32,ptr{pointer},i32,ptr{pointer},ptr{pointer},ptr{pointer}	i32,ptr{pointer},i32,ptr{pointer},ptr{pointer},ptr{pointer}	6	0.003615
TOTAL	call	direct	0	0	0	0	1	-	i32	i64,i64	i64,i64	6	0.003615
TOTAL	call	direct	0	0	0	0	1	-	i32	ptr{pointer},i32,i32,ptr{pointer},ptr{pointer},ptr{pointer},ptr{pointer}	ptr{pointer},i32,i32,ptr{pointer},ptr{pointer},ptr{pointer},ptr{pointer}	6	0.003615
TOTAL	call	direct	0	0	0	0	1	-	i32	ptr{pointer},i32,i32,ptr{pointer},ptr{pointer},ptr{pointer}	ptr{pointer},i32,i32,ptr{pointer},ptr{pointer},ptr{pointer}	6	0.003615
TOTAL	call	direct	0	0	0	0	1	-	i32	ptr{pointer},i32,i32,ptr{pointer},ptr{pointer}	ptr{pointer},i32,i32,ptr{pointer},ptr{pointer}	6	0.003615
TOTAL	call	direct	0	0	0	0	1	-	i32	ptr{pointer},i32,ptr{pointer},i32,ptr{pointer},i32,i32,i32,i32,ptr{pointer},ptr{pointer}	ptr{pointer},i32,ptr{pointer},i32,ptr{pointer},i32,i32,i32,i32,ptr{pointer},ptr{pointer}	6	0.003615
TOTAL	call	direct	0	0	0	0	1	-	i32	ptr{pointer},i32,ptr{pointer},ptr{pointer},ptr{pointer},ptr{pointer},ptr{pointer}	ptr{pointer},i32,ptr{pointer},ptr{pointer},ptr{pointer},ptr{pointer},ptr{pointer}	6	0.003615
TOTAL	call	direct	0	0	0	0	1	-	i32	ptr{pointer},i8,ptr{pointer}	ptr{pointer},i8,ptr{pointer}	6	0.003615
TOTAL	call	direct	0	0	0	0	1	-	i32	ptr{pointer},ptr{pointer},ptr{pointer},i32,i32,i32,i32,i32	ptr{pointer},ptr{pointer},ptr{pointer},i32,i32,i32,i32,i32	6	0.003615
TOTAL	call	direct	0	0	0	0	1	-	i32	ptr{pointer},ptr{pointer},ptr{pointer},i64	ptr{pointer},ptr{pointer},ptr{pointer},i64	6	0.003615
TOTAL	call	direct	0	0	0	0	1	-	i64	i64,ptr{pointer},i64	i64,ptr{pointer},i64	6	0.003615
TOTAL	call	direct	0	0	0	0	1	-	ptr{pointer}	i16,i64,i32	i16,i64,i32	6	0.003615
TOTAL	call	direct	0	0	0	0	1	-	ptr{pointer}	ptr{pointer},i32,ptr{pointer},ptr{pointer},i32,ptr{pointer},ptr{pointer},i32,i32,i32,ptr{pointer},ptr{pointer}	ptr{pointer},i32,ptr{pointer},ptr{pointer},i32,ptr{pointer},ptr{pointer},i32,i32,i32,ptr{pointer},ptr{pointer}	6	0.003615
TOTAL	call	direct	0	0	0	0	1	-	ptr{pointer}	ptr{pointer},ptr{pointer},i32,i32,i32,i32	ptr{pointer},ptr{pointer},i32,i32,i32,i32	6	0.003615
TOTAL	call	direct	0	0	0	0	1	-	ptr{pointer}	ptr{pointer},ptr{pointer},i32,i32,i32,ptr{pointer},ptr{pointer},ptr{pointer},ptr{pointer},ptr{pointer},float	ptr{pointer},ptr{pointer},i32,i32,i32,ptr{pointer},ptr{pointer},ptr{pointer},ptr{pointer},ptr{pointer},float	6	0.003615
TOTAL	call	direct	0	0	0	0	1	-	ptr{pointer}	ptr{pointer},ptr{pointer},i32,i32,i32,ptr{pointer},ptr{pointer}	ptr{pointer},ptr{pointer},i32,i32,i32,ptr{pointer},ptr{pointer}	6	0.003615
TOTAL	call	direct	0	0	0	0	1	-	void	i32,i32,i32,i32,i32,i16,i16	i32,i32,i32,i32,i32,i16,i16	6	0.003615
TOTAL	call	direct	0	0	0	0	1	-	void	i32,i32,i32,ptr{pointer},ptr{pointer},i32,i32,i32	i32,i32,i32,ptr{pointer},ptr{pointer},i32,i32,i32	6	0.003615
TOTAL	call	direct	0	0	0	0	1	-	void	i32,ptr{pointer},i32,ptr{pointer},ptr{pointer},i32	i32,ptr{pointer},i32,ptr{pointer},ptr{pointer},i32	6	0.003615
TOTAL	call	direct	0	0	0	0	1	-	void	i32,ptr{pointer},ptr{pointer},ptr{pointer},ptr{pointer},i32,i16,ptr{pointer}	i32,ptr{pointer},ptr{pointer},ptr{pointer},ptr{pointer},i32,i16,ptr{pointer}	6	0.003615
TOTAL	call	direct	0	0	0	0	1	-	void	i64,i64	i64,i64	6	0.003615
TOTAL	call	direct	0	0	0	0	1	-	void	i64,ptr{pointer},i32	i64,ptr{pointer},i32	6	0.003615
TOTAL	call	direct	0	0	0	0	1	-	void	ptr{pointer},float,float,float,float,float,float	ptr{pointer},float,float,float,float,float,float	6	0.003615
TOTAL	call	direct	0	0	0	0	1	-	void	ptr{pointer},float,ptr{pointer},ptr{pointer}	ptr{pointer},float,ptr{pointer},ptr{pointer}	6	0.003615
TOTAL	call	direct	0	0	0	0	1	-	void	ptr{pointer},float,ptr{pointer}	ptr{pointer},float,ptr{pointer}	6	0.003615
TOTAL	call	direct	0	0	0	0	1	-	void	ptr{pointer},i32,i32,i32,float	ptr{pointer},i32,i32,i32,float	6	0.003615
TOTAL	call	direct	0	0	0	0	1	-	void	ptr{pointer},i32,i32,i8,ptr{pointer}	ptr{pointer},i32,i32,i8,ptr{pointer}	6	0.003615
TOTAL	call	direct	0	0	0	0	1	-	void	ptr{pointer},i32,i32,ptr{pointer},i16,ptr{pointer}	ptr{pointer},i32,i32,ptr{pointer},i16,ptr{pointer}	6	0.003615
TOTAL	call	direct	0	0	0	0	1	-	void	ptr{pointer},i32,ptr{pointer},i32,i32	ptr{pointer},i32,ptr{pointer},i32,i32	6	0.003615
TOTAL	call	direct	0	0	0	0	1	-	void	ptr{pointer},i32,ptr{pointer},ptr{pointer},ptr{pointer},ptr{pointer},ptr{pointer}	ptr{pointer},i32,ptr{pointer},ptr{pointer},ptr{pointer},ptr{pointer},ptr{pointer}	6	0.003615
TOTAL	call	direct	0	0	0	0	1	-	void	ptr{pointer},ptr{pointer},float,ptr{pointer},ptr{pointer}	ptr{pointer},ptr{pointer},float,ptr{pointer},ptr{pointer}	6	0.003615
TOTAL	call	direct	0	0	0	0	1	-	void	ptr{pointer},ptr{pointer},float,ptr{pointer}	ptr{pointer},ptr{pointer},float,ptr{pointer}	6	0.003615
TOTAL	call	direct	0	0	0	0	1	-	void	ptr{pointer},ptr{pointer},i32,i32,i32,i32,ptr{pointer},ptr{pointer},ptr{pointer},ptr{pointer},ptr{pointer},ptr{pointer},ptr{pointer}	ptr{pointer},ptr{pointer},i32,i32,i32,i32,ptr{pointer},ptr{pointer},ptr{pointer},ptr{pointer},ptr{pointer},ptr{pointer},ptr{pointer}	6	0.003615
TOTAL	call	direct	0	0	0	0	1	-	void	ptr{pointer},ptr{pointer},ptr{pointer},double,ptr{pointer}	ptr{pointer},ptr{pointer},ptr{pointer},double,ptr{pointer}	6	0.003615
TOTAL	call	direct	0	0	0	0	1	-	void	ptr{pointer},ptr{pointer},ptr{pointer},i16,i32,i32,i32,i32,i32	ptr{pointer},ptr{pointer},ptr{pointer},i16,i32,i32,i32,i32,i32	6	0.003615
TOTAL	call	direct	0	0	0	0	1	-	void	ptr{pointer},ptr{pointer},ptr{pointer},i32,i32,i32,i32,i32,i32,i32,i32	ptr{pointer},ptr{pointer},ptr{pointer},i32,i32,i32,i32,i32,i32,i32,i32	6	0.003615
TOTAL	call	direct	0	0	0	0	1	-	void	ptr{pointer},ptr{pointer},ptr{pointer},ptr{pointer},ptr{pointer},i32	ptr{pointer},ptr{pointer},ptr{pointer},ptr{pointer},ptr{pointer},i32	6	0.003615
TOTAL	call	direct	0	1	0	0	1	-	i32	ptr{pointer},i32{vararg},i32{vararg},i32{vararg}	ptr{pointer},i32{vararg},i32{vararg},i32{vararg}	6	0.003615
TOTAL	call	direct	0	1	0	0	1	-	i32	ptr{pointer},i64,ptr{pointer},i32{vararg},i32{vararg}	ptr{pointer},i64,ptr{pointer},i32{vararg},i32{vararg}	6	0.003615
TOTAL	call	direct	0	1	0	0	1	-	i32	ptr{pointer},i64,ptr{pointer},ptr{pointer,vararg},i32{vararg}	ptr{pointer},i64,ptr{pointer},ptr{pointer,vararg},i32{vararg}	6	0.003615
TOTAL	call	direct	0	1	0	0	1	-	i32	ptr{pointer},ptr{pointer},ptr{pointer,vararg},double{vararg},ptr{pointer,vararg},double{vararg}	ptr{pointer},ptr{pointer},ptr{pointer,vararg},double{vararg},ptr{pointer,vararg},double{vararg}	6	0.003615
TOTAL	call	direct	0	1	0	0	1	-	ptr{pointer}	i32,i32,ptr{pointer},i32,ptr{pointer},ptr{pointer,vararg},ptr{pointer,vararg},i32{vararg}	i32,i32,ptr{pointer},i32,ptr{pointer},ptr{pointer,vararg},ptr{pointer,vararg},i32{vararg}	6	0.003615
TOTAL	call	direct	0	1	0	0	1	-	void	ptr{pointer},i32{vararg},i32{vararg},i32{vararg},i32{vararg}	ptr{pointer},i32{vararg},i32{vararg},i32{vararg},i32{vararg}	6	0.003615
TOTAL	call	indirect	0	0	0	0	1	-	i8	ptr{pointer}	ptr{pointer}	6	0.003615
TOTAL	call	indirect	0	0	0	0	1	-	ptr{pointer}	-	-	6	0.003615
TOTAL	call	indirect	0	0	0	0	1	-	void	ptr{pointer},ptr{pointer},ptr{pointer},i32	ptr{pointer},ptr{pointer},ptr{pointer},i32	6	0.003615
TOTAL	invoke	direct	0	0	0	0	1	-	%class.btQuaternion	ptr{pointer},ptr{pointer}	ptr{pointer},ptr{pointer}	6	0.003615
TOTAL	invoke	direct	0	0	0	0	1	-	i32	ptr{pointer},ptr{pointer},ptr{pointer},ptr{pointer},ptr{pointer},ptr{pointer},ptr{pointer},ptr{pointer}	ptr{pointer},ptr{pointer},ptr{pointer},ptr{pointer},ptr{pointer},ptr{pointer},ptr{pointer},ptr{pointer}	6	0.003615
TOTAL	invoke	direct	0	0	0	0	1	-	ptr{pointer}	ptr{pointer},ptr{pointer},ptr{pointer},ptr{pointer}	ptr{pointer},ptr{pointer},ptr{pointer},ptr{pointer}	6	0.003615
TOTAL	invoke	direct	0	0	0	0	1	-	void	ptr{pointer},ptr{pointer},i32,ptr{pointer},ptr{pointer}	ptr{pointer},ptr{pointer},i32,ptr{pointer},ptr{pointer}	6	0.003615
TOTAL	invoke	direct	0	0	0	0	1	-	void	ptr{pointer},ptr{pointer},ptr{pointer},float	ptr{pointer},ptr{pointer},ptr{pointer},float	6	0.003615
TOTAL	invoke	direct	0	0	0	0	1	-	void	ptr{pointer},ptr{pointer},ptr{pointer},ptr{pointer},ptr{pointer},i1	ptr{pointer},ptr{pointer},ptr{pointer},ptr{pointer},ptr{pointer},i1	6	0.003615
TOTAL	invoke	indirect	0	0	0	0	1	-	i32	ptr{pointer},i32,ptr{pointer},ptr{pointer},ptr{pointer}	ptr{pointer},i32,ptr{pointer},ptr{pointer},ptr{pointer}	6	0.003615
TOTAL	invoke	indirect	0	0	0	0	1	-	i32	ptr{pointer},ptr{pointer},i1	ptr{pointer},ptr{pointer},i1	6	0.003615
TOTAL	invoke	indirect	0	0	0	0	1	-	void	ptr{pointer},i32,i32	ptr{pointer},i32,i32	6	0.003615
TOTAL	call	direct	0	0	0	0	1	-	[2 x i64]	[2 x i64],[2 x i64],[2 x i64]	i64{consecutive},i64{consecutive,consecutive-last},i64{consecutive},i64{consecutive,consecutive-last},i64{consecutive},i64{consecutive,consecutive-last}	5	0.003013
TOTAL	call	direct	0	0	0	0	1	-	[2 x i64]	[2 x i64]	i64{consecutive},i64{consecutive,consecutive-last}	5	0.003013
TOTAL	call	direct	0	0	0	0	1	-	float	ptr{pointer},ptr{pointer},ptr{pointer},ptr{pointer},ptr{pointer}	ptr{pointer},ptr{pointer},ptr{pointer},ptr{pointer},ptr{pointer}	5	0.003013
TOTAL	call	direct	0	0	0	0	1	-	float	ptr{pointer},ptr{pointer},ptr{pointer},ptr{pointer}	ptr{pointer},ptr{pointer},ptr{pointer},ptr{pointer}	5	0.003013
TOTAL	call	direct	0	0	0	0	1	-	i16	i32	i32	5	0.003013
TOTAL	call	direct	0	0	0	0	1	-	i1	ptr{pointer},i32,i32	ptr{pointer},i32,i32	5	0.003013
TOTAL	call	direct	0	0	0	0	1	-	i1	ptr{pointer},ptr{pointer},i32,ptr{pointer}	ptr{pointer},ptr{pointer},i32,ptr{pointer}	5	0.003013
TOTAL	call	direct	0	0	0	0	1	-	i32	i32,ptr{pointer},i64,ptr{pointer}	i32,ptr{pointer},i64,ptr{pointer}	5	0.003013
TOTAL	call	direct	0	0	0	0	1	-	i32	i8	i8	5	0.003013
TOTAL	call	direct	0	0	0	0	1	-	i32	ptr{pointer},i32,i32,ptr{pointer},ptr{pointer},ptr{pointer},ptr{pointer},i32	ptr{pointer},i32,i32,ptr{pointer},ptr{pointer},ptr{pointer},ptr{pointer},i32	5	0.003013
TOTAL	call	direct	0	0	0	0	1	-	i32	ptr{pointer},i32,i32,ptr{pointer},ptr{pointer},ptr{pointer},ptr{pointer},ptr{pointer},ptr{pointer}	ptr{pointer},i32,i32,ptr{pointer},ptr{pointer},ptr{pointer},ptr{pointer},ptr{pointer},ptr{pointer}	5	0.003013
TOTAL	call	direct	0	0	0	0	1	-	i32	ptr{pointer},i32,i64	ptr{pointer},i32,i64	5	0.003013
TOTAL	call	direct	0	0	0	0	1	-	i32	ptr{pointer},i32,ptr{pointer},i32,ptr{pointer},i32	ptr{pointer},i32,ptr{pointer},i32,ptr{pointer},i32	5	0.003013
TOTAL	call	direct	0	0	0	0	1	-	i32	ptr{pointer},i32,ptr{pointer},ptr{pointer},ptr{pointer},ptr{pointer},ptr{pointer},ptr{pointer},ptr{pointer}	ptr{pointer},i32,ptr{pointer},ptr{pointer},ptr{pointer},ptr{pointer},ptr{pointer},ptr{pointer},ptr{pointer}	5	0.003013
TOTAL	call	direct	0	0	0	0	1	-	i32	ptr{pointer},ptr{pointer},i1	ptr{pointer},ptr{pointer},i1	5	0.003013
TOTAL	call	direct	0	0	0	0	1	-	i32	ptr{pointer},ptr{pointer},i32,i32,i32	ptr{pointer},ptr{pointer},i32,i32,i32	5	0.003013
TOTAL	call	direct	0	0	0	0	1	-	i32	ptr{pointer},ptr{pointer},ptr{pointer},i8,i32	ptr{pointer},ptr{pointer},ptr{pointer},i8,i32	5	0.003013
TOTAL	call	direct	0	0	0	0	1	-	i8	ptr{pointer},i32,ptr{pointer}	ptr{pointer},i32,ptr{pointer}	5	0.003013
TOTAL	call	direct	0	0	0	0	1	-	ptr{pointer}	ptr{pointer},ptr{pointer},ptr{pointer},ptr{pointer},i8	ptr{pointer},ptr{pointer},ptr{pointer},ptr{pointer},i8	5	0.003013
TOTAL	call	direct	0	0	0	0	1	-	ptr{pointer}	ptr{pointer},ptr{pointer},ptr{pointer},ptr{pointer},ptr{pointer},ptr{pointer},ptr{pointer},i32,ptr{pointer},ptr{pointer}	ptr{pointer},ptr{pointer},ptr{pointer},ptr{pointer},ptr{pointer},ptr{pointer},ptr{pointer},i32,ptr{pointer},ptr{pointer}	5	0.003013
TOTAL	call	direct	0	0	0	0	1	-	void	i16,i32,i32,i32,i32	i16,i32,i32,i32,i32	5	0.003013
TOTAL	call	direct	0	0	0	0	1	-	void	ptr{pointer},float,float,float,float,float	ptr{pointer},float,float,float,float,float	5	0.003013
TOTAL	call	direct	0	0	0	0	1	-	void	ptr{pointer},float,i32	ptr{pointer},float,i32	5	0.003013
TOTAL	call	direct	0	0	0	0	1	-	void	ptr{pointer},i16,ptr{pointer},ptr{pointer}	ptr{pointer},i16,ptr{pointer},ptr{pointer}	5	0.003013
TOTAL	call	direct	0	0	0	0	1	-	void	ptr{pointer},i32,i8	ptr{pointer},i32,i8	5	0.003013
TOTAL	call	direct	0	0	0	0	1	-	void	ptr{pointer},i64,i32,ptr{pointer}	ptr{pointer},i64,i32,ptr{pointer}	5	0.003013
TOTAL	call	direct	0	0	0	0	1	-	void	ptr{pointer},ptr{pointer},i32,ptr{pointer},ptr{pointer},i32,i32	ptr{pointer},ptr{pointer},i32,ptr{pointer},ptr{pointer},i32,i32	5	0.003013
TOTAL	call	direct	0	0	0	0	1	-	void	ptr{pointer},ptr{pointer},i32,ptr{pointer},ptr{pointer}	ptr{pointer},ptr{pointer},i32,ptr{pointer},ptr{pointer}	5	0.003013
TOTAL	call	direct	0	0	0	0	1	-	void	ptr{pointer},ptr{pointer},i8,i8	ptr{pointer},ptr{pointer},i8,i8	5	0.003013
TOTAL	call	direct	0	0	0	0	1	-	void	ptr{pointer},ptr{pointer},ptr{pointer},float,ptr{pointer}	ptr{pointer},ptr{pointer},ptr{pointer},float,ptr{pointer}	5	0.003013
TOTAL	call	direct	0	0	0	0	1	-	void	ptr{pointer},ptr{pointer},ptr{pointer},i32,i32,ptr{pointer},i32,ptr{pointer},i32,i32,ptr{pointer}	ptr{pointer},ptr{pointer},ptr{pointer},i32,i32,ptr{pointer},i32,ptr{pointer},i32,i32,ptr{pointer}	5	0.003013
TOTAL	call	direct	0	0	0	0	1	-	void	ptr{pointer},ptr{pointer},ptr{pointer},ptr{pointer},float,float,float,float,ptr{pointer},i1,float	ptr{pointer},ptr{pointer},ptr{pointer},ptr{pointer},float,float,float,float,ptr{pointer},i1,float	5	0.003013
TOTAL	call	direct	0	0	0	0	1	-	void	ptr{pointer},ptr{pointer},ptr{pointer},ptr{pointer},i32,i32	ptr{pointer},ptr{pointer},ptr{pointer},ptr{pointer},i32,i32	5	0.003013
TOTAL	call	direct	0	0	0	0	1	-	void	ptr{pointer,sret},ptr{pointer},i1	ptr{pointer,sret},ptr{pointer},i1	5	0.003013
TOTAL	call	direct	0	0	0	0	1	-	void	ptr{pointer,sret},ptr{pointer},i64,i64	ptr{pointer,sret},ptr{pointer},i64,i64	5	0.003013
TOTAL	call	direct	0	1	0	0	1	-	i32	i32,i32,i32{vararg}	i32,i32,i32{vararg}	5	0.003013
TOTAL	call	direct	0	1	0	0	1	-	i32	ptr{pointer},i32{vararg},i32{vararg},i32{vararg},i32{vararg},double{vararg},double{vararg},double{vararg},i32{vararg},i32{vararg},ptr{pointer,vararg},i32{vararg},i32{vararg},i32{vararg},i32{vararg},i32{vararg}	ptr{pointer},i32{vararg},i32{vararg},i32{vararg},i32{vararg},double{vararg},double{vararg},double{vararg},i32{vararg},i32{vararg},ptr{pointer,vararg},i32{vararg},i32{vararg},i32{vararg},i32{vararg},i32{vararg}	5	0.003013
TOTAL	call	direct	0	1	0	0	1	-	i32	ptr{pointer},ptr{pointer},ptr{pointer,vararg},i32{vararg},ptr{pointer,vararg}	ptr{pointer},ptr{pointer},ptr{pointer,vararg},i32{vararg},ptr{pointer,vararg}	5	0.003013
TOTAL	call	direct	0	1	0	0	1	-	ptr{pointer}	i32,ptr{pointer},ptr{pointer},double{vararg}	i32,ptr{pointer},ptr{pointer},double{vararg}	5	0.003013
TOTAL	call	direct	0	1	0	0	1	-	ptr{pointer}	ptr{pointer},ptr{pointer},ptr{pointer,vararg},ptr{pointer,vararg}	ptr{pointer},ptr{pointer},ptr{pointer,vararg},ptr{pointer,vararg}	5	0.003013
TOTAL	call	direct	0	1	0	0	1	-	void	ptr{pointer},ptr{pointer},i32	ptr{pointer},ptr{pointer},i32	5	0.003013
TOTAL	call	indirect	0	0	0	0	1	-	i1	ptr{pointer},ptr{pointer},ptr{pointer}	ptr{pointer},ptr{pointer},ptr{pointer}	5	0.003013
TOTAL	call	indirect	0	0	0	0	1	-	i32	ptr{pointer},i32,ptr{pointer},i32,ptr{pointer}	ptr{pointer},i32,ptr{pointer},i32,ptr{pointer}	5	0.003013
TOTAL	call	indirect	0	0	0	0	1	-	ptr{pointer}	i64	i64	5	0.003013
TOTAL	call	indirect	0	0	0	0	1	-	void	ptr{pointer},ptr{pointer},ptr{pointer},ptr{pointer},ptr{pointer},float	ptr{pointer},ptr{pointer},ptr{pointer},ptr{pointer},ptr{pointer},float	5	0.003013
TOTAL	invoke	direct	0	0	0	0	1	-	%class.btVector3	ptr{pointer},i32	ptr{pointer},i32	5	0.003013
TOTAL	invoke	direct	0	0	0	0	1	-	i1	ptr{pointer},ptr{pointer},i32,ptr{pointer}	ptr{pointer},ptr{pointer},i32,ptr{pointer}	5	0.003013
TOTAL	invoke	direct	0	0	0	0	1	-	i32	i32	i32	5	0.003013
TOTAL	invoke	direct	0	0	0	0	1	-	i32	i64,ptr{pointer},i1	i64,ptr{pointer},i1	5	0.003013
TOTAL	invoke	direct	0	0	0	0	1	-	i32	ptr{pointer},[2 x i64]	ptr{pointer},i64{consecutive},i64{consecutive,consecutive-last}	5	0.003013
TOTAL	invoke	direct	0	0	0	0	1	-	i32	ptr{pointer},ptr{pointer},ptr{pointer},i1,ptr{pointer},ptr{pointer},ptr{pointer}	ptr{pointer},ptr{pointer},ptr{pointer},i1,ptr{pointer},ptr{pointer},ptr{pointer}	5	0.003013
TOTAL	invoke	direct	0	0	0	0	1	-	i64	ptr{pointer},i32	ptr{pointer},i32	5	0.003013
TOTAL	invoke	direct	0	0	0	0	1	-	void	ptr{pointer},ptr{pointer},float	ptr{pointer},ptr{pointer},float	5	0.003013
TOTAL	invoke	direct	0	0	0	0	1	-	void	ptr{pointer},ptr{pointer},ptr{pointer},ptr{pointer},ptr{pointer},ptr{pointer},ptr{pointer}	ptr{pointer},ptr{pointer},ptr{pointer},ptr{pointer},ptr{pointer},ptr{pointer},ptr{pointer}	5	0.003013
TOTAL	invoke	indirect	0	0	0	0	1	-	i1	ptr{pointer},ptr{pointer},ptr{pointer}	ptr{pointer},ptr{pointer},ptr{pointer}	5	0.003013
TOTAL	call	direct	0	0	0	0	1	-	%class.btVector3	ptr{pointer},ptr{pointer},float	ptr{pointer},ptr{pointer},float	4	0.002410
TOTAL	call	direct	0	0	0	0	1	-	double	double,double,double	double,double,double	4	0.002410
TOTAL	call	direct	0	0	0	0	1	-	double	i32	i32	4	0.002410
TOTAL	call	direct	0	0	0	0	1	-	double	ptr{pointer},i32,ptr{pointer},i32	ptr{pointer},i32,ptr{pointer},i32	4	0.002410
TOTAL	call	direct	0	0	0	0	1	-	float	ptr{pointer},float,float,float,float,float	ptr{pointer},float,float,float,float,float	4	0.002410
TOTAL	call	direct	0	0	0	0	1	-	float	ptr{pointer},float,ptr{pointer},i32,i32	ptr{pointer},float,ptr{pointer},i32,i32	4	0.002410
TOTAL	call	direct	0	0	0	0	1	-	float	ptr{pointer},ptr{pointer},ptr{pointer},ptr{pointer},i32,i32,i32,ptr{pointer},ptr{pointer},ptr{pointer},ptr{pointer}	ptr{pointer},ptr{pointer},ptr{pointer},ptr{pointer},i32,i32,i32,ptr{pointer},ptr{pointer},ptr{pointer},ptr{pointer}	4	0.002410
TOTAL	call	direct	0	0	0	0	1	-	i1	double	double	4	0.002410
TOTAL	call	direct	0	0	0	0	1	-	i1	ptr{pointer},i1,ptr{pointer},i1	ptr{pointer},i1,ptr{pointer},i1	4	0.002410
TOTAL	call	direct	0	0	0	0	1	-	i1	ptr{pointer},i64,i32,ptr{pointer}	ptr{pointer},i64,i32,ptr{pointer}	4	0.002410
TOTAL	call	direct	0	0	0	0	1	-	i1	ptr{pointer},i8	ptr{pointer},i8	4	0.002410
TOTAL	call	direct	0	0	0	0	1	-	i32	double,ptr{pointer}	double,ptr{pointer}	4	0.002410
TOTAL	call	direct	0	0	0	0	1	-	i32	i16,i16	i16,i16	4	0.002410
TOTAL	call	direct	0	0	0	0	1	-	i32	i32,i32,i32,i32,i32,i32,i32	i32,i32,i32,i32,i32,i32,i32	4	0.002410
TOTAL	call	direct	0	0	0	0	1	-	i32	i32,i32,i32,i32,i32	i32,i32,i32,i32,i32	4	0.002410
TOTAL	call	direct	0	0	0	0	1	-	i32	i32,i32,ptr{pointer},ptr{pointer},ptr{pointer},ptr{pointer},ptr{pointer}	i32,i32,ptr{pointer},ptr{pointer},ptr{pointer},ptr{pointer},ptr{pointer}	4	0.002410
TOTAL	call	direct	0	0	0	0	1	-	i32	ptr{pointer},[2 x i64]	ptr{pointer},i64{consecutive},i64{consecutive,consecutive-last}	4	0.002410
TOTAL	call	direct	0	0	0	0	1	-	i32	ptr{pointer},i16,i32,i32,i32,i32,i16,i16,ptr{pointer},ptr{pointer},i32,i32,i32	ptr{pointer},i16,i32,i32,i32,i32,i16,i16,ptr{pointer},ptr{pointer},i32,i32,i32	4	0.002410
TOTAL	call	direct	0	0	0	0	1	-	i32	ptr{pointer},i32,ptr{pointer},i32,i32,ptr{pointer},ptr{pointer}	ptr{pointer},i32,ptr{pointer},i32,i32,ptr{pointer},ptr{pointer}	4	0.002410
TOTAL	call	direct	0	0	0	0	1	-	i32	ptr{pointer},i32,ptr{pointer},i32,ptr{pointer},i8	ptr{pointer},i32,ptr{pointer},i32,ptr{pointer},i8	4	0.002410
TOTAL	call	direct	0	0	0	0	1	-	i32	ptr{pointer},i32,ptr{pointer},ptr{pointer},i32	ptr{pointer},i32,ptr{pointer},ptr{pointer},i32	4	0.002410
TOTAL	call	direct	0	0	0	0	1	-	i32	ptr{pointer},ptr{pointer},i32,i16,i32,i32,i16,i16	ptr{pointer},ptr{pointer},i32,i16,i32,i32,i16,i16	4	0.002410
TOTAL	call	direct	0	0	0	0	1	-	i32	ptr{pointer},ptr{pointer},i32,i32,i32,ptr{pointer}	ptr{pointer},ptr{pointer},i32,i32,i32,ptr{pointer}	4	0.002410
TOTAL	call	direct	0	0	0	0	1	-	i32	ptr{pointer},ptr{pointer},i32,i32,ptr{pointer},ptr{pointer},ptr{pointer}	ptr{pointer},ptr{pointer},i32,i32,ptr{pointer},ptr{pointer},ptr{pointer}	4	0.002410
TOTAL	call	direct	0	0	0	0	1	-	i32	ptr{pointer},ptr{pointer},ptr{pointer},i16,i32	ptr{pointer},ptr{pointer},ptr{pointer},i16,i32	4	0.002410
TOTAL	call	direct	0	0	0	0	1	-	i32	ptr{pointer},ptr{pointer},ptr{pointer},i32,i32	ptr{pointer},ptr{pointer},ptr{pointer},i32,i32	4	0.002410
TOTAL	call	direct	0	0	0	0	1	-	i32	ptr{pointer},ptr{pointer},ptr{pointer},ptr{pointer},ptr{pointer},i32,i32	ptr{pointer},ptr{pointer},ptr{pointer},ptr{pointer},ptr{pointer},i32,i32	4	0.002410
TOTAL	call	direct	0	0	0	0	1	-	i32	ptr{pointer},ptr{pointer},ptr{pointer},ptr{pointer},ptr{pointer},i32,ptr{pointer}	ptr{pointer},ptr{pointer},ptr{pointer},ptr{pointer},ptr{pointer},i32,ptr{pointer}	4	0.002410
TOTAL	call	direct	0	0	0	0	1	-	i64	ptr{pointer},i64,ptr{pointer},ptr{pointer}	ptr{pointer},i64,ptr{pointer},ptr{pointer}	4	0.002410
TOTAL	call	direct	0	0	0	0	1	-	i8	ptr{pointer},i8	ptr{pointer},i8	4	0.002410
TOTAL	call	direct	0	0	0	0	1	-	i8	ptr{pointer},ptr{pointer},i8	ptr{pointer},ptr{pointer},i8	4	0.002410
TOTAL	call	direct	0	0	0	0	1	-	ptr{pointer}	ptr{pointer},i32,i32,ptr{pointer},i32,i32,i32,ptr{pointer},ptr{pointer}	ptr{pointer},i32,i32,ptr{pointer},i32,i32,i32,ptr{pointer},ptr{pointer}	4	0.002410
TOTAL	call	direct	0	0	0	0	1	-	ptr{pointer}	ptr{pointer},i32,i64	ptr{pointer},i32,i64	4	0.002410
TOTAL	call	direct	0	0	0	0	1	-	ptr{pointer}	ptr{pointer},ptr{pointer},i32,i32,ptr{pointer},ptr{pointer}	ptr{pointer},ptr{pointer},i32,i32,ptr{pointer},ptr{pointer}	4	0.002410
TOTAL	call	direct	0	0	0	0	1	-	ptr{pointer}	ptr{pointer},ptr{pointer},ptr{pointer},i32,i32,ptr{pointer},ptr{pointer},ptr{pointer}	ptr{pointer},ptr{pointer},ptr{pointer},i32,i32,ptr{pointer},ptr{pointer},ptr{pointer}	4	0.002410
TOTAL	call	direct	0	0	0	0	1	-	ptr{pointer}	ptr{pointer},ptr{pointer},ptr{pointer},i32,i32	ptr{pointer},ptr{pointer},ptr{pointer},i32,i32	4	0.002410
TOTAL	call	direct	0	0	0	0	1	-	ptr{pointer}	ptr{pointer},ptr{pointer},ptr{pointer},i32,ptr{pointer},i32,i32,ptr{pointer},ptr{pointer}	ptr{pointer},ptr{pointer},ptr{pointer},i32,ptr{pointer},i32,i32,ptr{pointer},ptr{pointer}	4	0.002410
TOTAL	call	direct	0	0	0	0	1	-	ptr{pointer}	ptr{pointer},ptr{pointer},ptr{pointer},ptr{pointer},i32	ptr{pointer},ptr{pointer},ptr{pointer},ptr{pointer},i32	4	0.002410
TOTAL	call	direct	0	0	0	0	1	-	void	double,ptr{pointer},ptr{pointer},ptr{pointer},ptr{pointer},ptr{pointer},ptr{pointer},ptr{pointer},ptr{pointer},ptr{pointer},double,i1,i1	double,ptr{pointer},ptr{pointer},ptr{pointer},ptr{pointer},ptr{pointer},ptr{pointer},ptr{pointer},ptr{pointer},ptr{pointer},double,i1,i1	4	0.002410
TOTAL	call	direct	0	0	0	0	1	-	void	i32,i32,i32,ptr{pointer},ptr{pointer},ptr{pointer},ptr{pointer}	i32,i32,i32,ptr{pointer},ptr{pointer},ptr{pointer},ptr{pointer}	4	0.002410
TOTAL	call	direct	0	0	0	0	1	-	void	i32,i32,i32	i32,i32,i32	4	0.002410
TOTAL	call	direct	0	0	0	0	1	-	void	i32,i32,ptr{pointer},ptr{pointer},ptr{pointer},ptr{pointer},ptr{pointer},ptr{pointer},ptr{pointer},ptr{pointer},ptr{pointer},ptr{pointer}	i32,i32,ptr{pointer},ptr{pointer},ptr{pointer},ptr{pointer},ptr{pointer},ptr{pointer},ptr{pointer},ptr{pointer},ptr{pointer},ptr{pointer}	4	0.002410
TOTAL	call	direct	0	0	0	0	1	-	void	i32,i8,i32,i32,i32,i32,i32	i32,i8,i32,i32,i32,i32,i32	4	0.002410
TOTAL	call	direct	0	0	0	0	1	-	void	i32,ptr{pointer},ptr{pointer},i32	i32,ptr{pointer},ptr{pointer},i32	4	0.002410
TOTAL	call	direct	0	0	0	0	1	-	void	i32,ptr{pointer},ptr{pointer},ptr{pointer},ptr{pointer},i32	i32,ptr{pointer},ptr{pointer},ptr{pointer},ptr{pointer},i32	4	0.002410
TOTAL	call	direct	0	0	0	0	1	-	void	i32,ptr{pointer},ptr{pointer},ptr{pointer},ptr{pointer}	i32,ptr{pointer},ptr{pointer},ptr{pointer},ptr{pointer}	4	0.002410
TOTAL	call	direct	0	0	0	0	1	-	void	i64	i64	4	0.002410
TOTAL	call	direct	0	0	0	0	1	-	void	ptr{pointer},i1,ptr{pointer}	ptr{pointer},i1,ptr{pointer}	4	0.002410
TOTAL	call	direct	0	0	0	0	1	-	void	ptr{pointer},i32,i1,i64	ptr{pointer},i32,i1,i64	4	0.002410
TOTAL	call	direct	0	0	0	0	1	-	void	ptr{pointer},i32,i32,float,ptr{pointer}	ptr{pointer},i32,i32,float,ptr{pointer}	4	0.002410
TOTAL	call	direct	0	0	0	0	1	-	void	ptr{pointer},i32,i32,i32,i32,i32,i32,i32,i32,i32,i32	ptr{pointer},i32,i32,i32,i32,i32,i32,i32,i32,i32,i32	4	0.002410
TOTAL	call	direct	0	0	0	0	1	-	void	ptr{pointer},i32,ptr{pointer},i64	ptr{pointer},i32,ptr{pointer},i64	4	0.002410
TOTAL	call	direct	0	0	0	0	1	-	void	ptr{pointer},i32,ptr{pointer},ptr{pointer},ptr{pointer}	ptr{pointer},i32,ptr{pointer},ptr{pointer},ptr{pointer}	4	0.002410
TOTAL	call	direct	0	0	0	0	1	-	void	ptr{pointer},i64,i32	ptr{pointer},i64,i32	4	0.002410
TOTAL	call	direct	0	0	0	0	1	-	void	ptr{pointer},ptr{pointer},double,ptr{pointer}	ptr{pointer},ptr{pointer},double,ptr{pointer}	4	0.002410
TOTAL	call	direct	0	0	0	0	1	-	void	ptr{pointer},ptr{pointer},float,ptr{pointer},i32	ptr{pointer},ptr{pointer},float,ptr{pointer},i32	4	0.002410
TOTAL	call	direct	0	0	0	0	1	-	void	ptr{pointer},ptr{pointer},float,ptr{pointer},ptr{pointer},ptr{pointer}	ptr{pointer},ptr{pointer},float,ptr{pointer},ptr{pointer},ptr{pointer}	4	0.002410
TOTAL	call	direct	0	0	0	0	1	-	void	ptr{pointer},ptr{pointer},i32,i1	ptr{pointer},ptr{pointer},i32,i1	4	0.002410
TOTAL	call	direct	0	0	0	0	1	-	void	ptr{pointer},ptr{pointer},i32,i32,i32,i32,i32,i32,i32	ptr{pointer},ptr{pointer},i32,i32,i32,i32,i32,i32,i32	4	0.002410
TOTAL	call	direct	0	0	0	0	1	-	void	ptr{pointer},ptr{pointer},i32,i32,ptr{pointer},i32,i32,i32,i32	ptr{pointer},ptr{pointer},i32,i32,ptr{pointer},i32,i32,i32,i32	4	0.002410
TOTAL	call	direct	0	0	0	0	1	-	void	ptr{pointer},ptr{pointer},ptr{pointer},i1	ptr{pointer},ptr{pointer},ptr{pointer},i1	4	0.002410
TOTAL	call	direct	0	0	0	0	1	-	void	ptr{pointer},ptr{pointer},ptr{pointer},ptr{pointer},ptr{pointer},i32,ptr{pointer},ptr{pointer},i32,i32	ptr{pointer},ptr{pointer},ptr{pointer},ptr{pointer},ptr{pointer},i32,ptr{pointer},ptr{pointer},i32,i32	4	0.002410
TOTAL	call	direct	0	0	0	0	1	-	void	ptr{pointer},ptr{pointer},ptr{pointer},ptr{pointer},ptr{pointer},ptr{pointer},ptr{pointer},ptr{pointer},ptr{pointer},ptr{pointer},i32,i32	ptr{pointer},ptr{pointer},ptr{pointer},ptr{pointer},ptr{pointer},ptr{pointer},ptr{pointer},ptr{pointer},ptr{pointer},ptr{pointer},i32,i32	4	0.002410
TOTAL	call	direct	0	0	0	0	1	-	void	ptr{pointer,sret},i32,i32,i32	ptr{pointer,sret},i32,i32,i32	4	0.002410
TOTAL	call	direct	0	0	1	0	1	-	i32	ptr{pointer},i32,i32	ptr{pointer},i32,i32	4	0.002410
TOTAL	call	direct	0	1	0	0	1	-	i32	ptr{pointer},ptr{pointer},i32{vararg},i32{vararg},i32{vararg},i32{vararg}	ptr{pointer},ptr{pointer},i32{vararg},i32{vararg},i32{vararg},i32{vararg}	4	0.002410
TOTAL	call	direct	0	1	0	0	1	-	i32	ptr{pointer},ptr{pointer},ptr{pointer,vararg},ptr{pointer,vararg},ptr{pointer,vararg},ptr{pointer,vararg},ptr{pointer,vararg},ptr{pointer,vararg}	ptr{pointer},ptr{pointer},ptr{pointer,vararg},ptr{pointer,vararg},ptr{pointer,vararg},ptr{pointer,vararg},ptr{pointer,vararg},ptr{pointer,vararg}	4	0.002410
TOTAL	call	direct	0	1	0	0	1	-	ptr{pointer}	i32,ptr{pointer},ptr{pointer},i32{vararg},ptr{pointer,vararg}	i32,ptr{pointer},ptr{pointer},i32{vararg},ptr{pointer,vararg}	4	0.002410
TOTAL	call	direct	0	1	0	0	1	-	ptr{pointer}	i32,ptr{pointer},ptr{pointer},i64{vararg}	i32,ptr{pointer},ptr{pointer},i64{vararg}	4	0.002410
TOTAL	call	direct	0	1	0	0	1	-	void	ptr{pointer},i32{vararg},i32{vararg},i64{vararg}	ptr{pointer},i32{vararg},i32{vararg},i64{vararg}	4	0.002410
TOTAL	call	direct	0	1	0	0	1	-	void	ptr{pointer},i64{vararg},i32{vararg}	ptr{pointer},i64{vararg},i32{vararg}	4	0.002410
TOTAL	call	direct	0	1	0	0	1	-	void	ptr{pointer},ptr{pointer,vararg},i64{vararg}	ptr{pointer},ptr{pointer,vararg},i64{vararg}	4	0.002410
TOTAL	call	direct	0	1	0	0	1	-	void	ptr{pointer},ptr{pointer,vararg},ptr{pointer,vararg},ptr{pointer,vararg},i32{vararg}	ptr{pointer},ptr{pointer,vararg},ptr{pointer,vararg},ptr{pointer,vararg},i32{vararg}	4	0.002410
TOTAL	call	direct	0	1	0	0	1	-	void	ptr{pointer},ptr{pointer,vararg},ptr{pointer,vararg},ptr{pointer,vararg},ptr{pointer,vararg}	ptr{pointer},ptr{pointer,vararg},ptr{pointer,vararg},ptr{pointer,vararg},ptr{pointer,vararg}	4	0.002410
TOTAL	call	direct	0	1	0	0	1	-	void	ptr{pointer},ptr{pointer},i32{vararg},ptr{pointer,vararg}	ptr{pointer},ptr{pointer},i32{vararg},ptr{pointer,vararg}	4	0.002410
TOTAL	call	direct	0	1	0	0	1	-	void	ptr{pointer},ptr{pointer},ptr{pointer},i32{vararg},i32{vararg},i32{vararg}	ptr{pointer},ptr{pointer},ptr{pointer},i32{vararg},i32{vararg},i32{vararg}	4	0.002410
TOTAL	call	indirect	0	0	0	0	1	-	float	ptr{pointer},ptr{pointer},i1	ptr{pointer},ptr{pointer},i1	4	0.002410
TOTAL	call	indirect	0	0	0	0	1	-	i32	ptr{pointer},i32,ptr{pointer},ptr{pointer},ptr{pointer}	ptr{pointer},i32,ptr{pointer},ptr{pointer},ptr{pointer}	4	0.002410
TOTAL	call	indirect	0	0	0	0	1	-	i32	ptr{pointer},i64,i64	ptr{pointer},i64,i64	4	0.002410
TOTAL	call	indirect	0	0	0	0	1	-	i32	ptr{pointer},ptr{pointer},ptr{pointer},ptr{pointer},ptr{pointer},ptr{pointer}	ptr{pointer},ptr{pointer},ptr{pointer},ptr{pointer},ptr{pointer},ptr{pointer}	4	0.002410
TOTAL	call	indirect	0	0	0	0	1	-	ptr{pointer}	ptr{pointer},ptr{pointer},ptr{pointer},i32,ptr{pointer},i16,i16,ptr{pointer},ptr{pointer}	ptr{pointer},ptr{pointer},ptr{pointer},i32,ptr{pointer},i16,i16,ptr{pointer},ptr{pointer}	4	0.002410
TOTAL	call	indirect	0	0	0	0	1	-	void	i32,i32	i32,i32	4	0.002410
TOTAL	call	indirect	0	0	0	0	1	-	void	ptr{pointer},float,float	ptr{pointer},float,float	4	0.002410
TOTAL	invoke	direct	0	0	0	0	1	-	i32	ptr{pointer},i32,ptr{pointer},ptr{pointer}	ptr{pointer},i32,ptr{pointer},ptr{pointer}	4	0.002410
TOTAL	invoke	direct	0	0	0	0	1	-	i32	ptr{pointer},ptr{pointer},i32,ptr{pointer}	ptr{pointer},ptr{pointer},i32,ptr{pointer}	4	0.002410
TOTAL	invoke	direct	0	0	0	0	1	-	i32	ptr{pointer},ptr{pointer},i32	ptr{pointer},ptr{pointer},i32	4	0.002410
TOTAL	invoke	direct	0	0	0	0	1	-	i64	-	-	4	0.002410
TOTAL	invoke	direct	0	0	0	0	1	-	i64	ptr{pointer},i32,i32	ptr{pointer},i32,i32	4	0.002410
TOTAL	invoke	direct	0	0	0	0	1	-	i64	ptr{pointer},ptr{pointer}	ptr{pointer},ptr{pointer}	4	0.002410
TOTAL	invoke	direct	0	0	0	0	1	-	ptr{pointer}	ptr{pointer},i32,i32,i32	ptr{pointer},i32,i32,i32	4	0.002410
TOTAL	invoke	direct	0	0	0	0	1	-	ptr{pointer}	ptr{pointer},ptr{pointer},i32	ptr{pointer},ptr{pointer},i32	4	0.002410
TOTAL	invoke	direct	0	0	0	0	1	-	ptr{pointer}	ptr{pointer},ptr{pointer},ptr{pointer}	ptr{pointer},ptr{pointer},ptr{pointer}	4	0.002410
TOTAL	invoke	direct	0	0	0	0	1	-	void	i32,i32,ptr{pointer},ptr{pointer}	i32,i32,ptr{pointer},ptr{pointer}	4	0.002410
TOTAL	invoke	direct	0	0	0	0	1	-	void	i64,ptr{pointer},i32	i64,ptr{pointer},i32	4	0.002410
TOTAL	invoke	direct	0	0	0	0	1	-	void	ptr{pointer},i32,i32,i32	ptr{pointer},i32,i32,i32	4	0.002410
TOTAL	invoke	direct	0	0	0	0	1	-	void	ptr{pointer},ptr{pointer},i1,i32,i32	ptr{pointer},ptr{pointer},i1,i32,i32	4	0.002410
TOTAL	invoke	direct	0	0	0	0	1	-	void	ptr{pointer},ptr{pointer},i1,i32	ptr{pointer},ptr{pointer},i1,i32	4	0.002410
TOTAL	invoke	direct	0	1	0	0	1	-	i32	ptr{pointer},i32{vararg}	ptr{pointer},i32{vararg}	4	0.002410
TOTAL	invoke	indirect	0	0	0	0	1	-	void	ptr{pointer},i32,ptr{pointer}	ptr{pointer},i32,ptr{pointer}	4	0.002410
TOTAL	call	direct	0	0	0	0	1	-	%class.btVector3	ptr{pointer},ptr{pointer},i32	ptr{pointer},ptr{pointer},i32	3	0.001808
TOTAL	call	direct	0	0	0	0	1	-	%class.btVector3	ptr{pointer},ptr{pointer},ptr{pointer},ptr{pointer}	ptr{pointer},ptr{pointer},ptr{pointer},ptr{pointer}	3	0.001808
TOTAL	call	direct	0	0	0	0	1	-	[2 x i64]	float	float	3	0.001808
TOTAL	call	direct	0	0	0	0	1	-	double	ptr{pointer},i32,i32	ptr{pointer},i32,i32	3	0.001808
TOTAL	call	direct	0	0	0	0	1	-	float	-	-	3	0.001808
TOTAL	call	direct	0	0	0	0	1	-	float	i32,i32,ptr{pointer},ptr{pointer},ptr{pointer},ptr{pointer},ptr{pointer},ptr{pointer},i32,i32,i32,i32,i32,ptr{pointer},ptr{pointer},i32,ptr{pointer}	i32,i32,ptr{pointer},ptr{pointer},ptr{pointer},ptr{pointer},ptr{pointer},ptr{pointer},i32,i32,i32,i32,i32,ptr{pointer},ptr{pointer},i32,ptr{pointer}	3	0.001808
TOTAL	call	direct	0	0	0	0	1	-	float	ptr{pointer},i32,i32,ptr{pointer},ptr{pointer},i32	ptr{pointer},i32,i32,ptr{pointer},ptr{pointer},i32	3	0.001808
TOTAL	call	direct	0	0	0	0	1	-	float	ptr{pointer},ptr{pointer},ptr{pointer},ptr{pointer},i32,i32,i32	ptr{pointer},ptr{pointer},ptr{pointer},ptr{pointer},i32,i32,i32	3	0.001808
TOTAL	call	direct	0	0	0	0	1	-	i1	i32,ptr{pointer},i32,ptr{pointer}	i32,ptr{pointer},i32,ptr{pointer}	3	0.001808
TOTAL	call	direct	0	0	0	0	1	-	i1	i32,ptr{pointer}	i32,ptr{pointer}	3	0.001808
TOTAL	call	direct	0	0	0	0	1	-	i1	ptr{pointer},i32,ptr{pointer},ptr{pointer},i32,ptr{pointer}	ptr{pointer},i32,ptr{pointer},ptr{pointer},i32,ptr{pointer}	3	0.001808
TOTAL	call	direct	0	0	0	0	1	-	i1	ptr{pointer},i32,ptr{pointer},ptr{pointer}	ptr{pointer},i32,ptr{pointer},ptr{pointer}	3	0.001808
TOTAL	call	direct	0	0	0	0	1	-	i1	ptr{pointer},ptr{pointer},i32,i32,i32,i32,i1	ptr{pointer},ptr{pointer},i32,i32,i32,i32,i1	3	0.001808
TOTAL	call	direct	0	0	0	0	1	-	i1	ptr{pointer},ptr{pointer},ptr{pointer},ptr{pointer},float	ptr{pointer},ptr{pointer},ptr{pointer},ptr{pointer},float	3	0.001808
TOTAL	call	direct	0	0	0	0	1	-	i32	float	float	3	0.001808
TOTAL	call	direct	0	0	0	0	1	-	i32	i32,i32,i32,i32,i32,ptr{pointer},i32,i32	i32,i32,i32,i32,i32,ptr{pointer},i32,i32	3	0.001808
TOTAL	call	direct	0	0	0	0	1	-	i32	i32,ptr{pointer},ptr{pointer},i32,ptr{pointer}	i32,ptr{pointer},ptr{pointer},i32,ptr{pointer}	3	0.001808
TOTAL	call	direct	0	0	0	0	1	-	i32	i32,ptr{pointer},ptr{pointer},ptr{pointer},ptr{pointer},i32	i32,ptr{pointer},ptr{pointer},ptr{pointer},ptr{pointer},i32	3	0.001808
TOTAL	call	direct	0	0	0	0	1	-	i32	i32,ptr{pointer},ptr{pointer},ptr{pointer}	i32,ptr{pointer},ptr{pointer},ptr{pointer}	3	0.001808
TOTAL	call	direct	0	0	0	0	1	-	i32	i8,ptr{pointer}	i8,ptr{pointer}	3	0.001808
TOTAL	call	direct	0	0	0	0	1	-	i32	ptr{pointer},i16,i32,i32,i32,i32,i16,i16,i16,i16,ptr{pointer},ptr{pointer},ptr{pointer},ptr{pointer},i32,i32,i32	ptr{pointer},i16,i32,i32,i32,i32,i16,i16,i16,i16,ptr{pointer},ptr{pointer},ptr{pointer},ptr{pointer},i32,i32,i32	3	0.001808
TOTAL	call	direct	0	0	0	0	1	-	i32	ptr{pointer},i16,i32,i32,i32,i32,i16,i16,ptr{pointer},ptr{pointer},i32,i32,i32,i32	ptr{pointer},i16,i32,i32,i32,i32,i16,i16,ptr{pointer},ptr{pointer},i32,i32,i32,i32	3	0.001808
TOTAL	call	direct	0	0	0	0	1	-	i32	ptr{pointer},i16	ptr{pointer},i16	3	0.001808
TOTAL	call	direct	0	0	0	0	1	-	i32	ptr{pointer},i32,i32,i32,i32,ptr{pointer}	ptr{pointer},i32,i32,i32,i32,ptr{pointer}	3	0.001808
TOTAL	call	direct	0	0	0	0	1	-	i32	ptr{pointer},i32,i32,i32,ptr{pointer},i32,i32,i32	ptr{pointer},i32,i32,i32,ptr{pointer},i32,i32,i32	3	0.001808
TOTAL	call	direct	0	0	0	0	1	-	i32	ptr{pointer},i32,i32,ptr{pointer},ptr{pointer},i32,ptr{pointer},ptr{pointer}	ptr{pointer},i32,i32,ptr{pointer},ptr{pointer},i32,ptr{pointer},ptr{pointer}	3	0.001808
TOTAL	call	direct	0	0	0	0	1	-	i32	ptr{pointer},i32,ptr{pointer},i32,ptr{pointer}	ptr{pointer},i32,ptr{pointer},i32,ptr{pointer}	3	0.001808
TOTAL	call	direct	0	0	0	0	1	-	i32	ptr{pointer},i32,ptr{pointer},ptr{pointer},i32,i32,i32,ptr{pointer},i32	ptr{pointer},i32,ptr{pointer},ptr{pointer},i32,i32,i32,ptr{pointer},i32	3	0.001808
TOTAL	call	direct	0	0	0	0	1	-	i32	ptr{pointer},i32,ptr{pointer},ptr{pointer},ptr{pointer},ptr{pointer}	ptr{pointer},i32,ptr{pointer},ptr{pointer},ptr{pointer},ptr{pointer}	3	0.001808
TOTAL	call	direct	0	0	0	0	1	-	i32	ptr{pointer},i8,i8	ptr{pointer},i8,i8	3	0.001808
TOTAL	call	direct	0	0	0	0	1	-	i32	ptr{pointer},ptr{pointer},i32,i32,i32,i32,i32	ptr{pointer},ptr{pointer},i32,i32,i32,i32,i32	3	0.001808
TOTAL	call	direct	0	0	0	0	1	-	i32	ptr{pointer},ptr{pointer},i32,ptr{pointer},i32	ptr{pointer},ptr{pointer},i32,ptr{pointer},i32	3	0.001808
TOTAL	call	direct	0	0	0	0	1	-	i32	ptr{pointer},ptr{pointer},i64,i64,ptr{pointer}	ptr{pointer},ptr{pointer},i64,i64,ptr{pointer}	3	0.001808
TOTAL	call	direct	0	0	0	0	1	-	i32	ptr{pointer},ptr{pointer},i64,i64	ptr{pointer},ptr{pointer},i64,i64	3	0.001808
TOTAL	call	direct	0	0	0	0	1	-	i32	ptr{pointer},ptr{pointer},i8,i32,i32	ptr{pointer},ptr{pointer},i8,i32,i32	3	0.001808
TOTAL	call	direct	0	0	0	0	1	-	i32	ptr{pointer},ptr{pointer},i8,i8,ptr{pointer}	ptr{pointer},ptr{pointer},i8,i8,ptr{pointer}	3	0.001808
TOTAL	call	direct	0	0	0	0	1	-	i32	ptr{pointer},ptr{pointer},ptr{pointer},i16,ptr{pointer},i16	ptr{pointer},ptr{pointer},ptr{pointer},i16,ptr{pointer},i16	3	0.001808
TOTAL	call	direct	0	0	0	0	1	-	i32	ptr{pointer},ptr{pointer},ptr{pointer},i32,i16,i16,i16,i32,i32,ptr{pointer},i8	ptr{pointer},ptr{pointer},ptr{pointer},i32,i16,i16,i16,i32,i32,ptr{pointer},i8	3	0.001808
TOTAL	call	direct	0	0	0	0	1	-	i32	ptr{pointer},ptr{pointer},ptr{pointer},i64,i32	ptr{pointer},ptr{pointer},ptr{pointer},i64,i32	3	0.001808
TOTAL	call	direct	0	0	0	0	1	-	i32	ptr{pointer},ptr{pointer},ptr{pointer},i64,ptr{pointer},i32,i32,ptr{pointer}	ptr{pointer},ptr{pointer},ptr{pointer},i64,ptr{pointer},i32,i32,ptr{pointer}	3	0.001808
TOTAL	call	direct	0	0	0	0	1	-	i64	double	double	3	0.001808
TOTAL	call	direct	0	0	0	0	1	-	i64	i32,ptr{pointer},i64,i32	i32,ptr{pointer},i64,i32	3	0.001808
TOTAL	call	direct	0	0	0	0	1	-	i64	ptr{pointer},i64,i32,ptr{pointer},i32	ptr{pointer},i64,i32,ptr{pointer},i32	3	0.001808
TOTAL	call	direct	0	0	0	0	1	-	i64	ptr{pointer},ptr{pointer},i32	ptr{pointer},ptr{pointer},i32	3	0.001808
TOTAL	call	direct	0	0	0	0	1	-	ptr{pointer}	i32,i32,i32,i32,i32,i64,ptr{pointer},ptr{pointer}	i32,i32,i32,i32,i32,i64,ptr{pointer},ptr{pointer}	3	0.001808
TOTAL	call	direct	0	0	0	0	1	-	ptr{pointer}	i32,i32,i32,i32,ptr{pointer},ptr{pointer}	i32,i32,i32,i32,ptr{pointer},ptr{pointer}	3	0.001808
TOTAL	call	direct	0	0	0	0	1	-	ptr{pointer}	ptr{pointer},i32,i32,i1	ptr{pointer},i32,i32,i1	3	0.001808
TOTAL	call	direct	0	0	0	0	1	-	ptr{pointer}	ptr{pointer},i32,ptr{pointer},ptr{pointer},i64	ptr{pointer},i32,ptr{pointer},ptr{pointer},i64	3	0.001808
TOTAL	call	direct	0	0	0	0	1	-	ptr{pointer}	ptr{pointer},i32,ptr{pointer},ptr{pointer},ptr{pointer},ptr{pointer}	ptr{pointer},i32,ptr{pointer},ptr{pointer},ptr{pointer},ptr{pointer}	3	0.001808
TOTAL	call	direct	0	0	0	0	1	-	ptr{pointer}	ptr{pointer},i64,i64	ptr{pointer},i64,i64	3	0.001808
TOTAL	call	direct	0	0	0	0	1	-	ptr{pointer}	ptr{pointer},ptr{pointer},i32,i32,ptr{pointer},ptr{pointer},ptr{pointer},ptr{pointer},ptr{pointer},ptr{pointer},ptr{pointer},ptr{pointer}	ptr{pointer},ptr{pointer},i32,i32,ptr{pointer},ptr{pointer},ptr{pointer},ptr{pointer},ptr{pointer},ptr{pointer},ptr{pointer},ptr{pointer}	3	0.001808
TOTAL	call	direct	0	0	0	0	1	-	ptr{pointer}	ptr{pointer},ptr{pointer},i32,i32,ptr{pointer},ptr{pointer},ptr{pointer}	ptr{pointer},ptr{pointer},i32,i32,ptr{pointer},ptr{pointer},ptr{pointer}	3	0.001808
TOTAL	call	direct	0	0	0	0	1	-	ptr{pointer}	ptr{pointer},ptr{pointer},ptr{pointer},i32,ptr{pointer},i32,ptr{pointer},ptr{pointer},ptr{pointer}	ptr{pointer},ptr{pointer},ptr{pointer},i32,ptr{pointer},i32,ptr{pointer},ptr{pointer},ptr{pointer}	3	0.001808
TOTAL	call	direct	0	0	0	0	1	-	void	i32,i32,i32,i32,i32,i32,i32	i32,i32,i32,i32,i32,i32,i32	3	0.001808
TOTAL	call	direct	0	0	0	0	1	-	void	i32,ptr{pointer},ptr{pointer},ptr{pointer}	i32,ptr{pointer},ptr{pointer},ptr{pointer}	3	0.001808
TOTAL	call	direct	0	0	0	0	1	-	void	ptr{pointer},i32,[2 x i64],ptr{pointer}	ptr{pointer},i32,i64{consecutive},i64{consecutive,consecutive-last},ptr{pointer}	3	0.001808
TOTAL	call	direct	0	0	0	0	1	-	void	ptr{pointer},i32,i16	ptr{pointer},i32,i16	3	0.001808
TOTAL	call	direct	0	0	0	0	1	-	void	ptr{pointer},i32,i32,i32,i32,ptr{pointer}	ptr{pointer},i32,i32,i32,i32,ptr{pointer}	3	0.001808
TOTAL	call	direct	0	0	0	0	1	-	void	ptr{pointer},i32,ptr{pointer},i32,ptr{pointer},ptr{pointer}	ptr{pointer},i32,ptr{pointer},i32,ptr{pointer},ptr{pointer}	3	0.001808
TOTAL	call	direct	0	0	0	0	1	-	void	ptr{pointer},ptr{pointer},double	ptr{pointer},ptr{pointer},double	3	0.001808
TOTAL	call	direct	0	0	0	0	1	-	void	ptr{pointer},ptr{pointer},i32,i32,i32,ptr{pointer}	ptr{pointer},ptr{pointer},i32,i32,i32,ptr{pointer}	3	0.001808
TOTAL	call	direct	0	0	0	0	1	-	void	ptr{pointer},ptr{pointer},i32,i32,ptr{pointer}	ptr{pointer},ptr{pointer},i32,i32,ptr{pointer}	3	0.001808
TOTAL	call	direct	0	0	0	0	1	-	void	ptr{pointer},ptr{pointer},i32,ptr{pointer},i32,ptr{pointer},ptr{pointer}	ptr{pointer},ptr{pointer},i32,ptr{pointer},i32,ptr{pointer},ptr{pointer}	3	0.001808
TOTAL	call	direct	0	0	0	0	1	-	void	ptr{pointer},ptr{pointer},i32,ptr{pointer},ptr{pointer},i32	ptr{pointer},ptr{pointer},i32,ptr{pointer},ptr{pointer},i32	3	0.001808
TOTAL	call	direct	0	0	0	0	1	-	void	ptr{pointer},ptr{pointer},i32,ptr{pointer},ptr{pointer},ptr{pointer}	ptr{pointer},ptr{pointer},i32,ptr{pointer},ptr{pointer},ptr{pointer}	3	0.001808
TOTAL	call	direct	0	0	0	0	1	-	void	ptr{pointer},ptr{pointer},i64,ptr{pointer},i32	ptr{pointer},ptr{pointer},i64,ptr{pointer},i32	3	0.001808
TOTAL	call	direct	0	0	0	0	1	-	void	ptr{pointer},ptr{pointer},i64,ptr{pointer}	ptr{pointer},ptr{pointer},i64,ptr{pointer}	3	0.001808
TOTAL	call	direct	0	0	0	0	1	-	void	ptr{pointer},ptr{pointer},ptr{pointer},ptr{pointer},float,ptr{pointer},ptr{pointer}	ptr{pointer},ptr{pointer},ptr{pointer},ptr{pointer},float,ptr{pointer},ptr{pointer}	3	0.001808
TOTAL	call	direct	0	0	0	0	1	-	void	ptr{pointer},ptr{pointer},ptr{pointer},ptr{pointer},i16,i16,ptr{pointer}	ptr{pointer},ptr{pointer},ptr{pointer},ptr{pointer},i16,i16,ptr{pointer}	3	0.001808
TOTAL	call	direct	0	0	0	0	1	-	void	ptr{pointer},ptr{pointer},ptr{pointer},ptr{pointer},i32,i32,i32,i32	ptr{pointer},ptr{pointer},ptr{pointer},ptr{pointer},i32,i32,i32,i32	3	0.001808
TOTAL	call	direct	0	0	0	0	1	-	void	ptr{pointer},ptr{pointer},ptr{pointer},ptr{pointer},ptr{pointer},i32,i32	ptr{pointer},ptr{pointer},ptr{pointer},ptr{pointer},ptr{pointer},i32,i32	3	0.001808
TOTAL	call	direct	0	0	0	0	1	-	void	ptr{pointer,sret},float,ptr{pointer},ptr{pointer}	ptr{pointer,sret},float,ptr{pointer},ptr{pointer}	3	0.001808
TOTAL	call	direct	0	0	0	0	1	-	void	ptr{pointer,sret},float	ptr{pointer,sret},float	3	0.001808
TOTAL	call	direct	0	0	0	0	1	-	void	ptr{pointer,sret},ptr{pointer},ptr{pointer},i32,i32,i32,i32,ptr{pointer}	ptr{pointer,sret},ptr{pointer},ptr{pointer},i32,i32,i32,i32,ptr{pointer}	3	0.001808
TOTAL	call	direct	0	0	0	0	1	-	void	ptr{pointer,sret},ptr{pointer},ptr{pointer},ptr{pointer},ptr{pointer}	ptr{pointer,sret},ptr{pointer},ptr{pointer},ptr{pointer},ptr{pointer}	3	0.001808
TOTAL	call	direct	0	0	1	0	1	-	i32	ptr{pointer},i32,ptr{pointer}	ptr{pointer},i32,ptr{pointer}	3	0.001808
TOTAL	call	direct	0	0	1	0	1	-	i32	ptr{pointer},i64,ptr{pointer}	ptr{pointer},i64,ptr{pointer}	3	0.001808
TOTAL	call	direct	0	1	0	0	1	-	i32	ptr{pointer},i32{vararg},ptr{pointer,vararg}	ptr{pointer},i32{vararg},ptr{pointer,vararg}	3	0.001808
TOTAL	call	direct	0	1	0	0	1	-	i32	ptr{pointer},i64,ptr{pointer},i64{vararg}	ptr{pointer},i64,ptr{pointer},i64{vararg}	3	0.001808
TOTAL	call	direct	0	1	0	0	1	-	i32	ptr{pointer},ptr{pointer},i32{vararg},double{vararg}	ptr{pointer},ptr{pointer},i32{vararg},double{vararg}	3	0.001808
TOTAL	call	direct	0	1	0	0	1	-	i32	ptr{pointer},ptr{pointer},i32{vararg},i32{vararg},i32{vararg},double{vararg}	ptr{pointer},ptr{pointer},i32{vararg},i32{vararg},i32{vararg},double{vararg}	3	0.001808
TOTAL	call	direct	0	1	0	0	1	-	i32	ptr{pointer},ptr{pointer},i32{vararg},i32{vararg},ptr{pointer,vararg},ptr{pointer,vararg}	ptr{pointer},ptr{pointer},i32{vararg},i32{vararg},ptr{pointer,vararg},ptr{pointer,vararg}	3	0.001808
TOTAL	call	direct	0	1	0	0	1	-	i32	ptr{pointer},ptr{pointer},ptr{pointer,vararg},i32{vararg},i32{vararg},i32{vararg}	ptr{pointer},ptr{pointer},ptr{pointer,vararg},i32{vararg},i32{vararg},i32{vararg}	3	0.001808
TOTAL	call	direct	0	1	0	0	1	-	ptr{pointer}	i32,i32,ptr{pointer},i32,ptr{pointer},i32{vararg},i32{vararg}	i32,i32,ptr{pointer},i32,ptr{pointer},i32{vararg},i32{vararg}	3	0.001808
TOTAL	call	direct	0	1	0	0	1	-	ptr{pointer}	i32,i32,ptr{pointer},i32,ptr{pointer},ptr{pointer,vararg},double{vararg}	i32,i32,ptr{pointer},i32,ptr{pointer},ptr{pointer,vararg},double{vararg}	3	0.001808
TOTAL	call	direct	0	1	0	0	1	-	ptr{pointer}	i32,i32,ptr{pointer},i32,ptr{pointer},ptr{pointer,vararg},i32{vararg},i32{vararg}	i32,i32,ptr{pointer},i32,ptr{pointer},ptr{pointer,vararg},i32{vararg},i32{vararg}	3	0.001808
TOTAL	call	direct	0	1	0	0	1	-	ptr{pointer}	i32,i32,ptr{pointer},i32,ptr{pointer},ptr{pointer,vararg},ptr{pointer,vararg},ptr{pointer,vararg},ptr{pointer,vararg},ptr{pointer,vararg}	i32,i32,ptr{pointer},i32,ptr{pointer},ptr{pointer,vararg},ptr{pointer,vararg},ptr{pointer,vararg},ptr{pointer,vararg},ptr{pointer,vararg}	3	0.001808
TOTAL	call	direct	0	1	0	0	1	-	ptr{pointer}	ptr{pointer},ptr{pointer,vararg}	ptr{pointer},ptr{pointer,vararg}	3	0.001808
TOTAL	call	direct	0	1	0	0	1	-	void	ptr{pointer},i32,ptr{pointer},ptr{pointer,vararg}	ptr{pointer},i32,ptr{pointer},ptr{pointer,vararg}	3	0.001808
TOTAL	call	direct	0	1	0	0	1	-	void	ptr{pointer},i32{vararg},i32{vararg},i32{vararg},i32{vararg},i32{vararg}	ptr{pointer},i32{vararg},i32{vararg},i32{vararg},i32{vararg},i32{vararg}	3	0.001808
TOTAL	call	direct	0	1	0	0	1	-	void	ptr{pointer},ptr{pointer,vararg},i32{vararg},ptr{pointer,vararg},ptr{pointer,vararg}	ptr{pointer},ptr{pointer,vararg},i32{vararg},ptr{pointer,vararg},ptr{pointer,vararg}	3	0.001808
TOTAL	call	direct	0	1	0	0	1	-	void	ptr{pointer},ptr{pointer,vararg},i32{vararg},ptr{pointer,vararg}	ptr{pointer},ptr{pointer,vararg},i32{vararg},ptr{pointer,vararg}	3	0.001808
TOTAL	call	direct	0	1	0	0	1	-	void	ptr{pointer},ptr{pointer,vararg},ptr{pointer,vararg},ptr{pointer,vararg}	ptr{pointer},ptr{pointer,vararg},ptr{pointer,vararg},ptr{pointer,vararg}	3	0.001808
TOTAL	call	direct	0	1	0	0	1	-	void	ptr{pointer},ptr{pointer},ptr{pointer,vararg},i32{vararg}	ptr{pointer},ptr{pointer},ptr{pointer,vararg},i32{vararg}	3	0.001808
TOTAL	call	indirect	0	0	0	0	1	-	float	float,float	float,float	3	0.001808
TOTAL	call	indirect	0	0	0	0	1	-	float	ptr{pointer},ptr{pointer},i32,ptr{pointer},i32,ptr{pointer},i32,ptr{pointer},ptr{pointer},ptr{pointer},ptr{pointer}	ptr{pointer},ptr{pointer},i32,ptr{pointer},i32,ptr{pointer},i32,ptr{pointer},ptr{pointer},ptr{pointer},ptr{pointer}	3	0.001808
TOTAL	call	indirect	0	0	0	0	1	-	float	ptr{pointer},ptr{pointer}	ptr{pointer},ptr{pointer}	3	0.001808
TOTAL	call	indirect	0	0	0	0	1	-	i32	ptr{pointer},i32,ptr{pointer},i32	ptr{pointer},i32,ptr{pointer},i32	3	0.001808
TOTAL	call	indirect	0	0	0	0	1	-	i32	ptr{pointer},i32,ptr{pointer},ptr{pointer},i32,i32,i32	ptr{pointer},i32,ptr{pointer},ptr{pointer},i32,i32,i32	3	0.001808
TOTAL	call	indirect	0	0	0	0	1	-	i32	ptr{pointer},i32,ptr{pointer}	ptr{pointer},i32,ptr{pointer}	3	0.001808
TOTAL	call	indirect	0	0	0	0	1	-	i32	ptr{pointer},ptr{pointer},i1	ptr{pointer},ptr{pointer},i1	3	0.001808
TOTAL	call	indirect	0	0	0	0	1	-	ptr{pointer}	ptr{pointer},ptr{pointer},i32	ptr{pointer},ptr{pointer},i32	3	0.001808
TOTAL	call	indirect	0	0	0	0	1	-	void	float,float	float,float	3	0.001808
TOTAL	call	indirect	0	0	0	0	1	-	void	i32,ptr{pointer},ptr{pointer}	i32,ptr{pointer},ptr{pointer}	3	0.001808
TOTAL	call	indirect	0	0	0	0	1	-	void	i32	i32	3	0.001808
TOTAL	call	indirect	0	0	0	0	1	-	void	ptr{pointer},i32,ptr{pointer},ptr{pointer},ptr{pointer}	ptr{pointer},i32,ptr{pointer},ptr{pointer},ptr{pointer}	3	0.001808
TOTAL	call	indirect	0	0	0	0	1	-	void	ptr{pointer},i8	ptr{pointer},i8	3	0.001808
TOTAL	call	indirect	0	0	0	0	1	-	void	ptr{pointer},ptr{pointer},i16,i16	ptr{pointer},ptr{pointer},i16,i16	3	0.001808
TOTAL	call	indirect	0	0	0	0	1	-	void	ptr{pointer},ptr{pointer},i32	ptr{pointer},ptr{pointer},i32	3	0.001808
TOTAL	invoke	direct	0	0	0	0	1	-	%class.btQuaternion	ptr{pointer}	ptr{pointer}	3	0.001808
TOTAL	invoke	direct	0	0	0	0	1	-	%class.btVector3	ptr{pointer},ptr{pointer},float	ptr{pointer},ptr{pointer},float	3	0.001808
TOTAL	invoke	direct	0	0	0	0	1	-	i1	-	-	3	0.001808
TOTAL	invoke	direct	0	0	0	0	1	-	i1	i8,i8	i8,i8	3	0.001808
TOTAL	invoke	direct	0	0	0	0	1	-	i1	i8	i8	3	0.001808
TOTAL	invoke	direct	0	0	0	0	1	-	i1	ptr{pointer},i1,ptr{pointer},i1	ptr{pointer},i1,ptr{pointer},i1	3	0.001808
TOTAL	invoke	direct	0	0	0	0	1	-	i1	ptr{pointer},i64	ptr{pointer},i64	3	0.001808
TOTAL	invoke	direct	0	0	0	0	1	-	i1	ptr{pointer},ptr{pointer},i32	ptr{pointer},ptr{pointer},i32	3	0.001808
TOTAL	invoke	direct	0	0	0	0	1	-	i32	i64,ptr{pointer},ptr{pointer},i1	i64,ptr{pointer},ptr{pointer},i1	3	0.001808
TOTAL	invoke	direct	0	0	0	0	1	-	i32	ptr{pointer},i32,i1,i32,ptr{pointer},ptr{pointer}	ptr{pointer},i32,i1,i32,ptr{pointer},ptr{pointer}	3	0.001808
TOTAL	invoke	direct	0	0	0	0	1	-	i32	ptr{pointer},i32,i32,ptr{pointer},ptr{pointer},ptr{pointer},ptr{pointer},i1,ptr{pointer},ptr{pointer},ptr{pointer}	ptr{pointer},i32,i32,ptr{pointer},ptr{pointer},ptr{pointer},ptr{pointer},i1,ptr{pointer},ptr{pointer},ptr{pointer}	3	0.001808
TOTAL	invoke	direct	0	0	0	0	1	-	i32	ptr{pointer},i32,i32,ptr{pointer},ptr{pointer}	ptr{pointer},i32,i32,ptr{pointer},ptr{pointer}	3	0.001808
TOTAL	invoke	direct	0	0	0	0	1	-	i32	ptr{pointer},i64,ptr{pointer}	ptr{pointer},i64,ptr{pointer}	3	0.001808
TOTAL	invoke	direct	0	0	0	0	1	-	i32	ptr{pointer},ptr{pointer},i64,ptr{pointer},ptr{pointer},ptr{pointer},ptr{pointer},ptr{pointer},ptr{pointer},i1,i32	ptr{pointer},ptr{pointer},i64,ptr{pointer},ptr{pointer},ptr{pointer},ptr{pointer},ptr{pointer},ptr{pointer},i1,i32	3	0.001808
TOTAL	invoke	direct	0	0	0	0	1	-	i32	ptr{pointer},ptr{pointer},ptr{pointer},i32	ptr{pointer},ptr{pointer},ptr{pointer},i32	3	0.001808
TOTAL	invoke	direct	0	0	0	0	1	-	ptr{pointer}	i64,ptr{pointer}	i64,ptr{pointer}	3	0.001808
TOTAL	invoke	direct	0	0	0	0	1	-	void	ptr{pointer},float,ptr{pointer}	ptr{pointer},float,ptr{pointer}	3	0.001808
TOTAL	invoke	direct	0	0	0	0	1	-	void	ptr{pointer},i1,i8,ptr{pointer}	ptr{pointer},i1,i8,ptr{pointer}	3	0.001808
TOTAL	invoke	direct	0	0	0	0	1	-	void	ptr{pointer},i32,i1	ptr{pointer},i32,i1	3	0.001808
TOTAL	invoke	direct	0	0	0	0	1	-	void	ptr{pointer},ptr{pointer},i32,i32	ptr{pointer},ptr{pointer},i32,i32	3	0.001808
TOTAL	invoke	direct	0	0	0	0	1	-	void	ptr{pointer,sret},ptr{pointer},i32,i1	ptr{pointer,sret},ptr{pointer},i32,i1	3	0.001808
TOTAL	invoke	direct	0	0	0	0	1	-	void	ptr{pointer,sret},ptr{pointer},i64,ptr{pointer},i64,ptr{pointer}	ptr{pointer,sret},ptr{pointer},i64,ptr{pointer},i64,ptr{pointer}	3	0.001808
TOTAL	invoke	indirect	0	0	0	0	1	-	i32	ptr{pointer},ptr{pointer},ptr{pointer},ptr{pointer}	ptr{pointer},ptr{pointer},ptr{pointer},ptr{pointer}	3	0.001808
TOTAL	invoke	indirect	0	0	0	0	1	-	ptr{pointer}	ptr{pointer},i32	ptr{pointer},i32	3	0.001808
TOTAL	invoke	indirect	0	0	0	0	1	-	void	ptr{pointer},i32,ptr{pointer},ptr{pointer}	ptr{pointer},i32,ptr{pointer},ptr{pointer}	3	0.001808
TOTAL	invoke	indirect	0	0	0	0	1	-	void	ptr{pointer},ptr{pointer},ptr{pointer},ptr{pointer},ptr{pointer}	ptr{pointer},ptr{pointer},ptr{pointer},ptr{pointer},ptr{pointer}	3	0.001808
TOTAL	invoke	indirect	0	0	0	0	1	-	void	ptr{pointer,sret},ptr{pointer},i32	ptr{pointer,sret},ptr{pointer},i32	3	0.001808
TOTAL	call	direct	0	0	0	0	1	-	%class.btVector3	ptr{pointer},float,float	ptr{pointer},float,float	2	0.001205
TOTAL	call	direct	0	0	0	0	1	-	%class.btVector3	ptr{pointer},float	ptr{pointer},float	2	0.001205
TOTAL	call	direct	0	0	0	0	1	-	%class.btVector3	ptr{pointer},ptr{pointer},i32,ptr{pointer}	ptr{pointer},ptr{pointer},i32,ptr{pointer}	2	0.001205
TOTAL	call	direct	0	0	0	0	1	-	double	double,i32	double,i32	2	0.001205
TOTAL	call	direct	0	0	0	0	1	-	double	double,i64	double,i64	2	0.001205
TOTAL	call	direct	0	0	0	0	1	-	float	float,float,float,ptr{pointer}	float,float,float,ptr{pointer}	2	0.001205
TOTAL	call	direct	0	0	0	0	1	-	float	i32,i32,ptr{pointer},ptr{pointer},ptr{pointer},ptr{pointer},i32,i32,i32,i32	i32,i32,ptr{pointer},ptr{pointer},ptr{pointer},ptr{pointer},i32,i32,i32,i32	2	0.001205
TOTAL	call	direct	0	0	0	0	1	-	float	i32,i32,ptr{pointer},ptr{pointer},ptr{pointer},ptr{pointer},ptr{pointer},ptr{pointer},i32,i32,i32,i32,i32,ptr{pointer},ptr{pointer},i32,ptr{pointer},ptr{pointer}	i32,i32,ptr{pointer},ptr{pointer},ptr{pointer},ptr{pointer},ptr{pointer},ptr{pointer},i32,i32,i32,i32,i32,ptr{pointer},ptr{pointer},i32,ptr{pointer},ptr{pointer}	2	0.001205
TOTAL	call	direct	0	0	0	0	1	-	float	ptr{pointer},ptr{pointer},float,float	ptr{pointer},ptr{pointer},float,float	2	0.001205
TOTAL	call	direct	0	0	0	0	1	-	float	ptr{pointer},ptr{pointer},i1	ptr{pointer},ptr{pointer},i1	2	0.001205
TOTAL	call	direct	0	0	0	0	1	-	float	ptr{pointer},ptr{pointer},ptr{pointer},ptr{pointer},ptr{pointer},ptr{pointer},float	ptr{pointer},ptr{pointer},ptr{pointer},ptr{pointer},ptr{pointer},ptr{pointer},float	2	0.001205
TOTAL	call	direct	0	0	0	0	1	-	i16	ptr{pointer},ptr{pointer},ptr{pointer},ptr{pointer},i32,i32,i16,ptr{pointer},ptr{pointer},ptr{pointer}	ptr{pointer},ptr{pointer},ptr{pointer},ptr{pointer},i32,i32,i16,ptr{pointer},ptr{pointer},ptr{pointer}	2	0.001205
TOTAL	call	direct	0	0	0	0	1	-	i1	ptr{pointer},ptr{pointer},float	ptr{pointer},ptr{pointer},float	2	0.001205
TOTAL	call	direct	0	0	0	0	1	-	i1	ptr{pointer},ptr{pointer},i1,i1	ptr{pointer},ptr{pointer},i1,i1	2	0.001205
TOTAL	call	direct	0	0	0	0	1	-	i1	ptr{pointer},ptr{pointer},i1,ptr{pointer}	ptr{pointer},ptr{pointer},i1,ptr{pointer}	2	0.001205
TOTAL	call	direct	0	0	0	0	1	-	i1	ptr{pointer},ptr{pointer},i32,i32	ptr{pointer},ptr{pointer},i32,i32	2	0.001205
TOTAL	call	direct	0	0	0	0	1	-	i1	ptr{pointer},ptr{pointer},ptr{pointer},i1	ptr{pointer},ptr{pointer},ptr{pointer},i1	2	0.001205
TOTAL	call	direct	0	0	0	0	1	-	i1	ptr{pointer},ptr{pointer},ptr{pointer},i32,i32,i1	ptr{pointer},ptr{pointer},ptr{pointer},i32,i32,i1	2	0.001205
TOTAL	call	direct	0	0	0	0	1	-	i1	ptr{pointer},ptr{pointer},ptr{pointer},ptr{pointer},ptr{pointer},float,float	ptr{pointer},ptr{pointer},ptr{pointer},ptr{pointer},ptr{pointer},float,float	2	0.001205
TOTAL	call	direct	0	0	0	0	1	-	i1	ptr{pointer},ptr{pointer},ptr{pointer},ptr{pointer},ptr{pointer},ptr{pointer},i1	ptr{pointer},ptr{pointer},ptr{pointer},ptr{pointer},ptr{pointer},ptr{pointer},i1	2	0.001205
TOTAL	call	direct	0	0	0	0	1	-	i32	double,i32,ptr{pointer},ptr{pointer},i32	double,i32,ptr{pointer},ptr{pointer},i32	2	0.001205
TOTAL	call	direct	0	0	0	0	1	-	i32	i16,ptr{pointer}	i16,ptr{pointer}	2	0.001205
TOTAL	call	direct	0	0	0	0	1	-	i32	i32,double,ptr{pointer}	i32,double,ptr{pointer}	2	0.001205
TOTAL	call	direct	0	0	0	0	1	-	i32	i32,i32,i16,i16,i32	i32,i32,i16,i16,i32	2	0.001205
TOTAL	call	direct	0	0	0	0	1	-	i32	i32,i64	i32,i64	2	0.001205
TOTAL	call	direct	0	0	0	0	1	-	i32	i32,ptr{pointer},i16,i8,ptr{pointer}	i32,ptr{pointer},i16,i8,ptr{pointer}	2	0.001205
TOTAL	call	direct	0	0	0	0	1	-	i32	i32,ptr{pointer},i32,i32,i16,i8,ptr{pointer},ptr{pointer},ptr{pointer}	i32,ptr{pointer},i32,i32,i16,i8,ptr{pointer},ptr{pointer},ptr{pointer}	2	0.001205
TOTAL	call	direct	0	0	0	0	1	-	i32	i32,ptr{pointer},i32,i32	i32,ptr{pointer},i32,i32	2	0.001205
TOTAL	call	direct	0	0	0	0	1	-	i32	i32,ptr{pointer},i32,i8	i32,ptr{pointer},i32,i8	2	0.001205
TOTAL	call	direct	0	0	0	0	1	-	i32	i32,ptr{pointer},i64,ptr{pointer},i32,ptr{pointer}	i32,ptr{pointer},i64,ptr{pointer},i32,ptr{pointer}	2	0.001205
TOTAL	call	direct	0	0	0	0	1	-	i32	i32,ptr{pointer},ptr{pointer},i64	i32,ptr{pointer},ptr{pointer},i64	2	0.001205
TOTAL	call	direct	0	0	0	0	1	-	i32	i32,ptr{pointer},ptr{pointer},ptr{pointer},ptr{pointer},ptr{pointer},i32	i32,ptr{pointer},ptr{pointer},ptr{pointer},ptr{pointer},ptr{pointer},i32	2	0.001205
TOTAL	call	direct	0	0	0	0	1	-	i32	i64,ptr{pointer}	i64,ptr{pointer}	2	0.001205
TOTAL	call	direct	0	0	0	0	1	-	i32	i8,i8	i8,i8	2	0.001205
TOTAL	call	direct	0	0	0	0	1	-	i32	ptr{pointer},i16,i32,i32,i32,i32,i16,i16,ptr{pointer},ptr{pointer},i32,i32,i32,ptr{pointer}	ptr{pointer},i16,i32,i32,i32,i32,i16,i16,ptr{pointer},ptr{pointer},i32,i32,i32,ptr{pointer}	2	0.001205
TOTAL	call	direct	0	0	0	0	1	-	i32	ptr{pointer},i16,i32,i32,i32,i32,i16,i16,ptr{pointer},ptr{pointer},ptr{pointer},ptr{pointer},i32,i32,i32,ptr{pointer}	ptr{pointer},i16,i32,i32,i32,i32,i16,i16,ptr{pointer},ptr{pointer},ptr{pointer},ptr{pointer},i32,i32,i32,ptr{pointer}	2	0.001205
TOTAL	call	direct	0	0	0	0	1	-	i32	ptr{pointer},i16,i32,i32,i32,i32,ptr{pointer},ptr{pointer},ptr{pointer},ptr{pointer},i32,i32,i32,ptr{pointer}	ptr{pointer},i16,i32,i32,i32,i32,ptr{pointer},ptr{pointer},ptr{pointer},ptr{pointer},i32,i32,i32,ptr{pointer}	2	0.001205
TOTAL	call	direct	0	0	0	0	1	-	i32	ptr{pointer},i16,ptr{pointer}	ptr{pointer},i16,ptr{pointer}	2	0.001205
TOTAL	call	direct	0	0	0	0	1	-	i32	ptr{pointer},i32,i32,i32,i32,i32,ptr{pointer},i32	ptr{pointer},i32,i32,i32,i32,i32,ptr{pointer},i32	2	0.001205
TOTAL	call	direct	0	0	0	0	1	-	i32	ptr{pointer},i32,i32,ptr{pointer},i32,ptr{pointer},ptr{pointer},i32,ptr{pointer}	ptr{pointer},i32,i32,ptr{pointer},i32,ptr{pointer},ptr{pointer},i32,ptr{pointer}	2	0.001205
TOTAL	call	direct	0	0	0	0	1	-	i32	ptr{pointer},i32,ptr{pointer},i32,ptr{pointer},ptr{pointer},ptr{pointer},ptr{pointer}	ptr{pointer},i32,ptr{pointer},i32,ptr{pointer},ptr{pointer},ptr{pointer},ptr{pointer}	2	0.001205
TOTAL	call	direct	0	0	0	0	1	-	i32	ptr{pointer},i32,ptr{pointer},ptr{pointer},ptr{pointer},ptr{pointer},i32	ptr{pointer},i32,ptr{pointer},ptr{pointer},ptr{pointer},ptr{pointer},i32	2	0.001205
TOTAL	call	direct	0	0	0	0	1	-	i32	ptr{pointer},i64,i32,ptr{pointer}	ptr{pointer},i64,i32,ptr{pointer}	2	0.001205
TOTAL	call	direct	0	0	0	0	1	-	i32	ptr{pointer},i64,i64,i32,ptr{pointer}	ptr{pointer},i64,i64,i32,ptr{pointer}	2	0.001205
TOTAL	call	direct	0	0	0	0	1	-	i32	ptr{pointer},i64,i64	ptr{pointer},i64,i64	2	0.001205
TOTAL	call	direct	0	0	0	0	1	-	i32	ptr{pointer},i64,ptr{pointer},i32	ptr{pointer},i64,ptr{pointer},i32	2	0.001205
TOTAL	call	direct	0	0	0	0	1	-	i32	ptr{pointer},ptr{pointer},i1,i1	ptr{pointer},ptr{pointer},i1,i1	2	0.001205
TOTAL	call	direct	0	0	0	0	1	-	i32	ptr{pointer},ptr{pointer},i32,i32,ptr{pointer},i32,i32,i32,i32	ptr{pointer},ptr{pointer},i32,i32,ptr{pointer},i32,i32,i32,i32	2	0.001205
TOTAL	call	direct	0	0	0	0	1	-	i32	ptr{pointer},ptr{pointer},i32,ptr{pointer},i1	ptr{pointer},ptr{pointer},i32,ptr{pointer},i1	2	0.001205
TOTAL	call	direct	0	0	0	0	1	-	i32	ptr{pointer},ptr{pointer},i32,ptr{pointer},ptr{pointer},i32,i32,ptr{pointer}	ptr{pointer},ptr{pointer},i32,ptr{pointer},ptr{pointer},i32,i32,ptr{pointer}	2	0.001205
TOTAL	call	direct	0	0	0	0	1	-	i32	ptr{pointer},ptr{pointer},i64,i32,ptr{pointer},ptr{pointer}	ptr{pointer},ptr{pointer},i64,i32,ptr{pointer},ptr{pointer}	2	0.001205
TOTAL	call	direct	0	0	0	0	1	-	i32	ptr{pointer},ptr{pointer},i64,ptr{pointer},i32,i32,i32	ptr{pointer},ptr{pointer},i64,ptr{pointer},i32,i32,i32	2	0.001205
TOTAL	call	direct	0	0	0	0	1	-	i32	ptr{pointer},ptr{pointer},i8,ptr{pointer},ptr{pointer}	ptr{pointer},ptr{pointer},i8,ptr{pointer},ptr{pointer}	2	0.001205
TOTAL	call	direct	0	0	0	0	1	-	i32	ptr{pointer},ptr{pointer},i8	ptr{pointer},ptr{pointer},i8	2	0.001205
TOTAL	call	direct	0	0	0	0	1	-	i32	ptr{pointer},ptr{pointer},ptr{pointer},float	ptr{pointer},ptr{pointer},ptr{pointer},float	2	0.001205
TOTAL	call	direct	0	0	0	0	1	-	i32	ptr{pointer},ptr{pointer},ptr{pointer},i32,i32,ptr{pointer}	ptr{pointer},ptr{pointer},ptr{pointer},i32,i32,ptr{pointer}	2	0.001205
TOTAL	call	direct	0	0	0	0	1	-	i32	ptr{pointer},ptr{pointer},ptr{pointer},ptr{pointer},i32,i32	ptr{pointer},ptr{pointer},ptr{pointer},ptr{pointer},i32,i32	2	0.001205
TOTAL	call	direct	0	0	0	0	1	-	i32	ptr{pointer},ptr{pointer},ptr{pointer},ptr{pointer},i32,ptr{pointer},i32	ptr{pointer},ptr{pointer},ptr{pointer},ptr{pointer},i32,ptr{pointer},i32	2	0.001205
TOTAL	call	direct	0	0	0	0	1	-	i32	ptr{pointer},ptr{pointer},ptr{pointer},ptr{pointer},i32,ptr{pointer}	ptr{pointer},ptr{pointer},ptr{pointer},ptr{pointer},i32,ptr{pointer}	2	0.001205
TOTAL	call	direct	0	0	0	0	1	-	i32	ptr{pointer},ptr{pointer},ptr{pointer},ptr{pointer},ptr{pointer},ptr{pointer},ptr{pointer},ptr{pointer},ptr{pointer},i32,ptr{pointer},i32	ptr{pointer},ptr{pointer},ptr{pointer},ptr{pointer},ptr{pointer},ptr{pointer},ptr{pointer},ptr{pointer},ptr{pointer},i32,ptr{pointer},i32	2	0.001205
TOTAL	call	direct	0	0	0	0	1	-	i32	ptr{pointer},ptr{pointer},ptr{pointer},ptr{pointer},ptr{pointer},ptr{pointer},ptr{pointer},ptr{pointer},ptr{pointer}	ptr{pointer},ptr{pointer},ptr{pointer},ptr{pointer},ptr{pointer},ptr{pointer},ptr{pointer},ptr{pointer},ptr{pointer}	2	0.001205
TOTAL	call	direct	0	0	0	0	1	-	i32	ptr{pointer},ptr{pointer},ptr{pointer},ptr{pointer},ptr{pointer},ptr{pointer},ptr{pointer}	ptr{pointer},ptr{pointer},ptr{pointer},ptr{pointer},ptr{pointer},ptr{pointer},ptr{pointer}	2	0.001205
TOTAL	call	direct	0	0	0	0	1	-	i64	i32,i32	i32,i32	2	0.001205
TOTAL	call	direct	0	0	0	0	1	-	i64	i32,ptr{pointer},ptr{pointer},i64	i32,ptr{pointer},ptr{pointer},i64	2	0.001205
TOTAL	call	direct	0	0	0	0	1	-	i64	ptr{pointer},[2 x i64]	ptr{pointer},i64{consecutive},i64{consecutive,consecutive-last}	2	0.001205
TOTAL	call	direct	0	0	0	0	1	-	i8	i32	i32	2	0.001205
TOTAL	call	direct	0	0	0	0	1	-	i8	i8,i8,ptr{pointer},ptr{pointer}	i8,i8,ptr{pointer},ptr{pointer}	2	0.001205
TOTAL	call	direct	0	0	0	0	1	-	ptr{pointer}	i32,i32,ptr{pointer}	i32,i32,ptr{pointer}	2	0.001205
TOTAL	call	direct	0	0	0	0	1	-	ptr{pointer}	i32,ptr{pointer},i32,i32,i32,i32,i32,i32	i32,ptr{pointer},i32,i32,i32,i32,i32,i32	2	0.001205
TOTAL	call	direct	0	0	0	0	1	-	ptr{pointer}	i32,ptr{pointer},ptr{pointer},ptr{pointer},i32,ptr{pointer},ptr{pointer},ptr{pointer}	i32,ptr{pointer},ptr{pointer},ptr{pointer},i32,ptr{pointer},ptr{pointer},ptr{pointer}	2	0.001205
TOTAL	call	direct	0	0	0	0	1	-	ptr{pointer}	i32,ptr{pointer},ptr{pointer},ptr{pointer},i64	i32,ptr{pointer},ptr{pointer},ptr{pointer},i64	2	0.001205
TOTAL	call	direct	0	0	0	0	1	-	ptr{pointer}	ptr{pointer},i16,ptr{pointer}	ptr{pointer},i16,ptr{pointer}	2	0.001205
TOTAL	call	direct	0	0	0	0	1	-	ptr{pointer}	ptr{pointer},i32,i32,ptr{pointer},i32	ptr{pointer},i32,i32,ptr{pointer},i32	2	0.001205
TOTAL	call	direct	0	0	0	0	1	-	ptr{pointer}	ptr{pointer},i32,ptr{pointer},i32,i32,i32,ptr{pointer},ptr{pointer}	ptr{pointer},i32,ptr{pointer},i32,i32,i32,ptr{pointer},ptr{pointer}	2	0.001205
TOTAL	call	direct	0	0	0	0	1	-	ptr{pointer}	ptr{pointer},i32,ptr{pointer},ptr{pointer},i32,i32,i32,ptr{pointer},ptr{pointer}	ptr{pointer},i32,ptr{pointer},ptr{pointer},i32,i32,i32,ptr{pointer},ptr{pointer}	2	0.001205
TOTAL	call	direct	0	0	0	0	1	-	ptr{pointer}	ptr{pointer},i32,ptr{pointer},ptr{pointer},i32,ptr{pointer},ptr{pointer},ptr{pointer}	ptr{pointer},i32,ptr{pointer},ptr{pointer},i32,ptr{pointer},ptr{pointer},ptr{pointer}	2	0.001205
TOTAL	call	direct	0	0	0	0	1	-	ptr{pointer}	ptr{pointer},i32,ptr{pointer},ptr{pointer},ptr{pointer},i32,ptr{pointer},ptr{pointer},ptr{pointer}	ptr{pointer},i32,ptr{pointer},ptr{pointer},ptr{pointer},i32,ptr{pointer},ptr{pointer},ptr{pointer}	2	0.001205
TOTAL	call	direct	0	0	0	0	1	-	ptr{pointer}	ptr{pointer},i8,i64	ptr{pointer},i8,i64	2	0.001205
TOTAL	call	direct	0	0	0	0	1	-	ptr{pointer}	ptr{pointer},i8,ptr{pointer},ptr{pointer},ptr{pointer}	ptr{pointer},i8,ptr{pointer},ptr{pointer},ptr{pointer}	2	0.001205
TOTAL	call	direct	0	0	0	0	1	-	ptr{pointer}	ptr{pointer},ptr{pointer},i16	ptr{pointer},ptr{pointer},i16	2	0.001205
TOTAL	call	direct	0	0	0	0	1	-	ptr{pointer}	ptr{pointer},ptr{pointer},i32,i32,i32,ptr{pointer},ptr{pointer},ptr{pointer},ptr{pointer},ptr{pointer},ptr{pointer},ptr{pointer},ptr{pointer},ptr{pointer}	ptr{pointer},ptr{pointer},i32,i32,i32,ptr{pointer},ptr{pointer},ptr{pointer},ptr{pointer},ptr{pointer},ptr{pointer},ptr{pointer},ptr{pointer},ptr{pointer}	2	0.001205
TOTAL	call	direct	0	0	0	0	1	-	ptr{pointer}	ptr{pointer},ptr{pointer},i32,i32,i32,ptr{pointer}	ptr{pointer},ptr{pointer},i32,i32,i32,ptr{pointer}	2	0.001205
TOTAL	call	direct	0	0	0	0	1	-	ptr{pointer}	ptr{pointer},ptr{pointer},i32,i32,ptr{pointer},ptr{pointer},ptr{pointer},ptr{pointer}	ptr{pointer},ptr{pointer},i32,i32,ptr{pointer},ptr{pointer},ptr{pointer},ptr{pointer}	2	0.001205
TOTAL	call	direct	0	0	0	0	1	-	ptr{pointer}	ptr{pointer},ptr{pointer},i32,ptr{pointer},ptr{pointer},ptr{pointer},ptr{pointer},i32	ptr{pointer},ptr{pointer},i32,ptr{pointer},ptr{pointer},ptr{pointer},ptr{pointer},i32	2	0.001205
TOTAL	call	direct	0	0	0	0	1	-	ptr{pointer}	ptr{pointer},ptr{pointer},i64,i64,ptr{pointer}	ptr{pointer},ptr{pointer},i64,i64,ptr{pointer}	2	0.001205
TOTAL	call	direct	0	0	0	0	1	-	ptr{pointer}	ptr{pointer},ptr{pointer},ptr{pointer},i32,i32,i32,ptr{pointer}	ptr{pointer},ptr{pointer},ptr{pointer},i32,i32,i32,ptr{pointer}	2	0.001205
TOTAL	call	direct	0	0	0	0	1	-	ptr{pointer}	ptr{pointer},ptr{pointer},ptr{pointer},i32,ptr{pointer}	ptr{pointer},ptr{pointer},ptr{pointer},i32,ptr{pointer}	2	0.001205
TOTAL	call	direct	0	0	0	0	1	-	ptr{pointer}	ptr{pointer},ptr{pointer},ptr{pointer},ptr{pointer},ptr{pointer},i32,i32,ptr{pointer}	ptr{pointer},ptr{pointer},ptr{pointer},ptr{pointer},ptr{pointer},i32,i32,ptr{pointer}	2	0.001205
TOTAL	call	direct	0	0	0	0	1	-	ptr{pointer}	ptr{pointer},ptr{pointer},ptr{pointer},ptr{pointer},ptr{pointer},i32	ptr{pointer},ptr{pointer},ptr{pointer},ptr{pointer},ptr{pointer},i32	2	0.001205
TOTAL	call	direct	0	0	0	0	1	-	ptr{pointer}	ptr{pointer},ptr{pointer},ptr{pointer},ptr{pointer},ptr{pointer},ptr{pointer},ptr{pointer},ptr{pointer},i32	ptr{pointer},ptr{pointer},ptr{pointer},ptr{pointer},ptr{pointer},ptr{pointer},ptr{pointer},ptr{pointer},i32	2	0.001205
TOTAL	call	direct	0	0	0	0	1	-	ptr{pointer}	ptr{pointer},ptr{pointer},ptr{pointer},ptr{pointer},ptr{pointer},ptr{pointer},ptr{pointer},ptr{pointer},ptr{pointer},ptr{pointer}	ptr{pointer},ptr{pointer},ptr{pointer},ptr{pointer},ptr{pointer},ptr{pointer},ptr{pointer},ptr{pointer},ptr{pointer},ptr{pointer}	2	0.001205
TOTAL	call	direct	0	0	0	0	1	-	void	double,ptr{pointer},ptr{pointer},ptr{pointer},ptr{pointer},ptr{pointer},ptr{pointer},ptr{pointer},ptr{pointer},ptr{pointer},i1,i1	double,ptr{pointer},ptr{pointer},ptr{pointer},ptr{pointer},ptr{pointer},ptr{pointer},ptr{pointer},ptr{pointer},ptr{pointer},i1,i1	2	0.001205
TOTAL	call	direct	0	0	0	0	1	-	void	i16,i32,i32,i32,i32,ptr{pointer}	i16,i32,i32,i32,i32,ptr{pointer}	2	0.001205
TOTAL	call	direct	0	0	0	0	1	-	void	i16,i32,ptr{pointer}	i16,i32,ptr{pointer}	2	0.001205
TOTAL	call	direct	0	0	0	0	1	-	void	i16,i32	i16,i32	2	0.001205
TOTAL	call	direct	0	0	0	0	1	-	void	i16,ptr{pointer},i16	i16,ptr{pointer},i16	2	0.001205
TOTAL	call	direct	0	0	0	0	1	-	void	i16	i16	2	0.001205
TOTAL	call	direct	0	0	0	0	1	-	void	i32,float,float,float	i32,float,float,float	2	0.001205
TOTAL	call	direct	0	0	0	0	1	-	void	i32,i32,i32,ptr{pointer},i32,ptr{pointer}	i32,i32,i32,ptr{pointer},i32,ptr{pointer}	2	0.001205
TOTAL	call	direct	0	0	0	0	1	-	void	i32,i32,ptr{pointer},ptr{pointer},ptr{pointer}	i32,i32,ptr{pointer},ptr{pointer},ptr{pointer}	2	0.001205
TOTAL	call	direct	0	0	0	0	1	-	void	i8,ptr{pointer}	i8,ptr{pointer}	2	0.001205
TOTAL	call	direct	0	0	0	0	1	-	void	ptr{pointer},i16,i1,i1	ptr{pointer},i16,i1,i1	2	0.001205
TOTAL	call	direct	0	0	0	0	1	-	void	ptr{pointer},i1,i1,ptr{pointer},ptr{pointer},ptr{pointer},ptr{pointer}	ptr{pointer},i1,i1,ptr{pointer},ptr{pointer},ptr{pointer},ptr{pointer}	2	0.001205
TOTAL	call	direct	0	0	0	0	1	-	void	ptr{pointer},i32,i32,i32,i32,i32,i32	ptr{pointer},i32,i32,i32,i32,i32,i32	2	0.001205
TOTAL	call	direct	0	0	0	0	1	-	void	ptr{pointer},i32,i32,i32,i32,i32	ptr{pointer},i32,i32,i32,i32,i32	2	0.001205
TOTAL	call	direct	0	0	0	0	1	-	void	ptr{pointer},i32,i32,i64	ptr{pointer},i32,i32,i64	2	0.001205
TOTAL	call	direct	0	0	0	0	1	-	void	ptr{pointer},i32,i32,ptr{pointer},ptr{pointer},i16,ptr{pointer},ptr{pointer},ptr{pointer}	ptr{pointer},i32,i32,ptr{pointer},ptr{pointer},i16,ptr{pointer},ptr{pointer},ptr{pointer}	2	0.001205
TOTAL	call	direct	0	0	0	0	1	-	void	ptr{pointer},i32,i64	ptr{pointer},i32,i64	2	0.001205
TOTAL	call	direct	0	0	0	0	1	-	void	ptr{pointer},i32,ptr{pointer},i32,ptr{pointer},ptr{pointer},ptr{pointer},ptr{pointer}	ptr{pointer},i32,ptr{pointer},i32,ptr{pointer},ptr{pointer},ptr{pointer},ptr{pointer}	2	0.001205
TOTAL	call	direct	0	0	0	0	1	-	void	ptr{pointer},i32,ptr{pointer},ptr{pointer},i32,i32,i32	ptr{pointer},i32,ptr{pointer},ptr{pointer},i32,i32,i32	2	0.001205
TOTAL	call	direct	0	0	0	0	1	-	void	ptr{pointer},i32,ptr{pointer},ptr{pointer},ptr{pointer},i32	ptr{pointer},i32,ptr{pointer},ptr{pointer},ptr{pointer},i32	2	0.001205
TOTAL	call	direct	0	0	0	0	1	-	void	ptr{pointer},i32,ptr{pointer},ptr{pointer},ptr{pointer},ptr{pointer},ptr{pointer},ptr{pointer},ptr{pointer},ptr{pointer}	ptr{pointer},i32,ptr{pointer},ptr{pointer},ptr{pointer},ptr{pointer},ptr{pointer},ptr{pointer},ptr{pointer},ptr{pointer}	2	0.001205
TOTAL	call	direct	0	0	0	0	1	-	void	ptr{pointer},i64,i64,i32,i64	ptr{pointer},i64,i64,i32,i64	2	0.001205
TOTAL	call	direct	0	0	0	0	1	-	void	ptr{pointer},i8,ptr{pointer}	ptr{pointer},i8,ptr{pointer}	2	0.001205
TOTAL	call	direct	0	0	0	0	1	-	void	ptr{pointer},ptr{pointer},i16,i16	ptr{pointer},ptr{pointer},i16,i16	2	0.001205
TOTAL	call	direct	0	0	0	0	1	-	void	ptr{pointer},ptr{pointer},i1,i32,i32	ptr{pointer},ptr{pointer},i1,i32,i32	2	0.001205
TOTAL	call	direct	0	0	0	0	1	-	void	ptr{pointer},ptr{pointer},i32,i32,i32,i32,double,i32,i32	ptr{pointer},ptr{pointer},i32,i32,i32,i32,double,i32,i32	2	0.001205
TOTAL	call	direct	0	0	0	0	1	-	void	ptr{pointer},ptr{pointer},i32,i32,i32,i32	ptr{pointer},ptr{pointer},i32,i32,i32,i32	2	0.001205
TOTAL	call	direct	0	0	0	0	1	-	void	ptr{pointer},ptr{pointer},i32,ptr{pointer},ptr{pointer},ptr{pointer},ptr{pointer}	ptr{pointer},ptr{pointer},i32,ptr{pointer},ptr{pointer},ptr{pointer},ptr{pointer}	2	0.001205
TOTAL	call	direct	0	0	0	0	1	-	void	ptr{pointer},ptr{pointer},i64,i64	ptr{pointer},ptr{pointer},i64,i64	2	0.001205
TOTAL	call	direct	0	0	0	0	1	-	void	ptr{pointer},ptr{pointer},ptr{pointer},float,float	ptr{pointer},ptr{pointer},ptr{pointer},float,float	2	0.001205
TOTAL	call	direct	0	0	0	0	1	-	void	ptr{pointer},ptr{pointer},ptr{pointer},i16,i32,i32,i32,i32,i32,ptr{pointer}	ptr{pointer},ptr{pointer},ptr{pointer},i16,i32,i32,i32,i32,i32,ptr{pointer}	2	0.001205
TOTAL	call	direct	0	0	0	0	1	-	void	ptr{pointer},ptr{pointer},ptr{pointer},i32,i32,i32	ptr{pointer},ptr{pointer},ptr{pointer},i32,i32,i32	2	0.001205
TOTAL	call	direct	0	0	0	0	1	-	void	ptr{pointer},ptr{pointer},ptr{pointer},i32,ptr{pointer},ptr{pointer}	ptr{pointer},ptr{pointer},ptr{pointer},i32,ptr{pointer},ptr{pointer}	2	0.001205
TOTAL	call	direct	0	0	0	0	1	-	void	ptr{pointer},ptr{pointer},ptr{pointer},i32,ptr{pointer}	ptr{pointer},ptr{pointer},ptr{pointer},i32,ptr{pointer}	2	0.001205
TOTAL	call	direct	0	0	0	0	1	-	void	ptr{pointer},ptr{pointer},ptr{pointer},ptr{pointer},i32,ptr{pointer},ptr{pointer}	ptr{pointer},ptr{pointer},ptr{pointer},ptr{pointer},i32,ptr{pointer},ptr{pointer}	2	0.001205
TOTAL	call	direct	0	0	0	0	1	-	void	ptr{pointer},ptr{pointer},ptr{pointer},ptr{pointer},ptr{pointer},i1,i32,i32	ptr{pointer},ptr{pointer},ptr{pointer},ptr{pointer},ptr{pointer},i1,i32,i32	2	0.001205
TOTAL	call	direct	0	0	0	0	1	-	void	ptr{pointer},ptr{pointer},ptr{pointer},ptr{pointer},ptr{pointer},ptr{pointer},i1	ptr{pointer},ptr{pointer},ptr{pointer},ptr{pointer},ptr{pointer},ptr{pointer},i1	2	0.001205
TOTAL	call	direct	0	0	0	0	1	-	void	ptr{pointer},ptr{pointer},ptr{pointer},ptr{pointer},ptr{pointer},ptr{pointer},i32,i32	ptr{pointer},ptr{pointer},ptr{pointer},ptr{pointer},ptr{pointer},ptr{pointer},i32,i32	2	0.001205
TOTAL	call	direct	0	0	0	0	1	-	void	ptr{pointer},ptr{pointer},ptr{pointer},ptr{pointer},ptr{pointer},ptr{pointer},i32,ptr{pointer}	ptr{pointer},ptr{pointer},ptr{pointer},ptr{pointer},ptr{pointer},ptr{pointer},i32,ptr{pointer}	2	0.001205
TOTAL	call	direct	0	0	0	0	1	-	void	ptr{pointer},ptr{pointer},ptr{pointer},ptr{pointer},ptr{pointer},ptr{pointer},ptr{pointer},float	ptr{pointer},ptr{pointer},ptr{pointer},ptr{pointer},ptr{pointer},ptr{pointer},ptr{pointer},float	2	0.001205
TOTAL	call	direct	0	0	0	0	1	-	void	ptr{pointer},ptr{pointer},ptr{pointer},ptr{pointer},ptr{pointer},ptr{pointer},ptr{pointer},i32,i32	ptr{pointer},ptr{pointer},ptr{pointer},ptr{pointer},ptr{pointer},ptr{pointer},ptr{pointer},i32,i32	2	0.001205
TOTAL	call	direct	0	0	0	0	1	-	void	ptr{pointer},ptr{pointer},ptr{pointer},ptr{pointer},ptr{pointer},ptr{pointer},ptr{pointer},ptr{pointer},ptr{pointer},ptr{pointer},i32,i32,i32,i32,i32,i32,ptr{pointer},ptr{pointer}	ptr{pointer},ptr{pointer},ptr{pointer},ptr{pointer},ptr{pointer},ptr{pointer},ptr{pointer},ptr{pointer},ptr{pointer},ptr{pointer},i32,i32,i32,i32,i32,i32,ptr{pointer},ptr{pointer}	2	0.001205
TOTAL	call	direct	0	0	0	0	1	-	void	ptr{pointer},ptr{pointer},ptr{pointer},ptr{pointer},ptr{pointer},ptr{pointer},ptr{pointer},ptr{pointer},ptr{pointer},ptr{pointer},i32,i32,ptr{pointer},ptr{pointer}	ptr{pointer},ptr{pointer},ptr{pointer},ptr{pointer},ptr{pointer},ptr{pointer},ptr{pointer},ptr{pointer},ptr{pointer},ptr{pointer},i32,i32,ptr{pointer},ptr{pointer}	2	0.001205
TOTAL	call	direct	0	0	0	0	1	-	void	ptr{pointer},ptr{pointer},ptr{pointer},ptr{pointer},ptr{pointer},ptr{pointer},ptr{pointer},ptr{pointer},ptr{pointer}	ptr{pointer},ptr{pointer},ptr{pointer},ptr{pointer},ptr{pointer},ptr{pointer},ptr{pointer},ptr{pointer},ptr{pointer}	2	0.001205
TOTAL	call	direct	0	0	0	0	1	-	void	ptr{pointer,sret},float,float,float,ptr{pointer},ptr{pointer}	ptr{pointer,sret},float,float,float,ptr{pointer},ptr{pointer}	2	0.001205
TOTAL	call	direct	0	0	0	0	1	-	void	ptr{pointer,sret},float,ptr{pointer},ptr{pointer},float,ptr{pointer},ptr{pointer}	ptr{pointer,sret},float,ptr{pointer},ptr{pointer},float,ptr{pointer},ptr{pointer}	2	0.001205
TOTAL	call	direct	0	0	0	0	1	-	void	ptr{pointer,sret},ptr{pointer},i1,i1	ptr{pointer,sret},ptr{pointer},i1,i1	2	0.001205
TOTAL	call	direct	0	0	0	0	1	-	void	ptr{pointer,sret},ptr{pointer},ptr{pointer},i32,ptr{pointer}	ptr{pointer,sret},ptr{pointer},ptr{pointer},i32,ptr{pointer}	2	0.001205
TOTAL	call	direct	0	0	1	0	1	-	i32	ptr{pointer},i32	ptr{pointer},i32	2	0.001205
TOTAL	call	direct	0	1	0	0	1	-	i32	i32,i32,i64{vararg}	i32,i32,i64{vararg}	2	0.001205
TOTAL	call	direct	0	1	0	0	1	-	i32	ptr{pointer},double{vararg}	ptr{pointer},double{vararg}	2	0.001205
TOTAL	call	direct	0	1	0	0	1	-	i32	ptr{pointer},i32{vararg},i32{vararg},i32{vararg},i32{vararg},ptr{pointer,vararg},i32{vararg},i32{vararg},i32{vararg},i32{vararg},ptr{pointer,vararg}	ptr{pointer},i32{vararg},i32{vararg},i32{vararg},i32{vararg},ptr{pointer,vararg},i32{vararg},i32{vararg},i32{vararg},i32{vararg},ptr{pointer,vararg}	2	0.001205
TOTAL	call	direct	0	1	0	0	1	-	i32	ptr{pointer},i32{vararg},i64{vararg}	ptr{pointer},i32{vararg},i64{vararg}	2	0.001205
TOTAL	call	direct	0	1	0	0	1	-	i32	ptr{pointer},i64,ptr{pointer},ptr{pointer,vararg},i32{vararg},i32{vararg}	ptr{pointer},i64,ptr{pointer},ptr{pointer,vararg},i32{vararg},i32{vararg}	2	0.001205
TOTAL	call	direct	0	1	0	0	1	-	i32	ptr{pointer},ptr{pointer,vararg},double{vararg}	ptr{pointer},ptr{pointer,vararg},double{vararg}	2	0.001205
TOTAL	call	direct	0	1	0	0	1	-	i32	ptr{pointer},ptr{pointer,vararg},ptr{pointer,vararg},ptr{pointer,vararg},ptr{pointer,vararg}	ptr{pointer},ptr{pointer,vararg},ptr{pointer,vararg},ptr{pointer,vararg},ptr{pointer,vararg}	2	0.001205
TOTAL	call	direct	0	1	0	0	1	-	i32	ptr{pointer},ptr{pointer},double{vararg},i32{vararg}	ptr{pointer},ptr{pointer},double{vararg},i32{vararg}	2	0.001205
TOTAL	call	direct	0	1	0	0	1	-	i32	ptr{pointer},ptr{pointer},i32{vararg},i32{vararg},double{vararg}	ptr{pointer},ptr{pointer},i32{vararg},i32{vararg},double{vararg}	2	0.001205
TOTAL	call	direct	0	1	0	0	1	-	i32	ptr{pointer},ptr{pointer},i64{vararg},i64{vararg},i64{vararg},i32{vararg}	ptr{pointer},ptr{pointer},i64{vararg},i64{vararg},i64{vararg},i32{vararg}	2	0.001205
TOTAL	call	direct	0	1	0	0	1	-	i32	ptr{pointer},ptr{pointer},ptr{pointer,vararg},ptr{pointer,vararg},i32{vararg}	ptr{pointer},ptr{pointer},ptr{pointer,vararg},ptr{pointer,vararg},i32{vararg}	2	0.001205
TOTAL	call	direct	0	1	0	0	1	-	i32	ptr{pointer},ptr{pointer},ptr{pointer,vararg},ptr{pointer,vararg},ptr{pointer,vararg},ptr{pointer,vararg},ptr{pointer,vararg},ptr{pointer,vararg},ptr{pointer,vararg},ptr{pointer,vararg}	ptr{pointer},ptr{pointer},ptr{pointer,vararg},ptr{pointer,vararg},ptr{pointer,vararg},ptr{pointer,vararg},ptr{pointer,vararg},ptr{pointer,vararg},ptr{pointer,vararg},ptr{pointer,vararg}	2	0.001205
TOTAL	call	direct	0	1	0	0	1	-	i32	ptr{pointer},ptr{pointer},ptr{pointer,vararg},ptr{pointer,vararg},ptr{pointer,vararg},ptr{pointer,vararg},ptr{pointer,vararg}	ptr{pointer},ptr{pointer},ptr{pointer,vararg},ptr{pointer,vararg},ptr{pointer,vararg},ptr{pointer,vararg},ptr{pointer,vararg}	2	0.001205
TOTAL	call	direct	0	1	0	0	1	-	ptr{pointer}	i32,i32,ptr{pointer},i32,ptr{pointer},ptr{pointer,vararg},double{vararg},ptr{pointer,vararg}	i32,i32,ptr{pointer},i32,ptr{pointer},ptr{pointer,vararg},double{vararg},ptr{pointer,vararg}	2	0.001205
TOTAL	call	direct	0	1	0	0	1	-	ptr{pointer}	i32,i32,ptr{pointer},i32,ptr{pointer},ptr{pointer,vararg},ptr{pointer,vararg},ptr{pointer,vararg},i32{vararg}	i32,i32,ptr{pointer},i32,ptr{pointer},ptr{pointer,vararg},ptr{pointer,vararg},ptr{pointer,vararg},i32{vararg}	2	0.001205
TOTAL	call	direct	0	1	0	0	1	-	ptr{pointer}	i32,i32,ptr{pointer},i32,ptr{pointer},ptr{pointer,vararg},ptr{pointer,vararg},ptr{pointer,vararg},ptr{pointer,vararg},ptr{pointer,vararg},ptr{pointer,vararg}	i32,i32,ptr{pointer},i32,ptr{pointer},ptr{pointer,vararg},ptr{pointer,vararg},ptr{pointer,vararg},ptr{pointer,vararg},ptr{pointer,vararg},ptr{pointer,vararg}	2	0.001205
TOTAL	call	direct	0	1	0	0	1	-	ptr{pointer}	i32,ptr{pointer},ptr{pointer},i32{vararg},i32{vararg},i32{vararg}	i32,ptr{pointer},ptr{pointer},i32{vararg},i32{vararg},i32{vararg}	2	0.001205
TOTAL	call	direct	0	1	0	0	1	-	ptr{pointer}	ptr{pointer},ptr{pointer},i64{vararg},ptr{pointer,vararg},ptr{pointer,vararg},ptr{pointer,vararg}	ptr{pointer},ptr{pointer},i64{vararg},ptr{pointer,vararg},ptr{pointer,vararg},ptr{pointer,vararg}	2	0.001205
TOTAL	call	direct	0	1	0	0	1	-	ptr{pointer}	ptr{pointer},ptr{pointer},ptr{pointer,vararg},i32{vararg},ptr{pointer,vararg}	ptr{pointer},ptr{pointer},ptr{pointer,vararg},i32{vararg},ptr{pointer,vararg}	2	0.001205
TOTAL	call	direct	0	1	0	0	1	-	ptr{pointer}	ptr{pointer},ptr{pointer},ptr{pointer,vararg},i32{vararg}	ptr{pointer},ptr{pointer},ptr{pointer,vararg},i32{vararg}	2	0.001205
TOTAL	call	direct	0	1	0	0	1	-	void	ptr{pointer},i32{vararg},i32{vararg},ptr{pointer,vararg}	ptr{pointer},i32{vararg},i32{vararg},ptr{pointer,vararg}	2	0.001205
TOTAL	call	direct	0	1	0	0	1	-	void	ptr{pointer},i32{vararg},ptr{pointer,vararg},i32{vararg}	ptr{pointer},i32{vararg},ptr{pointer,vararg},i32{vararg}	2	0.001205
TOTAL	call	direct	0	1	0	0	1	-	void	ptr{pointer},i64{vararg},i64{vararg},i64{vararg},ptr{pointer,vararg}	ptr{pointer},i64{vararg},i64{vararg},i64{vararg},ptr{pointer,vararg}	2	0.001205
TOTAL	call	direct	0	1	0	0	1	-	void	ptr{pointer},ptr{pointer,vararg},i32{vararg},i32{vararg}	ptr{pointer},ptr{pointer,vararg},i32{vararg},i32{vararg}	2	0.001205
TOTAL	call	direct	0	1	0	0	1	-	void	ptr{pointer},ptr{pointer,vararg},i32{vararg},i64{vararg}	ptr{pointer},ptr{pointer,vararg},i32{vararg},i64{vararg}	2	0.001205
TOTAL	call	direct	0	1	0	0	1	-	void	ptr{pointer},ptr{pointer,vararg},i64{vararg},i64{vararg}	ptr{pointer},ptr{pointer,vararg},i64{vararg},i64{vararg}	2	0.001205
TOTAL	call	direct	0	1	0	0	1	-	void	ptr{pointer},ptr{pointer,vararg},ptr{pointer,vararg},ptr{pointer,vararg},ptr{pointer,vararg},ptr{pointer,vararg}	ptr{pointer},ptr{pointer,vararg},ptr{pointer,vararg},ptr{pointer,vararg},ptr{pointer,vararg},ptr{pointer,vararg}	2	0.001205
TOTAL	call	direct	0	1	0	0	1	-	void	ptr{pointer},ptr{pointer},i32{vararg},i32{vararg}	ptr{pointer},ptr{pointer},i32{vararg},i32{vararg}	2	0.001205
TOTAL	call	direct	0	1	0	0	1	-	void	ptr{pointer},ptr{pointer},ptr{pointer,vararg},ptr{pointer,vararg},ptr{pointer,vararg},ptr{pointer,vararg},ptr{pointer,vararg}	ptr{pointer},ptr{pointer},ptr{pointer,vararg},ptr{pointer,vararg},ptr{pointer,vararg},ptr{pointer,vararg},ptr{pointer,vararg}	2	0.001205
TOTAL	call	direct	0	1	0	0	1	-	void	ptr{pointer},ptr{pointer},ptr{pointer},i32{vararg},i32{vararg}	ptr{pointer},ptr{pointer},ptr{pointer},i32{vararg},i32{vararg}	2	0.001205
TOTAL	call	indirect	0	0	0	0	1	-	float	ptr{pointer},ptr{pointer},float,i32,i32	ptr{pointer},ptr{pointer},float,i32,i32	2	0.001205
TOTAL	call	indirect	0	0	0	0	1	-	i32	i32,ptr{pointer},i64,ptr{pointer}	i32,ptr{pointer},i64,ptr{pointer}	2	0.001205
TOTAL	call	indirect	0	0	0	0	1	-	i32	ptr{pointer},i32,ptr{pointer},ptr{pointer},ptr{pointer},ptr{pointer}	ptr{pointer},i32,ptr{pointer},ptr{pointer},ptr{pointer},ptr{pointer}	2	0.001205
TOTAL	call	indirect	0	0	0	0	1	-	i32	ptr{pointer},i32,ptr{pointer},ptr{pointer}	ptr{pointer},i32,ptr{pointer},ptr{pointer}	2	0.001205
TOTAL	call	indirect	0	0	0	0	1	-	i32	ptr{pointer},i64,i64,ptr{pointer}	ptr{pointer},i64,i64,ptr{pointer}	2	0.001205
TOTAL	call	indirect	0	0	0	0	1	-	i32	ptr{pointer},ptr{pointer},i32,i64	ptr{pointer},ptr{pointer},i32,i64	2	0.001205
TOTAL	call	indirect	0	0	0	0	1	-	i64	ptr{pointer}	ptr{pointer}	2	0.001205
TOTAL	call	indirect	0	0	0	0	1	-	ptr{pointer}	ptr{pointer},i32,ptr{pointer}	ptr{pointer},i32,ptr{pointer}	2	0.001205
TOTAL	call	indirect	0	0	0	0	1	-	void	i32,i32,ptr{pointer}	i32,i32,ptr{pointer}	2	0.001205
TOTAL	call	indirect	0	0	0	0	1	-	void	ptr{pointer},i32,i32,i32,i32	ptr{pointer},i32,i32,i32,i32	2	0.001205
TOTAL	call	indirect	0	0	0	0	1	-	void	ptr{pointer},i32,i32,ptr{pointer},i32,i16,i32,i32	ptr{pointer},i32,i32,ptr{pointer},i32,i16,i32,i32	2	0.001205
TOTAL	call	indirect	0	0	0	0	1	-	void	ptr{pointer},i32,i32,ptr{pointer}	ptr{pointer},i32,i32,ptr{pointer}	2	0.001205
TOTAL	call	indirect	0	0	0	0	1	-	void	ptr{pointer},i32,ptr{pointer},ptr{pointer},i64	ptr{pointer},i32,ptr{pointer},ptr{pointer},i64	2	0.001205
TOTAL	call	indirect	0	0	0	0	1	-	void	ptr{pointer},ptr{pointer},i32,ptr{pointer}	ptr{pointer},ptr{pointer},i32,ptr{pointer}	2	0.001205
TOTAL	call	indirect	0	0	0	0	1	-	void	ptr{pointer},ptr{pointer},ptr{pointer},ptr{pointer},ptr{pointer},ptr{pointer}	ptr{pointer},ptr{pointer},ptr{pointer},ptr{pointer},ptr{pointer},ptr{pointer}	2	0.001205
TOTAL	invoke	direct	0	0	0	0	1	-	%class.btVector3	ptr{pointer},ptr{pointer},i32	ptr{pointer},ptr{pointer},i32	2	0.001205
TOTAL	invoke	direct	0	0	0	0	1	-	%class.btVector3	ptr{pointer},ptr{pointer},ptr{pointer}	ptr{pointer},ptr{pointer},ptr{pointer}	2	0.001205
TOTAL	invoke	direct	0	0	0	0	1	-	float	ptr{pointer},ptr{pointer},i32,ptr{pointer},i32,ptr{pointer},i32,ptr{pointer},ptr{pointer},ptr{pointer}	ptr{pointer},ptr{pointer},i32,ptr{pointer},i32,ptr{pointer},i32,ptr{pointer},ptr{pointer},ptr{pointer}	2	0.001205
TOTAL	invoke	direct	0	0	0	0	1	-	i1	[2 x i64],i16,ptr{pointer}	i64{consecutive},i64{consecutive,consecutive-last},i16,ptr{pointer}	2	0.001205
TOTAL	invoke	direct	0	0	0	0	1	-	i1	i64,ptr{pointer}	i64,ptr{pointer}	2	0.001205
TOTAL	invoke	direct	0	0	0	0	1	-	i1	ptr{pointer},i32,i32,ptr{pointer}	ptr{pointer},i32,i32,ptr{pointer}	2	0.001205
TOTAL	invoke	direct	0	0	0	0	1	-	i1	ptr{pointer},ptr{pointer},i1,ptr{pointer}	ptr{pointer},ptr{pointer},i1,ptr{pointer}	2	0.001205
TOTAL	invoke	direct	0	0	0	0	1	-	i1	ptr{pointer},ptr{pointer},i64	ptr{pointer},ptr{pointer},i64	2	0.001205
TOTAL	invoke	direct	0	0	0	0	1	-	i1	ptr{pointer},ptr{pointer},ptr{pointer},ptr{pointer},ptr{pointer},float,float	ptr{pointer},ptr{pointer},ptr{pointer},ptr{pointer},ptr{pointer},float,float	2	0.001205
TOTAL	invoke	direct	0	0	0	0	1	-	i1	ptr{pointer},ptr{pointer},ptr{pointer},ptr{pointer},ptr{pointer}	ptr{pointer},ptr{pointer},ptr{pointer},ptr{pointer},ptr{pointer}	2	0.001205
TOTAL	invoke	direct	0	0	0	0	1	-	i32	i1,i32	i1,i32	2	0.001205
TOTAL	invoke	direct	0	0	0	0	1	-	i32	i1	i1	2	0.001205
TOTAL	invoke	direct	0	0	0	0	1	-	i32	i32,i32	i32,i32	2	0.001205
TOTAL	invoke	direct	0	0	0	0	1	-	i32	i32,ptr{pointer},ptr{pointer}	i32,ptr{pointer},ptr{pointer}	2	0.001205
TOTAL	invoke	direct	0	0	0	0	1	-	i32	i64,ptr{pointer},ptr{pointer},ptr{pointer},i1,i1	i64,ptr{pointer},ptr{pointer},ptr{pointer},i1,i1	2	0.001205
TOTAL	invoke	direct	0	0	0	0	1	-	i32	i8,i8	i8,i8	2	0.001205
TOTAL	invoke	direct	0	0	0	0	1	-	i32	ptr{pointer},i32,i32,i32	ptr{pointer},i32,i32,i32	2	0.001205
TOTAL	invoke	direct	0	0	0	0	1	-	i32	ptr{pointer},i32,i32,ptr{pointer},ptr{pointer},ptr{pointer},i1,ptr{pointer},ptr{pointer},ptr{pointer}	ptr{pointer},i32,i32,ptr{pointer},ptr{pointer},ptr{pointer},i1,ptr{pointer},ptr{pointer},ptr{pointer}	2	0.001205
TOTAL	invoke	direct	0	0	0	0	1	-	i32	ptr{pointer},i64,i64,ptr{pointer},ptr{pointer}	ptr{pointer},i64,i64,ptr{pointer},ptr{pointer}	2	0.001205
TOTAL	invoke	direct	0	0	0	0	1	-	i32	ptr{pointer},i64,ptr{pointer},ptr{pointer},ptr{pointer},ptr{pointer}	ptr{pointer},i64,ptr{pointer},ptr{pointer},ptr{pointer},ptr{pointer}	2	0.001205
TOTAL	invoke	direct	0	0	0	0	1	-	i32	ptr{pointer},i8	ptr{pointer},i8	2	0.001205
TOTAL	invoke	direct	0	0	0	0	1	-	i32	ptr{pointer},ptr{pointer},i32,ptr{pointer},ptr{pointer},ptr{pointer},ptr{pointer},ptr{pointer}	ptr{pointer},ptr{pointer},i32,ptr{pointer},ptr{pointer},ptr{pointer},ptr{pointer},ptr{pointer}	2	0.001205
TOTAL	invoke	direct	0	0	0	0	1	-	i32	ptr{pointer},ptr{pointer},i32,ptr{pointer},ptr{pointer},ptr{pointer}	ptr{pointer},ptr{pointer},i32,ptr{pointer},ptr{pointer},ptr{pointer}	2	0.001205
TOTAL	invoke	direct	0	0	0	0	1	-	i32	ptr{pointer},ptr{pointer},ptr{pointer},float	ptr{pointer},ptr{pointer},ptr{pointer},float	2	0.001205
TOTAL	invoke	direct	0	0	0	0	1	-	i32	ptr{pointer},ptr{pointer},ptr{pointer},i32,ptr{pointer},ptr{pointer},i32,ptr{pointer}	ptr{pointer},ptr{pointer},ptr{pointer},i32,ptr{pointer},ptr{pointer},i32,ptr{pointer}	2	0.001205
TOTAL	invoke	direct	0	0	0	0	1	-	i64	i64,i64,i64	i64,i64,i64	2	0.001205
TOTAL	invoke	direct	0	0	0	0	1	-	i64	i64	i64	2	0.001205
TOTAL	invoke	direct	0	0	0	0	1	-	i8	i8	i8	2	0.001205
TOTAL	invoke	direct	0	0	0	0	1	-	i8	ptr{pointer},ptr{pointer}	ptr{pointer},ptr{pointer}	2	0.001205
TOTAL	invoke	direct	0	0	0	0	1	-	ptr{pointer}	ptr{pointer},i64,i64	ptr{pointer},i64,i64	2	0.001205
TOTAL	invoke	direct	0	0	0	0	1	-	ptr{pointer}	ptr{pointer},i64,ptr{pointer},ptr{pointer}	ptr{pointer},i64,ptr{pointer},ptr{pointer}	2	0.001205
TOTAL	invoke	direct	0	0	0	0	1	-	ptr{pointer}	ptr{pointer},ptr{pointer},i64	ptr{pointer},ptr{pointer},i64	2	0.001205
TOTAL	invoke	direct	0	0	0	0	1	-	void	i64,ptr{pointer}	i64,ptr{pointer}	2	0.001205
TOTAL	invoke	direct	0	0	0	0	1	-	void	ptr{pointer},float,ptr{pointer},ptr{pointer},ptr{pointer}	ptr{pointer},float,ptr{pointer},ptr{pointer},ptr{pointer}	2	0.001205
TOTAL	invoke	direct	0	0	0	0	1	-	void	ptr{pointer},i16,i64,i1	ptr{pointer},i16,i64,i1	2	0.001205
TOTAL	invoke	direct	0	0	0	0	1	-	void	ptr{pointer},i16	ptr{pointer},i16	2	0.001205
TOTAL	invoke	direct	0	0	0	0	1	-	void	ptr{pointer},i1,ptr{pointer}	ptr{pointer},i1,ptr{pointer}	2	0.001205
TOTAL	invoke	direct	0	0	0	0	1	-	void	ptr{pointer},i32,float	ptr{pointer},i32,float	2	0.001205
TOTAL	invoke	direct	0	0	0	0	1	-	void	ptr{pointer},i32,i32,i32,ptr{pointer}	ptr{pointer},i32,i32,i32,ptr{pointer}	2	0.001205
TOTAL	invoke	direct	0	0	0	0	1	-	void	ptr{pointer},i32,i32,ptr{pointer},float,float,float,i32,i32,i1	ptr{pointer},i32,i32,ptr{pointer},float,float,float,i32,i32,i1	2	0.001205
TOTAL	invoke	direct	0	0	0	0	1	-	void	ptr{pointer},i32,i32,ptr{pointer},ptr{pointer},ptr{pointer}	ptr{pointer},i32,i32,ptr{pointer},ptr{pointer},ptr{pointer}	2	0.001205
TOTAL	invoke	direct	0	0	0	0	1	-	void	ptr{pointer},i64,i32	ptr{pointer},i64,i32	2	0.001205
TOTAL	invoke	direct	0	0	0	0	1	-	void	ptr{pointer},i64,ptr{pointer},ptr{pointer},ptr{pointer}	ptr{pointer},i64,ptr{pointer},ptr{pointer},ptr{pointer}	2	0.001205
TOTAL	invoke	direct	0	0	0	0	1	-	void	ptr{pointer},ptr{pointer},float,ptr{pointer},ptr{pointer}	ptr{pointer},ptr{pointer},float,ptr{pointer},ptr{pointer}	2	0.001205
TOTAL	invoke	direct	0	0	0	0	1	-	void	ptr{pointer},ptr{pointer},i1,ptr{pointer},ptr{pointer}	ptr{pointer},ptr{pointer},i1,ptr{pointer},ptr{pointer}	2	0.001205
TOTAL	invoke	direct	0	0	0	0	1	-	void	ptr{pointer},ptr{pointer},i64,ptr{pointer}	ptr{pointer},ptr{pointer},i64,ptr{pointer}	2	0.001205
TOTAL	invoke	direct	0	0	0	0	1	-	void	ptr{pointer},ptr{pointer},ptr{pointer},float,ptr{pointer}	ptr{pointer},ptr{pointer},ptr{pointer},float,ptr{pointer}	2	0.001205
TOTAL	invoke	direct	0	0	0	0	1	-	void	ptr{pointer},ptr{pointer},ptr{pointer},ptr{pointer},ptr{pointer},ptr{pointer},float,ptr{pointer},ptr{pointer},ptr{pointer}	ptr{pointer},ptr{pointer},ptr{pointer},ptr{pointer},ptr{pointer},ptr{pointer},float,ptr{pointer},ptr{pointer},ptr{pointer}	2	0.001205
TOTAL	invoke	direct	0	0	0	0	1	-	void	ptr{pointer},ptr{pointer},ptr{pointer},ptr{pointer},ptr{pointer},ptr{pointer},ptr{pointer},ptr{pointer},ptr{pointer},ptr{pointer},ptr{pointer}	ptr{pointer},ptr{pointer},ptr{pointer},ptr{pointer},ptr{pointer},ptr{pointer},ptr{pointer},ptr{pointer},ptr{pointer},ptr{pointer},ptr{pointer}	2	0.001205
TOTAL	invoke	direct	0	0	0	0	1	-	void	ptr{pointer,sret},i64	ptr{pointer,sret},i64	2	0.001205
TOTAL	invoke	direct	0	0	0	0	1	-	void	ptr{pointer,sret},ptr{pointer},i8	ptr{pointer,sret},ptr{pointer},i8	2	0.001205
TOTAL	invoke	direct	0	0	0	0	1	-	void	ptr{pointer,sret},ptr{pointer},ptr{pointer},ptr{pointer}	ptr{pointer,sret},ptr{pointer},ptr{pointer},ptr{pointer}	2	0.001205
TOTAL	invoke	indirect	0	0	0	0	1	-	float	ptr{pointer},ptr{pointer},i1	ptr{pointer},ptr{pointer},i1	2	0.001205
TOTAL	invoke	indirect	0	0	0	0	1	-	i32	ptr{pointer},i32,i32	ptr{pointer},i32,i32	2	0.001205
TOTAL	invoke	indirect	0	0	0	0	1	-	i32	ptr{pointer},ptr{pointer},i32,i32,ptr{pointer}	ptr{pointer},ptr{pointer},i32,i32,ptr{pointer}	2	0.001205
TOTAL	invoke	indirect	0	0	0	0	1	-	i32	ptr{pointer},ptr{pointer},ptr{pointer},i32,ptr{pointer},ptr{pointer},i32,ptr{pointer}	ptr{pointer},ptr{pointer},ptr{pointer},i32,ptr{pointer},ptr{pointer},i32,ptr{pointer}	2	0.001205
TOTAL	invoke	indirect	0	0	0	0	1	-	ptr{pointer}	ptr{pointer},ptr{pointer},ptr{pointer},ptr{pointer}	ptr{pointer},ptr{pointer},ptr{pointer},ptr{pointer}	2	0.001205
TOTAL	invoke	indirect	0	0	0	0	1	-	void	ptr{pointer},ptr{pointer},float,ptr{pointer}	ptr{pointer},ptr{pointer},float,ptr{pointer}	2	0.001205
TOTAL	invoke	indirect	0	0	0	0	1	-	void	ptr{pointer},ptr{pointer},i32,i32	ptr{pointer},ptr{pointer},i32,i32	2	0.001205
TOTAL	invoke	indirect	0	0	0	0	1	-	void	ptr{pointer},ptr{pointer},i32,ptr{pointer},i32,i32	ptr{pointer},ptr{pointer},i32,ptr{pointer},i32,i32	2	0.001205
TOTAL	invoke	indirect	0	0	0	0	1	-	void	ptr{pointer},ptr{pointer},ptr{pointer},float	ptr{pointer},ptr{pointer},ptr{pointer},float	2	0.001205
TOTAL	invoke	indirect	0	0	0	0	1	-	void	ptr{pointer},ptr{pointer},ptr{pointer},ptr{pointer},ptr{pointer},ptr{pointer}	ptr{pointer},ptr{pointer},ptr{pointer},ptr{pointer},ptr{pointer},ptr{pointer}	2	0.001205
TOTAL	call	direct	0	0	0	0	1	-	%class.btVector4	ptr{pointer}	ptr{pointer}	1	0.000603
TOTAL	call	direct	0	0	0	0	1	-	[2 x i64]	ptr{pointer},[2 x i64],[2 x i64],[2 x i64]	ptr{pointer},i64{consecutive},i64{consecutive,consecutive-last},i64{consecutive},i64{consecutive,consecutive-last},i64{consecutive},i64{consecutive,consecutive-last}	1	0.000603
TOTAL	call	direct	0	0	0	0	1	-	[2 x i64]	ptr{pointer},[2 x i64]	ptr{pointer},i64{consecutive},i64{consecutive,consecutive-last}	1	0.000603
TOTAL	call	direct	0	0	0	0	1	-	double	ptr{pointer},i32,i32,double,double,i32	ptr{pointer},i32,i32,double,double,i32	1	0.000603
TOTAL	call	direct	0	0	0	0	1	-	double	ptr{pointer},i32,i32,i32,double,double,i32	ptr{pointer},i32,i32,i32,double,double,i32	1	0.000603
TOTAL	call	direct	0	0	0	0	1	-	double	ptr{pointer},i64	ptr{pointer},i64	1	0.000603
TOTAL	call	direct	0	0	0	0	1	-	double	ptr{pointer},ptr{pointer},double,i32,i32,i16,i16,i16	ptr{pointer},ptr{pointer},double,i32,i32,i16,i16,i16	1	0.000603
TOTAL	call	direct	0	0	0	0	1	-	double	ptr{pointer},ptr{pointer},ptr{pointer},i64,ptr{pointer},i32,ptr{pointer}	ptr{pointer},ptr{pointer},ptr{pointer},i64,ptr{pointer},i32,ptr{pointer}	1	0.000603
TOTAL	call	direct	0	0	0	0	1	-	double	ptr{pointer},ptr{pointer},ptr{pointer},i64,ptr{pointer},ptr{pointer},ptr{pointer},ptr{pointer}	ptr{pointer},ptr{pointer},ptr{pointer},i64,ptr{pointer},ptr{pointer},ptr{pointer},ptr{pointer}	1	0.000603
TOTAL	call	direct	0	0	0	0	1	-	double	ptr{pointer},ptr{pointer},ptr{pointer},ptr{pointer},double,i1	ptr{pointer},ptr{pointer},ptr{pointer},ptr{pointer},double,i1	1	0.000603
TOTAL	call	direct	0	0	0	0	1	-	float	i32,i32,ptr{pointer},ptr{pointer},ptr{pointer},ptr{pointer},i32,i32	i32,i32,ptr{pointer},ptr{pointer},ptr{pointer},ptr{pointer},i32,i32	1	0.000603
TOTAL	call	direct	0	0	0	0	1	-	float	i32,i32,ptr{pointer},ptr{pointer},ptr{pointer},ptr{pointer},ptr{pointer},ptr{pointer},i32,i32,i32,i32,i32,ptr{pointer},ptr{pointer},ptr{pointer}	i32,i32,ptr{pointer},ptr{pointer},ptr{pointer},ptr{pointer},ptr{pointer},ptr{pointer},i32,i32,i32,i32,i32,ptr{pointer},ptr{pointer},ptr{pointer}	1	0.000603
TOTAL	call	direct	0	0	0	0	1	-	float	ptr{pointer},float,float,ptr{pointer},ptr{pointer},ptr{pointer},ptr{pointer},ptr{pointer},ptr{pointer},i32,ptr{pointer},ptr{pointer}	ptr{pointer},float,float,ptr{pointer},ptr{pointer},ptr{pointer},ptr{pointer},ptr{pointer},ptr{pointer},i32,ptr{pointer},ptr{pointer}	1	0.000603
TOTAL	call	direct	0	0	0	0	1	-	float	ptr{pointer},float,float	ptr{pointer},float,float	1	0.000603
TOTAL	call	direct	0	0	0	0	1	-	float	ptr{pointer},float,ptr{pointer},float,ptr{pointer},ptr{pointer},ptr{pointer},ptr{pointer}	ptr{pointer},float,ptr{pointer},float,ptr{pointer},ptr{pointer},ptr{pointer},ptr{pointer}	1	0.000603
TOTAL	call	direct	0	0	0	0	1	-	float	ptr{pointer},float,ptr{pointer},ptr{pointer},ptr{pointer}	ptr{pointer},float,ptr{pointer},ptr{pointer},ptr{pointer}	1	0.000603
TOTAL	call	direct	0	0	0	0	1	-	float	ptr{pointer},ptr{pointer},float,float,float,float,i32,i32,ptr{pointer},ptr{pointer},float	ptr{pointer},ptr{pointer},float,float,float,float,i32,i32,ptr{pointer},ptr{pointer},float	1	0.000603
TOTAL	call	direct	0	0	0	0	1	-	float	ptr{pointer},ptr{pointer},float	ptr{pointer},ptr{pointer},float	1	0.000603
TOTAL	call	direct	0	0	0	0	1	-	float	ptr{pointer},ptr{pointer},i32,i32,ptr{pointer},ptr{pointer},i32	ptr{pointer},ptr{pointer},i32,i32,ptr{pointer},ptr{pointer},i32	1	0.000603
TOTAL	call	direct	0	0	0	0	1	-	float	ptr{pointer},ptr{pointer},ptr{pointer},ptr{pointer},float	ptr{pointer},ptr{pointer},ptr{pointer},ptr{pointer},float	1	0.000603
TOTAL	call	direct	0	0	0	0	1	-	float	ptr{pointer},ptr{pointer},ptr{pointer},ptr{pointer},i32,i32,i32,ptr{pointer},ptr{pointer},ptr{pointer},ptr{pointer},ptr{pointer}	ptr{pointer},ptr{pointer},ptr{pointer},ptr{pointer},i32,i32,i32,ptr{pointer},ptr{pointer},ptr{pointer},ptr{pointer},ptr{pointer}	1	0.000603
TOTAL	call	direct	0	0	0	0	1	-	float	ptr{pointer},ptr{pointer},ptr{pointer},ptr{pointer},i32,i32,i32,ptr{pointer}	ptr{pointer},ptr{pointer},ptr{pointer},ptr{pointer},i32,i32,i32,ptr{pointer}	1	0.000603
TOTAL	call	direct	0	0	0	0	1	-	float	ptr{pointer},ptr{pointer},ptr{pointer},ptr{pointer},i32	ptr{pointer},ptr{pointer},ptr{pointer},ptr{pointer},i32	1	0.000603
TOTAL	call	direct	0	0	0	0	1	-	float	ptr{pointer},ptr{pointer},ptr{pointer},ptr{pointer},ptr{pointer},float,ptr{pointer},ptr{pointer}	ptr{pointer},ptr{pointer},ptr{pointer},ptr{pointer},ptr{pointer},float,ptr{pointer},ptr{pointer}	1	0.000603
TOTAL	call	direct	0	0	0	0	1	-	float	ptr{pointer},ptr{pointer},ptr{pointer},ptr{pointer},ptr{pointer},float	ptr{pointer},ptr{pointer},ptr{pointer},ptr{pointer},ptr{pointer},float	1	0.000603
TOTAL	call	direct	0	0	0	0	1	-	float	ptr{pointer},ptr{pointer},ptr{pointer},ptr{pointer},ptr{pointer},i32,i32,i32,i32,i32,i32	ptr{pointer},ptr{pointer},ptr{pointer},ptr{pointer},ptr{pointer},i32,i32,i32,i32,i32,i32	1	0.000603
TOTAL	call	direct	0	0	0	0	1	-	float	ptr{pointer},ptr{pointer},ptr{pointer},ptr{pointer},ptr{pointer},ptr{pointer},ptr{pointer},ptr{pointer},ptr{pointer},ptr{pointer},ptr{pointer},i32,i32	ptr{pointer},ptr{pointer},ptr{pointer},ptr{pointer},ptr{pointer},ptr{pointer},ptr{pointer},ptr{pointer},ptr{pointer},ptr{pointer},ptr{pointer},i32,i32	1	0.000603
TOTAL	call	direct	0	0	0	0	1	-	float	ptr{pointer},ptr{pointer},ptr{pointer},ptr{pointer},ptr{pointer},ptr{pointer},ptr{pointer},ptr{pointer},ptr{pointer},ptr{pointer},ptr{pointer},ptr{pointer},i32,i32	ptr{pointer},ptr{pointer},ptr{pointer},ptr{pointer},ptr{pointer},ptr{pointer},ptr{pointer},ptr{pointer},ptr{pointer},ptr{pointer},ptr{pointer},ptr{pointer},i32,i32	1	0.000603
TOTAL	call	direct	0	0	0	0	1	-	float	ptr{pointer},ptr{pointer},ptr{pointer},ptr{pointer},ptr{pointer},ptr{pointer},ptr{pointer},ptr{pointer},ptr{pointer},ptr{pointer}	ptr{pointer},ptr{pointer},ptr{pointer},ptr{pointer},ptr{pointer},ptr{pointer},ptr{pointer},ptr{pointer},ptr{pointer},ptr{pointer}	1	0.000603
TOTAL	call	direct	0	0	0	0	1	-	float	ptr{pointer},ptr{pointer},ptr{pointer},ptr{pointer},ptr{pointer},ptr{pointer},ptr{pointer},ptr{pointer},ptr{pointer}	ptr{pointer},ptr{pointer},ptr{pointer},ptr{pointer},ptr{pointer},ptr{pointer},ptr{pointer},ptr{pointer},ptr{pointer}	1	0.000603
TOTAL	call	direct	0	0	0	0	1	-	float	ptr{pointer},ptr{pointer},ptr{pointer},ptr{pointer},ptr{pointer},ptr{pointer},ptr{pointer}	ptr{pointer},ptr{pointer},ptr{pointer},ptr{pointer},ptr{pointer},ptr{pointer},ptr{pointer}	1	0.000603
TOTAL	call	direct	0	0	0	0	1	-	float	ptr{pointer},ptr{pointer},ptr{pointer},ptr{pointer},ptr{pointer},ptr{pointer}	ptr{pointer},ptr{pointer},ptr{pointer},ptr{pointer},ptr{pointer},ptr{pointer}	1	0.000603
TOTAL	call	direct	0	0	0	0	1	-	i16	ptr{pointer},ptr{pointer},ptr{pointer},ptr{pointer},i16,i16,ptr{pointer},ptr{pointer}	ptr{pointer},ptr{pointer},ptr{pointer},ptr{pointer},i16,i16,ptr{pointer},ptr{pointer}	1	0.000603
TOTAL	call	direct	0	0	0	0	1	-	i1	double,double,i64	double,double,i64	1	0.000603
TOTAL	call	direct	0	0	0	0	1	-	i1	i16	i16	1	0.000603
TOTAL	call	direct	0	0	0	0	1	-	i1	i1,i1	i1,i1	1	0.000603
TOTAL	call	direct	0	0	0	0	1	-	i1	i32,i32,i32,i32,i32,i32,ptr{pointer}	i32,i32,i32,i32,i32,i32,ptr{pointer}	1	0.000603
TOTAL	call	direct	0	0	0	0	1	-	i1	i8,i8	i8,i8	1	0.000603
TOTAL	call	direct	0	0	0	0	1	-	i1	ptr{pointer},[2 x i64],[2 x i64]	ptr{pointer},i64{consecutive},i64{consecutive,consecutive-last},i64{consecutive},i64{consecutive,consecutive-last}	1	0.000603
TOTAL	call	direct	0	0	0	0	1	-	i1	ptr{pointer},i1,i1	ptr{pointer},i1,i1	1	0.000603
TOTAL	call	direct	0	0	0	0	1	-	i1	ptr{pointer},i32,i32,float	ptr{pointer},i32,i32,float	1	0.000603
TOTAL	call	direct	0	0	0	0	1	-	i1	ptr{pointer},i32,i32,i32	ptr{pointer},i32,i32,i32	1	0.000603
TOTAL	call	direct	0	0	0	0	1	-	i1	ptr{pointer},ptr{pointer},i1,i1,i1	ptr{pointer},ptr{pointer},i1,i1,i1	1	0.000603
TOTAL	call	direct	0	0	0	0	1	-	i1	ptr{pointer},ptr{pointer},i32,i1	ptr{pointer},ptr{pointer},i32,i1	1	0.000603
TOTAL	call	direct	0	0	0	0	1	-	i1	ptr{pointer},ptr{pointer},i32,i32,i32	ptr{pointer},ptr{pointer},i32,i32,i32	1	0.000603
TOTAL	call	direct	0	0	0	0	1	-	i1	ptr{pointer},ptr{pointer},ptr{pointer},float,ptr{pointer}	ptr{pointer},ptr{pointer},ptr{pointer},float,ptr{pointer}	1	0.000603
TOTAL	call	direct	0	0	0	0	1	-	i1	ptr{pointer},ptr{pointer},ptr{pointer},ptr{pointer},float,ptr{pointer},ptr{pointer},ptr{pointer},float,ptr{pointer}	ptr{pointer},ptr{pointer},ptr{pointer},ptr{pointer},float,ptr{pointer},ptr{pointer},ptr{pointer},float,ptr{pointer}	1	0.000603
TOTAL	call	direct	0	0	0	0	1	-	i1	ptr{pointer},ptr{pointer},ptr{pointer},ptr{pointer},ptr{pointer},ptr{pointer},float	ptr{pointer},ptr{pointer},ptr{pointer},ptr{pointer},ptr{pointer},ptr{pointer},float	1	0.000603
TOTAL	call	direct	0	0	0	0	1	-	i1	ptr{pointer},ptr{pointer},ptr{pointer},ptr{pointer},ptr{pointer},ptr{pointer},ptr{pointer}	ptr{pointer},ptr{pointer},ptr{pointer},ptr{pointer},ptr{pointer},ptr{pointer},ptr{pointer}	1	0.000603
TOTAL	call	direct	0	0	0	0	1	-	i32	double,double,i32,i32,double	double,double,i32,i32,double	1	0.000603
TOTAL	call	direct	0	0	0	0	1	-	i32	float,float,i32,i32,double	float,float,i32,i32,double	1	0.000603
TOTAL	call	direct	0	0	0	0	1	-	i32	i16,i16,ptr{pointer}	i16,i16,ptr{pointer}	1	0.000603
TOTAL	call	direct	0	0	0	0	1	-	i32	i16,i32,i32,i32,i32,i32,ptr{pointer}	i16,i32,i32,i32,i32,i32,ptr{pointer}	1	0.000603
TOTAL	call	direct	0	0	0	0	1	-	i32	i16,i32,ptr{pointer}	i16,i32,ptr{pointer}	1	0.000603
TOTAL	call	direct	0	0	0	0	1	-	i32	i16,i64,ptr{pointer}	i16,i64,ptr{pointer}	1	0.000603
TOTAL	call	direct	0	0	0	0	1	-	i32	i32,i32,double,ptr{pointer}	i32,i32,double,ptr{pointer}	1	0.000603
TOTAL	call	direct	0	0	0	0	1	-	i32	i32,i32,i16,i16,i32,i32	i32,i32,i16,i16,i32,i32	1	0.000603
TOTAL	call	direct	0	0	0	0	1	-	i32	i32,i32,i32,ptr{pointer},ptr{pointer}	i32,i32,i32,ptr{pointer},ptr{pointer}	1	0.000603
TOTAL	call	direct	0	0	0	0	1	-	i32	i32,i64,i32,ptr{pointer},i64,ptr{pointer},ptr{pointer}	i32,i64,i32,ptr{pointer},i64,ptr{pointer},ptr{pointer}	1	0.000603
TOTAL	call	direct	0	0	0	0	1	-	i32	i32,i64,ptr{pointer},ptr{pointer}	i32,i64,ptr{pointer},ptr{pointer}	1	0.000603
TOTAL	call	direct	0	0	0	0	1	-	i32	i32,i64,ptr{pointer}	i32,i64,ptr{pointer}	1	0.000603
TOTAL	call	direct	0	0	0	0	1	-	i32	i32,i8,i8	i32,i8,i8	1	0.000603
TOTAL	call	direct	0	0	0	0	1	-	i32	i32,ptr{pointer},i16	i32,ptr{pointer},i16	1	0.000603
TOTAL	call	direct	0	0	0	0	1	-	i32	i32,ptr{pointer},i32,i32,i32,i32,i32,i32,ptr{pointer},ptr{pointer},i32	i32,ptr{pointer},i32,i32,i32,i32,i32,i32,ptr{pointer},ptr{pointer},i32	1	0.000603
TOTAL	call	direct	0	0	0	0	1	-	i32	i32,ptr{pointer},i32,ptr{pointer},i32,i32,i32,i32,i32	i32,ptr{pointer},i32,ptr{pointer},i32,i32,i32,i32,i32	1	0.000603
TOTAL	call	direct	0	0	0	0	1	-	i32	i32,ptr{pointer},i64,ptr{pointer},i64	i32,ptr{pointer},i64,ptr{pointer},i64	1	0.000603
TOTAL	call	direct	0	0	0	0	1	-	i32	i32,ptr{pointer},ptr{pointer},ptr{pointer},ptr{pointer},ptr{pointer},i64	i32,ptr{pointer},ptr{pointer},ptr{pointer},ptr{pointer},ptr{pointer},i64	1	0.000603
TOTAL	call	direct	0	0	0	0	1	-	i32	i64,ptr{pointer},i32,i32,i32,i32,ptr{pointer}	i64,ptr{pointer},i32,i32,i32,i32,ptr{pointer}	1	0.000603
TOTAL	call	direct	0	0	0	0	1	-	i32	i8,i32	i8,i32	1	0.000603
TOTAL	call	direct	0	0	0	0	1	-	i32	i8,ptr{pointer},ptr{pointer},ptr{pointer},ptr{pointer},i32	i8,ptr{pointer},ptr{pointer},ptr{pointer},ptr{pointer},i32	1	0.000603
TOTAL	call	direct	0	0	0	0	1	-	i32	ptr{pointer},float	ptr{pointer},float	1	0.000603
TOTAL	call	direct	0	0	0	0	1	-	i32	ptr{pointer},i16,i16,i32,i64	ptr{pointer},i16,i16,i32,i64	1	0.000603
TOTAL	call	direct	0	0	0	0	1	-	i32	ptr{pointer},i16,i16,i32,ptr{pointer},ptr{pointer},i64	ptr{pointer},i16,i16,i32,ptr{pointer},ptr{pointer},i64	1	0.000603
TOTAL	call	direct	0	0	0	0	1	-	i32	ptr{pointer},i16,i32,i32,i32,i32,ptr{pointer},ptr{pointer},i32,i32,i32,ptr{pointer}	ptr{pointer},i16,i32,i32,i32,i32,ptr{pointer},ptr{pointer},i32,i32,i32,ptr{pointer}	1	0.000603
TOTAL	call	direct	0	0	0	0	1	-	i32	ptr{pointer},i16,i32,i32,ptr{pointer},ptr{pointer},i32,i32,i32,ptr{pointer},ptr{pointer},i32,i32,i32	ptr{pointer},i16,i32,i32,ptr{pointer},ptr{pointer},i32,i32,i32,ptr{pointer},ptr{pointer},i32,i32,i32	1	0.000603
TOTAL	call	direct	0	0	0	0	1	-	i32	ptr{pointer},i16,i32,i32,ptr{pointer},ptr{pointer},i32,i32,i32,ptr{pointer},ptr{pointer},ptr{pointer},ptr{pointer},i32,i32,i32	ptr{pointer},i16,i32,i32,ptr{pointer},ptr{pointer},i32,i32,i32,ptr{pointer},ptr{pointer},ptr{pointer},ptr{pointer},i32,i32,i32	1	0.000603
TOTAL	call	direct	0	0	0	0	1	-	i32	ptr{pointer},i16,ptr{pointer},ptr{pointer}	ptr{pointer},i16,ptr{pointer},ptr{pointer}	1	0.000603
TOTAL	call	direct	0	0	0	0	1	-	i32	ptr{pointer},i32,float	ptr{pointer},i32,float	1	0.000603
TOTAL	call	direct	0	0	0	0	1	-	i32	ptr{pointer},i32,i16,ptr{pointer},ptr{pointer}	ptr{pointer},i32,i16,ptr{pointer},ptr{pointer}	1	0.000603
TOTAL	call	direct	0	0	0	0	1	-	i32	ptr{pointer},i32,i32,i32,i32,i32,i32	ptr{pointer},i32,i32,i32,i32,i32,i32	1	0.000603
TOTAL	call	direct	0	0	0	0	1	-	i32	ptr{pointer},i32,i32,i32,i32,i32,ptr{pointer},i32,i16	ptr{pointer},i32,i32,i32,i32,i32,ptr{pointer},i32,i16	1	0.000603
TOTAL	call	direct	0	0	0	0	1	-	i32	ptr{pointer},i32,i32,i32,i32,ptr{pointer},i32,ptr{pointer},i32	ptr{pointer},i32,i32,i32,i32,ptr{pointer},i32,ptr{pointer},i32	1	0.000603
TOTAL	call	direct	0	0	0	0	1	-	i32	ptr{pointer},i32,i32,i8	ptr{pointer},i32,i32,i8	1	0.000603
TOTAL	call	direct	0	0	0	0	1	-	i32	ptr{pointer},i32,i32,ptr{pointer},i32,i32,i32,i32,i32,i32,i32	ptr{pointer},i32,i32,ptr{pointer},i32,i32,i32,i32,i32,i32,i32	1	0.000603
TOTAL	call	direct	0	0	0	0	1	-	i32	ptr{pointer},i32,i64,i64	ptr{pointer},i32,i64,i64	1	0.000603
TOTAL	call	direct	0	0	0	0	1	-	i32	ptr{pointer},i32,ptr{pointer},i16,i32,i32,i32	ptr{pointer},i32,ptr{pointer},i16,i32,i32,i32	1	0.000603
TOTAL	call	direct	0	0	0	0	1	-	i32	ptr{pointer},i32,ptr{pointer},i32,i32,i32,ptr{pointer}	ptr{pointer},i32,ptr{pointer},i32,i32,i32,ptr{pointer}	1	0.000603
TOTAL	call	direct	0	0	0	0	1	-	i32	ptr{pointer},i32,ptr{pointer},i32,i32,i32	ptr{pointer},i32,ptr{pointer},i32,i32,i32	1	0.000603
TOTAL	call	direct	0	0	0	0	1	-	i32	ptr{pointer},i32,ptr{pointer},ptr{pointer},i32,ptr{pointer}	ptr{pointer},i32,ptr{pointer},ptr{pointer},i32,ptr{pointer}	1	0.000603
TOTAL	call	direct	0	0	0	0	1	-	i32	ptr{pointer},i64,i64,ptr{pointer}	ptr{pointer},i64,i64,ptr{pointer}	1	0.000603
TOTAL	call	direct	0	0	0	0	1	-	i32	ptr{pointer},i64,ptr{pointer},i32,ptr{pointer}	ptr{pointer},i64,ptr{pointer},i32,ptr{pointer}	1	0.000603
TOTAL	call	direct	0	0	0	0	1	-	i32	ptr{pointer},i64,ptr{pointer},ptr{pointer},ptr{pointer}	ptr{pointer},i64,ptr{pointer},ptr{pointer},ptr{pointer}	1	0.000603
TOTAL	call	direct	0	0	0	0	1	-	i32	ptr{pointer},i8,i32	ptr{pointer},i8,i32	1	0.000603
TOTAL	call	direct	0	0	0	0	1	-	i32	ptr{pointer},ptr{pointer},i32,ptr{pointer},i64	ptr{pointer},ptr{pointer},i32,ptr{pointer},i64	1	0.000603
TOTAL	call	direct	0	0	0	0	1	-	i32	ptr{pointer},ptr{pointer},i32,ptr{pointer},ptr{pointer},i32	ptr{pointer},ptr{pointer},i32,ptr{pointer},ptr{pointer},i32	1	0.000603
TOTAL	call	direct	0	0	0	0	1	-	i32	ptr{pointer},ptr{pointer},i32,ptr{pointer},ptr{pointer},ptr{pointer},ptr{pointer},ptr{pointer},ptr{pointer}	ptr{pointer},ptr{pointer},i32,ptr{pointer},ptr{pointer},ptr{pointer},ptr{pointer},ptr{pointer},ptr{pointer}	1	0.000603
TOTAL	call	direct	0	0	0	0	1	-	i32	ptr{pointer},ptr{pointer},i32,ptr{pointer},ptr{pointer},ptr{pointer},ptr{pointer},ptr{pointer}	ptr{pointer},ptr{pointer},i32,ptr{pointer},ptr{pointer},ptr{pointer},ptr{pointer},ptr{pointer}	1	0.000603
TOTAL	call	direct	0	0	0	0	1	-	i32	ptr{pointer},ptr{pointer},ptr{pointer},i32,i32,i32,i32	ptr{pointer},ptr{pointer},ptr{pointer},i32,i32,i32,i32	1	0.000603
TOTAL	call	direct	0	0	0	0	1	-	i32	ptr{pointer},ptr{pointer},ptr{pointer},i32,i32,i32	ptr{pointer},ptr{pointer},ptr{pointer},i32,i32,i32	1	0.000603
TOTAL	call	direct	0	0	0	0	1	-	i32	ptr{pointer},ptr{pointer},ptr{pointer},i32,ptr{pointer},i32,ptr{pointer}	ptr{pointer},ptr{pointer},ptr{pointer},i32,ptr{pointer},i32,ptr{pointer}	1	0.000603
TOTAL	call	direct	0	0	0	0	1	-	i32	ptr{pointer},ptr{pointer},ptr{pointer},ptr{pointer},i16,i16,ptr{pointer},ptr{pointer}	ptr{pointer},ptr{pointer},ptr{pointer},ptr{pointer},i16,i16,ptr{pointer},ptr{pointer}	1	0.000603
TOTAL	call	direct	0	0	0	0	1	-	i32	ptr{pointer},ptr{pointer},ptr{pointer},ptr{pointer},i64,i32,ptr{pointer},ptr{pointer},ptr{pointer}	ptr{pointer},ptr{pointer},ptr{pointer},ptr{pointer},i64,i32,ptr{pointer},ptr{pointer},ptr{pointer}	1	0.000603
TOTAL	call	direct	0	0	0	0	1	-	i32	ptr{pointer},ptr{pointer},ptr{pointer},ptr{pointer},ptr{pointer},i32,i32,ptr{pointer}	ptr{pointer},ptr{pointer},ptr{pointer},ptr{pointer},ptr{pointer},i32,i32,ptr{pointer}	1	0.000603
TOTAL	call	direct	0	0	0	0	1	-	i32	ptr{pointer},ptr{pointer},ptr{pointer},ptr{pointer},ptr{pointer},i64	ptr{pointer},ptr{pointer},ptr{pointer},ptr{pointer},ptr{pointer},i64	1	0.000603
TOTAL	call	direct	0	0	0	0	1	-	i32	ptr{pointer},ptr{pointer},ptr{pointer},ptr{pointer},ptr{pointer},ptr{pointer},i1,i1,i1,ptr{pointer},i1,ptr{pointer},ptr{pointer},ptr{pointer},ptr{pointer},ptr{pointer}	ptr{pointer},ptr{pointer},ptr{pointer},ptr{pointer},ptr{pointer},ptr{pointer},i1,i1,i1,ptr{pointer},i1,ptr{pointer},ptr{pointer},ptr{pointer},ptr{pointer},ptr{pointer}	1	0.000603
TOTAL	call	direct	0	0	0	0	1	-	i32	ptr{pointer},ptr{pointer},ptr{pointer},ptr{pointer},ptr{pointer},ptr{pointer},i1	ptr{pointer},ptr{pointer},ptr{pointer},ptr{pointer},ptr{pointer},ptr{pointer},i1	1	0.000603
TOTAL	call	direct	0	0	0	0	1	-	i32	ptr{pointer},ptr{pointer},ptr{pointer},ptr{pointer},ptr{pointer},ptr{pointer},ptr{pointer},ptr{pointer},ptr{pointer},i32,ptr{pointer},i32,ptr{pointer}	ptr{pointer},ptr{pointer},ptr{pointer},ptr{pointer},ptr{pointer},ptr{pointer},ptr{pointer},ptr{pointer},ptr{pointer},i32,ptr{pointer},i32,ptr{pointer}	1	0.000603
TOTAL	call	direct	0	0	0	0	1	-	i32	ptr{pointer},ptr{pointer},ptr{pointer},ptr{pointer},ptr{pointer},ptr{pointer},ptr{pointer},ptr{pointer}	ptr{pointer},ptr{pointer},ptr{pointer},ptr{pointer},ptr{pointer},ptr{pointer},ptr{pointer},ptr{pointer}	1	0.000603
TOTAL	call	direct	0	0	0	0	1	-	i64	i1,i32	i1,i32	1	0.000603
TOTAL	call	direct	0	0	0	0	1	-	i64	i32,i32,i64	i32,i32,i64	1	0.000603
TOTAL	call	direct	0	0	0	0	1	-	i64	i32,i64,i64,i64	i32,i64,i64,i64	1	0.000603
TOTAL	call	direct	0	0	0	0	1	-	i64	i64,i64,i64,i64,i32	i64,i64,i64,i64,i32	1	0.000603
TOTAL	call	direct	0	0	0	0	1	-	i64	ptr{pointer},i64,i32	ptr{pointer},i64,i32	1	0.000603
TOTAL	call	direct	0	0	0	0	1	-	i64	ptr{pointer},ptr{pointer},i32,i32,ptr{pointer},ptr{pointer}	ptr{pointer},ptr{pointer},i32,i32,ptr{pointer},ptr{pointer}	1	0.000603
TOTAL	call	direct	0	0	0	0	1	-	i64	ptr{pointer},ptr{pointer},i32,ptr{pointer}	ptr{pointer},ptr{pointer},i32,ptr{pointer}	1	0.000603
TOTAL	call	direct	0	0	0	0	1	-	i64	ptr{pointer},ptr{pointer},i64,ptr{pointer}	ptr{pointer},ptr{pointer},i64,ptr{pointer}	1	0.000603
TOTAL	call	direct	0	0	0	0	1	-	i64	ptr{pointer},ptr{pointer},ptr{pointer},i64	ptr{pointer},ptr{pointer},ptr{pointer},i64	1	0.000603
TOTAL	call	direct	0	0	0	0	1	-	i8	ptr{pointer},i32,i32	ptr{pointer},i32,i32	1	0.000603
TOTAL	call	direct	0	0	0	0	1	-	i8	ptr{pointer},ptr{pointer},i32	ptr{pointer},ptr{pointer},i32	1	0.000603
TOTAL	call	direct	0	0	0	0	1	-	ptr{pointer}	[2 x ptr],[2 x ptr],ptr{pointer}	ptr{consecutive},ptr{consecutive,consecutive-last},ptr{consecutive},ptr{consecutive,consecutive-last},ptr{pointer}	1	0.000603
TOTAL	call	direct	0	0	0	0	1	-	ptr{pointer}	double	double	1	0.000603
TOTAL	call	direct	0	0	0	0	1	-	ptr{pointer}	i32,i32,i32,i8	i32,i32,i32,i8	1	0.000603
TOTAL	call	direct	0	0	0	0	1	-	ptr{pointer}	i32,i64,ptr{pointer}	i32,i64,ptr{pointer}	1	0.000603
TOTAL	call	direct	0	0	0	0	1	-	ptr{pointer}	ptr{pointer},double	ptr{pointer},double	1	0.000603
TOTAL	call	direct	0	0	0	0	1	-	ptr{pointer}	ptr{pointer},i32,i1	ptr{pointer},i32,i1	1	0.000603
TOTAL	call	direct	0	0	0	0	1	-	ptr{pointer}	ptr{pointer},i64,i64,ptr{pointer}	ptr{pointer},i64,i64,ptr{pointer}	1	0.000603
TOTAL	call	direct	0	0	0	0	1	-	ptr{pointer}	ptr{pointer},i8,i32	ptr{pointer},i8,i32	1	0.000603
TOTAL	call	direct	0	0	0	0	1	-	ptr{pointer}	ptr{pointer},i8,ptr{pointer}	ptr{pointer},i8,ptr{pointer}	1	0.000603
TOTAL	call	direct	0	0	0	0	1	-	ptr{pointer}	ptr{pointer},ptr{pointer},i32,i32,i32,i32,ptr{pointer}	ptr{pointer},ptr{pointer},i32,i32,i32,i32,ptr{pointer}	1	0.000603
TOTAL	call	direct	0	0	0	0	1	-	ptr{pointer}	ptr{pointer},ptr{pointer},i32,i32,ptr{pointer}	ptr{pointer},ptr{pointer},i32,i32,ptr{pointer}	1	0.000603
TOTAL	call	direct	0	0	0	0	1	-	ptr{pointer}	ptr{pointer},ptr{pointer},i32,ptr{pointer},i32,ptr{pointer},i32	ptr{pointer},ptr{pointer},i32,ptr{pointer},i32,ptr{pointer},i32	1	0.000603
TOTAL	call	direct	0	0	0	0	1	-	ptr{pointer}	ptr{pointer},ptr{pointer},i32,ptr{pointer},ptr{pointer},ptr{pointer},ptr{pointer}	ptr{pointer},ptr{pointer},i32,ptr{pointer},ptr{pointer},ptr{pointer},ptr{pointer}	1	0.000603
TOTAL	call	direct	0	0	0	0	1	-	ptr{pointer}	ptr{pointer},ptr{pointer},ptr{pointer},i32,i32,ptr{pointer}	ptr{pointer},ptr{pointer},ptr{pointer},i32,i32,ptr{pointer}	1	0.000603
TOTAL	call	direct	0	0	0	0	1	-	ptr{pointer}	ptr{pointer},ptr{pointer},ptr{pointer},ptr{pointer},i32,i32	ptr{pointer},ptr{pointer},ptr{pointer},ptr{pointer},i32,i32	1	0.000603
TOTAL	call	direct	0	0	0	0	1	-	ptr{pointer}	ptr{pointer},ptr{pointer},ptr{pointer},ptr{pointer},ptr{pointer},ptr{pointer},ptr{pointer},ptr{pointer},ptr{pointer}	ptr{pointer},ptr{pointer},ptr{pointer},ptr{pointer},ptr{pointer},ptr{pointer},ptr{pointer},ptr{pointer},ptr{pointer}	1	0.000603
TOTAL	call	direct	0	0	0	0	1	-	void	double,ptr{pointer},ptr{pointer},double,ptr{pointer},ptr{pointer},ptr{pointer},ptr{pointer},ptr{pointer},ptr{pointer},ptr{pointer},i1,i1	double,ptr{pointer},ptr{pointer},double,ptr{pointer},ptr{pointer},ptr{pointer},ptr{pointer},ptr{pointer},ptr{pointer},ptr{pointer},i1,i1	1	0.000603
TOTAL	call	direct	0	0	0	0	1	-	void	double,ptr{pointer},ptr{pointer},ptr{pointer},double,ptr{pointer},ptr{pointer},ptr{pointer},ptr{pointer},ptr{pointer},ptr{pointer},ptr{pointer},ptr{pointer},ptr{pointer},ptr{pointer},ptr{pointer},ptr{pointer},i1,double,double,i1,i1	double,ptr{pointer},ptr{pointer},ptr{pointer},double,ptr{pointer},ptr{pointer},ptr{pointer},ptr{pointer},ptr{pointer},ptr{pointer},ptr{pointer},ptr{pointer},ptr{pointer},ptr{pointer},ptr{pointer},ptr{pointer},i1,double,double,i1,i1	1	0.000603
TOTAL	call	direct	0	0	0	0	1	-	void	double,ptr{pointer},ptr{pointer}	double,ptr{pointer},ptr{pointer}	1	0.000603
TOTAL	call	direct	0	0	0	0	1	-	void	float,float	float,float	1	0.000603
TOTAL	call	direct	0	0	0	0	1	-	void	i32,i16,i32,i32,i32,i32,i32,ptr{pointer},i32,ptr{pointer}	i32,i16,i32,i32,i32,i32,i32,ptr{pointer},i32,ptr{pointer}	1	0.000603
TOTAL	call	direct	0	0	0	0	1	-	void	i32,i32,i16,i32,i32,ptr{pointer},ptr{pointer},i32,i32,i32,i32,i32,i32,i32,i32	i32,i32,i16,i32,i32,ptr{pointer},ptr{pointer},i32,i32,i32,i32,i32,i32,i32,i32	1	0.000603
TOTAL	call	direct	0	0	0	0	1	-	void	i32,i32,i32,i32,i16,i16,i32	i32,i32,i32,i32,i16,i16,i32	1	0.000603
TOTAL	call	direct	0	0	0	0	1	-	void	i32,i32,i32,i32,i32,i32,i16,i16	i32,i32,i32,i32,i32,i32,i16,i16	1	0.000603
TOTAL	call	direct	0	0	0	0	1	-	void	i32,i32,i32,i32,i32,i32,i32,i32	i32,i32,i32,i32,i32,i32,i32,i32	1	0.000603
TOTAL	call	direct	0	0	0	0	1	-	void	i32,i32,i32,i32,i32,i32	i32,i32,i32,i32,i32,i32	1	0.000603
TOTAL	call	direct	0	0	0	0	1	-	void	i32,i32,i32,i32,i32,ptr{pointer},ptr{pointer}	i32,i32,i32,i32,i32,ptr{pointer},ptr{pointer}	1	0.000603
TOTAL	call	direct	0	0	0	0	1	-	void	i32,i32,i32,i32	i32,i32,i32,i32	1	0.000603
TOTAL	call	direct	0	0	0	0	1	-	void	i32,i32,ptr{pointer},i32	i32,i32,ptr{pointer},i32	1	0.000603
TOTAL	call	direct	0	0	0	0	1	-	void	i32,ptr{pointer},i32,i32,ptr{pointer}	i32,ptr{pointer},i32,i32,ptr{pointer}	1	0.000603
TOTAL	call	direct	0	0	0	0	1	-	void	i32,ptr{pointer},ptr{pointer},i32,i1,i32	i32,ptr{pointer},ptr{pointer},i32,i1,i32	1	0.000603
TOTAL	call	direct	0	0	0	0	1	-	void	i64,ptr{pointer},ptr{pointer},ptr{pointer}	i64,ptr{pointer},ptr{pointer},ptr{pointer}	1	0.000603
TOTAL	call	direct	0	0	0	0	1	-	void	i8,i8	i8,i8	1	0.000603
TOTAL	call	direct	0	0	0	0	1	-	void	ptr{pointer},double,double	ptr{pointer},double,double	1	0.000603
TOTAL	call	direct	0	0	0	0	1	-	void	ptr{pointer},double,i1	ptr{pointer},double,i1	1	0.000603
TOTAL	call	direct	0	0	0	0	1	-	void	ptr{pointer},float,i1	ptr{pointer},float,i1	1	0.000603
TOTAL	call	direct	0	0	0	0	1	-	void	ptr{pointer},float,ptr{pointer},ptr{pointer},i32,i32,i32,ptr{pointer},ptr{pointer},ptr{pointer},ptr{pointer},ptr{pointer},i32,i32,ptr{pointer},ptr{pointer},ptr{pointer},ptr{pointer}	ptr{pointer},float,ptr{pointer},ptr{pointer},i32,i32,i32,ptr{pointer},ptr{pointer},ptr{pointer},ptr{pointer},ptr{pointer},i32,i32,ptr{pointer},ptr{pointer},ptr{pointer},ptr{pointer}	1	0.000603
TOTAL	call	direct	0	0	0	0	1	-	void	ptr{pointer},i16,i32,i32	ptr{pointer},i16,i32,i32	1	0.000603
TOTAL	call	direct	0	0	0	0	1	-	void	ptr{pointer},i16,i64,i1	ptr{pointer},i16,i64,i1	1	0.000603
TOTAL	call	direct	0	0	0	0	1	-	void	ptr{pointer},i16,i64,i64,i1	ptr{pointer},i16,i64,i64,i1	1	0.000603
TOTAL	call	direct	0	0	0	0	1	-	void	ptr{pointer},i16,ptr{pointer},ptr{pointer},ptr{pointer}	ptr{pointer},i16,ptr{pointer},ptr{pointer},ptr{pointer}	1	0.000603
TOTAL	call	direct	0	0	0	0	1	-	void	ptr{pointer},i1,i32	ptr{pointer},i1,i32	1	0.000603
TOTAL	call	direct	0	0	0	0	1	-	void	ptr{pointer},i1,ptr{pointer},i1	ptr{pointer},i1,ptr{pointer},i1	1	0.000603
TOTAL	call	direct	0	0	0	0	1	-	void	ptr{pointer},i32,i32,i1	ptr{pointer},i32,i32,i1	1	0.000603
TOTAL	call	direct	0	0	0	0	1	-	void	ptr{pointer},i32,i32,ptr{pointer},ptr{pointer},ptr{pointer},ptr{pointer},ptr{pointer}	ptr{pointer},i32,i32,ptr{pointer},ptr{pointer},ptr{pointer},ptr{pointer},ptr{pointer}	1	0.000603
TOTAL	call	direct	0	0	0	0	1	-	void	ptr{pointer},i32,i32,ptr{pointer},ptr{pointer},ptr{pointer}	ptr{pointer},i32,i32,ptr{pointer},ptr{pointer},ptr{pointer}	1	0.000603
TOTAL	call	direct	0	0	0	0	1	-	void	ptr{pointer},i32,ptr{pointer},i32,i32,i32	ptr{pointer},i32,ptr{pointer},i32,i32,i32	1	0.000603
TOTAL	call	direct	0	0	0	0	1	-	void	ptr{pointer},i32,ptr{pointer},i32,i32,ptr{pointer},i32	ptr{pointer},i32,ptr{pointer},i32,i32,ptr{pointer},i32	1	0.000603
TOTAL	call	direct	0	0	0	0	1	-	void	ptr{pointer},i32,ptr{pointer},i32,ptr{pointer},ptr{pointer},ptr{pointer}	ptr{pointer},i32,ptr{pointer},i32,ptr{pointer},ptr{pointer},ptr{pointer}	1	0.000603
TOTAL	call	direct	0	0	0	0	1	-	void	ptr{pointer},i32,ptr{pointer},ptr{pointer},ptr{pointer},ptr{pointer}	ptr{pointer},i32,ptr{pointer},ptr{pointer},ptr{pointer},ptr{pointer}	1	0.000603
TOTAL	call	direct	0	0	0	0	1	-	void	ptr{pointer},i64,i64,i32,ptr{pointer}	ptr{pointer},i64,i64,i32,ptr{pointer}	1	0.000603
TOTAL	call	direct	0	0	0	0	1	-	void	ptr{pointer},i64,ptr{pointer},i64,i32,ptr{pointer},i64	ptr{pointer},i64,ptr{pointer},i64,i32,ptr{pointer},i64	1	0.000603
TOTAL	call	direct	0	0	0	0	1	-	void	ptr{pointer},i64,ptr{pointer},ptr{pointer},ptr{pointer}	ptr{pointer},i64,ptr{pointer},ptr{pointer},ptr{pointer}	1	0.000603
TOTAL	call	direct	0	0	0	0	1	-	void	ptr{pointer},i8,i64,ptr{pointer}	ptr{pointer},i8,i64,ptr{pointer}	1	0.000603
TOTAL	call	direct	0	0	0	0	1	-	void	ptr{pointer},ptr{pointer},double,double	ptr{pointer},ptr{pointer},double,double	1	0.000603
TOTAL	call	direct	0	0	0	0	1	-	void	ptr{pointer},ptr{pointer},float,float	ptr{pointer},ptr{pointer},float,float	1	0.000603
TOTAL	call	direct	0	0	0	0	1	-	void	ptr{pointer},ptr{pointer},float,i32	ptr{pointer},ptr{pointer},float,i32	1	0.000603
TOTAL	call	direct	0	0	0	0	1	-	void	ptr{pointer},ptr{pointer},float,ptr{pointer},i32,i64	ptr{pointer},ptr{pointer},float,ptr{pointer},i32,i64	1	0.000603
TOTAL	call	direct	0	0	0	0	1	-	void	ptr{pointer},ptr{pointer},i16,ptr{pointer},ptr{pointer},ptr{pointer},ptr{pointer},ptr{pointer}	ptr{pointer},ptr{pointer},i16,ptr{pointer},ptr{pointer},ptr{pointer},ptr{pointer},ptr{pointer}	1	0.000603
TOTAL	call	direct	0	0	0	0	1	-	void	ptr{pointer},ptr{pointer},i16,ptr{pointer}	ptr{pointer},ptr{pointer},i16,ptr{pointer}	1	0.000603
TOTAL	call	direct	0	0	0	0	1	-	void	ptr{pointer},ptr{pointer},i1,i32	ptr{pointer},ptr{pointer},i1,i32	1	0.000603
TOTAL	call	direct	0	0	0	0	1	-	void	ptr{pointer},ptr{pointer},i1,ptr{pointer},ptr{pointer}	ptr{pointer},ptr{pointer},i1,ptr{pointer},ptr{pointer}	1	0.000603
TOTAL	call	direct	0	0	0	0	1	-	void	ptr{pointer},ptr{pointer},i32,i8,i32	ptr{pointer},ptr{pointer},i32,i8,i32	1	0.000603
TOTAL	call	direct	0	0	0	0	1	-	void	ptr{pointer},ptr{pointer},i32,i8	ptr{pointer},ptr{pointer},i32,i8	1	0.000603
TOTAL	call	direct	0	0	0	0	1	-	void	ptr{pointer},ptr{pointer},i32,ptr{pointer},i32,ptr{pointer}	ptr{pointer},ptr{pointer},i32,ptr{pointer},i32,ptr{pointer}	1	0.000603
TOTAL	call	direct	0	0	0	0	1	-	void	ptr{pointer},ptr{pointer},i32,ptr{pointer},i32	ptr{pointer},ptr{pointer},i32,ptr{pointer},i32	1	0.000603
TOTAL	call	direct	0	0	0	0	1	-	void	ptr{pointer},ptr{pointer},ptr{pointer},i16,i16,i16,ptr{pointer},i1	ptr{pointer},ptr{pointer},ptr{pointer},i16,i16,i16,ptr{pointer},i1	1	0.000603
TOTAL	call	direct	0	0	0	0	1	-	void	ptr{pointer},ptr{pointer},ptr{pointer},i32,i32,i32,ptr{pointer},i1	ptr{pointer},ptr{pointer},ptr{pointer},i32,i32,i32,ptr{pointer},i1	1	0.000603
TOTAL	call	direct	0	0	0	0	1	-	void	ptr{pointer},ptr{pointer},ptr{pointer},i32,i32,ptr{pointer},ptr{pointer},ptr{pointer},i32,i32	ptr{pointer},ptr{pointer},ptr{pointer},i32,i32,ptr{pointer},ptr{pointer},ptr{pointer},i32,i32	1	0.000603
TOTAL	call	direct	0	0	0	0	1	-	void	ptr{pointer},ptr{pointer},ptr{pointer},i32,ptr{pointer},i32	ptr{pointer},ptr{pointer},ptr{pointer},i32,ptr{pointer},i32	1	0.000603
TOTAL	call	direct	0	0	0	0	1	-	void	ptr{pointer},ptr{pointer},ptr{pointer},i64,i64	ptr{pointer},ptr{pointer},ptr{pointer},i64,i64	1	0.000603
TOTAL	call	direct	0	0	0	0	1	-	void	ptr{pointer},ptr{pointer},ptr{pointer},ptr{pointer},float,float,float,float,float,ptr{pointer},float	ptr{pointer},ptr{pointer},ptr{pointer},ptr{pointer},float,float,float,float,float,ptr{pointer},float	1	0.000603
TOTAL	call	direct	0	0	0	0	1	-	void	ptr{pointer},ptr{pointer},ptr{pointer},ptr{pointer},float,ptr{pointer},ptr{pointer},float	ptr{pointer},ptr{pointer},ptr{pointer},ptr{pointer},float,ptr{pointer},ptr{pointer},float	1	0.000603
TOTAL	call	direct	0	0	0	0	1	-	void	ptr{pointer},ptr{pointer},ptr{pointer},ptr{pointer},i16,ptr{pointer}	ptr{pointer},ptr{pointer},ptr{pointer},ptr{pointer},i16,ptr{pointer}	1	0.000603
TOTAL	call	direct	0	0	0	0	1	-	void	ptr{pointer},ptr{pointer},ptr{pointer},ptr{pointer},i32,i32,i32	ptr{pointer},ptr{pointer},ptr{pointer},ptr{pointer},i32,i32,i32	1	0.000603
TOTAL	call	direct	0	0	0	0	1	-	void	ptr{pointer},ptr{pointer},ptr{pointer},ptr{pointer},ptr{pointer},i32,i32,ptr{pointer},ptr{pointer},i32	ptr{pointer},ptr{pointer},ptr{pointer},ptr{pointer},ptr{pointer},i32,i32,ptr{pointer},ptr{pointer},i32	1	0.000603
TOTAL	call	direct	0	0	0	0	1	-	void	ptr{pointer},ptr{pointer},ptr{pointer},ptr{pointer},ptr{pointer},ptr{pointer},float,float	ptr{pointer},ptr{pointer},ptr{pointer},ptr{pointer},ptr{pointer},ptr{pointer},float,float	1	0.000603
TOTAL	call	direct	0	0	0	0	1	-	void	ptr{pointer},ptr{pointer},ptr{pointer},ptr{pointer},ptr{pointer},ptr{pointer},ptr{pointer},i32	ptr{pointer},ptr{pointer},ptr{pointer},ptr{pointer},ptr{pointer},ptr{pointer},ptr{pointer},i32	1	0.000603
TOTAL	call	direct	0	0	0	0	1	-	void	ptr{pointer,sret},ptr{pointer},i32,ptr{pointer}	ptr{pointer,sret},ptr{pointer},i32,ptr{pointer}	1	0.000603
TOTAL	call	direct	0	0	0	0	1	-	void	ptr{pointer,sret},ptr{pointer},ptr{pointer},i64	ptr{pointer,sret},ptr{pointer},ptr{pointer},i64	1	0.000603
TOTAL	call	direct	0	0	1	0	1	-	void	ptr{pointer},i32,ptr{pointer},ptr{pointer}	ptr{pointer},i32,ptr{pointer},ptr{pointer}	1	0.000603
TOTAL	call	direct	0	0	1	0	1	-	void	ptr{pointer},ptr{pointer},i32,i32	ptr{pointer},ptr{pointer},i32,i32	1	0.000603
TOTAL	call	direct	0	1	0	0	1	-	i32	ptr{pointer},double{vararg},double{vararg}	ptr{pointer},double{vararg},double{vararg}	1	0.000603
TOTAL	call	direct	0	1	0	0	1	-	i32	ptr{pointer},i32{vararg},i32{vararg},double{vararg},double{vararg},double{vararg},i32{vararg},i32{vararg},ptr{pointer,vararg},i32{vararg}	ptr{pointer},i32{vararg},i32{vararg},double{vararg},double{vararg},double{vararg},i32{vararg},i32{vararg},ptr{pointer,vararg},i32{vararg}	1	0.000603
TOTAL	call	direct	0	1	0	0	1	-	i32	ptr{pointer},i32{vararg},i32{vararg},i32{vararg},i32{vararg},double{vararg},double{vararg},double{vararg},i32{vararg},i32{vararg},ptr{pointer,vararg},i32{vararg},i32{vararg},i32{vararg},i32{vararg},i32{vararg},i32{vararg}	ptr{pointer},i32{vararg},i32{vararg},i32{vararg},i32{vararg},double{vararg},double{vararg},double{vararg},i32{vararg},i32{vararg},ptr{pointer,vararg},i32{vararg},i32{vararg},i32{vararg},i32{vararg},i32{vararg},i32{vararg}	1	0.000603
TOTAL	call	direct	0	1	0	0	1	-	i32	ptr{pointer},i32{vararg},i32{vararg},i32{vararg},i32{vararg},i32{vararg},ptr{pointer,vararg},i32{vararg}	ptr{pointer},i32{vararg},i32{vararg},i32{vararg},i32{vararg},i32{vararg},ptr{pointer,vararg},i32{vararg}	1	0.000603
TOTAL	call	direct	0	1	0	0	1	-	i32	ptr{pointer},i32{vararg},i32{vararg},i32{vararg},i32{vararg},i32{vararg}	ptr{pointer},i32{vararg},i32{vararg},i32{vararg},i32{vararg},i32{vararg}	1	0.000603
TOTAL	call	direct	0	1	0	0	1	-	i32	ptr{pointer},i32{vararg},i32{vararg},i32{vararg},i32{vararg},ptr{pointer,vararg},i32{vararg},i32{vararg},i32{vararg},i32{vararg},ptr{pointer,vararg},i32{vararg},i32{vararg},i32{vararg},i32{vararg},ptr{pointer,vararg}	ptr{pointer},i32{vararg},i32{vararg},i32{vararg},i32{vararg},ptr{pointer,vararg},i32{vararg},i32{vararg},i32{vararg},i32{vararg},ptr{pointer,vararg},i32{vararg},i32{vararg},i32{vararg},i32{vararg},ptr{pointer,vararg}	1	0.000603
TOTAL	call	direct	0	1	0	0	1	-	i32	ptr{pointer},i32{vararg},i32{vararg},i32{vararg},i32{vararg},ptr{pointer,vararg}	ptr{pointer},i32{vararg},i32{vararg},i32{vararg},i32{vararg},ptr{pointer,vararg}	1	0.000603
TOTAL	call	direct	0	1	0	0	1	-	i32	ptr{pointer},i32{vararg},ptr{pointer,vararg},double{vararg},double{vararg},i32{vararg}	ptr{pointer},i32{vararg},ptr{pointer,vararg},double{vararg},double{vararg},i32{vararg}	1	0.000603
TOTAL	call	direct	0	1	0	0	1	-	i32	ptr{pointer},i64,ptr{pointer},double{vararg}	ptr{pointer},i64,ptr{pointer},double{vararg}	1	0.000603
TOTAL	call	direct	0	1	0	0	1	-	i32	ptr{pointer},i64,ptr{pointer},i32{vararg},i32{vararg},i32{vararg}	ptr{pointer},i64,ptr{pointer},i32{vararg},i32{vararg},i32{vararg}	1	0.000603
TOTAL	call	direct	0	1	0	0	1	-	i32	ptr{pointer},i64,ptr{pointer},i32{vararg},ptr{pointer,vararg}	ptr{pointer},i64,ptr{pointer},i32{vararg},ptr{pointer,vararg}	1	0.000603
TOTAL	call	direct	0	1	0	0	1	-	i32	ptr{pointer},i64,ptr{pointer},i64{vararg},ptr{pointer,vararg}	ptr{pointer},i64,ptr{pointer},i64{vararg},ptr{pointer,vararg}	1	0.000603
TOTAL	call	direct	0	1	0	0	1	-	i32	ptr{pointer},i64,ptr{pointer},ptr{pointer,vararg},double{vararg},double{vararg}	ptr{pointer},i64,ptr{pointer},ptr{pointer,vararg},double{vararg},double{vararg}	1	0.000603
TOTAL	call	direct	0	1	0	0	1	-	i32	ptr{pointer},i64,ptr{pointer},ptr{pointer,vararg},double{vararg}	ptr{pointer},i64,ptr{pointer},ptr{pointer,vararg},double{vararg}	1	0.000603
TOTAL	call	direct	0	1	0	0	1	-	i32	ptr{pointer},i64,ptr{pointer},ptr{pointer,vararg},i32{vararg},i64{vararg}	ptr{pointer},i64,ptr{pointer},ptr{pointer,vararg},i32{vararg},i64{vararg}	1	0.000603
TOTAL	call	direct	0	1	0	0	1	-	i32	ptr{pointer},i64,ptr{pointer},ptr{pointer,vararg},i32{vararg},ptr{pointer,vararg}	ptr{pointer},i64,ptr{pointer},ptr{pointer,vararg},i32{vararg},ptr{pointer,vararg}	1	0.000603
TOTAL	call	direct	0	1	0	0	1	-	i32	ptr{pointer},i64,ptr{pointer},ptr{pointer,vararg},i64{vararg}	ptr{pointer},i64,ptr{pointer},ptr{pointer,vararg},i64{vararg}	1	0.000603
TOTAL	call	direct	0	1	0	0	1	-	i32	ptr{pointer},i64,ptr{pointer},ptr{pointer,vararg},ptr{pointer,vararg},ptr{pointer,vararg}	ptr{pointer},i64,ptr{pointer},ptr{pointer,vararg},ptr{pointer,vararg},ptr{pointer,vararg}	1	0.000603
TOTAL	call	direct	0	1	0	0	1	-	i32	ptr{pointer},i64{vararg},i32{vararg}	ptr{pointer},i64{vararg},i32{vararg}	1	0.000603
TOTAL	call	direct	0	1	0	0	1	-	i32	ptr{pointer},ptr{pointer,vararg},double{vararg},double{vararg}	ptr{pointer},ptr{pointer,vararg},double{vararg},double{vararg}	1	0.000603
TOTAL	call	direct	0	1	0	0	1	-	i32	ptr{pointer},ptr{pointer,vararg},i32{vararg},ptr{pointer,vararg}	ptr{pointer},ptr{pointer,vararg},i32{vararg},ptr{pointer,vararg}	1	0.000603
TOTAL	call	direct	0	1	0	0	1	-	i32	ptr{pointer},ptr{pointer,vararg},i64{vararg},i64{vararg},i64{vararg}	ptr{pointer},ptr{pointer,vararg},i64{vararg},i64{vararg},i64{vararg}	1	0.000603
TOTAL	call	direct	0	1	0	0	1	-	i32	ptr{pointer},ptr{pointer,vararg},i64{vararg}	ptr{pointer},ptr{pointer,vararg},i64{vararg}	1	0.000603
TOTAL	call	direct	0	1	0	0	1	-	i32	ptr{pointer},ptr{pointer,vararg},ptr{pointer,vararg},ptr{pointer,vararg}	ptr{pointer},ptr{pointer,vararg},ptr{pointer,vararg},ptr{pointer,vararg}	1	0.000603
TOTAL	call	direct	0	1	0	0	1	-	i32	ptr{pointer},ptr{pointer},double{vararg},double{vararg},double{vararg},double{vararg}	ptr{pointer},ptr{pointer},double{vararg},double{vararg},double{vararg},double{vararg}	1	0.000603
TOTAL	call	direct	0	1	0	0	1	-	i32	ptr{pointer},ptr{pointer},double{vararg},i32{vararg},i32{vararg},i32{vararg},i32{vararg}	ptr{pointer},ptr{pointer},double{vararg},i32{vararg},i32{vararg},i32{vararg},i32{vararg}	1	0.000603
TOTAL	call	direct	0	1	0	0	1	-	i32	ptr{pointer},ptr{pointer},double{vararg},i32{vararg},i32{vararg}	ptr{pointer},ptr{pointer},double{vararg},i32{vararg},i32{vararg}	1	0.000603
TOTAL	call	direct	0	1	0	0	1	-	i32	ptr{pointer},ptr{pointer},i32{vararg},double{vararg},double{vararg},double{vararg}	ptr{pointer},ptr{pointer},i32{vararg},double{vararg},double{vararg},double{vararg}	1	0.000603
TOTAL	call	direct	0	1	0	0	1	-	i32	ptr{pointer},ptr{pointer},i32{vararg},i32{vararg},i32{vararg},double{vararg},double{vararg},double{vararg},i64{vararg},double{vararg},double{vararg},double{vararg},i32{vararg},double{vararg},double{vararg},double{vararg},i64{vararg},i32{vararg},double{vararg}	ptr{pointer},ptr{pointer},i32{vararg},i32{vararg},i32{vararg},double{vararg},double{vararg},double{vararg},i64{vararg},double{vararg},double{vararg},double{vararg},i32{vararg},double{vararg},double{vararg},double{vararg},i64{vararg},i32{vararg},double{vararg}	1	0.000603
TOTAL	call	direct	0	1	0	0	1	-	i32	ptr{pointer},ptr{pointer},i32{vararg},i32{vararg},i32{vararg},double{vararg},double{vararg},double{vararg},i64{vararg},double{vararg},double{vararg},double{vararg},i32{vararg},double{vararg},double{vararg},double{vararg},i64{vararg},i64{vararg},double{vararg}	ptr{pointer},ptr{pointer},i32{vararg},i32{vararg},i32{vararg},double{vararg},double{vararg},double{vararg},i64{vararg},double{vararg},double{vararg},double{vararg},i32{vararg},double{vararg},double{vararg},double{vararg},i64{vararg},i64{vararg},double{vararg}	1	0.000603
TOTAL	call	direct	0	1	0	0	1	-	i32	ptr{pointer},ptr{pointer},i32{vararg},i32{vararg},i32{vararg},double{vararg},i32{vararg},i32{vararg},i32{vararg},i32{vararg}	ptr{pointer},ptr{pointer},i32{vararg},i32{vararg},i32{vararg},double{vararg},i32{vararg},i32{vararg},i32{vararg},i32{vararg}	1	0.000603
TOTAL	call	direct	0	1	0	0	1	-	i32	ptr{pointer},ptr{pointer},i32{vararg},i32{vararg},i32{vararg},i32{vararg},double{vararg},double{vararg},double{vararg}	ptr{pointer},ptr{pointer},i32{vararg},i32{vararg},i32{vararg},i32{vararg},double{vararg},double{vararg},double{vararg}	1	0.000603
TOTAL	call	direct	0	1	0	0	1	-	i32	ptr{pointer},ptr{pointer},i32{vararg},i32{vararg},i32{vararg},i32{vararg},double{vararg},double{vararg}	ptr{pointer},ptr{pointer},i32{vararg},i32{vararg},i32{vararg},i32{vararg},double{vararg},double{vararg}	1	0.000603
TOTAL	call	direct	0	1	0	0	1	-	i32	ptr{pointer},ptr{pointer},i32{vararg},i32{vararg},i32{vararg},i32{vararg},i32{vararg},i32{vararg},i32{vararg},i32{vararg},i32{vararg}	ptr{pointer},ptr{pointer},i32{vararg},i32{vararg},i32{vararg},i32{vararg},i32{vararg},i32{vararg},i32{vararg},i32{vararg},i32{vararg}	1	0.000603
TOTAL	call	direct	0	1	0	0	1	-	i32	ptr{pointer},ptr{pointer},i32{vararg},i32{vararg},i32{vararg},i32{vararg},i32{vararg},i32{vararg},i32{vararg}	ptr{pointer},ptr{pointer},i32{vararg},i32{vararg},i32{vararg},i32{vararg},i32{vararg},i32{vararg},i32{vararg}	1	0.000603
TOTAL	call	direct	0	1	0	0	1	-	i32	ptr{pointer},ptr{pointer},i32{vararg},i32{vararg},i32{vararg},i32{vararg},i32{vararg}	ptr{pointer},ptr{pointer},i32{vararg},i32{vararg},i32{vararg},i32{vararg},i32{vararg}	1	0.000603
TOTAL	call	direct	0	1	0	0	1	-	i32	ptr{pointer},ptr{pointer},i32{vararg},i32{vararg},i32{vararg},i32{vararg},ptr{pointer,vararg}	ptr{pointer},ptr{pointer},i32{vararg},i32{vararg},i32{vararg},i32{vararg},ptr{pointer,vararg}	1	0.000603
TOTAL	call	direct	0	1	0	0	1	-	i32	ptr{pointer},ptr{pointer},i32{vararg},i32{vararg},i32{vararg},ptr{pointer,vararg}	ptr{pointer},ptr{pointer},i32{vararg},i32{vararg},i32{vararg},ptr{pointer,vararg}	1	0.000603
TOTAL	call	direct	0	1	0	0	1	-	i32	ptr{pointer},ptr{pointer},i32{vararg},i32{vararg},ptr{pointer,vararg},i32{vararg}	ptr{pointer},ptr{pointer},i32{vararg},i32{vararg},ptr{pointer,vararg},i32{vararg}	1	0.000603
TOTAL	call	direct	0	1	0	0	1	-	i32	ptr{pointer},ptr{pointer},i32{vararg},ptr{pointer,vararg},i32{vararg}	ptr{pointer},ptr{pointer},i32{vararg},ptr{pointer,vararg},i32{vararg}	1	0.000603
TOTAL	call	direct	0	1	0	0	1	-	i32	ptr{pointer},ptr{pointer},i32{vararg},ptr{pointer,vararg},ptr{pointer,vararg}	ptr{pointer},ptr{pointer},i32{vararg},ptr{pointer,vararg},ptr{pointer,vararg}	1	0.000603
TOTAL	call	direct	0	1	0	0	1	-	i32	ptr{pointer},ptr{pointer},i64{vararg},i64{vararg},i64{vararg},i64{vararg},i32{vararg}	ptr{pointer},ptr{pointer},i64{vararg},i64{vararg},i64{vararg},i64{vararg},i32{vararg}	1	0.000603
TOTAL	call	direct	0	1	0	0	1	-	i32	ptr{pointer},ptr{pointer},i64{vararg},ptr{pointer,vararg}	ptr{pointer},ptr{pointer},i64{vararg},ptr{pointer,vararg}	1	0.000603
TOTAL	call	direct	0	1	0	0	1	-	i32	ptr{pointer},ptr{pointer},ptr{pointer,vararg},double{vararg}	ptr{pointer},ptr{pointer},ptr{pointer,vararg},double{vararg}	1	0.000603
TOTAL	call	direct	0	1	0	0	1	-	i32	ptr{pointer},ptr{pointer},ptr{pointer,vararg},i32{vararg},double{vararg},double{vararg}	ptr{pointer},ptr{pointer},ptr{pointer,vararg},i32{vararg},double{vararg},double{vararg}	1	0.000603
TOTAL	call	direct	0	1	0	0	1	-	i32	ptr{pointer},ptr{pointer},ptr{pointer,vararg},i32{vararg},i32{vararg},double{vararg},double{vararg},double{vararg},double{vararg}	ptr{pointer},ptr{pointer},ptr{pointer,vararg},i32{vararg},i32{vararg},double{vararg},double{vararg},double{vararg},double{vararg}	1	0.000603
TOTAL	call	direct	0	1	0	0	1	-	i32	ptr{pointer},ptr{pointer},ptr{pointer,vararg},i32{vararg},i32{vararg}	ptr{pointer},ptr{pointer},ptr{pointer,vararg},i32{vararg},i32{vararg}	1	0.000603
TOTAL	call	direct	0	1	0	0	1	-	i32	ptr{pointer},ptr{pointer},ptr{pointer,vararg},i32{vararg},ptr{pointer,vararg},ptr{pointer,vararg},ptr{pointer,vararg},i32{vararg}	ptr{pointer},ptr{pointer},ptr{pointer,vararg},i32{vararg},ptr{pointer,vararg},ptr{pointer,vararg},ptr{pointer,vararg},i32{vararg}	1	0.000603
TOTAL	call	direct	0	1	0	0	1	-	i32	ptr{pointer},ptr{pointer},ptr{pointer,vararg},i32{vararg},ptr{pointer,vararg},ptr{pointer,vararg},ptr{pointer,vararg},i64{vararg},i32{vararg},ptr{pointer,vararg}	ptr{pointer},ptr{pointer},ptr{pointer,vararg},i32{vararg},ptr{pointer,vararg},ptr{pointer,vararg},ptr{pointer,vararg},i64{vararg},i32{vararg},ptr{pointer,vararg}	1	0.000603
TOTAL	call	direct	0	1	0	0	1	-	i32	ptr{pointer},ptr{pointer},ptr{pointer,vararg},i32{vararg},ptr{pointer,vararg},ptr{pointer,vararg},ptr{pointer,vararg},ptr{pointer,vararg},i32{vararg},ptr{pointer,vararg}	ptr{pointer},ptr{pointer},ptr{pointer,vararg},i32{vararg},ptr{pointer,vararg},ptr{pointer,vararg},ptr{pointer,vararg},ptr{pointer,vararg},i32{vararg},ptr{pointer,vararg}	1	0.000603
TOTAL	call	direct	0	1	0	0	1	-	i32	ptr{pointer},ptr{pointer},ptr{pointer,vararg},i32{vararg},ptr{pointer,vararg},ptr{pointer,vararg}	ptr{pointer},ptr{pointer},ptr{pointer,vararg},i32{vararg},ptr{pointer,vararg},ptr{pointer,vararg}	1	0.000603
TOTAL	call	direct	0	1	0	0	1	-	i32	ptr{pointer},ptr{pointer},ptr{pointer,vararg},ptr{pointer,vararg},i32{vararg},ptr{pointer,vararg}	ptr{pointer},ptr{pointer},ptr{pointer,vararg},ptr{pointer,vararg},i32{vararg},ptr{pointer,vararg}	1	0.000603
TOTAL	call	direct	0	1	0	0	1	-	i32	ptr{pointer},ptr{pointer},ptr{pointer,vararg},ptr{pointer,vararg},ptr{pointer,vararg},i32{vararg},ptr{pointer,vararg}	ptr{pointer},ptr{pointer},ptr{pointer,vararg},ptr{pointer,vararg},ptr{pointer,vararg},i32{vararg},ptr{pointer,vararg}	1	0.000603
TOTAL	call	direct	0	1	0	0	1	-	ptr{pointer}	i32,i32,ptr{pointer},i32,ptr{pointer},double{vararg}	i32,i32,ptr{pointer},i32,ptr{pointer},double{vararg}	1	0.000603
TOTAL	call	direct	0	1	0	0	1	-	ptr{pointer}	i32,i32,ptr{pointer},i32,ptr{pointer},i32{vararg},i32{vararg},i32{vararg}	i32,i32,ptr{pointer},i32,ptr{pointer},i32{vararg},i32{vararg},i32{vararg}	1	0.000603
TOTAL	call	direct	0	1	0	0	1	-	ptr{pointer}	i32,i32,ptr{pointer},i32,ptr{pointer},ptr{pointer,vararg},i32{vararg},ptr{pointer,vararg}	i32,i32,ptr{pointer},i32,ptr{pointer},ptr{pointer,vararg},i32{vararg},ptr{pointer,vararg}	1	0.000603
TOTAL	call	direct	0	1	0	0	1	-	ptr{pointer}	i32,ptr{pointer},ptr{pointer},i32{vararg},double{vararg}	i32,ptr{pointer},ptr{pointer},i32{vararg},double{vararg}	1	0.000603
TOTAL	call	direct	0	1	0	0	1	-	ptr{pointer}	i32,ptr{pointer},ptr{pointer},i32{vararg},i32{vararg},i32{vararg},i32{vararg},i32{vararg},i32{vararg}	i32,ptr{pointer},ptr{pointer},i32{vararg},i32{vararg},i32{vararg},i32{vararg},i32{vararg},i32{vararg}	1	0.000603
TOTAL	call	direct	0	1	0	0	1	-	ptr{pointer}	i32,ptr{pointer},ptr{pointer},i32{vararg},i32{vararg}	i32,ptr{pointer},ptr{pointer},i32{vararg},i32{vararg}	1	0.000603
TOTAL	call	direct	0	1	0	0	1	-	ptr{pointer}	i32,ptr{pointer},ptr{pointer},ptr{pointer,vararg},i32{vararg}	i32,ptr{pointer},ptr{pointer},ptr{pointer,vararg},i32{vararg}	1	0.000603
TOTAL	call	direct	0	1	0	0	1	-	ptr{pointer}	i32,ptr{pointer},ptr{pointer},ptr{pointer,vararg},ptr{pointer,vararg}	i32,ptr{pointer},ptr{pointer},ptr{pointer,vararg},ptr{pointer,vararg}	1	0.000603
TOTAL	call	direct	0	1	0	0	1	-	ptr{pointer}	ptr{pointer},ptr{pointer,vararg},ptr{pointer,vararg},ptr{pointer,vararg}	ptr{pointer},ptr{pointer,vararg},ptr{pointer,vararg},ptr{pointer,vararg}	1	0.000603
TOTAL	call	direct	0	1	0	0	1	-	ptr{pointer}	ptr{pointer},ptr{pointer},i32{vararg}	ptr{pointer},ptr{pointer},i32{vararg}	1	0.000603
TOTAL	call	direct	0	1	0	0	1	-	ptr{pointer}	ptr{pointer},ptr{pointer},i64{vararg}	ptr{pointer},ptr{pointer},i64{vararg}	1	0.000603
TOTAL	call	direct	0	1	0	0	1	-	ptr{pointer}	ptr{pointer},ptr{pointer},ptr{pointer,vararg},i64{vararg},ptr{pointer,vararg}	ptr{pointer},ptr{pointer},ptr{pointer,vararg},i64{vararg},ptr{pointer,vararg}	1	0.000603
TOTAL	call	direct	0	1	0	0	1	-	ptr{pointer}	ptr{pointer},ptr{pointer},ptr{pointer,vararg},ptr{pointer,vararg},ptr{pointer,vararg}	ptr{pointer},ptr{pointer},ptr{pointer,vararg},ptr{pointer,vararg},ptr{pointer,vararg}	1	0.000603
TOTAL	call	direct	0	1	0	0	1	-	ptr{pointer}	ptr{pointer}	ptr{pointer}	1	0.000603
TOTAL	call	direct	0	1	0	0	1	-	void	ptr{pointer},i32{vararg},ptr{pointer,vararg},ptr{pointer,vararg}	ptr{pointer},i32{vararg},ptr{pointer,vararg},ptr{pointer,vararg}	1	0.000603
TOTAL	call	direct	0	1	0	0	1	-	void	ptr{pointer},i64{vararg},i64{vararg},i32{vararg},i32{vararg}	ptr{pointer},i64{vararg},i64{vararg},i32{vararg},i32{vararg}	1	0.000603
TOTAL	call	direct	0	1	0	0	1	-	void	ptr{pointer},i64{vararg},i64{vararg},i64{vararg},i32{vararg}	ptr{pointer},i64{vararg},i64{vararg},i64{vararg},i32{vararg}	1	0.000603
TOTAL	call	direct	0	1	0	0	1	-	void	ptr{pointer},i64{vararg},i64{vararg},i64{vararg},ptr{pointer,vararg},ptr{pointer,vararg}	ptr{pointer},i64{vararg},i64{vararg},i64{vararg},ptr{pointer,vararg},ptr{pointer,vararg}	1	0.000603
TOTAL	call	direct	0	1	0	0	1	-	void	ptr{pointer},i64{vararg},i64{vararg},i64{vararg}	ptr{pointer},i64{vararg},i64{vararg},i64{vararg}	1	0.000603
TOTAL	call	direct	0	1	0	0	1	-	void	ptr{pointer},i64{vararg},i64{vararg},ptr{pointer,vararg}	ptr{pointer},i64{vararg},i64{vararg},ptr{pointer,vararg}	1	0.000603
TOTAL	call	direct	0	1	0	0	1	-	void	ptr{pointer},i64{vararg},ptr{pointer,vararg},ptr{pointer,vararg}	ptr{pointer},i64{vararg},ptr{pointer,vararg},ptr{pointer,vararg}	1	0.000603
TOTAL	call	direct	0	1	0	0	1	-	void	ptr{pointer},i64{vararg},ptr{pointer,vararg}	ptr{pointer},i64{vararg},ptr{pointer,vararg}	1	0.000603
TOTAL	call	direct	0	1	0	0	1	-	void	ptr{pointer},ptr{pointer,vararg},i32{vararg},i32{vararg},i32{vararg},i32{vararg},i32{vararg},i32{vararg},i32{vararg},i32{vararg}	ptr{pointer},ptr{pointer,vararg},i32{vararg},i32{vararg},i32{vararg},i32{vararg},i32{vararg},i32{vararg},i32{vararg},i32{vararg}	1	0.000603
TOTAL	call	direct	0	1	0	0	1	-	void	ptr{pointer},ptr{pointer,vararg},i32{vararg},i32{vararg},i32{vararg}	ptr{pointer},ptr{pointer,vararg},i32{vararg},i32{vararg},i32{vararg}	1	0.000603
TOTAL	call	direct	0	1	0	0	1	-	void	ptr{pointer},ptr{pointer,vararg},i32{vararg},ptr{pointer,vararg},i32{vararg},i32{vararg},ptr{pointer,vararg},i32{vararg},ptr{pointer,vararg},i32{vararg},i32{vararg}	ptr{pointer},ptr{pointer,vararg},i32{vararg},ptr{pointer,vararg},i32{vararg},i32{vararg},ptr{pointer,vararg},i32{vararg},ptr{pointer,vararg},i32{vararg},i32{vararg}	1	0.000603
TOTAL	call	direct	0	1	0	0	1	-	void	ptr{pointer},ptr{pointer,vararg},i32{vararg},ptr{pointer,vararg},i32{vararg}	ptr{pointer},ptr{pointer,vararg},i32{vararg},ptr{pointer,vararg},i32{vararg}	1	0.000603
TOTAL	call	direct	0	1	0	0	1	-	void	ptr{pointer},ptr{pointer,vararg},i64{vararg},i64{vararg},i64{vararg},i64{vararg}	ptr{pointer},ptr{pointer,vararg},i64{vararg},i64{vararg},i64{vararg},i64{vararg}	1	0.000603
TOTAL	call	direct	0	1	0	0	1	-	void	ptr{pointer},ptr{pointer,vararg},i64{vararg},ptr{pointer,vararg},i64{vararg}	ptr{pointer},ptr{pointer,vararg},i64{vararg},ptr{pointer,vararg},i64{vararg}	1	0.000603
TOTAL	call	direct	0	1	0	0	1	-	void	ptr{pointer},ptr{pointer,vararg},ptr{pointer,vararg},i32{vararg},i32{vararg}	ptr{pointer},ptr{pointer,vararg},ptr{pointer,vararg},i32{vararg},i32{vararg}	1	0.000603
TOTAL	call	direct	0	1	0	0	1	-	void	ptr{pointer},ptr{pointer,vararg},ptr{pointer,vararg},i32{vararg},ptr{pointer,vararg},ptr{pointer,vararg},ptr{pointer,vararg},i32{vararg},ptr{pointer,vararg}	ptr{pointer},ptr{pointer,vararg},ptr{pointer,vararg},i32{vararg},ptr{pointer,vararg},ptr{pointer,vararg},ptr{pointer,vararg},i32{vararg},ptr{pointer,vararg}	1	0.000603
TOTAL	call	direct	0	1	0	0	1	-	void	ptr{pointer},ptr{pointer},i32{vararg},ptr{pointer,vararg},i32{vararg}	ptr{pointer},ptr{pointer},i32{vararg},ptr{pointer,vararg},i32{vararg}	1	0.000603
TOTAL	call	direct	0	1	0	0	1	-	void	ptr{pointer},ptr{pointer},i64{vararg}	ptr{pointer},ptr{pointer},i64{vararg}	1	0.000603
TOTAL	call	direct	0	1	0	0	1	-	void	ptr{pointer},ptr{pointer},ptr{pointer,vararg},i32{vararg},i32{vararg},i32{vararg}	ptr{pointer},ptr{pointer},ptr{pointer,vararg},i32{vararg},i32{vararg},i32{vararg}	1	0.000603
TOTAL	call	direct	0	1	0	0	1	-	void	ptr{pointer},ptr{pointer},ptr{pointer,vararg},i32{vararg},ptr{pointer,vararg}	ptr{pointer},ptr{pointer},ptr{pointer,vararg},i32{vararg},ptr{pointer,vararg}	1	0.000603
TOTAL	call	direct	0	1	0	0	1	-	void	ptr{pointer},ptr{pointer},ptr{pointer,vararg},ptr{pointer,vararg},i32{vararg},i32{vararg},i32{vararg}	ptr{pointer},ptr{pointer},ptr{pointer,vararg},ptr{pointer,vararg},i32{vararg},i32{vararg},i32{vararg}	1	0.000603
TOTAL	call	direct	0	1	0	0	1	-	void	ptr{pointer},ptr{pointer},ptr{pointer,vararg},ptr{pointer,vararg},i32{vararg},ptr{pointer,vararg},i32{vararg},ptr{pointer,vararg}	ptr{pointer},ptr{pointer},ptr{pointer,vararg},ptr{pointer,vararg},i32{vararg},ptr{pointer,vararg},i32{vararg},ptr{pointer,vararg}	1	0.000603
TOTAL	call	direct	0	1	0	0	1	-	void	ptr{pointer},ptr{pointer},ptr{pointer,vararg},ptr{pointer,vararg},i32{vararg}	ptr{pointer},ptr{pointer},ptr{pointer,vararg},ptr{pointer,vararg},i32{vararg}	1	0.000603
TOTAL	call	direct	0	1	0	0	1	-	void	ptr{pointer},ptr{pointer},ptr{pointer,vararg},ptr{pointer,vararg},ptr{pointer,vararg},ptr{pointer,vararg},i32{vararg},ptr{pointer,vararg}	ptr{pointer},ptr{pointer},ptr{pointer,vararg},ptr{pointer,vararg},ptr{pointer,vararg},ptr{pointer,vararg},i32{vararg},ptr{pointer,vararg}	1	0.000603
TOTAL	call	direct	0	1	0	0	1	-	void	ptr{pointer},ptr{pointer},ptr{pointer,vararg},ptr{pointer,vararg},ptr{pointer,vararg},ptr{pointer,vararg},ptr{pointer,vararg},i32{vararg},ptr{pointer,vararg},i32{vararg}	ptr{pointer},ptr{pointer},ptr{pointer,vararg},ptr{pointer,vararg},ptr{pointer,vararg},ptr{pointer,vararg},ptr{pointer,vararg},i32{vararg},ptr{pointer,vararg},i32{vararg}	1	0.000603
TOTAL	call	direct	0	1	0	0	1	-	void	ptr{pointer},ptr{pointer},ptr{pointer,vararg},ptr{pointer,vararg},ptr{pointer,vararg},ptr{pointer,vararg},ptr{pointer,vararg},i32{vararg}	ptr{pointer},ptr{pointer},ptr{pointer,vararg},ptr{pointer,vararg},ptr{pointer,vararg},ptr{pointer,vararg},ptr{pointer,vararg},i32{vararg}	1	0.000603
TOTAL	call	direct	0	1	0	0	1	-	void	ptr{pointer},ptr{pointer},ptr{pointer,vararg},ptr{pointer,vararg},ptr{pointer,vararg},ptr{pointer,vararg},ptr{pointer,vararg},ptr{pointer,vararg},ptr{pointer,vararg},i32{vararg},ptr{pointer,vararg}	ptr{pointer},ptr{pointer},ptr{pointer,vararg},ptr{pointer,vararg},ptr{pointer,vararg},ptr{pointer,vararg},ptr{pointer,vararg},ptr{pointer,vararg},ptr{pointer,vararg},i32{vararg},ptr{pointer,vararg}	1	0.000603
TOTAL	call	direct	0	1	0	0	1	-	void	ptr{pointer},ptr{pointer},ptr{pointer,vararg},ptr{pointer,vararg},ptr{pointer,vararg},ptr{pointer,vararg}	ptr{pointer},ptr{pointer},ptr{pointer,vararg},ptr{pointer,vararg},ptr{pointer,vararg},ptr{pointer,vararg}	1	0.000603
TOTAL	call	direct	0	1	0	0	1	-	void	ptr{pointer},ptr{pointer},ptr{pointer},i32{vararg},i32{vararg},i32{vararg},i32{vararg},i32{vararg}	ptr{pointer},ptr{pointer},ptr{pointer},i32{vararg},i32{vararg},i32{vararg},i32{vararg},i32{vararg}	1	0.000603
TOTAL	call	direct	0	1	0	0	1	-	void	ptr{pointer},ptr{pointer},ptr{pointer}	ptr{pointer},ptr{pointer},ptr{pointer}	1	0.000603
TOTAL	call	indirect	0	0	0	0	1	-	double	double,double	double,double	1	0.000603
TOTAL	call	indirect	0	0	0	0	1	-	float	ptr{pointer},i32,i32	ptr{pointer},i32,i32	1	0.000603
TOTAL	call	indirect	0	0	0	0	1	-	float	ptr{pointer},ptr{pointer},float	ptr{pointer},ptr{pointer},float	1	0.000603
TOTAL	call	indirect	0	0	0	0	1	-	float	ptr{pointer},ptr{pointer},ptr{pointer},ptr{pointer},ptr{pointer}	ptr{pointer},ptr{pointer},ptr{pointer},ptr{pointer},ptr{pointer}	1	0.000603
TOTAL	call	indirect	0	0	0	0	1	-	i1	ptr{pointer},ptr{pointer},i32,i32,ptr{pointer},i32,i32	ptr{pointer},ptr{pointer},i32,i32,ptr{pointer},i32,i32	1	0.000603
TOTAL	call	indirect	0	0	0	0	1	-	i1	ptr{pointer},ptr{pointer},ptr{pointer},ptr{pointer},ptr{pointer},ptr{pointer},ptr{pointer},ptr{pointer},ptr{pointer},ptr{pointer},ptr{pointer}	ptr{pointer},ptr{pointer},ptr{pointer},ptr{pointer},ptr{pointer},ptr{pointer},ptr{pointer},ptr{pointer},ptr{pointer},ptr{pointer},ptr{pointer}	1	0.000603
TOTAL	call	indirect	0	0	0	0	1	-	i32	i32,ptr{pointer},ptr{pointer},ptr{pointer}	i32,ptr{pointer},ptr{pointer},ptr{pointer}	1	0.000603
TOTAL	call	indirect	0	0	0	0	1	-	i32	i32,ptr{pointer}	i32,ptr{pointer}	1	0.000603
TOTAL	call	indirect	0	0	0	0	1	-	i32	i32	i32	1	0.000603
TOTAL	call	indirect	0	0	0	0	1	-	i32	ptr{pointer},float,i32,float	ptr{pointer},float,i32,float	1	0.000603
TOTAL	call	indirect	0	0	0	0	1	-	i32	ptr{pointer},i32,i32,ptr{pointer}	ptr{pointer},i32,i32,ptr{pointer}	1	0.000603
TOTAL	call	indirect	0	0	0	0	1	-	i32	ptr{pointer},i32,ptr{pointer},ptr{pointer},ptr{pointer},i64,i32	ptr{pointer},i32,ptr{pointer},ptr{pointer},ptr{pointer},i64,i32	1	0.000603
TOTAL	call	indirect	0	0	0	0	1	-	i32	ptr{pointer},i64,ptr{pointer},i64	ptr{pointer},i64,ptr{pointer},i64	1	0.000603
TOTAL	call	indirect	0	0	0	0	1	-	i32	ptr{pointer},i64,ptr{pointer}	ptr{pointer},i64,ptr{pointer}	1	0.000603
TOTAL	call	indirect	0	0	0	0	1	-	i32	ptr{pointer},ptr{pointer},i32,ptr{pointer},ptr{pointer},ptr{pointer}	ptr{pointer},ptr{pointer},i32,ptr{pointer},ptr{pointer},ptr{pointer}	1	0.000603
TOTAL	call	indirect	0	0	0	0	1	-	i32	ptr{pointer},ptr{pointer},i64,ptr{pointer}	ptr{pointer},ptr{pointer},i64,ptr{pointer}	1	0.000603
TOTAL	call	indirect	0	0	0	0	1	-	i32	ptr{pointer},ptr{pointer},i64	ptr{pointer},ptr{pointer},i64	1	0.000603
TOTAL	call	indirect	0	0	0	0	1	-	i32	ptr{pointer},ptr{pointer},ptr{pointer},i32,ptr{pointer},ptr{pointer},i32,ptr{pointer}	ptr{pointer},ptr{pointer},ptr{pointer},i32,ptr{pointer},ptr{pointer},i32,ptr{pointer}	1	0.000603
TOTAL	call	indirect	0	0	0	0	1	-	i32	ptr{pointer},ptr{pointer},ptr{pointer},i32,ptr{pointer}	ptr{pointer},ptr{pointer},ptr{pointer},i32,ptr{pointer}	1	0.000603
TOTAL	call	indirect	0	0	0	0	1	-	i32	ptr{pointer},ptr{pointer},ptr{pointer},i32	ptr{pointer},ptr{pointer},ptr{pointer},i32	1	0.000603
TOTAL	call	indirect	0	0	0	0	1	-	i32	ptr{pointer},ptr{pointer},ptr{pointer},ptr{pointer},ptr{pointer},i32,i32,ptr{pointer}	ptr{pointer},ptr{pointer},ptr{pointer},ptr{pointer},ptr{pointer},i32,i32,ptr{pointer}	1	0.000603
TOTAL	call	indirect	0	0	0	0	1	-	i64	i64	i64	1	0.000603
TOTAL	call	indirect	0	0	0	0	1	-	i8	ptr{pointer},i32	ptr{pointer},i32	1	0.000603
TOTAL	call	indirect	0	0	0	0	1	-	void	[2 x i64]	i64{consecutive},i64{consecutive,consecutive-last}	1	0.000603
TOTAL	call	indirect	0	0	0	0	1	-	void	i32,i32,i32,i32,i32	i32,i32,i32,i32,i32	1	0.000603
TOTAL	call	indirect	0	0	0	0	1	-	void	i32,i32,ptr{pointer},ptr{pointer}	i32,i32,ptr{pointer},ptr{pointer}	1	0.000603
TOTAL	call	indirect	0	0	0	0	1	-	void	ptr{pointer},float,i32	ptr{pointer},float,i32	1	0.000603
TOTAL	call	indirect	0	0	0	0	1	-	void	ptr{pointer},i32,ptr{pointer},i32,ptr{pointer},i32,ptr{pointer}	ptr{pointer},i32,ptr{pointer},i32,ptr{pointer},i32,ptr{pointer}	1	0.000603
TOTAL	call	indirect	0	0	0	0	1	-	void	ptr{pointer},i64,i32	ptr{pointer},i64,i32	1	0.000603
TOTAL	call	indirect	0	0	0	0	1	-	void	ptr{pointer},ptr{pointer},float	ptr{pointer},ptr{pointer},float	1	0.000603
TOTAL	invoke	direct	0	0	0	0	1	-	[2 x i64]	ptr{pointer},ptr{pointer},i32,ptr{pointer}	ptr{pointer},ptr{pointer},i32,ptr{pointer}	1	0.000603
TOTAL	invoke	direct	0	0	0	0	1	-	[2 x i64]	ptr{pointer},ptr{pointer},ptr{pointer}	ptr{pointer},ptr{pointer},ptr{pointer}	1	0.000603
TOTAL	invoke	direct	0	0	0	0	1	-	float	-	-	1	0.000603
TOTAL	invoke	direct	0	0	0	0	1	-	float	ptr{pointer},i32	ptr{pointer},i32	1	0.000603
TOTAL	invoke	direct	0	0	0	0	1	-	float	ptr{pointer},ptr{pointer},float	ptr{pointer},ptr{pointer},float	1	0.000603
TOTAL	invoke	direct	0	0	0	0	1	-	float	ptr{pointer},ptr{pointer},ptr{pointer},float,i32	ptr{pointer},ptr{pointer},ptr{pointer},float,i32	1	0.000603
TOTAL	invoke	direct	0	0	0	0	1	-	i1	float	float	1	0.000603
TOTAL	invoke	direct	0	0	0	0	1	-	i1	i16	i16	1	0.000603
TOTAL	invoke	direct	0	0	0	0	1	-	i1	ptr{pointer},i32,i32,i32	ptr{pointer},i32,i32,i32	1	0.000603
TOTAL	invoke	direct	0	0	0	0	1	-	i1	ptr{pointer},i32,i32	ptr{pointer},i32,i32	1	0.000603
TOTAL	invoke	direct	0	0	0	0	1	-	i1	ptr{pointer},i32,ptr{pointer},i32,ptr{pointer},ptr{pointer},float,ptr{pointer}	ptr{pointer},i32,ptr{pointer},i32,ptr{pointer},ptr{pointer},float,ptr{pointer}	1	0.000603
TOTAL	invoke	direct	0	0	0	0	1	-	i1	ptr{pointer},i32,ptr{pointer},ptr{pointer},i32	ptr{pointer},i32,ptr{pointer},ptr{pointer},i32	1	0.000603
TOTAL	invoke	direct	0	0	0	0	1	-	i1	ptr{pointer},ptr{pointer},i32,i32,i32,i32,i1	ptr{pointer},ptr{pointer},i32,i32,i32,i32,i1	1	0.000603
TOTAL	invoke	direct	0	0	0	0	1	-	i1	ptr{pointer},ptr{pointer},ptr{pointer},ptr{pointer},float	ptr{pointer},ptr{pointer},ptr{pointer},ptr{pointer},float	1	0.000603
TOTAL	invoke	direct	0	0	0	0	1	-	i1	ptr{pointer},ptr{pointer},ptr{pointer},ptr{pointer},ptr{pointer},ptr{pointer},i1	ptr{pointer},ptr{pointer},ptr{pointer},ptr{pointer},ptr{pointer},ptr{pointer},i1	1	0.000603
TOTAL	invoke	direct	0	0	0	0	1	-	i32	i32,i32,ptr{pointer}	i32,i32,ptr{pointer}	1	0.000603
TOTAL	invoke	direct	0	0	0	0	1	-	i32	i32,ptr{pointer},i32,i32	i32,ptr{pointer},i32,i32	1	0.000603
TOTAL	invoke	direct	0	0	0	0	1	-	i32	i32,ptr{pointer},i64	i32,ptr{pointer},i64	1	0.000603
TOTAL	invoke	direct	0	0	0	0	1	-	i32	i32,ptr{pointer},ptr{pointer},ptr{pointer}	i32,ptr{pointer},ptr{pointer},ptr{pointer}	1	0.000603
TOTAL	invoke	direct	0	0	0	0	1	-	i32	i32,ptr{pointer}	i32,ptr{pointer}	1	0.000603
TOTAL	invoke	direct	0	0	0	0	1	-	i32	ptr{pointer},i1,ptr{pointer}	ptr{pointer},i1,ptr{pointer}	1	0.000603
TOTAL	invoke	direct	0	0	0	0	1	-	i32	ptr{pointer},i32,i1	ptr{pointer},i32,i1	1	0.000603
TOTAL	invoke	direct	0	0	0	0	1	-	i32	ptr{pointer},i32,i32,i32,i32,ptr{pointer}	ptr{pointer},i32,i32,i32,i32,ptr{pointer}	1	0.000603
TOTAL	invoke	direct	0	0	0	0	1	-	i32	ptr{pointer},i64,i64,ptr{pointer}	ptr{pointer},i64,i64,ptr{pointer}	1	0.000603
TOTAL	invoke	direct	0	0	0	0	1	-	i32	ptr{pointer},i64,i64	ptr{pointer},i64,i64	1	0.000603
TOTAL	invoke	direct	0	0	0	0	1	-	i32	ptr{pointer},i64,ptr{pointer},ptr{pointer},ptr{pointer},ptr{pointer},ptr{pointer},ptr{pointer}	ptr{pointer},i64,ptr{pointer},ptr{pointer},ptr{pointer},ptr{pointer},ptr{pointer},ptr{pointer}	1	0.000603
TOTAL	invoke	direct	0	0	0	0	1	-	i32	ptr{pointer},i64,ptr{pointer},ptr{pointer},ptr{pointer}	ptr{pointer},i64,ptr{pointer},ptr{pointer},ptr{pointer}	1	0.000603
TOTAL	invoke	direct	0	0	0	0	1	-	i32	ptr{pointer},ptr{pointer},i1,ptr{pointer},ptr{pointer},ptr{pointer},i1,i1,ptr{pointer},ptr{pointer},ptr{pointer}	ptr{pointer},ptr{pointer},i1,ptr{pointer},ptr{pointer},ptr{pointer},i1,i1,ptr{pointer},ptr{pointer},ptr{pointer}	1	0.000603
TOTAL	invoke	direct	0	0	0	0	1	-	i32	ptr{pointer},ptr{pointer},i1	ptr{pointer},ptr{pointer},i1	1	0.000603
TOTAL	invoke	direct	0	0	0	0	1	-	i32	ptr{pointer},ptr{pointer},i32,i1,ptr{pointer},ptr{pointer}	ptr{pointer},ptr{pointer},i32,i1,ptr{pointer},ptr{pointer}	1	0.000603
TOTAL	invoke	direct	0	0	0	0	1	-	i32	ptr{pointer},ptr{pointer},i32,i1	ptr{pointer},ptr{pointer},i32,i1	1	0.000603
TOTAL	invoke	direct	0	0	0	0	1	-	i32	ptr{pointer},ptr{pointer},i32,i32,ptr{pointer},ptr{pointer},i1,i1	ptr{pointer},ptr{pointer},i32,i32,ptr{pointer},ptr{pointer},i1,i1	1	0.000603
TOTAL	invoke	direct	0	0	0	0	1	-	i32	ptr{pointer},ptr{pointer},i32,i64	ptr{pointer},ptr{pointer},i32,i64	1	0.000603
TOTAL	invoke	direct	0	0	0	0	1	-	i32	ptr{pointer},ptr{pointer},i32,ptr{pointer},ptr{pointer}	ptr{pointer},ptr{pointer},i32,ptr{pointer},ptr{pointer}	1	0.000603
TOTAL	invoke	direct	0	0	0	0	1	-	i32	ptr{pointer},ptr{pointer},i64,i64,ptr{pointer}	ptr{pointer},ptr{pointer},i64,i64,ptr{pointer}	1	0.000603
TOTAL	invoke	direct	0	0	0	0	1	-	i32	ptr{pointer},ptr{pointer},i64,i64	ptr{pointer},ptr{pointer},i64,i64	1	0.000603
TOTAL	invoke	direct	0	0	0	0	1	-	i32	ptr{pointer},ptr{pointer},ptr{pointer},i32,ptr{pointer}	ptr{pointer},ptr{pointer},ptr{pointer},i32,ptr{pointer}	1	0.000603
TOTAL	invoke	direct	0	0	0	0	1	-	i32	ptr{pointer},ptr{pointer},ptr{pointer},ptr{pointer},ptr{pointer},i32,ptr{pointer}	ptr{pointer},ptr{pointer},ptr{pointer},ptr{pointer},ptr{pointer},i32,ptr{pointer}	1	0.000603
TOTAL	invoke	direct	0	0	0	0	1	-	i32	ptr{pointer},ptr{pointer},ptr{pointer},ptr{pointer},ptr{pointer},ptr{pointer},i32,ptr{pointer}	ptr{pointer},ptr{pointer},ptr{pointer},ptr{pointer},ptr{pointer},ptr{pointer},i32,ptr{pointer}	1	0.000603
TOTAL	invoke	direct	0	0	0	0	1	-	i32	ptr{pointer},ptr{pointer},ptr{pointer},ptr{pointer},ptr{pointer},ptr{pointer},ptr{pointer},ptr{pointer},ptr{pointer},ptr{pointer}	ptr{pointer},ptr{pointer},ptr{pointer},ptr{pointer},ptr{pointer},ptr{pointer},ptr{pointer},ptr{pointer},ptr{pointer},ptr{pointer}	1	0.000603
TOTAL	invoke	direct	0	0	0	0	1	-	i32	ptr{pointer},ptr{pointer},ptr{pointer},ptr{pointer},ptr{pointer},ptr{pointer},ptr{pointer},ptr{pointer},ptr{pointer}	ptr{pointer},ptr{pointer},ptr{pointer},ptr{pointer},ptr{pointer},ptr{pointer},ptr{pointer},ptr{pointer},ptr{pointer}	1	0.000603
TOTAL	invoke	direct	0	0	0	0	1	-	i64	ptr{pointer},[2 x i64]	ptr{pointer},i64{consecutive},i64{consecutive,consecutive-last}	1	0.000603
TOTAL	invoke	direct	0	0	0	0	1	-	i64	ptr{pointer},ptr{pointer},i64	ptr{pointer},ptr{pointer},i64	1	0.000603
TOTAL	invoke	direct	0	0	0	0	1	-	ptr{pointer}	ptr{pointer},float	ptr{pointer},float	1	0.000603
TOTAL	invoke	direct	0	0	0	0	1	-	void	i32,i1,ptr{pointer}	i32,i1,ptr{pointer}	1	0.000603
TOTAL	invoke	direct	0	0	0	0	1	-	void	i32,ptr{pointer},ptr{pointer}	i32,ptr{pointer},ptr{pointer}	1	0.000603
TOTAL	invoke	direct	0	0	0	0	1	-	void	i32	i32	1	0.000603
TOTAL	invoke	direct	0	0	0	0	1	-	void	ptr{pointer},double	ptr{pointer},double	1	0.000603
TOTAL	invoke	direct	0	0	0	0	1	-	void	ptr{pointer},float,i1	ptr{pointer},float,i1	1	0.000603
TOTAL	invoke	direct	0	0	0	0	1	-	void	ptr{pointer},i1,i32,i32	ptr{pointer},i1,i32,i32	1	0.000603
TOTAL	invoke	direct	0	0	0	0	1	-	void	ptr{pointer},i1,ptr{pointer},i1,i1,i1	ptr{pointer},i1,ptr{pointer},i1,i1,i1	1	0.000603
TOTAL	invoke	direct	0	0	0	0	1	-	void	ptr{pointer},i32,i32,i32,i32,ptr{pointer}	ptr{pointer},i32,i32,i32,i32,ptr{pointer}	1	0.000603
TOTAL	invoke	direct	0	0	0	0	1	-	void	ptr{pointer},i32,i32,ptr{pointer},i32	ptr{pointer},i32,i32,ptr{pointer},i32	1	0.000603
TOTAL	invoke	direct	0	0	0	0	1	-	void	ptr{pointer},i32,i64	ptr{pointer},i32,i64	1	0.000603
TOTAL	invoke	direct	0	0	0	0	1	-	void	ptr{pointer},i32,ptr{pointer},i1	ptr{pointer},i32,ptr{pointer},i1	1	0.000603
TOTAL	invoke	direct	0	0	0	0	1	-	void	ptr{pointer},i64,i1	ptr{pointer},i64,i1	1	0.000603
TOTAL	invoke	direct	0	0	0	0	1	-	void	ptr{pointer},i64,ptr{pointer},i64	ptr{pointer},i64,ptr{pointer},i64	1	0.000603
TOTAL	invoke	direct	0	0	0	0	1	-	void	ptr{pointer},i64,ptr{pointer},ptr{pointer}	ptr{pointer},i64,ptr{pointer},ptr{pointer}	1	0.000603
TOTAL	invoke	direct	0	0	0	0	1	-	void	ptr{pointer},i64,ptr{pointer}	ptr{pointer},i64,ptr{pointer}	1	0.000603
TOTAL	invoke	direct	0	0	0	0	1	-	void	ptr{pointer},ptr{pointer},float,float	ptr{pointer},ptr{pointer},float,float	1	0.000603
TOTAL	invoke	direct	0	0	0	0	1	-	void	ptr{pointer},ptr{pointer},float,i32	ptr{pointer},ptr{pointer},float,i32	1	0.000603
TOTAL	invoke	direct	0	0	0	0	1	-	void	ptr{pointer},ptr{pointer},i1,i1	ptr{pointer},ptr{pointer},i1,i1	1	0.000603
TOTAL	invoke	direct	0	0	0	0	1	-	void	ptr{pointer},ptr{pointer},i32,i8,i32	ptr{pointer},ptr{pointer},i32,i8,i32	1	0.000603
TOTAL	invoke	direct	0	0	0	0	1	-	void	ptr{pointer},ptr{pointer},i32,ptr{pointer},ptr{pointer},ptr{pointer},i32	ptr{pointer},ptr{pointer},i32,ptr{pointer},ptr{pointer},ptr{pointer},i32	1	0.000603
TOTAL	invoke	direct	0	0	0	0	1	-	void	ptr{pointer},ptr{pointer},i32,ptr{pointer}	ptr{pointer},ptr{pointer},i32,ptr{pointer}	1	0.000603
TOTAL	invoke	direct	0	0	0	0	1	-	void	ptr{pointer},ptr{pointer},ptr{pointer},i16,ptr{pointer},i1	ptr{pointer},ptr{pointer},ptr{pointer},i16,ptr{pointer},i1	1	0.000603
TOTAL	invoke	direct	0	0	0	0	1	-	void	ptr{pointer},ptr{pointer},ptr{pointer},i32,float,float	ptr{pointer},ptr{pointer},ptr{pointer},i32,float,float	1	0.000603
TOTAL	invoke	direct	0	0	0	0	1	-	void	ptr{pointer},ptr{pointer},ptr{pointer},i32,i32,float,float,ptr{pointer},ptr{pointer}	ptr{pointer},ptr{pointer},ptr{pointer},i32,i32,float,float,ptr{pointer},ptr{pointer}	1	0.000603
TOTAL	invoke	direct	0	0	0	0	1	-	void	ptr{pointer},ptr{pointer},ptr{pointer},i32,i64,ptr{pointer},i1	ptr{pointer},ptr{pointer},ptr{pointer},i32,i64,ptr{pointer},i1	1	0.000603
TOTAL	invoke	direct	0	0	0	0	1	-	void	ptr{pointer},ptr{pointer},ptr{pointer},i32,ptr{pointer},i16,i16,ptr{pointer}	ptr{pointer},ptr{pointer},ptr{pointer},i32,ptr{pointer},i16,i16,ptr{pointer}	1	0.000603
TOTAL	invoke	direct	0	0	0	0	1	-	void	ptr{pointer},ptr{pointer},ptr{pointer},i32,ptr{pointer},i16,i16	ptr{pointer},ptr{pointer},ptr{pointer},i32,ptr{pointer},i16,i16	1	0.000603
TOTAL	invoke	direct	0	0	0	0	1	-	void	ptr{pointer},ptr{pointer},ptr{pointer},ptr{pointer},float,ptr{pointer},ptr{pointer}	ptr{pointer},ptr{pointer},ptr{pointer},ptr{pointer},float,ptr{pointer},ptr{pointer}	1	0.000603
TOTAL	invoke	direct	0	0	0	0	1	-	void	ptr{pointer},ptr{pointer},ptr{pointer},ptr{pointer},float	ptr{pointer},ptr{pointer},ptr{pointer},ptr{pointer},float	1	0.000603
TOTAL	invoke	direct	0	0	0	0	1	-	void	ptr{pointer},ptr{pointer},ptr{pointer},ptr{pointer},i16,i16	ptr{pointer},ptr{pointer},ptr{pointer},ptr{pointer},i16,i16	1	0.000603
TOTAL	invoke	direct	0	0	0	0	1	-	void	ptr{pointer},ptr{pointer},ptr{pointer},ptr{pointer},i1,i1,i1,ptr{pointer},ptr{pointer},i64	ptr{pointer},ptr{pointer},ptr{pointer},ptr{pointer},i1,i1,i1,ptr{pointer},ptr{pointer},i64	1	0.000603
TOTAL	invoke	direct	0	0	0	0	1	-	void	ptr{pointer},ptr{pointer},ptr{pointer},ptr{pointer},i32,ptr{pointer},ptr{pointer},ptr{pointer}	ptr{pointer},ptr{pointer},ptr{pointer},ptr{pointer},i32,ptr{pointer},ptr{pointer},ptr{pointer}	1	0.000603
TOTAL	invoke	direct	0	0	0	0	1	-	void	ptr{pointer},ptr{pointer},ptr{pointer},ptr{pointer},ptr{pointer},i1,ptr{pointer}	ptr{pointer},ptr{pointer},ptr{pointer},ptr{pointer},ptr{pointer},i1,ptr{pointer}	1	0.000603
TOTAL	invoke	direct	0	0	0	0	1	-	void	ptr{pointer},ptr{pointer},ptr{pointer},ptr{pointer},ptr{pointer},ptr{pointer},float	ptr{pointer},ptr{pointer},ptr{pointer},ptr{pointer},ptr{pointer},ptr{pointer},float	1	0.000603
TOTAL	invoke	direct	0	0	0	0	1	-	void	ptr{pointer},ptr{pointer},ptr{pointer},ptr{pointer},ptr{pointer},ptr{pointer},i1	ptr{pointer},ptr{pointer},ptr{pointer},ptr{pointer},ptr{pointer},ptr{pointer},i1	1	0.000603
TOTAL	invoke	direct	0	0	0	0	1	-	void	ptr{pointer},ptr{pointer},ptr{pointer},ptr{pointer},ptr{pointer},ptr{pointer},i32	ptr{pointer},ptr{pointer},ptr{pointer},ptr{pointer},ptr{pointer},ptr{pointer},i32	1	0.000603
TOTAL	invoke	direct	0	0	0	0	1	-	void	ptr{pointer},ptr{pointer},ptr{pointer},ptr{pointer},ptr{pointer},ptr{pointer},ptr{pointer},float	ptr{pointer},ptr{pointer},ptr{pointer},ptr{pointer},ptr{pointer},ptr{pointer},ptr{pointer},float	1	0.000603
TOTAL	invoke	direct	0	0	0	0	1	-	void	ptr{pointer},ptr{pointer},ptr{pointer},ptr{pointer},ptr{pointer},ptr{pointer},ptr{pointer},ptr{pointer}	ptr{pointer},ptr{pointer},ptr{pointer},ptr{pointer},ptr{pointer},ptr{pointer},ptr{pointer},ptr{pointer}	1	0.000603
TOTAL	invoke	direct	0	0	0	0	1	-	void	ptr{pointer,sret},ptr{pointer},float	ptr{pointer,sret},ptr{pointer},float	1	0.000603
TOTAL	invoke	direct	0	1	0	0	1	-	i32	ptr{pointer},i32,i32{vararg}	ptr{pointer},i32,i32{vararg}	1	0.000603
TOTAL	invoke	direct	0	1	0	0	1	-	i32	ptr{pointer},ptr{pointer,vararg},i32{vararg}	ptr{pointer},ptr{pointer,vararg},i32{vararg}	1	0.000603
TOTAL	invoke	indirect	0	0	0	0	1	-	float	ptr{pointer},ptr{pointer},ptr{pointer},float,i32,i32	ptr{pointer},ptr{pointer},ptr{pointer},float,i32,i32	1	0.000603
TOTAL	invoke	indirect	0	0	0	0	1	-	float	ptr{pointer},ptr{pointer},ptr{pointer},ptr{pointer},ptr{pointer}	ptr{pointer},ptr{pointer},ptr{pointer},ptr{pointer},ptr{pointer}	1	0.000603
TOTAL	invoke	indirect	0	0	0	0	1	-	i1	ptr{pointer},ptr{pointer},ptr{pointer},ptr{pointer},ptr{pointer},ptr{pointer}	ptr{pointer},ptr{pointer},ptr{pointer},ptr{pointer},ptr{pointer},ptr{pointer}	1	0.000603
TOTAL	invoke	indirect	0	0	0	0	1	-	i32	ptr{pointer},i32,i1	ptr{pointer},i32,i1	1	0.000603
TOTAL	invoke	indirect	0	0	0	0	1	-	i32	ptr{pointer},i64,i64,ptr{pointer}	ptr{pointer},i64,i64,ptr{pointer}	1	0.000603
TOTAL	invoke	indirect	0	0	0	0	1	-	i32	ptr{pointer},i64,ptr{pointer}	ptr{pointer},i64,ptr{pointer}	1	0.000603
TOTAL	invoke	indirect	0	0	0	0	1	-	i32	ptr{pointer},ptr{pointer},i1,i32,ptr{pointer}	ptr{pointer},ptr{pointer},i1,i32,ptr{pointer}	1	0.000603
TOTAL	invoke	indirect	0	0	0	0	1	-	i32	ptr{pointer},ptr{pointer},i32,i1	ptr{pointer},ptr{pointer},i32,i1	1	0.000603
TOTAL	invoke	indirect	0	0	0	0	1	-	i32	ptr{pointer},ptr{pointer},ptr{pointer},ptr{pointer},ptr{pointer},ptr{pointer},ptr{pointer},ptr{pointer}	ptr{pointer},ptr{pointer},ptr{pointer},ptr{pointer},ptr{pointer},ptr{pointer},ptr{pointer},ptr{pointer}	1	0.000603
TOTAL	invoke	indirect	0	0	0	0	1	-	ptr{pointer}	ptr{pointer},i32,i32	ptr{pointer},i32,i32	1	0.000603
TOTAL	invoke	indirect	0	0	0	0	1	-	void	ptr{pointer},ptr{pointer},float	ptr{pointer},ptr{pointer},float	1	0.000603
TOTAL	invoke	indirect	0	0	0	0	1	-	void	ptr{pointer},ptr{pointer},i32,i32,i32,i32	ptr{pointer},ptr{pointer},i32,i32,i32,i32	1	0.000603
TOTAL	invoke	indirect	0	0	0	0	1	-	void	ptr{pointer},ptr{pointer},i32	ptr{pointer},ptr{pointer},i32	1	0.000603
TOTAL	invoke	indirect	0	0	0	0	1	-	void	ptr{pointer},ptr{pointer},ptr{pointer},float,i32,ptr{pointer}	ptr{pointer},ptr{pointer},ptr{pointer},float,i32,ptr{pointer}	1	0.000603
TOTAL	invoke	indirect	0	0	0	0	1	-	void	ptr{pointer},ptr{pointer},ptr{pointer},ptr{pointer},ptr{pointer},float	ptr{pointer},ptr{pointer},ptr{pointer},ptr{pointer},ptr{pointer},float	1	0.000603
7zip	call	direct	0	0	0	0	1	-	void	ptr{pointer}	ptr{pointer}	8936	33.215627
7zip	invoke	direct	0	0	0	0	1	-	void	ptr{pointer}	ptr{pointer}	1411	5.244768
7zip	call	direct	0	0	0	0	1	-	i32	ptr{pointer}	ptr{pointer}	1040	3.865740
7zip	call	direct	0	0	0	0	1	-	void	ptr{pointer},i64	ptr{pointer},i64	975	3.624131
7zip	invoke	direct	0	0	0	0	1	-	ptr{pointer}	ptr{pointer}	ptr{pointer}	781	2.903022
7zip	call	direct	0	0	0	0	1	-	ptr{pointer}	ptr{pointer}	ptr{pointer}	695	2.583355
7zip	call	indirect	0	0	0	0	1	-	i32	ptr{pointer}	ptr{pointer}	646	2.401219
7zip	call	direct	0	0	0	0	1	-	void	ptr{pointer},i32	ptr{pointer},i32	635	2.360332
7zip	call	direct	0	0	0	0	1	-	ptr{pointer}	ptr{pointer},i32	ptr{pointer},i32	608	2.259971
7zip	call	direct	0	0	0	0	1	-	ptr{pointer}	ptr{pointer},ptr{pointer}	ptr{pointer},ptr{pointer}	606	2.252537
7zip	invoke	direct	0	0	0	0	1	-	ptr{pointer}	ptr{pointer},ptr{pointer}	ptr{pointer},ptr{pointer}	603	2.241386
7zip	call	direct	0	0	0	0	1	-	i32	ptr{pointer},ptr{pointer}	ptr{pointer},ptr{pointer}	596	2.215366
7zip	call	direct	0	0	0	0	1	-	ptr{pointer}	i64	i64	468	1.739583
7zip	invoke	direct	0	0	0	0	1	-	void	ptr{pointer},ptr{pointer}	ptr{pointer},ptr{pointer}	446	1.657808
7zip	call	direct	0	0	0	0	1	-	void	ptr{pointer},ptr{pointer}	ptr{pointer},ptr{pointer}	441	1.639222
7zip	invoke	direct	0	0	0	0	1	-	i32	ptr{pointer}	ptr{pointer}	427	1.587184
7zip	invoke	direct	0	0	0	0	1	-	ptr{pointer}	ptr{pointer},i32	ptr{pointer},i32	388	1.442218
7zip	call	direct	0	0	0	0	1	-	void	-	-	379	1.408765
7zip	invoke	indirect	0	0	0	0	1	-	i32	ptr{pointer}	ptr{pointer}	283	1.051927
7zip	invoke	direct	0	0	0	0	1	-	i32	ptr{pointer},ptr{pointer}	ptr{pointer},ptr{pointer}	275	1.022191
7zip	invoke	direct	0	0	0	0	1	-	i1	ptr{pointer}	ptr{pointer}	242	0.899528
7zip	call	direct	0	0	1	0	1	-	void	ptr{pointer}	ptr{pointer}	241	0.895811
7zip	call	direct	0	0	1	0	1	-	i32	ptr{pointer}	ptr{pointer}	237	0.880943
7zip	call	direct	0	0	0	0	1	-	i1	ptr{pointer}	ptr{pointer}	212	0.788016
7zip	call	direct	0	0	0	0	1	-	void	ptr{pointer},i32,i32	ptr{pointer},i32,i32	191	0.709958
7zip	call	direct	0	0	0	0	1	-	i32	ptr{pointer},i32	ptr{pointer},i32	159	0.591012
7zip	invoke	direct	0	0	0	0	1	-	void	ptr{pointer},ptr{pointer},ptr{pointer}	ptr{pointer},ptr{pointer},ptr{pointer}	136	0.505520
7zip	call	direct	0	0	0	0	1	-	void	ptr{pointer},i32,ptr{pointer}	ptr{pointer},i32,ptr{pointer}	132	0.490652
7zip	invoke	direct	0	0	0	0	1	-	void	ptr{pointer},i32	ptr{pointer},i32	124	0.460915
7zip	invoke	direct	0	0	0	0	1	-	ptr{pointer}	i64	i64	120	0.446047
7zip	call	direct	0	0	0	0	1	-	i64	ptr{pointer}	ptr{pointer}	119	0.442330
7zip	call	direct	0	0	1	0	1	-	i32	ptr{pointer},ptr{pointer},ptr{pointer}	ptr{pointer},ptr{pointer},ptr{pointer}	117	0.434896
7zip	invoke	direct	0	0	0	0	1	-	void	ptr{pointer,sret},ptr{pointer},i32	ptr{pointer,sret},ptr{pointer},i32	114	0.423745
7zip	call	indirect	0	0	0	0	1	-	void	ptr{pointer}	ptr{pointer}	113	0.420028
7zip	invoke	direct	0	0	0	0	1	-	i64	ptr{pointer}	ptr{pointer}	113	0.420028
7zip	invoke	direct	0	0	0	0	1	-	i1	ptr{pointer},ptr{pointer}	ptr{pointer},ptr{pointer}	93	0.345686
7zip	call	direct	0	0	0	0	1	-	void	ptr{pointer},ptr{pointer},i32	ptr{pointer},ptr{pointer},i32	91	0.338252
7zip	invoke	direct	0	0	0	0	1	-	i32	ptr{pointer},i32	ptr{pointer},i32	85	0.315950
7zip	call	direct	0	0	0	0	1	-	void	ptr{pointer},i8	ptr{pointer},i8	81	0.301082
7zip	call	indirect	0	0	0	0	1	-	i32	ptr{pointer},ptr{pointer},ptr{pointer}	ptr{pointer},ptr{pointer},ptr{pointer}	77	0.286213
7zip	invoke	direct	0	0	0	0	1	-	i32	ptr{pointer},ptr{pointer},ptr{pointer}	ptr{pointer},ptr{pointer},ptr{pointer}	76	0.282496
7zip	call	direct	0	0	0	0	1	-	i32	ptr{pointer},i64	ptr{pointer},i64	75	0.278779
7zip	call	direct	0	0	0	0	1	-	void	ptr{pointer},ptr{pointer},ptr{pointer}	ptr{pointer},ptr{pointer},ptr{pointer}	74	0.275062
7zip	call	direct	0	0	0	0	1	-	i1	ptr{pointer},ptr{pointer}	ptr{pointer},ptr{pointer}	67	0.249043
7zip	call	direct	0	0	0	0	1	-	void	ptr{pointer},ptr{pointer},i64	ptr{pointer},ptr{pointer},i64	63	0.234175
7zip	invoke	direct	0	0	0	0	1	-	ptr{pointer}	ptr{pointer},i64	ptr{pointer},i64	63	0.234175
7zip	call	direct	0	0	0	0	1	-	i1	ptr{pointer},i32	ptr{pointer},i32	59	0.219306
7zip	call	direct	0	0	0	0	1	-	i32	ptr{pointer},ptr{pointer},ptr{pointer}	ptr{pointer},ptr{pointer},ptr{pointer}	56	0.208155
7zip	call	direct	0	0	0	0	1	-	i32	ptr{pointer},ptr{pointer},i64	ptr{pointer},ptr{pointer},i64	55	0.204438
7zip	call	direct	0	0	0	0	1	-	i8	ptr{pointer}	ptr{pointer}	55	0.204438
7zip	invoke	direct	0	0	0	0	1	-	void	-	-	55	0.204438
7zip	call	direct	0	0	0	0	1	-	i32	i32	i32	53	0.197004
7zip	call	direct	0	0	0	0	1	-	i32	ptr{pointer},ptr{pointer},i32	ptr{pointer},ptr{pointer},i32	49	0.182136
7zip	call	direct	0	0	0	0	1	-	void	ptr{pointer,sret},ptr{pointer},i32,i32	ptr{pointer,sret},ptr{pointer},i32,i32	45	0.167268
7zip	call	indirect	0	0	0	0	1	-	i32	ptr{pointer},i64,i32,ptr{pointer}	ptr{pointer},i64,i32,ptr{pointer}	45	0.167268
7zip	invoke	indirect	0	0	0	0	1	-	i32	ptr{pointer},i32	ptr{pointer},i32	45	0.167268
7zip	invoke	indirect	0	0	0	0	1	-	i32	ptr{pointer},ptr{pointer},ptr{pointer}	ptr{pointer},ptr{pointer},ptr{pointer}	44	0.163551
7zip	invoke	indirect	0	0	0	0	1	-	i32	ptr{pointer},ptr{pointer}	ptr{pointer},ptr{pointer}	44	0.163551
7zip	call	direct	0	0	1	0	1	-	i32	ptr{pointer},ptr{pointer}	ptr{pointer},ptr{pointer}	42	0.156116
7zip	call	indirect	0	0	0	0	1	-	i32	ptr{pointer},ptr{pointer},i32,ptr{pointer}	ptr{pointer},ptr{pointer},i32,ptr{pointer}	42	0.156116
7zip	call	direct	0	0	0	0	1	-	ptr{pointer}	ptr{pointer},i64	ptr{pointer},i64	41	0.152399
7zip	call	direct	0	0	0	0	1	-	void	ptr{pointer,sret},ptr{pointer},i32	ptr{pointer,sret},ptr{pointer},i32	41	0.152399
7zip	invoke	indirect	0	0	0	0	1	-	i32	ptr{pointer},i32,i32,ptr{pointer}	ptr{pointer},i32,i32,ptr{pointer}	40	0.148682
7zip	invoke	direct	0	0	0	0	1	-	void	ptr{pointer,sret},ptr{pointer},ptr{pointer}	ptr{pointer,sret},ptr{pointer},ptr{pointer}	35	0.130097
7zip	invoke	direct	0	0	0	0	1	-	void	ptr{pointer,sret},ptr{pointer}	ptr{pointer,sret},ptr{pointer}	34	0.126380
7zip	invoke	indirect	0	0	0	0	1	-	i32	ptr{pointer},i64,i32,ptr{pointer}	ptr{pointer},i64,i32,ptr{pointer}	34	0.126380
7zip	call	direct	0	0	0	0	1	-	i32	i32,i32	i32,i32	33	0.122663
7zip	invoke	direct	0	0	0	0	1	-	i32	ptr{pointer},i64	ptr{pointer},i64	33	0.122663
7zip	invoke	direct	0	0	0	0	1	-	void	ptr{pointer},i8	ptr{pointer},i8	32	0.118946
7zip	call	direct	0	0	0	0	1	-	i32	ptr{pointer},i32,i32	ptr{pointer},i32,i32	30	0.111512
7zip	invoke	direct	0	0	0	0	1	-	ptr{pointer}	ptr{pointer},i8	ptr{pointer},i8	29	0.107795
7zip	invoke	direct	0	0	0	0	1	-	void	ptr{pointer},i64	ptr{pointer},i64	29	0.107795
7zip	call	direct	0	0	0	0	1	-	void	ptr{pointer},i16	ptr{pointer},i16	28	0.104078
7zip	call	direct	0	0	0	0	1	-	i32	-	-	27	0.100361
7zip	call	direct	0	0	0	0	1	-	i64	i64,i64	i64,i64	27	0.100361
7zip	call	direct	0	0	0	0	1	-	void	i32	i32	27	0.100361
7zip	call	indirect	0	0	0	0	1	-	i32	ptr{pointer},ptr{pointer},i32	ptr{pointer},ptr{pointer},i32	26	0.096643
7zip	invoke	direct	0	0	0	0	1	-	void	ptr{pointer},i1	ptr{pointer},i1	26	0.096643
7zip	call	indirect	0	0	0	0	1	-	void	ptr{pointer},ptr{pointer}	ptr{pointer},ptr{pointer}	25	0.092926
7zip	invoke	direct	0	0	0	0	1	-	void	ptr{pointer},i32,ptr{pointer}	ptr{pointer},i32,ptr{pointer}	24	0.089209
7zip	call	direct	0	0	0	0	1	-	void	ptr{pointer,sret},ptr{pointer}	ptr{pointer,sret},ptr{pointer}	23	0.085492
7zip	invoke	direct	0	0	0	0	1	-	i32	ptr{pointer},i1	ptr{pointer},i1	23	0.085492
7zip	invoke	direct	0	0	0	0	1	-	void	ptr{pointer},ptr{pointer},i32	ptr{pointer},ptr{pointer},i32	23	0.085492
7zip	call	direct	0	0	0	0	1	-	void	ptr{pointer},i1	ptr{pointer},i1	22	0.081775
7zip	call	indirect	0	0	0	0	1	-	ptr{pointer}	ptr{pointer},i64	ptr{pointer},i64	22	0.081775
7zip	invoke	direct	0	0	0	0	1	-	i1	ptr{pointer},i32	ptr{pointer},i32	22	0.081775
7zip	invoke	indirect	0	0	0	0	1	-	i32	ptr{pointer},i64	ptr{pointer},i64	22	0.081775
7zip	call	direct	0	0	0	0	1	-	ptr{pointer}	-	-	21	0.078058
7zip	call	direct	0	0	0	0	1	-	void	ptr{pointer},ptr{pointer},i32,i32	ptr{pointer},ptr{pointer},i32,i32	20	0.074341
7zip	call	indirect	0	0	0	0	1	-	i32	ptr{pointer},ptr{pointer}	ptr{pointer},ptr{pointer}	20	0.074341
7zip	invoke	direct	0	0	0	0	1	-	i1	i32	i32	19	0.070624
7zip	invoke	direct	0	0	0	0	1	-	void	ptr{pointer},ptr{pointer},i1	ptr{pointer},ptr{pointer},i1	19	0.070624
7zip	invoke	direct	0	0	0	0	1	-	void	ptr{pointer,sret},i32	ptr{pointer,sret},i32	19	0.070624
7zip	call	direct	0	1	0	0	1	-	i32	ptr{pointer},ptr{pointer}	ptr{pointer},ptr{pointer}	18	0.066907
7zip	invoke	indirect	0	0	0	0	1	-	i32	ptr{pointer},ptr{pointer},ptr{pointer},ptr{pointer},ptr{pointer},ptr{pointer}	ptr{pointer},ptr{pointer},ptr{pointer},ptr{pointer},ptr{pointer},ptr{pointer}	18	0.066907
7zip	call	direct	0	0	0	0	1	-	i32	ptr{pointer},i32,i32,ptr{pointer}	ptr{pointer},i32,i32,ptr{pointer}	17	0.063190
7zip	invoke	indirect	0	0	0	0	1	-	i32	ptr{pointer},ptr{pointer},i32	ptr{pointer},ptr{pointer},i32	17	0.063190
7zip	call	direct	0	0	0	0	1	-	i1	ptr{pointer},i32,ptr{pointer}	ptr{pointer},i32,ptr{pointer}	16	0.059473
7zip	call	direct	0	0	1	0	1	-	i32	ptr{pointer},ptr{pointer},i32	ptr{pointer},ptr{pointer},i32	16	0.059473
7zip	invoke	direct	0	0	0	0	1	-	i32	ptr{pointer},i32,ptr{pointer}	ptr{pointer},i32,ptr{pointer}	16	0.059473
7zip	invoke	indirect	0	0	0	0	1	-	i32	ptr{pointer},i32,ptr{pointer}	ptr{pointer},i32,ptr{pointer}	16	0.059473
7zip	call	direct	0	0	0	0	1	-	i64	ptr{pointer},i64,i32,i32	ptr{pointer},i64,i32,i32	15	0.055756
7zip	invoke	direct	0	0	0	0	1	-	i32	ptr{pointer},i32,i32	ptr{pointer},i32,i32	15	0.055756
7zip	invoke	direct	0	0	0	0	1	-	ptr{pointer}	ptr{pointer},i1	ptr{pointer},i1	15	0.055756
7zip	call	direct	0	0	0	0	1	-	i32	ptr{pointer},ptr{pointer},ptr{pointer},ptr{pointer}	ptr{pointer},ptr{pointer},ptr{pointer},ptr{pointer}	14	0.052039
7zip	invoke	direct	0	0	0	0	1	-	i1	ptr{pointer},ptr{pointer},i1	ptr{pointer},ptr{pointer},i1	14	0.052039
7zip	invoke	direct	0	0	0	0	1	-	i32	-	-	14	0.052039
7zip	invoke	direct	0	0	0	0	1	-	void	ptr{pointer},i32,i32	ptr{pointer},i32,i32	14	0.052039
7zip	call	direct	0	0	0	0	1	-	i1	ptr{pointer},ptr{pointer},i32	ptr{pointer},ptr{pointer},i32	13	0.048322
7zip	call	direct	0	0	0	0	1	-	i32	i32,ptr{pointer},i64	i32,ptr{pointer},i64	13	0.048322
7zip	call	direct	0	0	0	0	1	-	i32	ptr{pointer},ptr{pointer},i32,ptr{pointer}	ptr{pointer},ptr{pointer},i32,ptr{pointer}	13	0.048322
7zip	call	direct	0	0	0	0	1	-	void	i32,ptr{pointer}	i32,ptr{pointer}	13	0.048322
7zip	call	direct	0	0	1	0	1	-	i32	ptr{pointer},ptr{pointer},ptr{pointer},i32	ptr{pointer},ptr{pointer},ptr{pointer},i32	13	0.048322
7zip	invoke	direct	0	0	0	0	1	-	i32	ptr{pointer},i32,i32,ptr{pointer}	ptr{pointer},i32,i32,ptr{pointer}	13	0.048322
7zip	invoke	direct	0	0	0	0	1	-	i32	ptr{pointer},ptr{pointer},ptr{pointer},ptr{pointer}	ptr{pointer},ptr{pointer},ptr{pointer},ptr{pointer}	13	0.048322
7zip	invoke	indirect	0	0	0	0	1	-	i32	ptr{pointer},i32,ptr{pointer},i32	ptr{pointer},i32,ptr{pointer},i32	13	0.048322
7zip	call	direct	0	0	0	0	1	-	i32	ptr{pointer},i64,ptr{pointer}	ptr{pointer},i64,ptr{pointer}	12	0.044605
7zip	call	direct	0	0	0	0	1	-	i64	-	-	12	0.044605
7zip	call	direct	0	0	1	0	1	-	i32	ptr{pointer},ptr{pointer},i32,ptr{pointer}	ptr{pointer},ptr{pointer},i32,ptr{pointer}	12	0.044605
7zip	call	direct	0	0	0	0	1	-	i16	ptr{pointer}	ptr{pointer}	11	0.040888
7zip	call	direct	0	0	0	0	1	-	i1	i32	i32	11	0.040888
7zip	call	direct	0	0	0	0	1	-	i32	ptr{pointer},i32,ptr{pointer}	ptr{pointer},i32,ptr{pointer}	11	0.040888
7zip	call	direct	0	0	0	0	1	-	ptr{pointer}	ptr{pointer},i8	ptr{pointer},i8	11	0.040888
7zip	call	direct	0	0	0	0	1	-	void	ptr{pointer},i32,i32,i32	ptr{pointer},i32,i32,i32	11	0.040888
7zip	call	direct	0	0	0	0	1	-	void	ptr{pointer},i32,i32,ptr{pointer},ptr{pointer}	ptr{pointer},i32,i32,ptr{pointer},ptr{pointer}	11	0.040888
7zip	call	indirect	0	0	0	0	1	-	void	ptr{pointer},i32,i32	ptr{pointer},i32,i32	11	0.040888
7zip	invoke	direct	0	0	0	0	1	-	i1	ptr{pointer},ptr{pointer},ptr{pointer}	ptr{pointer},ptr{pointer},ptr{pointer}	11	0.040888
7zip	invoke	direct	0	0	0	0	1	-	i32	ptr{pointer},ptr{pointer},i64	ptr{pointer},ptr{pointer},i64	11	0.040888
7zip	invoke	direct	0	0	0	0	1	-	i32	ptr{pointer},ptr{pointer},ptr{pointer},ptr{pointer},ptr{pointer},ptr{pointer}	ptr{pointer},ptr{pointer},ptr{pointer},ptr{pointer},ptr{pointer},ptr{pointer}	11	0.040888
7zip	call	direct	0	0	0	0	1	-	i1	-	-	10	0.037171
7zip	call	indirect	0	0	0	0	1	-	i32	ptr{pointer},i32	ptr{pointer},i32	10	0.037171
7zip	invoke	direct	0	0	0	0	1	-	i1	ptr{pointer},i32,ptr{pointer}	ptr{pointer},i32,ptr{pointer}	10	0.037171
7zip	invoke	direct	0	0	0	0	1	-	void	ptr{pointer,sret},i32,ptr{pointer}	ptr{pointer,sret},i32,ptr{pointer}	10	0.037171
7zip	call	direct	0	0	0	0	1	-	i32	ptr{pointer},i1	ptr{pointer},i1	9	0.033454
7zip	call	direct	0	0	0	0	1	-	void	ptr{pointer,sret},i64	ptr{pointer,sret},i64	9	0.033454
7zip	call	indirect	0	0	0	0	1	-	i32	ptr{pointer},i64	ptr{pointer},i64	9	0.033454
7zip	invoke	direct	0	0	0	0	1	-	i1	i32,ptr{pointer}	i32,ptr{pointer}	9	0.033454
7zip	invoke	direct	0	0	0	0	1	-	i8	ptr{pointer}	ptr{pointer}	9	0.033454
7zip	invoke	direct	0	0	0	0	1	-	void	ptr{pointer},ptr{pointer},ptr{pointer},ptr{pointer}	ptr{pointer},ptr{pointer},ptr{pointer},ptr{pointer}	9	0.033454
7zip	call	direct	0	0	0	0	1	-	i1	ptr{pointer},i64	ptr{pointer},i64	8	0.029736
7zip	call	direct	0	0	0	0	1	-	i32	i1	i1	8	0.029736
7zip	call	direct	0	0	0	0	1	-	i32	ptr{pointer},i32,ptr{pointer},ptr{pointer}	ptr{pointer},i32,ptr{pointer},ptr{pointer}	8	0.029736
7zip	call	direct	0	0	0	0	1	-	ptr{pointer}	i32,ptr{pointer}	i32,ptr{pointer}	8	0.029736
7zip	call	direct	0	0	0	0	1	-	void	ptr{pointer,sret},i32	ptr{pointer,sret},i32	8	0.029736
7zip	call	direct	0	0	0	0	1	-	void	ptr{pointer,sret},ptr{pointer},ptr{pointer}	ptr{pointer,sret},ptr{pointer},ptr{pointer}	8	0.029736
7zip	call	indirect	0	0	0	0	1	-	ptr{pointer}	ptr{pointer}	ptr{pointer}	8	0.029736
7zip	invoke	direct	0	0	0	0	1	-	void	i32,ptr{pointer}	i32,ptr{pointer}	8	0.029736
7zip	invoke	indirect	0	0	0	0	1	-	i32	ptr{pointer},ptr{pointer},ptr{pointer},i32	ptr{pointer},ptr{pointer},ptr{pointer},i32	8	0.029736
7zip	call	direct	0	0	0	0	1	-	i32	ptr{pointer},i64,ptr{pointer},ptr{pointer},i32,ptr{pointer}	ptr{pointer},i64,ptr{pointer},ptr{pointer},i32,ptr{pointer}	7	0.026019
7zip	call	direct	0	0	0	0	1	-	i32	ptr{pointer},i8	ptr{pointer},i8	7	0.026019
7zip	call	direct	0	0	0	0	1	-	i32	ptr{pointer},ptr{pointer},i64,i32	ptr{pointer},ptr{pointer},i64,i32	7	0.026019
7zip	call	direct	0	0	0	0	1	-	i32	ptr{pointer},ptr{pointer},ptr{pointer},i32	ptr{pointer},ptr{pointer},ptr{pointer},i32	7	0.026019
7zip	call	direct	0	0	0	0	1	-	i64	ptr{pointer},ptr{pointer}	ptr{pointer},ptr{pointer}	7	0.026019
7zip	call	direct	0	0	0	0	1	-	ptr{pointer}	i32,i32,i32,ptr{pointer},ptr{pointer},i32,i32,i32,ptr{pointer},i32	i32,i32,i32,ptr{pointer},ptr{pointer},i32,i32,i32,ptr{pointer},i32	7	0.026019
7zip	call	direct	0	0	0	0	1	-	void	i64,ptr{pointer}	i64,ptr{pointer}	7	0.026019
7zip	call	direct	0	0	0	0	1	-	void	ptr{pointer},ptr{pointer},i1	ptr{pointer},ptr{pointer},i1	7	0.026019
7zip	call	indirect	0	0	0	0	1	-	i64	ptr{pointer},ptr{pointer},i64	ptr{pointer},ptr{pointer},i64	7	0.026019
7zip	invoke	direct	0	0	0	0	1	-	i16	ptr{pointer}	ptr{pointer}	7	0.026019
7zip	invoke	direct	0	0	0	0	1	-	i32	ptr{pointer},ptr{pointer},ptr{pointer},ptr{pointer},ptr{pointer}	ptr{pointer},ptr{pointer},ptr{pointer},ptr{pointer},ptr{pointer}	7	0.026019
7zip	invoke	direct	0	0	0	0	1	-	void	i32,i32,ptr{pointer}	i32,i32,ptr{pointer}	7	0.026019
7zip	invoke	direct	0	0	0	0	1	-	void	ptr{pointer},i32,ptr{pointer},ptr{pointer}	ptr{pointer},i32,ptr{pointer},ptr{pointer}	7	0.026019
7zip	invoke	indirect	0	0	0	0	1	-	i32	ptr{pointer},ptr{pointer},i32,ptr{pointer}	ptr{pointer},ptr{pointer},i32,ptr{pointer}	7	0.026019
7zip	call	direct	0	0	0	0	1	-	i1	ptr{pointer},ptr{pointer},i1	ptr{pointer},ptr{pointer},i1	6	0.022302
7zip	call	direct	0	0	0	0	1	-	i1	ptr{pointer},ptr{pointer},ptr{pointer},i32	ptr{pointer},ptr{pointer},ptr{pointer},i32	6	0.022302
7zip	call	direct	0	0	0	0	1	-	i1	ptr{pointer},ptr{pointer},ptr{pointer}	ptr{pointer},ptr{pointer},ptr{pointer}	6	0.022302
7zip	call	direct	0	0	0	0	1	-	i32	i64,i64	i64,i64	6	0.022302
7zip	call	direct	0	0	0	0	1	-	i32	ptr{pointer},ptr{pointer},ptr{pointer},ptr{pointer},ptr{pointer}	ptr{pointer},ptr{pointer},ptr{pointer},ptr{pointer},ptr{pointer}	6	0.022302
7zip	call	direct	0	0	0	0	1	-	i64	i32,ptr{pointer},i64	i32,ptr{pointer},i64	6	0.022302
7zip	call	direct	0	0	0	0	1	-	void	i32,i32,i32,ptr{pointer},ptr{pointer},i32,i32,i32	i32,i32,i32,ptr{pointer},ptr{pointer},i32,i32,i32	6	0.022302
7zip	call	direct	0	0	0	0	1	-	void	i64,ptr{pointer},i32	i64,ptr{pointer},i32	6	0.022302
7zip	call	direct	0	0	0	0	1	-	void	ptr{pointer},i32,ptr{pointer},ptr{pointer}	ptr{pointer},i32,ptr{pointer},ptr{pointer}	6	0.022302
7zip	call	indirect	0	0	0	0	1	-	i8	ptr{pointer}	ptr{pointer}	6	0.022302
7zip	invoke	direct	0	0	0	0	1	-	i32	ptr{pointer},ptr{pointer},ptr{pointer},ptr{pointer},ptr{pointer},ptr{pointer},ptr{pointer},ptr{pointer}	ptr{pointer},ptr{pointer},ptr{pointer},ptr{pointer},ptr{pointer},ptr{pointer},ptr{pointer},ptr{pointer}	6	0.022302
7zip	invoke	direct	0	0	0	0	1	-	void	ptr{pointer},ptr{pointer},i64	ptr{pointer},ptr{pointer},i64	6	0.022302
7zip	invoke	indirect	0	0	0	0	1	-	i32	ptr{pointer},i32,ptr{pointer},ptr{pointer},ptr{pointer}	ptr{pointer},i32,ptr{pointer},ptr{pointer},ptr{pointer}	6	0.022302
7zip	invoke	indirect	0	0	0	0	1	-	i32	ptr{pointer},ptr{pointer},i1	ptr{pointer},ptr{pointer},i1	6	0.022302
7zip	call	direct	0	0	0	0	1	-	i1	ptr{pointer},ptr{pointer},i32,ptr{pointer}	ptr{pointer},ptr{pointer},i32,ptr{pointer}	5	0.018585
7zip	call	direct	0	0	0	0	1	-	i32	ptr{pointer},i32,i32,i32	ptr{pointer},i32,i32,i32	5	0.018585
7zip	call	direct	0	0	0	0	1	-	i64	i32,i64,i32	i32,i64,i32	5	0.018585
7zip	call	direct	0	0	0	0	1	-	i8	ptr{pointer},ptr{pointer}	ptr{pointer},ptr{pointer}	5	0.018585
7zip	call	direct	0	0	0	0	1	-	ptr{pointer}	ptr{pointer},i32,ptr{pointer}	ptr{pointer},i32,ptr{pointer}	5	0.018585
7zip	call	direct	0	0	0	0	1	-	void	ptr{pointer},i32,i1	ptr{pointer},i32,i1	5	0.018585
7zip	call	direct	0	0	0	0	1	-	void	ptr{pointer},i32,i8	ptr{pointer},i32,i8	5	0.018585
7zip	call	direct	0	0	0	0	1	-	void	ptr{pointer,sret},ptr{pointer},i1	ptr{pointer,sret},ptr{pointer},i1	5	0.018585
7zip	invoke	direct	0	0	0	0	1	-	i1	ptr{pointer},ptr{pointer},i32,ptr{pointer}	ptr{pointer},ptr{pointer},i32,ptr{pointer}	5	0.018585
7zip	invoke	direct	0	0	0	0	1	-	i1	ptr{pointer},ptr{pointer},ptr{pointer},ptr{pointer}	ptr{pointer},ptr{pointer},ptr{pointer},ptr{pointer}	5	0.018585
7zip	invoke	direct	0	0	0	0	1	-	i32	i32	i32	5	0.018585
7zip	invoke	direct	0	0	0	0	1	-	i32	i64,ptr{pointer},i1	i64,ptr{pointer},i1	5	0.018585
7zip	invoke	direct	0	0	0	0	1	-	i32	ptr{pointer},[2 x i64]	ptr{pointer},i64{consecutive},i64{consecutive,consecutive-last}	5	0.018585
7zip	invoke	direct	0	0	0	0	1	-	i32	ptr{pointer},ptr{pointer},ptr{pointer},i1,ptr{pointer},ptr{pointer},ptr{pointer}	ptr{pointer},ptr{pointer},ptr{pointer},i1,ptr{pointer},ptr{pointer},ptr{pointer}	5	0.018585
7zip	invoke	direct	0	0	0	0	1	-	i64	ptr{pointer},i32	ptr{pointer},i32	5	0.018585
7zip	invoke	direct	0	0	0	0	1	-	void	ptr{pointer},ptr{pointer},ptr{pointer},i32	ptr{pointer},ptr{pointer},ptr{pointer},i32	5	0.018585
7zip	call	direct	0	0	0	0	1	-	i1	ptr{pointer},i1,ptr{pointer},i1	ptr{pointer},i1,ptr{pointer},i1	4	0.014868
7zip	call	direct	0	0	0	0	1	-	i1	ptr{pointer},i32,i32	ptr{pointer},i32,i32	4	0.014868
7zip	call	direct	0	0	0	0	1	-	i1	ptr{pointer},i64,i32,ptr{pointer}	ptr{pointer},i64,i32,ptr{pointer}	4	0.014868
7zip	call	direct	0	0	0	0	1	-	i1	ptr{pointer},i8	ptr{pointer},i8	4	0.014868
7zip	call	direct	0	0	0	0	1	-	i32	i16,i16	i16,i16	4	0.014868
7zip	call	direct	0	0	0	0	1	-	i32	i64	i64	4	0.014868
7zip	call	direct	0	0	0	0	1	-	i32	i8	i8	4	0.014868
7zip	call	direct	0	0	0	0	1	-	i32	ptr{pointer},[2 x i64]	ptr{pointer},i64{consecutive},i64{consecutive,consecutive-last}	4	0.014868
7zip	call	direct	0	0	0	0	1	-	i32	ptr{pointer},ptr{pointer},ptr{pointer},i64	ptr{pointer},ptr{pointer},ptr{pointer},i64	4	0.014868
7zip	call	direct	0	0	0	0	1	-	i32	ptr{pointer},ptr{pointer},ptr{pointer},ptr{pointer},ptr{pointer},i32,ptr{pointer}	ptr{pointer},ptr{pointer},ptr{pointer},ptr{pointer},ptr{pointer},i32,ptr{pointer}	4	0.014868
7zip	call	direct	0	0	0	0	1	-	i8	ptr{pointer},i32	ptr{pointer},i32	4	0.014868
7zip	call	direct	0	0	0	0	1	-	void	i32,ptr{pointer},i32	i32,ptr{pointer},i32	4	0.014868
7zip	call	direct	0	0	0	0	1	-	void	ptr{pointer},i1,i1	ptr{pointer},i1,i1	4	0.014868
7zip	call	direct	0	0	0	0	1	-	void	ptr{pointer},i32,i1,i64	ptr{pointer},i32,i1,i64	4	0.014868
7zip	call	direct	0	0	0	0	1	-	void	ptr{pointer},i32,ptr{pointer},i64	ptr{pointer},i32,ptr{pointer},i64	4	0.014868
7zip	call	direct	0	0	0	0	1	-	void	ptr{pointer},i64,i32	ptr{pointer},i64,i32	4	0.014868
7zip	call	direct	0	0	0	0	1	-	void	ptr{pointer},ptr{pointer},i8	ptr{pointer},ptr{pointer},i8	4	0.014868
7zip	call	direct	0	0	0	0	1	-	void	ptr{pointer},ptr{pointer},ptr{pointer},i1	ptr{pointer},ptr{pointer},ptr{pointer},i1	4	0.014868
7zip	call	direct	0	0	0	0	1	-	void	ptr{pointer},ptr{pointer},ptr{pointer},i32,i32	ptr{pointer},ptr{pointer},ptr{pointer},i32,i32	4	0.014868
7zip	call	direct	0	0	0	0	1	-	void	ptr{pointer},ptr{pointer},ptr{pointer},i32	ptr{pointer},ptr{pointer},ptr{pointer},i32	4	0.014868
7zip	call	direct	0	0	1	0	1	-	i32	ptr{pointer},i32,i32	ptr{pointer},i32,i32	4	0.014868
7zip	call	direct	0	1	0	0	1	-	i32	ptr{pointer},ptr{pointer},i32{vararg}	ptr{pointer},ptr{pointer},i32{vararg}	4	0.014868
7zip	call	direct	0	1	0	0	1	-	i32	ptr{pointer}	ptr{pointer}	4	0.014868
7zip	call	indirect	0	0	0	0	1	-	i32	ptr{pointer},i64,i64	ptr{pointer},i64,i64	4	0.014868
7zip	call	indirect	0	0	0	0	1	-	i32	ptr{pointer},ptr{pointer},ptr{pointer},ptr{pointer},ptr{pointer},ptr{pointer}	ptr{pointer},ptr{pointer},ptr{pointer},ptr{pointer},ptr{pointer},ptr{pointer}	4	0.014868
7zip	call	indirect	0	0	0	0	1	-	ptr{pointer}	-	-	4	0.014868
7zip	invoke	direct	0	0	0	0	1	-	i32	ptr{pointer},ptr{pointer},i32,ptr{pointer}	ptr{pointer},ptr{pointer},i32,ptr{pointer}	4	0.014868
7zip	invoke	direct	0	0	0	0	1	-	i32	ptr{pointer},ptr{pointer},i32	ptr{pointer},ptr{pointer},i32	4	0.014868
7zip	invoke	direct	0	0	0	0	1	-	i64	-	-	4	0.014868
7zip	invoke	direct	0	0	0	0	1	-	i64	ptr{pointer},i32,i32	ptr{pointer},i32,i32	4	0.014868
7zip	invoke	direct	0	0	0	0	1	-	void	i32,i32,ptr{pointer},ptr{pointer}	i32,i32,ptr{pointer},ptr{pointer}	4	0.014868
7zip	invoke	direct	0	0	0	0	1	-	void	i64,ptr{pointer},i32	i64,ptr{pointer},i32	4	0.014868
7zip	invoke	direct	0	0	0	0	1	-	void	ptr{pointer},ptr{pointer},i1,i32,i32	ptr{pointer},ptr{pointer},i1,i32,i32	4	0.014868
7zip	invoke	direct	0	0	0	0	1	-	void	ptr{pointer},ptr{pointer},i1,i32	ptr{pointer},ptr{pointer},i1,i32	4	0.014868
7zip	invoke	indirect	0	0	0	0	1	-	void	ptr{pointer},i32,i32	ptr{pointer},i32,i32	4	0.014868
7zip	call	direct	0	0	0	0	1	-	i1	ptr{pointer},ptr{pointer},i32,i32,i32,i32,i1	ptr{pointer},ptr{pointer},i32,i32,i32,i32,i1	3	0.011151
7zip	call	direct	0	0	0	0	1	-	i32	i16	i16	3	0.011151
7zip	call	direct	0	0	0	0	1	-	i32	i32,i32,i32,i32,i32,ptr{pointer},i32,i32	i32,i32,i32,i32,i32,ptr{pointer},i32,i32	3	0.011151
7zip	call	direct	0	0	0	0	1	-	i32	i32,ptr{pointer},ptr{pointer}	i32,ptr{pointer},ptr{pointer}	3	0.011151
7zip	call	direct	0	0	0	0	1	-	i32	i8,ptr{pointer}	i8,ptr{pointer}	3	0.011151
7zip	call	direct	0	0	0	0	1	-	i32	ptr{pointer},i32,i32,i32,i32,ptr{pointer}	ptr{pointer},i32,i32,i32,i32,ptr{pointer}	3	0.011151
7zip	call	direct	0	0	0	0	1	-	i32	ptr{pointer},i32,i32,i32,i32	ptr{pointer},i32,i32,i32,i32	3	0.011151
7zip	call	direct	0	0	0	0	1	-	i32	ptr{pointer},ptr{pointer},i32,ptr{pointer},i32	ptr{pointer},ptr{pointer},i32,ptr{pointer},i32	3	0.011151
7zip	call	direct	0	0	0	0	1	-	i32	ptr{pointer},ptr{pointer},i64,i64,ptr{pointer}	ptr{pointer},ptr{pointer},i64,i64,ptr{pointer}	3	0.011151
7zip	call	direct	0	0	0	0	1	-	i32	ptr{pointer},ptr{pointer},ptr{pointer},ptr{pointer},ptr{pointer},ptr{pointer}	ptr{pointer},ptr{pointer},ptr{pointer},ptr{pointer},ptr{pointer},ptr{pointer}	3	0.011151
7zip	call	direct	0	0	0	0	1	-	i64	i64,i64,i64	i64,i64,i64	3	0.011151
7zip	call	direct	0	0	0	0	1	-	i64	ptr{pointer},i64,i32,ptr{pointer},i32	ptr{pointer},i64,i32,ptr{pointer},i32	3	0.011151
7zip	call	direct	0	0	0	0	1	-	i64	ptr{pointer},ptr{pointer},i64	ptr{pointer},ptr{pointer},i64	3	0.011151
7zip	call	direct	0	0	0	0	1	-	i8	i8	i8	3	0.011151
7zip	call	direct	0	0	0	0	1	-	ptr{pointer}	i32	i32	3	0.011151
7zip	call	direct	0	0	0	0	1	-	ptr{pointer}	i64,i32	i64,i32	3	0.011151
7zip	call	direct	0	0	0	0	1	-	ptr{pointer}	ptr{pointer},i32,ptr{pointer},ptr{pointer}	ptr{pointer},i32,ptr{pointer},ptr{pointer}	3	0.011151
7zip	call	direct	0	0	0	0	1	-	ptr{pointer}	ptr{pointer},ptr{pointer},i32,i32	ptr{pointer},ptr{pointer},i32,i32	3	0.011151
7zip	call	direct	0	0	0	0	1	-	void	ptr{pointer},i1,ptr{pointer}	ptr{pointer},i1,ptr{pointer}	3	0.011151
7zip	call	direct	0	0	0	0	1	-	void	ptr{pointer},ptr{pointer},i32,i32,i32,ptr{pointer}	ptr{pointer},ptr{pointer},i32,i32,i32,ptr{pointer}	3	0.011151
7zip	call	direct	0	0	0	0	1	-	void	ptr{pointer},ptr{pointer},i64,ptr{pointer},i32	ptr{pointer},ptr{pointer},i64,ptr{pointer},i32	3	0.011151
7zip	call	direct	0	0	1	0	1	-	i32	ptr{pointer},i32,ptr{pointer}	ptr{pointer},i32,ptr{pointer}	3	0.011151
7zip	call	direct	0	0	1	0	1	-	i32	ptr{pointer},i64,ptr{pointer}	ptr{pointer},i64,ptr{pointer}	3	0.011151
7zip	call	direct	0	1	0	0	1	-	i32	ptr{pointer},i32,i32{vararg}	ptr{pointer},i32,i32{vararg}	3	0.011151
7zip	call	direct	0	1	0	0	1	-	i32	ptr{pointer},i32{vararg}	ptr{pointer},i32{vararg}	3	0.011151
7zip	call	indirect	0	0	0	0	1	-	i1	ptr{pointer}	ptr{pointer}	3	0.011151
7zip	call	indirect	0	0	0	0	1	-	i32	ptr{pointer},i32,ptr{pointer},ptr{pointer},ptr{pointer}	ptr{pointer},i32,ptr{pointer},ptr{pointer},ptr{pointer}	3	0.011151
7zip	call	indirect	0	0	0	0	1	-	i32	ptr{pointer},ptr{pointer},i1	ptr{pointer},ptr{pointer},i1	3	0.011151
7zip	call	indirect	0	0	0	0	1	-	void	ptr{pointer},i8	ptr{pointer},i8	3	0.011151
7zip	call	indirect	0	0	0	0	1	-	void	ptr{pointer},ptr{pointer},i64	ptr{pointer},ptr{pointer},i64	3	0.011151
7zip	invoke	direct	0	0	0	0	1	-	i1	-	-	3	0.011151
7zip	invoke	direct	0	0	0	0	1	-	i1	i8,i8	i8,i8	3	0.011151
7zip	invoke	direct	0	0	0	0	1	-	i1	i8	i8	3	0.011151
7zip	invoke	direct	0	0	0	0	1	-	i1	ptr{pointer},i1,ptr{pointer},i1	ptr{pointer},i1,ptr{pointer},i1	3	0.011151
7zip	invoke	direct	0	0	0	0	1	-	i1	ptr{pointer},i64	ptr{pointer},i64	3	0.011151
7zip	invoke	direct	0	0	0	0	1	-	i1	ptr{pointer},ptr{pointer},i32	ptr{pointer},ptr{pointer},i32	3	0.011151
7zip	invoke	direct	0	0	0	0	1	-	i32	i64,ptr{pointer},ptr{pointer},i1	i64,ptr{pointer},ptr{pointer},i1	3	0.011151
7zip	invoke	direct	0	0	0	0	1	-	i32	ptr{pointer},i32,i1,i32,ptr{pointer},ptr{pointer}	ptr{pointer},i32,i1,i32,ptr{pointer},ptr{pointer}	3	0.011151
7zip	invoke	direct	0	0	0	0	1	-	i32	ptr{pointer},i32,i32,ptr{pointer},ptr{pointer},ptr{pointer},ptr{pointer},i1,ptr{pointer},ptr{pointer},ptr{pointer}	ptr{pointer},i32,i32,ptr{pointer},ptr{pointer},ptr{pointer},ptr{pointer},i1,ptr{pointer},ptr{pointer},ptr{pointer}	3	0.011151
7zip	invoke	direct	0	0	0	0	1	-	i32	ptr{pointer},i32,i32,ptr{pointer},ptr{pointer}	ptr{pointer},i32,i32,ptr{pointer},ptr{pointer}	3	0.011151
7zip	invoke	direct	0	0	0	0	1	-	i32	ptr{pointer},i64,ptr{pointer}	ptr{pointer},i64,ptr{pointer}	3	0.011151
7zip	invoke	direct	0	0	0	0	1	-	i32	ptr{pointer},ptr{pointer},i64,ptr{pointer},ptr{pointer},ptr{pointer},ptr{pointer},ptr{pointer},ptr{pointer},i1,i32	ptr{pointer},ptr{pointer},i64,ptr{pointer},ptr{pointer},ptr{pointer},ptr{pointer},ptr{pointer},ptr{pointer},i1,i32	3	0.011151
7zip	invoke	direct	0	0	0	0	1	-	i32	ptr{pointer},ptr{pointer},ptr{pointer},i32	ptr{pointer},ptr{pointer},ptr{pointer},i32	3	0.011151
7zip	invoke	direct	0	0	0	0	1	-	i64	ptr{pointer},ptr{pointer}	ptr{pointer},ptr{pointer}	3	0.011151
7zip	invoke	direct	0	0	0	0	1	-	void	ptr{pointer},i1,i8,ptr{pointer}	ptr{pointer},i1,i8,ptr{pointer}	3	0.011151
7zip	invoke	direct	0	0	0	0	1	-	void	ptr{pointer,sret},ptr{pointer},i32,i1	ptr{pointer,sret},ptr{pointer},i32,i1	3	0.011151
7zip	invoke	indirect	0	0	0	0	1	-	i32	ptr{pointer},ptr{pointer},ptr{pointer},ptr{pointer}	ptr{pointer},ptr{pointer},ptr{pointer},ptr{pointer}	3	0.011151
7zip	invoke	indirect	0	0	0	0	1	-	void	ptr{pointer},i32,ptr{pointer},ptr{pointer}	ptr{pointer},i32,ptr{pointer},ptr{pointer}	3	0.011151
7zip	call	direct	0	0	0	0	1	-	i1	ptr{pointer},i64,ptr{pointer}	ptr{pointer},i64,ptr{pointer}	2	0.007434
7zip	call	direct	0	0	0	0	1	-	i1	ptr{pointer},ptr{pointer},i1,i1	ptr{pointer},ptr{pointer},i1,i1	2	0.007434
7zip	call	direct	0	0	0	0	1	-	i1	ptr{pointer},ptr{pointer},i1,ptr{pointer}	ptr{pointer},ptr{pointer},i1,ptr{pointer}	2	0.007434
7zip	call	direct	0	0	0	0	1	-	i1	ptr{pointer},ptr{pointer},ptr{pointer},ptr{pointer}	ptr{pointer},ptr{pointer},ptr{pointer},ptr{pointer}	2	0.007434
7zip	call	direct	0	0	0	0	1	-	i32	i16,ptr{pointer}	i16,ptr{pointer}	2	0.007434
7zip	call	direct	0	0	0	0	1	-	i32	i32,ptr{pointer},i32,i32	i32,ptr{pointer},i32,i32	2	0.007434
7zip	call	direct	0	0	0	0	1	-	i32	i8,i8	i8,i8	2	0.007434
7zip	call	direct	0	0	0	0	1	-	i32	ptr{pointer},i64,i64	ptr{pointer},i64,i64	2	0.007434
7zip	call	direct	0	0	0	0	1	-	i32	ptr{pointer},i8,ptr{pointer}	ptr{pointer},i8,ptr{pointer}	2	0.007434
7zip	call	direct	0	0	0	0	1	-	i32	ptr{pointer},ptr{pointer},i1,i1	ptr{pointer},ptr{pointer},i1,i1	2	0.007434
7zip	call	direct	0	0	0	0	1	-	i32	ptr{pointer},ptr{pointer},i1	ptr{pointer},ptr{pointer},i1	2	0.007434
7zip	call	direct	0	0	0	0	1	-	i32	ptr{pointer},ptr{pointer},i32,ptr{pointer},i1	ptr{pointer},ptr{pointer},i32,ptr{pointer},i1	2	0.007434
7zip	call	direct	0	0	0	0	1	-	i32	ptr{pointer},ptr{pointer},i32,ptr{pointer},ptr{pointer}	ptr{pointer},ptr{pointer},i32,ptr{pointer},ptr{pointer}	2	0.007434
7zip	call	direct	0	0	0	0	1	-	i32	ptr{pointer},ptr{pointer},i64,i32,ptr{pointer},ptr{pointer}	ptr{pointer},ptr{pointer},i64,i32,ptr{pointer},ptr{pointer}	2	0.007434
7zip	call	direct	0	0	0	0	1	-	i32	ptr{pointer},ptr{pointer},i64,ptr{pointer}	ptr{pointer},ptr{pointer},i64,ptr{pointer}	2	0.007434
7zip	call	direct	0	0	0	0	1	-	i64	i32,i32	i32,i32	2	0.007434
7zip	call	direct	0	0	0	0	1	-	i64	i64,ptr{pointer},i64	i64,ptr{pointer},i64	2	0.007434
7zip	call	direct	0	0	0	0	1	-	void	ptr{pointer},i16,i1,i1	ptr{pointer},i16,i1,i1	2	0.007434
7zip	call	direct	0	0	0	0	1	-	void	ptr{pointer},i32,i64	ptr{pointer},i32,i64	2	0.007434
7zip	call	direct	0	0	0	0	1	-	void	ptr{pointer},i32,ptr{pointer},ptr{pointer},ptr{pointer},ptr{pointer},ptr{pointer}	ptr{pointer},i32,ptr{pointer},ptr{pointer},ptr{pointer},ptr{pointer},ptr{pointer}	2	0.007434
7zip	call	direct	0	0	0	0	1	-	void	ptr{pointer},i64,i64,i64	ptr{pointer},i64,i64,i64	2	0.007434
7zip	call	direct	0	0	0	0	1	-	void	ptr{pointer},i64,i64	ptr{pointer},i64,i64	2	0.007434
7zip	call	direct	0	0	0	0	1	-	void	ptr{pointer},i8,ptr{pointer}	ptr{pointer},i8,ptr{pointer}	2	0.007434
7zip	call	direct	0	0	0	0	1	-	void	ptr{pointer},ptr{pointer},i1,i32,i32	ptr{pointer},ptr{pointer},i1,i32,i32	2	0.007434
7zip	call	direct	0	0	0	0	1	-	void	ptr{pointer},ptr{pointer},i32,ptr{pointer},ptr{pointer}	ptr{pointer},ptr{pointer},i32,ptr{pointer},ptr{pointer}	2	0.007434
7zip	call	direct	0	0	0	0	1	-	void	ptr{pointer},ptr{pointer},i32,ptr{pointer}	ptr{pointer},ptr{pointer},i32,ptr{pointer}	2	0.007434
7zip	call	direct	0	0	0	0	1	-	void	ptr{pointer},ptr{pointer},i64,ptr{pointer}	ptr{pointer},ptr{pointer},i64,ptr{pointer}	2	0.007434
7zip	call	direct	0	0	0	0	1	-	void	ptr{pointer},ptr{pointer},ptr{pointer},ptr{pointer}	ptr{pointer},ptr{pointer},ptr{pointer},ptr{pointer}	2	0.007434
7zip	call	direct	0	0	0	0	1	-	void	ptr{pointer,sret},ptr{pointer},i1,i1	ptr{pointer,sret},ptr{pointer},i1,i1	2	0.007434
7zip	call	direct	0	0	0	0	1	-	void	ptr{pointer,sret},ptr{pointer},ptr{pointer},i32,ptr{pointer}	ptr{pointer,sret},ptr{pointer},ptr{pointer},i32,ptr{pointer}	2	0.007434
7zip	call	direct	0	0	1	0	1	-	i32	ptr{pointer},i32	ptr{pointer},i32	2	0.007434
7zip	call	indirect	0	0	0	0	1	-	i32	i32,ptr{pointer},i64,ptr{pointer}	i32,ptr{pointer},i64,ptr{pointer}	2	0.007434
7zip	call	indirect	0	0	0	0	1	-	i32	ptr{pointer},i64,i64,ptr{pointer}	ptr{pointer},i64,i64,ptr{pointer}	2	0.007434
7zip	call	indirect	0	0	0	0	1	-	ptr{pointer}	ptr{pointer},i32,ptr{pointer}	ptr{pointer},i32,ptr{pointer}	2	0.007434
7zip	invoke	direct	0	0	0	0	1	-	i1	[2 x i64],i16,ptr{pointer}	i64{consecutive},i64{consecutive,consecutive-last},i16,ptr{pointer}	2	0.007434
7zip	invoke	direct	0	0	0	0	1	-	i1	i64,ptr{pointer}	i64,ptr{pointer}	2	0.007434
7zip	invoke	direct	0	0	0	0	1	-	i1	ptr{pointer},i32,i32,ptr{pointer}	ptr{pointer},i32,i32,ptr{pointer}	2	0.007434
7zip	invoke	direct	0	0	0	0	1	-	i1	ptr{pointer},ptr{pointer},i1,ptr{pointer}	ptr{pointer},ptr{pointer},i1,ptr{pointer}	2	0.007434
7zip	invoke	direct	0	0	0	0	1	-	i1	ptr{pointer},ptr{pointer},i64	ptr{pointer},ptr{pointer},i64	2	0.007434
7zip	invoke	direct	0	0	0	0	1	-	i32	i1,i32	i1,i32	2	0.007434
7zip	invoke	direct	0	0	0	0	1	-	i32	i1	i1	2	0.007434
7zip	invoke	direct	0	0	0	0	1	-	i32	i32,i32	i32,i32	2	0.007434
7zip	invoke	direct	0	0	0	0	1	-	i32	i32,ptr{pointer},ptr{pointer}	i32,ptr{pointer},ptr{pointer}	2	0.007434
7zip	invoke	direct	0	0	0	0	1	-	i32	i64,ptr{pointer},ptr{pointer},ptr{pointer},i1,i1	i64,ptr{pointer},ptr{pointer},ptr{pointer},i1,i1	2	0.007434
7zip	invoke	direct	0	0	0	0	1	-	i32	i8,i8	i8,i8	2	0.007434
7zip	invoke	direct	0	0	0	0	1	-	i32	ptr{pointer},i32,i32,i32	ptr{pointer},i32,i32,i32	2	0.007434
7zip	invoke	direct	0	0	0	0	1	-	i32	ptr{pointer},i32,i32,ptr{pointer},ptr{pointer},ptr{pointer},i1,ptr{pointer},ptr{pointer},ptr{pointer}	ptr{pointer},i32,i32,ptr{pointer},ptr{pointer},ptr{pointer},i1,ptr{pointer},ptr{pointer},ptr{pointer}	2	0.007434
7zip	invoke	direct	0	0	0	0	1	-	i32	ptr{pointer},i32,ptr{pointer},ptr{pointer}	ptr{pointer},i32,ptr{pointer},ptr{pointer}	2	0.007434
7zip	invoke	direct	0	0	0	0	1	-	i32	ptr{pointer},i64,i64,ptr{pointer},ptr{pointer}	ptr{pointer},i64,i64,ptr{pointer},ptr{pointer}	2	0.007434
7zip	invoke	direct	0	0	0	0	1	-	i32	ptr{pointer},i64,ptr{pointer},ptr{pointer},ptr{pointer},ptr{pointer}	ptr{pointer},i64,ptr{pointer},ptr{pointer},ptr{pointer},ptr{pointer}	2	0.007434
7zip	invoke	direct	0	0	0	0	1	-	i32	ptr{pointer},i8	ptr{pointer},i8	2	0.007434
7zip	invoke	direct	0	0	0	0	1	-	i32	ptr{pointer},ptr{pointer},i32,ptr{pointer},ptr{pointer},ptr{pointer},ptr{pointer},ptr{pointer}	ptr{pointer},ptr{pointer},i32,ptr{pointer},ptr{pointer},ptr{pointer},ptr{pointer},ptr{pointer}	2	0.007434
7zip	invoke	direct	0	0	0	0	1	-	i32	ptr{pointer},ptr{pointer},i32,ptr{pointer},ptr{pointer},ptr{pointer}	ptr{pointer},ptr{pointer},i32,ptr{pointer},ptr{pointer},ptr{pointer}	2	0.007434
7zip	invoke	direct	0	0	0	0	1	-	i32	ptr{pointer},ptr{pointer},ptr{pointer},i32,ptr{pointer},ptr{pointer},i32,ptr{pointer}	ptr{pointer},ptr{pointer},ptr{pointer},i32,ptr{pointer},ptr{pointer},i32,ptr{pointer}	2	0.007434
7zip	invoke	direct	0	0	0	0	1	-	i64	i64,i64,i64	i64,i64,i64	2	0.007434
7zip	invoke	direct	0	0	0	0	1	-	i8	i8	i8	2	0.007434
7zip	invoke	direct	0	0	0	0	1	-	i8	ptr{pointer},ptr{pointer}	ptr{pointer},ptr{pointer}	2	0.007434
7zip	invoke	direct	0	0	0	0	1	-	ptr{pointer}	ptr{pointer},i64,i64	ptr{pointer},i64,i64	2	0.007434
7zip	invoke	direct	0	0	0	0	1	-	void	i64,ptr{pointer}	i64,ptr{pointer}	2	0.007434
7zip	invoke	direct	0	0	0	0	1	-	void	ptr{pointer},i16,i64,i1	ptr{pointer},i16,i64,i1	2	0.007434
7zip	invoke	direct	0	0	0	0	1	-	void	ptr{pointer},i1,ptr{pointer}	ptr{pointer},i1,ptr{pointer}	2	0.007434
7zip	invoke	direct	0	0	0	0	1	-	void	ptr{pointer},i32,i32,ptr{pointer},ptr{pointer},ptr{pointer}	ptr{pointer},i32,i32,ptr{pointer},ptr{pointer},ptr{pointer}	2	0.007434
7zip	invoke	direct	0	0	0	0	1	-	void	ptr{pointer},i64,i32	ptr{pointer},i64,i32	2	0.007434
7zip	invoke	direct	0	0	0	0	1	-	void	ptr{pointer},ptr{pointer},i64,ptr{pointer}	ptr{pointer},ptr{pointer},i64,ptr{pointer}	2	0.007434
7zip	invoke	direct	0	0	0	0	1	-	void	ptr{pointer},ptr{pointer},ptr{pointer},ptr{pointer},ptr{pointer},ptr{pointer},ptr{pointer},ptr{pointer},ptr{pointer},ptr{pointer},ptr{pointer}	ptr{pointer},ptr{pointer},ptr{pointer},ptr{pointer},ptr{pointer},ptr{pointer},ptr{pointer},ptr{pointer},ptr{pointer},ptr{pointer},ptr{pointer}	2	0.007434
7zip	invoke	direct	0	0	0	0	1	-	void	ptr{pointer,sret},i64	ptr{pointer,sret},i64	2	0.007434
7zip	invoke	direct	0	0	0	0	1	-	void	ptr{pointer,sret},ptr{pointer},i8	ptr{pointer,sret},ptr{pointer},i8	2	0.007434
7zip	invoke	direct	0	0	0	0	1	-	void	ptr{pointer,sret},ptr{pointer},ptr{pointer},ptr{pointer}	ptr{pointer,sret},ptr{pointer},ptr{pointer},ptr{pointer}	2	0.007434
7zip	invoke	indirect	0	0	0	0	1	-	i1	ptr{pointer}	ptr{pointer}	2	0.007434
7zip	invoke	indirect	0	0	0	0	1	-	i32	ptr{pointer},i32,i32	ptr{pointer},i32,i32	2	0.007434
7zip	invoke	indirect	0	0	0	0	1	-	i32	ptr{pointer},ptr{pointer},i32,i32,ptr{pointer}	ptr{pointer},ptr{pointer},i32,i32,ptr{pointer}	2	0.007434
7zip	invoke	indirect	0	0	0	0	1	-	i32	ptr{pointer},ptr{pointer},ptr{pointer},i32,ptr{pointer},ptr{pointer},i32,ptr{pointer}	ptr{pointer},ptr{pointer},ptr{pointer},i32,ptr{pointer},ptr{pointer},i32,ptr{pointer}	2	0.007434
7zip	invoke	indirect	0	0	0	0	1	-	void	ptr{pointer}	ptr{pointer}	2	0.007434
7zip	call	direct	0	0	0	0	1	-	i1	i16	i16	1	0.003717
7zip	call	direct	0	0	0	0	1	-	i1	i8,i8	i8,i8	1	0.003717
7zip	call	direct	0	0	0	0	1	-	i1	ptr{pointer},i32,i32,i32	ptr{pointer},i32,i32,i32	1	0.003717
7zip	call	direct	0	0	0	0	1	-	i1	ptr{pointer},ptr{pointer},i32,i32,i32	ptr{pointer},ptr{pointer},i32,i32,i32	1	0.003717
7zip	call	direct	0	0	0	0	1	-	i32	i16,i16,ptr{pointer}	i16,i16,ptr{pointer}	1	0.003717
7zip	call	direct	0	0	0	0	1	-	i32	i16,i64,ptr{pointer}	i16,i64,ptr{pointer}	1	0.003717
7zip	call	direct	0	0	0	0	1	-	i32	i32,i32,ptr{pointer}	i32,i32,ptr{pointer}	1	0.003717
7zip	call	direct	0	0	0	0	1	-	i32	i32,i64	i32,i64	1	0.003717
7zip	call	direct	0	0	0	0	1	-	i32	i32,ptr{pointer},i64,ptr{pointer}	i32,ptr{pointer},i64,ptr{pointer}	1	0.003717
7zip	call	direct	0	0	0	0	1	-	i32	i32,ptr{pointer}	i32,ptr{pointer}	1	0.003717
7zip	call	direct	0	0	0	0	1	-	i32	i64,ptr{pointer},i32,i32,i32,i32,ptr{pointer}	i64,ptr{pointer},i32,i32,i32,i32,ptr{pointer}	1	0.003717
7zip	call	direct	0	0	0	0	1	-	i32	i64,ptr{pointer}	i64,ptr{pointer}	1	0.003717
7zip	call	direct	0	0	0	0	1	-	i32	ptr{pointer},i32,i64,i64	ptr{pointer},i32,i64,i64	1	0.003717
7zip	call	direct	0	0	0	0	1	-	i32	ptr{pointer},i32,i64	ptr{pointer},i32,i64	1	0.003717
7zip	call	direct	0	0	0	0	1	-	i32	ptr{pointer},i32,ptr{pointer},ptr{pointer},i32,ptr{pointer}	ptr{pointer},i32,ptr{pointer},ptr{pointer},i32,ptr{pointer}	1	0.003717
7zip	call	direct	0	0	0	0	1	-	i32	ptr{pointer},i64,i64,ptr{pointer}	ptr{pointer},i64,i64,ptr{pointer}	1	0.003717
7zip	call	direct	0	0	0	0	1	-	i32	ptr{pointer},i64,ptr{pointer},i32,ptr{pointer}	ptr{pointer},i64,ptr{pointer},i32,ptr{pointer}	1	0.003717
7zip	call	direct	0	0	0	0	1	-	i32	ptr{pointer},i8,i32	ptr{pointer},i8,i32	1	0.003717
7zip	call	direct	0	0	0	0	1	-	i32	ptr{pointer},ptr{pointer},i32,i32	ptr{pointer},ptr{pointer},i32,i32	1	0.003717
7zip	call	direct	0	0	0	0	1	-	i32	ptr{pointer},ptr{pointer},i32,ptr{pointer},ptr{pointer},ptr{pointer},ptr{pointer},ptr{pointer}	ptr{pointer},ptr{pointer},i32,ptr{pointer},ptr{pointer},ptr{pointer},ptr{pointer},ptr{pointer}	1	0.003717
7zip	call	direct	0	0	0	0	1	-	i32	ptr{pointer},ptr{pointer},i64,i64	ptr{pointer},ptr{pointer},i64,i64	1	0.003717
7zip	call	direct	0	0	0	0	1	-	i32	ptr{pointer},ptr{pointer},ptr{pointer},ptr{pointer},i64,i32,ptr{pointer},ptr{pointer},ptr{pointer}	ptr{pointer},ptr{pointer},ptr{pointer},ptr{pointer},i64,i32,ptr{pointer},ptr{pointer},ptr{pointer}	1	0.003717
7zip	call	direct	0	0	0	0	1	-	i32	ptr{pointer},ptr{pointer},ptr{pointer},ptr{pointer},ptr{pointer},i32,i32,ptr{pointer}	ptr{pointer},ptr{pointer},ptr{pointer},ptr{pointer},ptr{pointer},i32,i32,ptr{pointer}	1	0.003717
7zip	call	direct	0	0	0	0	1	-	i32	ptr{pointer},ptr{pointer},ptr{pointer},ptr{pointer},ptr{pointer},ptr{pointer},i1,i1,i1,ptr{pointer},i1,ptr{pointer},ptr{pointer},ptr{pointer},ptr{pointer},ptr{pointer}	ptr{pointer},ptr{pointer},ptr{pointer},ptr{pointer},ptr{pointer},ptr{pointer},i1,i1,i1,ptr{pointer},i1,ptr{pointer},ptr{pointer},ptr{pointer},ptr{pointer},ptr{pointer}	1	0.003717
7zip	call	direct	0	0	0	0	1	-	i64	i1,i32	i1,i32	1	0.003717
7zip	call	direct	0	0	0	0	1	-	i64	i32,i64,i64,i64	i32,i64,i64,i64	1	0.003717
7zip	call	direct	0	0	0	0	1	-	i64	i64,i64,i64,i64,i32	i64,i64,i64,i64,i32	1	0.003717
7zip	call	direct	0	0	0	0	1	-	i64	ptr{pointer},i32	ptr{pointer},i32	1	0.003717
7zip	call	direct	0	0	0	0	1	-	i64	ptr{pointer},i64	ptr{pointer},i64	1	0.003717
7zip	call	direct	0	0	0	0	1	-	ptr{pointer}	ptr{pointer},i1	ptr{pointer},i1	1	0.003717
7zip	call	direct	0	0	0	0	1	-	ptr{pointer}	ptr{pointer},i64,i32,i32,i32,i64	ptr{pointer},i64,i32,i32,i32,i64	1	0.003717
7zip	call	direct	0	0	0	0	1	-	ptr{pointer}	ptr{pointer},ptr{pointer},i32	ptr{pointer},ptr{pointer},i32	1	0.003717
7zip	call	direct	0	0	0	0	1	-	ptr{pointer}	ptr{pointer},ptr{pointer},ptr{pointer}	ptr{pointer},ptr{pointer},ptr{pointer}	1	0.003717
7zip	call	direct	0	0	0	0	1	-	void	i32,i32,ptr{pointer}	i32,i32,ptr{pointer}	1	0.003717
7zip	call	direct	0	0	0	0	1	-	void	i32,ptr{pointer},ptr{pointer},i32,i1,i32	i32,ptr{pointer},ptr{pointer},i32,i1,i32	1	0.003717
7zip	call	direct	0	0	0	0	1	-	void	i32,ptr{pointer},ptr{pointer}	i32,ptr{pointer},ptr{pointer}	1	0.003717
7zip	call	direct	0	0	0	0	1	-	void	ptr{pointer},i16,i64,i1	ptr{pointer},i16,i64,i1	1	0.003717
7zip	call	direct	0	0	0	0	1	-	void	ptr{pointer},i16,i64,i64,i1	ptr{pointer},i16,i64,i64,i1	1	0.003717
7zip	call	direct	0	0	0	0	1	-	void	ptr{pointer},i1,i32	ptr{pointer},i1,i32	1	0.003717
7zip	call	direct	0	0	0	0	1	-	void	ptr{pointer},i1,ptr{pointer},i1	ptr{pointer},i1,ptr{pointer},i1	1	0.003717
7zip	call	direct	0	0	0	0	1	-	void	ptr{pointer},i32,i32,i1	ptr{pointer},i32,i32,i1	1	0.003717
7zip	call	direct	0	0	0	0	1	-	void	ptr{pointer},i64,ptr{pointer},i64,i32,ptr{pointer},i64	ptr{pointer},i64,ptr{pointer},i64,i32,ptr{pointer},i64	1	0.003717
7zip	call	direct	0	0	0	0	1	-	void	ptr{pointer},i64,ptr{pointer},ptr{pointer},ptr{pointer}	ptr{pointer},i64,ptr{pointer},ptr{pointer},ptr{pointer}	1	0.003717
7zip	call	direct	0	0	0	0	1	-	void	ptr{pointer},ptr{pointer},i1,i32	ptr{pointer},ptr{pointer},i1,i32	1	0.003717
7zip	call	direct	0	0	0	0	1	-	void	ptr{pointer},ptr{pointer},i32,i8,i32	ptr{pointer},ptr{pointer},i32,i8,i32	1	0.003717
7zip	call	direct	0	0	0	0	1	-	void	ptr{pointer},ptr{pointer},i32,i8	ptr{pointer},ptr{pointer},i32,i8	1	0.003717
7zip	call	direct	0	0	0	0	1	-	void	ptr{pointer},ptr{pointer},ptr{pointer},i64	ptr{pointer},ptr{pointer},ptr{pointer},i64	1	0.003717
7zip	call	direct	0	0	0	0	1	-	void	ptr{pointer},ptr{pointer},ptr{pointer},ptr{pointer},ptr{pointer},ptr{pointer}	ptr{pointer},ptr{pointer},ptr{pointer},ptr{pointer},ptr{pointer},ptr{pointer}	1	0.003717
7zip	call	direct	0	0	0	0	1	-	void	ptr{pointer},ptr{pointer},ptr{pointer},ptr{pointer},ptr{pointer}	ptr{pointer},ptr{pointer},ptr{pointer},ptr{pointer},ptr{pointer}	1	0.003717
7zip	call	direct	0	0	0	0	1	-	void	ptr{pointer,sret},ptr{pointer},ptr{pointer},ptr{pointer}	ptr{pointer,sret},ptr{pointer},ptr{pointer},ptr{pointer}	1	0.003717
7zip	call	direct	0	0	1	0	1	-	void	ptr{pointer},i32,ptr{pointer},ptr{pointer}	ptr{pointer},i32,ptr{pointer},ptr{pointer}	1	0.003717
7zip	call	direct	0	1	0	0	1	-	i32	ptr{pointer},i64,ptr{pointer},i32{vararg}	ptr{pointer},i64,ptr{pointer},i32{vararg}	1	0.003717
7zip	call	direct	0	1	0	0	1	-	i32	ptr{pointer},i64,ptr{pointer},ptr{pointer,vararg}	ptr{pointer},i64,ptr{pointer},ptr{pointer,vararg}	1	0.003717
7zip	call	direct	0	1	0	0	1	-	i32	ptr{pointer},ptr{pointer},i32{vararg},i32{vararg},i32{vararg}	ptr{pointer},ptr{pointer},i32{vararg},i32{vararg},i32{vararg}	1	0.003717
7zip	call	direct	0	1	0	0	1	-	i32	ptr{pointer},ptr{pointer},i32{vararg},i32{vararg}	ptr{pointer},ptr{pointer},i32{vararg},i32{vararg}	1	0.003717
7zip	call	direct	0	1	0	0	1	-	i32	ptr{pointer},ptr{pointer},ptr{pointer,vararg},i32{vararg}	ptr{pointer},ptr{pointer},ptr{pointer,vararg},i32{vararg}	1	0.003717
7zip	call	direct	0	1	0	0	1	-	i32	ptr{pointer},ptr{pointer},ptr{pointer,vararg},ptr{pointer,vararg}	ptr{pointer},ptr{pointer},ptr{pointer,vararg},ptr{pointer,vararg}	1	0.003717
7zip	call	direct	0	1	0	0	1	-	i32	ptr{pointer},ptr{pointer},ptr{pointer,vararg}	ptr{pointer},ptr{pointer},ptr{pointer,vararg}	1	0.003717
7zip	call	indirect	0	0	0	0	1	-	i32	ptr{pointer},i32,ptr{pointer},i32	ptr{pointer},i32,ptr{pointer},i32	1	0.003717
7zip	call	indirect	0	0	0	0	1	-	i32	ptr{pointer},i32,ptr{pointer},ptr{pointer},ptr{pointer},i64,i32	ptr{pointer},i32,ptr{pointer},ptr{pointer},ptr{pointer},i64,i32	1	0.003717
7zip	call	indirect	0	0	0	0	1	-	i32	ptr{pointer},i64,ptr{pointer},i64	ptr{pointer},i64,ptr{pointer},i64	1	0.003717
7zip	call	indirect	0	0	0	0	1	-	i32	ptr{pointer},i64,ptr{pointer}	ptr{pointer},i64,ptr{pointer}	1	0.003717
7zip	call	indirect	0	0	0	0	1	-	i32	ptr{pointer},ptr{pointer},i64,ptr{pointer}	ptr{pointer},ptr{pointer},i64,ptr{pointer}	1	0.003717
7zip	call	indirect	0	0	0	0	1	-	i32	ptr{pointer},ptr{pointer},ptr{pointer},i32,ptr{pointer},ptr{pointer},i32,ptr{pointer}	ptr{pointer},ptr{pointer},ptr{pointer},i32,ptr{pointer},ptr{pointer},i32,ptr{pointer}	1	0.003717
7zip	call	indirect	0	0	0	0	1	-	i32	ptr{pointer},ptr{pointer},ptr{pointer},i32	ptr{pointer},ptr{pointer},ptr{pointer},i32	1	0.003717
7zip	call	indirect	0	0	0	0	1	-	i32	ptr{pointer},ptr{pointer},ptr{pointer},ptr{pointer},ptr{pointer},i32,i32,ptr{pointer}	ptr{pointer},ptr{pointer},ptr{pointer},ptr{pointer},ptr{pointer},i32,i32,ptr{pointer}	1	0.003717
7zip	call	indirect	0	0	0	0	1	-	i8	ptr{pointer},i32	ptr{pointer},i32	1	0.003717
7zip	call	indirect	0	0	0	0	1	-	void	ptr{pointer},i32,ptr{pointer},i32,ptr{pointer},i32,ptr{pointer}	ptr{pointer},i32,ptr{pointer},i32,ptr{pointer},i32,ptr{pointer}	1	0.003717
7zip	call	indirect	0	0	0	0	1	-	void	ptr{pointer},i32	ptr{pointer},i32	1	0.003717
7zip	call	indirect	0	0	0	0	1	-	void	ptr{pointer},ptr{pointer},i32	ptr{pointer},ptr{pointer},i32	1	0.003717
7zip	invoke	direct	0	0	0	0	1	-	i1	i16	i16	1	0.003717
7zip	invoke	direct	0	0	0	0	1	-	i1	ptr{pointer},i32,i32,i32	ptr{pointer},i32,i32,i32	1	0.003717
7zip	invoke	direct	0	0	0	0	1	-	i1	ptr{pointer},i32,i32	ptr{pointer},i32,i32	1	0.003717
7zip	invoke	direct	0	0	0	0	1	-	i1	ptr{pointer},ptr{pointer},i32,i32,i32,i32,i1	ptr{pointer},ptr{pointer},i32,i32,i32,i32,i1	1	0.003717
7zip	invoke	direct	0	0	0	0	1	-	i32	i32,i32,ptr{pointer}	i32,i32,ptr{pointer}	1	0.003717
7zip	invoke	direct	0	0	0	0	1	-	i32	i32,ptr{pointer},i32,i32	i32,ptr{pointer},i32,i32	1	0.003717
7zip	invoke	direct	0	0	0	0	1	-	i32	i32,ptr{pointer},i64	i32,ptr{pointer},i64	1	0.003717
7zip	invoke	direct	0	0	0	0	1	-	i32	i32,ptr{pointer},ptr{pointer},ptr{pointer}	i32,ptr{pointer},ptr{pointer},ptr{pointer}	1	0.003717
7zip	invoke	direct	0	0	0	0	1	-	i32	i32,ptr{pointer}	i32,ptr{pointer}	1	0.003717
7zip	invoke	direct	0	0	0	0	1	-	i32	ptr{pointer},i1,ptr{pointer}	ptr{pointer},i1,ptr{pointer}	1	0.003717
7zip	invoke	direct	0	0	0	0	1	-	i32	ptr{pointer},i32,i1	ptr{pointer},i32,i1	1	0.003717
7zip	invoke	direct	0	0	0	0	1	-	i32	ptr{pointer},i32,i32,i32,i32,ptr{pointer}	ptr{pointer},i32,i32,i32,i32,ptr{pointer}	1	0.003717
7zip	invoke	direct	0	0	0	0	1	-	i32	ptr{pointer},i64,i64,ptr{pointer}	ptr{pointer},i64,i64,ptr{pointer}	1	0.003717
7zip	invoke	direct	0	0	0	0	1	-	i32	ptr{pointer},i64,i64	ptr{pointer},i64,i64	1	0.003717
7zip	invoke	direct	0	0	0	0	1	-	i32	ptr{pointer},i64,ptr{pointer},ptr{pointer},ptr{pointer},ptr{pointer},ptr{pointer},ptr{pointer}	ptr{pointer},i64,ptr{pointer},ptr{pointer},ptr{pointer},ptr{pointer},ptr{pointer},ptr{pointer}	1	0.003717
7zip	invoke	direct	0	0	0	0	1	-	i32	ptr{pointer},i64,ptr{pointer},ptr{pointer},ptr{pointer}	ptr{pointer},i64,ptr{pointer},ptr{pointer},ptr{pointer}	1	0.003717
7zip	invoke	direct	0	0	0	0	1	-	i32	ptr{pointer},ptr{pointer},i1,ptr{pointer},ptr{pointer},ptr{pointer},i1,i1,ptr{pointer},ptr{pointer},ptr{pointer}	ptr{pointer},ptr{pointer},i1,ptr{pointer},ptr{pointer},ptr{pointer},i1,i1,ptr{pointer},ptr{pointer},ptr{pointer}	1	0.003717
7zip	invoke	direct	0	0	0	0	1	-	i32	ptr{pointer},ptr{pointer},i1	ptr{pointer},ptr{pointer},i1	1	0.003717
7zip	invoke	direct	0	0	0	0	1	-	i32	ptr{pointer},ptr{pointer},i32,i1,ptr{pointer},ptr{pointer}	ptr{pointer},ptr{pointer},i32,i1,ptr{pointer},ptr{pointer}	1	0.003717
7zip	invoke	direct	0	0	0	0	1	-	i32	ptr{pointer},ptr{pointer},i32,i1	ptr{pointer},ptr{pointer},i32,i1	1	0.003717
7zip	invoke	direct	0	0	0	0	1	-	i32	ptr{pointer},ptr{pointer},i32,i32,ptr{pointer},ptr{pointer},i1,i1	ptr{pointer},ptr{pointer},i32,i32,ptr{pointer},ptr{pointer},i1,i1	1	0.003717
7zip	invoke	direct	0	0	0	0	1	-	i32	ptr{pointer},ptr{pointer},i32,i64	ptr{pointer},ptr{pointer},i32,i64	1	0.003717
7zip	invoke	direct	0	0	0	0	1	-	i32	ptr{pointer},ptr{pointer},i32,ptr{pointer},ptr{pointer}	ptr{pointer},ptr{pointer},i32,ptr{pointer},ptr{pointer}	1	0.003717
7zip	invoke	direct	0	0	0	0	1	-	i32	ptr{pointer},ptr{pointer},i64,i64,ptr{pointer}	ptr{pointer},ptr{pointer},i64,i64,ptr{pointer}	1	0.003717
7zip	invoke	direct	0	0	0	0	1	-	i32	ptr{pointer},ptr{pointer},i64,i64	ptr{pointer},ptr{pointer},i64,i64	1	0.003717
7zip	invoke	direct	0	0	0	0	1	-	i32	ptr{pointer},ptr{pointer},ptr{pointer},i32,ptr{pointer}	ptr{pointer},ptr{pointer},ptr{pointer},i32,ptr{pointer}	1	0.003717
7zip	invoke	direct	0	0	0	0	1	-	i32	ptr{pointer},ptr{pointer},ptr{pointer},ptr{pointer},ptr{pointer},i32,ptr{pointer}	ptr{pointer},ptr{pointer},ptr{pointer},ptr{pointer},ptr{pointer},i32,ptr{pointer}	1	0.003717
7zip	invoke	direct	0	0	0	0	1	-	i32	ptr{pointer},ptr{pointer},ptr{pointer},ptr{pointer},ptr{pointer},ptr{pointer},i32,ptr{pointer}	ptr{pointer},ptr{pointer},ptr{pointer},ptr{pointer},ptr{pointer},ptr{pointer},i32,ptr{pointer}	1	0.003717
7zip	invoke	direct	0	0	0	0	1	-	i32	ptr{pointer},ptr{pointer},ptr{pointer},ptr{pointer},ptr{pointer},ptr{pointer},ptr{pointer},ptr{pointer},ptr{pointer},ptr{pointer}	ptr{pointer},ptr{pointer},ptr{pointer},ptr{pointer},ptr{pointer},ptr{pointer},ptr{pointer},ptr{pointer},ptr{pointer},ptr{pointer}	1	0.003717
7zip	invoke	direct	0	0	0	0	1	-	i32	ptr{pointer},ptr{pointer},ptr{pointer},ptr{pointer},ptr{pointer},ptr{pointer},ptr{pointer},ptr{pointer},ptr{pointer}	ptr{pointer},ptr{pointer},ptr{pointer},ptr{pointer},ptr{pointer},ptr{pointer},ptr{pointer},ptr{pointer},ptr{pointer}	1	0.003717
7zip	invoke	direct	0	0	0	0	1	-	void	i32,i1,ptr{pointer}	i32,i1,ptr{pointer}	1	0.003717
7zip	invoke	direct	0	0	0	0	1	-	void	i32,ptr{pointer},ptr{pointer}	i32,ptr{pointer},ptr{pointer}	1	0.003717
7zip	invoke	direct	0	0	0	0	1	-	void	i32	i32	1	0.003717
7zip	invoke	direct	0	0	0	0	1	-	void	ptr{pointer},i1,i32,i32	ptr{pointer},i1,i32,i32	1	0.003717
7zip	invoke	direct	0	0	0	0	1	-	void	ptr{pointer},i1,ptr{pointer},i1,i1,i1	ptr{pointer},i1,ptr{pointer},i1,i1,i1	1	0.003717
7zip	invoke	direct	0	0	0	0	1	-	void	ptr{pointer},i32,i1	ptr{pointer},i32,i1	1	0.003717
7zip	invoke	direct	0	0	0	0	1	-	void	ptr{pointer},i32,ptr{pointer},i1	ptr{pointer},i32,ptr{pointer},i1	1	0.003717
7zip	invoke	direct	0	0	0	0	1	-	void	ptr{pointer},i64,i1	ptr{pointer},i64,i1	1	0.003717
7zip	invoke	direct	0	0	0	0	1	-	void	ptr{pointer},i64,ptr{pointer},ptr{pointer},ptr{pointer}	ptr{pointer},i64,ptr{pointer},ptr{pointer},ptr{pointer}	1	0.003717
7zip	invoke	direct	0	0	0	0	1	-	void	ptr{pointer},ptr{pointer},i32,i8,i32	ptr{pointer},ptr{pointer},i32,i8,i32	1	0.003717
7zip	invoke	direct	0	0	0	0	1	-	void	ptr{pointer},ptr{pointer},i32,ptr{pointer}	ptr{pointer},ptr{pointer},i32,ptr{pointer}	1	0.003717
7zip	invoke	direct	0	0	0	0	1	-	void	ptr{pointer},ptr{pointer},ptr{pointer},i32,i64,ptr{pointer},i1	ptr{pointer},ptr{pointer},ptr{pointer},i32,i64,ptr{pointer},i1	1	0.003717
7zip	invoke	direct	0	0	0	0	1	-	void	ptr{pointer},ptr{pointer},ptr{pointer},ptr{pointer},i1,i1,i1,ptr{pointer},ptr{pointer},i64	ptr{pointer},ptr{pointer},ptr{pointer},ptr{pointer},i1,i1,i1,ptr{pointer},ptr{pointer},i64	1	0.003717
7zip	invoke	direct	0	0	0	0	1	-	void	ptr{pointer},ptr{pointer},ptr{pointer},ptr{pointer},ptr{pointer},ptr{pointer}	ptr{pointer},ptr{pointer},ptr{pointer},ptr{pointer},ptr{pointer},ptr{pointer}	1	0.003717
7zip	invoke	direct	0	1	0	0	1	-	i32	ptr{pointer},i32,i32{vararg}	ptr{pointer},i32,i32{vararg}	1	0.003717
7zip	invoke	indirect	0	0	0	0	1	-	i32	ptr{pointer},i32,i1	ptr{pointer},i32,i1	1	0.003717
7zip	invoke	indirect	0	0	0	0	1	-	i32	ptr{pointer},i64,i64,ptr{pointer}	ptr{pointer},i64,i64,ptr{pointer}	1	0.003717
7zip	invoke	indirect	0	0	0	0	1	-	i32	ptr{pointer},i64,ptr{pointer}	ptr{pointer},i64,ptr{pointer}	1	0.003717
7zip	invoke	indirect	0	0	0	0	1	-	i32	ptr{pointer},ptr{pointer},i1,i32,ptr{pointer}	ptr{pointer},ptr{pointer},i1,i32,ptr{pointer}	1	0.003717
7zip	invoke	indirect	0	0	0	0	1	-	i32	ptr{pointer},ptr{pointer},i32,i1	ptr{pointer},ptr{pointer},i32,i1	1	0.003717
7zip	invoke	indirect	0	0	0	0	1	-	i32	ptr{pointer},ptr{pointer},ptr{pointer},ptr{pointer},ptr{pointer},ptr{pointer},ptr{pointer},ptr{pointer}	ptr{pointer},ptr{pointer},ptr{pointer},ptr{pointer},ptr{pointer},ptr{pointer},ptr{pointer},ptr{pointer}	1	0.003717
Bullet	call	direct	0	0	0	0	1	-	ptr{pointer}	ptr{pointer}	ptr{pointer}	6345	20.959963
Bullet	call	direct	0	0	0	0	1	-	void	ptr{pointer}	ptr{pointer}	4515	14.914773
Bullet	call	direct	0	0	0	0	1	-	%class.btVector3	ptr{pointer},ptr{pointer}	ptr{pointer},ptr{pointer}	2111	6.973441
Bullet	call	direct	0	0	0	0	1	-	ptr{pointer}	ptr{pointer},i32	ptr{pointer},i32	1728	5.708245
Bullet	invoke	direct	0	0	0	0	1	-	void	ptr{pointer}	ptr{pointer}	1650	5.450581
Bullet	call	direct	0	0	0	0	1	-	i32	ptr{pointer}	ptr{pointer}	1517	5.011232
Bullet	call	direct	0	0	0	0	1	-	void	ptr{pointer},ptr{pointer},ptr{pointer},ptr{pointer}	ptr{pointer},ptr{pointer},ptr{pointer},ptr{pointer}	1478	4.882400
Bullet	call	direct	0	0	0	0	1	-	float	ptr{pointer},ptr{pointer}	ptr{pointer},ptr{pointer}	1045	3.452035
Bullet	call	direct	0	0	0	0	1	-	void	ptr{pointer},ptr{pointer}	ptr{pointer},ptr{pointer}	928	3.065539
Bullet	call	direct	0	0	0	0	1	-	float	float	float	560	1.849894
Bullet	call	direct	0	0	0	0	1	-	ptr{pointer}	ptr{pointer},ptr{pointer}	ptr{pointer},ptr{pointer}	540	1.783827
Bullet	call	direct	0	0	0	0	1	-	float	ptr{pointer}	ptr{pointer}	514	1.697939
Bullet	invoke	direct	0	0	0	0	1	-	ptr{pointer}	ptr{pointer},i32	ptr{pointer},i32	458	1.512949
Bullet	invoke	direct	0	0	0	0	1	-	ptr{pointer}	ptr{pointer}	ptr{pointer}	366	1.209038
Bullet	call	direct	0	0	0	0	1	-	void	ptr{pointer},i32,i32	ptr{pointer},i32,i32	265	0.875396
Bullet	invoke	direct	0	0	0	0	1	-	void	ptr{pointer},ptr{pointer}	ptr{pointer},ptr{pointer}	220	0.726744
Bullet	invoke	direct	0	0	0	0	1	-	i32	ptr{pointer}	ptr{pointer}	219	0.723441
Bullet	call	direct	0	0	0	0	1	-	void	ptr{pointer},ptr{pointer},ptr{pointer}	ptr{pointer},ptr{pointer},ptr{pointer}	212	0.700317
Bullet	call	direct	0	0	0	0	1	-	void	ptr{pointer},i32	ptr{pointer},i32	209	0.690407
Bullet	call	direct	0	0	0	0	1	-	%class.btVector3	ptr{pointer}	ptr{pointer}	162	0.535148
Bullet	call	direct	0	0	0	0	1	-	void	ptr{pointer},ptr{pointer},ptr{pointer},ptr{pointer},ptr{pointer},ptr{pointer},ptr{pointer},ptr{pointer},ptr{pointer},ptr{pointer}	ptr{pointer},ptr{pointer},ptr{pointer},ptr{pointer},ptr{pointer},ptr{pointer},ptr{pointer},ptr{pointer},ptr{pointer},ptr{pointer}	160	0.528541
Bullet	invoke	direct	0	0	0	0	1	-	void	ptr{pointer},ptr{pointer},ptr{pointer},ptr{pointer}	ptr{pointer},ptr{pointer},ptr{pointer},ptr{pointer}	158	0.521934
Bullet	call	direct	0	0	0	0	1	-	ptr{pointer}	i64,i32	i64,i32	150	0.495507
Bullet	call	indirect	0	0	0	0	1	-	void	ptr{pointer},ptr{pointer},ptr{pointer},ptr{pointer}	ptr{pointer},ptr{pointer},ptr{pointer},ptr{pointer}	147	0.485597
Bullet	call	direct	0	0	0	0	1	-	i32	ptr{pointer},i32	ptr{pointer},i32	142	0.469080
Bullet	call	direct	0	0	0	0	1	-	void	ptr{pointer},i32,i32,ptr{pointer}	ptr{pointer},i32,i32,ptr{pointer}	132	0.436047
Bullet	call	indirect	0	0	0	0	1	-	float	ptr{pointer}	ptr{pointer}	132	0.436047
Bullet	call	direct	0	0	0	0	1	-	i1	ptr{pointer}	ptr{pointer}	129	0.426136
Bullet	call	direct	0	0	0	0	1	-	void	ptr{pointer,sret},ptr{pointer},ptr{pointer}	ptr{pointer,sret},ptr{pointer},ptr{pointer}	120	0.396406
Bullet	call	direct	0	0	0	0	1	-	ptr{pointer}	ptr{pointer},i32,ptr{pointer}	ptr{pointer},i32,ptr{pointer}	116	0.383192
Bullet	invoke	direct	0	0	0	0	1	-	%class.btVector3	ptr{pointer},ptr{pointer}	ptr{pointer},ptr{pointer}	114	0.376586
Bullet	call	direct	0	0	0	0	1	-	void	ptr{pointer},ptr{pointer},ptr{pointer},ptr{pointer},ptr{pointer}	ptr{pointer},ptr{pointer},ptr{pointer},ptr{pointer},ptr{pointer}	111	0.366675
Bullet	call	direct	0	0	0	0	1	-	void	ptr{pointer,sret},ptr{pointer}	ptr{pointer,sret},ptr{pointer}	111	0.366675
Bullet	call	direct	0	0	0	0	1	-	void	-	-	110	0.363372
Bullet	call	direct	0	0	0	0	1	-	void	ptr{pointer},i32,ptr{pointer}	ptr{pointer},i32,ptr{pointer}	95	0.313821
Bullet	call	indirect	0	0	0	0	1	-	ptr{pointer}	ptr{pointer}	ptr{pointer}	79	0.260967
Bullet	call	direct	0	0	0	0	1	-	%class.btVector3	ptr{pointer},i32	ptr{pointer},i32	77	0.254360
Bullet	invoke	direct	0	0	0	0	1	-	ptr{pointer}	ptr{pointer},ptr{pointer}	ptr{pointer},ptr{pointer}	73	0.241147
Bullet	call	direct	0	0	0	0	1	-	float	ptr{pointer},i32,i32,i32,i32	ptr{pointer},i32,i32,i32,i32	72	0.237844
Bullet	call	direct	0	0	0	0	1	-	ptr{pointer}	i64	i64	68	0.224630
Bullet	call	direct	0	0	0	0	1	-	void	ptr{pointer},float	ptr{pointer},float	65	0.214720
Bullet	invoke	direct	0	0	0	0	1	-	void	ptr{pointer},i32,ptr{pointer}	ptr{pointer},i32,ptr{pointer}	64	0.211416
Bullet	call	direct	0	0	0	0	1	-	void	ptr{pointer},ptr{pointer},ptr{pointer},float	ptr{pointer},ptr{pointer},ptr{pointer},float	61	0.201506
Bullet	invoke	indirect	0	0	0	0	1	-	void	ptr{pointer}	ptr{pointer}	56	0.184989
Bullet	call	indirect	0	0	0	0	1	-	void	ptr{pointer}	ptr{pointer}	55	0.181686
Bullet	call	direct	0	0	0	0	1	-	ptr{pointer}	i64,ptr{pointer}	i64,ptr{pointer}	48	0.158562
Bullet	call	indirect	0	0	0	0	1	-	void	ptr{pointer},ptr{pointer}	ptr{pointer},ptr{pointer}	48	0.158562
Bullet	invoke	direct	0	0	0	0	1	-	ptr{pointer}	i64,i32	i64,i32	46	0.151956
Bullet	call	direct	0	0	0	0	1	-	i1	ptr{pointer},ptr{pointer}	ptr{pointer},ptr{pointer}	42	0.138742
Bullet	invoke	direct	0	0	0	0	1	-	void	ptr{pointer},ptr{pointer},ptr{pointer}	ptr{pointer},ptr{pointer},ptr{pointer}	41	0.135439
Bullet	call	direct	0	0	0	0	1	-	float	float,float,float	float,float,float	40	0.132135
Bullet	invoke	direct	0	0	0	0	1	-	float	ptr{pointer}	ptr{pointer}	40	0.132135
Bullet	invoke	direct	0	0	0	0	1	-	void	ptr{pointer},float	ptr{pointer},float	40	0.132135
Bullet	invoke	direct	0	0	0	0	1	-	void	ptr{pointer},i32	ptr{pointer},i32	39	0.128832
Bullet	invoke	direct	0	0	0	0	1	-	i1	ptr{pointer}	ptr{pointer}	36	0.118922
Bullet	call	direct	0	0	0	0	1	-	%class.btQuaternion	ptr{pointer}	ptr{pointer}	35	0.115618
Bullet	call	direct	0	0	0	0	1	-	i1	ptr{pointer},ptr{pointer},ptr{pointer}	ptr{pointer},ptr{pointer},ptr{pointer}	33	0.109012
Bullet	call	direct	0	0	0	0	1	-	i32	ptr{pointer},ptr{pointer}	ptr{pointer},ptr{pointer}	33	0.109012
Bullet	call	direct	0	0	0	0	1	-	void	ptr{pointer},ptr{pointer},ptr{pointer},i32	ptr{pointer},ptr{pointer},ptr{pointer},i32	31	0.102405
Bullet	call	indirect	0	0	0	0	1	-	%class.btVector3	ptr{pointer},ptr{pointer}	ptr{pointer},ptr{pointer}	31	0.102405
Bullet	call	direct	0	0	0	0	1	-	float	float,float	float,float	30	0.099101
Bullet	call	direct	0	0	0	0	1	-	ptr{pointer}	ptr{pointer},i64	ptr{pointer},i64	30	0.099101
Bullet	call	indirect	0	0	0	0	1	-	i32	ptr{pointer}	ptr{pointer}	30	0.099101
Bullet	call	direct	0	0	0	0	1	-	%class.btQuaternion	ptr{pointer},ptr{pointer}	ptr{pointer},ptr{pointer}	29	0.095798
Bullet	call	direct	0	0	0	0	1	-	i1	i32	i32	28	0.092495
Bullet	call	direct	0	0	0	0	1	-	i1	ptr{pointer},i32	ptr{pointer},i32	28	0.092495
Bullet	call	direct	0	0	0	0	1	-	float	ptr{pointer},ptr{pointer},ptr{pointer}	ptr{pointer},ptr{pointer},ptr{pointer}	27	0.089191
Bullet	call	direct	0	0	0	0	1	-	void	ptr{pointer},i64,i32,i32	ptr{pointer},i64,i32,i32	27	0.089191
Bullet	invoke	indirect	0	0	0	0	1	-	void	ptr{pointer},ptr{pointer},ptr{pointer},ptr{pointer}	ptr{pointer},ptr{pointer},ptr{pointer},ptr{pointer}	27	0.089191
Bullet	call	indirect	0	0	0	0	1	-	void	ptr{pointer},i32,ptr{pointer}	ptr{pointer},i32,ptr{pointer}	26	0.085888
Bullet	call	indirect	0	0	0	0	1	-	void	ptr{pointer},ptr{pointer},ptr{pointer}	ptr{pointer},ptr{pointer},ptr{pointer}	26	0.085888
Bullet	invoke	indirect	0	0	0	0	1	-	void	ptr{pointer},ptr{pointer}	ptr{pointer},ptr{pointer}	26	0.085888
Bullet	call	direct	0	0	0	0	1	-	void	ptr{pointer},float,float,float	ptr{pointer},float,float,float	25	0.082585
Bullet	call	direct	0	0	0	0	1	-	i16	i16	i16	24	0.079281
Bullet	call	direct	0	0	0	0	1	-	void	ptr{pointer},ptr{pointer},i32,i32	ptr{pointer},ptr{pointer},i32,i32	24	0.079281
Bullet	invoke	indirect	0	0	0	0	1	-	float	ptr{pointer}	ptr{pointer}	24	0.079281
Bullet	invoke	direct	0	0	0	0	1	-	float	ptr{pointer},ptr{pointer}	ptr{pointer},ptr{pointer}	23	0.075978
Bullet	call	indirect	0	0	0	0	1	-	ptr{pointer}	ptr{pointer},ptr{pointer},ptr{pointer},ptr{pointer}	ptr{pointer},ptr{pointer},ptr{pointer},ptr{pointer}	22	0.072674
Bullet	invoke	direct	0	0	0	0	1	-	%class.btVector3	ptr{pointer}	ptr{pointer}	22	0.072674
Bullet	call	direct	0	0	0	0	1	-	%class.btVector3	ptr{pointer},ptr{pointer},ptr{pointer}	ptr{pointer},ptr{pointer},ptr{pointer}	21	0.069371
Bullet	call	direct	0	0	0	0	1	-	ptr{pointer}	ptr{pointer},float,ptr{pointer},ptr{pointer}	ptr{pointer},float,ptr{pointer},ptr{pointer}	21	0.069371
Bullet	call	direct	0	0	0	0	1	-	ptr{pointer}	ptr{pointer},i16	ptr{pointer},i16	21	0.069371
Bullet	call	direct	0	0	0	0	1	-	void	ptr{pointer},i32,i32,ptr{pointer},i1	ptr{pointer},i32,i32,ptr{pointer},i1	21	0.069371
Bullet	invoke	direct	0	0	0	0	1	-	void	ptr{pointer,sret},ptr{pointer},ptr{pointer}	ptr{pointer,sret},ptr{pointer},ptr{pointer}	21	0.069371
Bullet	invoke	indirect	0	0	0	0	1	-	ptr{pointer}	ptr{pointer}	ptr{pointer}	21	0.069371
Bullet	call	direct	0	0	0	0	1	-	i32	i32	i32	19	0.062764
Bullet	call	indirect	0	0	0	0	1	-	ptr{pointer}	ptr{pointer},i32	ptr{pointer},i32	19	0.062764
Bullet	call	direct	0	0	0	0	1	-	i32	ptr{pointer},ptr{pointer},ptr{pointer}	ptr{pointer},ptr{pointer},ptr{pointer}	18	0.059461
Bullet	call	direct	0	0	0	0	1	-	void	ptr{pointer},ptr{pointer},ptr{pointer},ptr{pointer},i32,i32,i1	ptr{pointer},ptr{pointer},ptr{pointer},ptr{pointer},i32,i32,i1	18	0.059461
Bullet	call	indirect	0	0	0	0	1	-	ptr{pointer}	ptr{pointer},ptr{pointer},ptr{pointer}	ptr{pointer},ptr{pointer},ptr{pointer}	18	0.059461
Bullet	invoke	indirect	0	0	0	0	1	-	i32	ptr{pointer}	ptr{pointer}	18	0.059461
Bullet	call	direct	0	0	0	0	1	-	void	ptr{pointer},ptr{pointer},float,float,float	ptr{pointer},ptr{pointer},float,float,float	16	0.052854
Bullet	call	indirect	0	0	0	0	1	-	void	ptr{pointer},ptr{pointer},i32,i32	ptr{pointer},ptr{pointer},i32,i32	16	0.052854
Bullet	invoke	direct	0	0	0	0	1	-	void	ptr{pointer},ptr{pointer},ptr{pointer},ptr{pointer},ptr{pointer}	ptr{pointer},ptr{pointer},ptr{pointer},ptr{pointer},ptr{pointer}	16	0.052854
Bullet	call	direct	0	0	0	0	1	-	void	ptr{pointer},i32,float	ptr{pointer},i32,float	15	0.049551
Bullet	invoke	direct	0	0	0	0	1	-	i32	ptr{pointer},ptr{pointer}	ptr{pointer},ptr{pointer}	15	0.049551
Bullet	invoke	direct	0	0	0	0	1	-	void	ptr{pointer},ptr{pointer},ptr{pointer},ptr{pointer},ptr{pointer},ptr{pointer},ptr{pointer},ptr{pointer},ptr{pointer},ptr{pointer}	ptr{pointer},ptr{pointer},ptr{pointer},ptr{pointer},ptr{pointer},ptr{pointer},ptr{pointer},ptr{pointer},ptr{pointer},ptr{pointer}	15	0.049551
Bullet	call	direct	0	0	0	0	1	-	float	ptr{pointer},i32	ptr{pointer},i32	14	0.046247
Bullet	call	direct	0	0	0	0	1	-	void	ptr{pointer},float,float,float,float	ptr{pointer},float,float,float,float	14	0.046247
Bullet	call	direct	0	0	0	0	1	-	void	ptr{pointer},ptr{pointer},float	ptr{pointer},ptr{pointer},float	14	0.046247
Bullet	call	direct	0	0	0	0	1	-	void	ptr{pointer},ptr{pointer},ptr{pointer},ptr{pointer},ptr{pointer},ptr{pointer}	ptr{pointer},ptr{pointer},ptr{pointer},ptr{pointer},ptr{pointer},ptr{pointer}	14	0.046247
Bullet	call	indirect	0	0	0	0	1	-	i1	ptr{pointer}	ptr{pointer}	14	0.046247
Bullet	call	indirect	0	0	0	0	1	-	void	ptr{pointer},float,ptr{pointer}	ptr{pointer},float,ptr{pointer}	14	0.046247
Bullet	call	indirect	0	0	0	0	1	-	void	ptr{pointer},float	ptr{pointer},float	14	0.046247
Bullet	call	indirect	0	0	0	0	1	-	void	ptr{pointer},i32,i32	ptr{pointer},i32,i32	14	0.046247
Bullet	call	direct	0	0	0	0	1	-	ptr{pointer}	ptr{pointer},ptr{pointer},ptr{pointer}	ptr{pointer},ptr{pointer},ptr{pointer}	13	0.042944
Bullet	call	direct	0	0	0	0	1	-	void	ptr{pointer},ptr{pointer},ptr{pointer},ptr{pointer},ptr{pointer},i1	ptr{pointer},ptr{pointer},ptr{pointer},ptr{pointer},ptr{pointer},i1	13	0.042944
Bullet	call	direct	0	0	0	0	1	-	void	ptr{pointer,sret},ptr{pointer},float	ptr{pointer,sret},ptr{pointer},float	13	0.042944
Bullet	call	indirect	0	0	0	0	1	-	void	ptr{pointer},ptr{pointer},ptr{pointer},float	ptr{pointer},ptr{pointer},ptr{pointer},float	13	0.042944
Bullet	invoke	direct	0	0	0	0	1	-	ptr{pointer}	-	-	13	0.042944
Bullet	invoke	direct	0	0	0	0	1	-	void	ptr{pointer},float,float	ptr{pointer},float,float	13	0.042944
Bullet	invoke	indirect	0	0	0	0	1	-	void	ptr{pointer},ptr{pointer},ptr{pointer}	ptr{pointer},ptr{pointer},ptr{pointer}	13	0.042944
Bullet	call	direct	0	0	0	0	1	-	float	i32,i32,i32,i32,i32	i32,i32,i32,i32,i32	12	0.039641
Bullet	call	direct	0	0	0	0	1	-	void	ptr{pointer},i32,i16,ptr{pointer},i1	ptr{pointer},i32,i16,ptr{pointer},i1	12	0.039641
Bullet	call	indirect	0	0	0	0	1	-	i1	ptr{pointer},ptr{pointer}	ptr{pointer},ptr{pointer}	12	0.039641
Bullet	call	indirect	0	0	0	0	1	-	void	ptr{pointer},ptr{pointer},ptr{pointer},ptr{pointer},ptr{pointer}	ptr{pointer},ptr{pointer},ptr{pointer},ptr{pointer},ptr{pointer}	12	0.039641
Bullet	invoke	direct	0	0	0	0	1	-	void	ptr{pointer},ptr{pointer},ptr{pointer},ptr{pointer},i1	ptr{pointer},ptr{pointer},ptr{pointer},ptr{pointer},i1	12	0.039641
Bullet	invoke	indirect	0	0	0	0	1	-	void	ptr{pointer},float	ptr{pointer},float	12	0.039641
Bullet	call	direct	0	0	0	0	1	-	void	ptr{pointer},i64	ptr{pointer},i64	11	0.036337
Bullet	call	direct	0	0	0	0	1	-	void	ptr{pointer},ptr{pointer},ptr{pointer},ptr{pointer},ptr{pointer},ptr{pointer},ptr{pointer},float,ptr{pointer},float	ptr{pointer},ptr{pointer},ptr{pointer},ptr{pointer},ptr{pointer},ptr{pointer},ptr{pointer},float,ptr{pointer},float	11	0.036337
Bullet	invoke	direct	0	0	0	0	1	-	void	ptr{pointer},i32,i32,ptr{pointer},i1	ptr{pointer},i32,i32,ptr{pointer},i1	11	0.036337
Bullet	call	direct	0	0	0	0	1	-	ptr{pointer}	ptr{pointer},i32,i32	ptr{pointer},i32,i32	10	0.033034
Bullet	call	direct	0	0	0	0	1	-	void	ptr{pointer},ptr{pointer},float,float,ptr{pointer},ptr{pointer}	ptr{pointer},ptr{pointer},float,float,ptr{pointer},ptr{pointer}	10	0.033034
Bullet	call	indirect	0	0	0	0	1	-	void	ptr{pointer},i32,ptr{pointer},ptr{pointer}	ptr{pointer},i32,ptr{pointer},ptr{pointer}	10	0.033034
Bullet	call	indirect	0	0	0	0	1	-	void	ptr{pointer},ptr{pointer},i1	ptr{pointer},ptr{pointer},i1	10	0.033034
Bullet	invoke	direct	0	0	0	0	1	-	i1	ptr{pointer},ptr{pointer},ptr{pointer},ptr{pointer},ptr{pointer},ptr{pointer}	ptr{pointer},ptr{pointer},ptr{pointer},ptr{pointer},ptr{pointer},ptr{pointer}	10	0.033034
Bullet	call	direct	0	0	0	0	1	-	i32	ptr{pointer},i32,i32	ptr{pointer},i32,i32	9	0.029730
Bullet	call	direct	0	0	0	0	1	-	i32	ptr{pointer},i32,ptr{pointer},ptr{pointer}	ptr{pointer},i32,ptr{pointer},ptr{pointer}	9	0.029730
Bullet	call	direct	0	0	0	0	1	-	void	ptr{pointer},float,ptr{pointer},ptr{pointer},ptr{pointer}	ptr{pointer},float,ptr{pointer},ptr{pointer},ptr{pointer}	9	0.029730
Bullet	call	direct	0	0	0	0	1	-	void	ptr{pointer},i32,ptr{pointer},i32	ptr{pointer},i32,ptr{pointer},i32	9	0.029730
Bullet	call	direct	0	0	0	0	1	-	void	ptr{pointer},i32,ptr{pointer},ptr{pointer}	ptr{pointer},i32,ptr{pointer},ptr{pointer}	9	0.029730
Bullet	call	direct	0	0	0	0	1	-	void	ptr{pointer},ptr{pointer},ptr{pointer},ptr{pointer},i1	ptr{pointer},ptr{pointer},ptr{pointer},ptr{pointer},i1	9	0.029730
Bullet	call	direct	0	0	0	0	1	-	void	ptr{pointer},ptr{pointer},ptr{pointer},ptr{pointer},ptr{pointer},float	ptr{pointer},ptr{pointer},ptr{pointer},ptr{pointer},ptr{pointer},float	9	0.029730
Bullet	invoke	direct	0	0	0	0	1	-	ptr{pointer}	ptr{pointer},i32,i32	ptr{pointer},i32,i32	9	0.029730
Bullet	invoke	direct	0	0	0	0	1	-	ptr{pointer}	ptr{pointer},i64	ptr{pointer},i64	9	0.029730
Bullet	invoke	direct	0	0	0	0	1	-	void	ptr{pointer,sret},ptr{pointer}	ptr{pointer,sret},ptr{pointer}	9	0.029730
Bullet	invoke	indirect	0	0	0	0	1	-	ptr{pointer}	ptr{pointer},ptr{pointer},ptr{pointer}	ptr{pointer},ptr{pointer},ptr{pointer}	9	0.029730
Bullet	call	direct	0	0	0	0	1	-	i1	ptr{pointer},ptr{pointer},ptr{pointer},i32,i32	ptr{pointer},ptr{pointer},ptr{pointer},i32,i32	8	0.026427
Bullet	call	direct	0	0	0	0	1	-	i1	ptr{pointer},ptr{pointer},ptr{pointer},ptr{pointer},ptr{pointer},ptr{pointer}	ptr{pointer},ptr{pointer},ptr{pointer},ptr{pointer},ptr{pointer},ptr{pointer}	8	0.026427
Bullet	invoke	direct	0	0	0	0	1	-	float	float	float	8	0.026427
Bullet	invoke	direct	0	0	0	0	1	-	void	ptr{pointer},ptr{pointer},ptr{pointer},ptr{pointer},ptr{pointer},float	ptr{pointer},ptr{pointer},ptr{pointer},ptr{pointer},ptr{pointer},float	8	0.026427
Bullet	invoke	indirect	0	0	0	0	1	-	float	ptr{pointer},ptr{pointer}	ptr{pointer},ptr{pointer}	8	0.026427
Bullet	call	direct	0	0	0	0	1	-	i16	ptr{pointer}	ptr{pointer}	7	0.023124
Bullet	call	direct	0	0	0	0	1	-	i1	float	float	7	0.023124
Bullet	call	direct	0	0	0	0	1	-	i32	ptr{pointer},ptr{pointer},ptr{pointer},ptr{pointer}	ptr{pointer},ptr{pointer},ptr{pointer},ptr{pointer}	7	0.023124
Bullet	call	direct	0	0	0	0	1	-	void	ptr{pointer},ptr{pointer},i32	ptr{pointer},ptr{pointer},i32	7	0.023124
Bullet	call	direct	0	0	0	0	1	-	void	ptr{pointer},ptr{pointer},ptr{pointer},ptr{pointer},float	ptr{pointer},ptr{pointer},ptr{pointer},ptr{pointer},float	7	0.023124
Bullet	call	direct	0	0	0	0	1	-	void	ptr{pointer},ptr{pointer},ptr{pointer},ptr{pointer},ptr{pointer},ptr{pointer},ptr{pointer},ptr{pointer}	ptr{pointer},ptr{pointer},ptr{pointer},ptr{pointer},ptr{pointer},ptr{pointer},ptr{pointer},ptr{pointer}	7	0.023124
Bullet	call	indirect	0	0	0	0	1	-	void	ptr{pointer},i32	ptr{pointer},i32	7	0.023124
Bullet	call	indirect	0	0	0	0	1	-	void	ptr{pointer},ptr{pointer},ptr{pointer},ptr{pointer},ptr{pointer},ptr{pointer},ptr{pointer},ptr{pointer},ptr{pointer},i32	ptr{pointer},ptr{pointer},ptr{pointer},ptr{pointer},ptr{pointer},ptr{pointer},ptr{pointer},ptr{pointer},ptr{pointer},i32	7	0.023124
Bullet	invoke	direct	0	0	0	0	1	-	void	ptr{pointer},ptr{pointer},i32	ptr{pointer},ptr{pointer},i32	7	0.023124
Bullet	invoke	indirect	0	0	0	0	1	-	i1	ptr{pointer}	ptr{pointer}	7	0.023124
Bullet	call	direct	0	0	0	0	1	-	i1	ptr{pointer},ptr{pointer},ptr{pointer},ptr{pointer}	ptr{pointer},ptr{pointer},ptr{pointer},ptr{pointer}	6	0.019820
Bullet	call	direct	0	0	0	0	1	-	i32	-	-	6	0.019820
Bullet	call	direct	0	0	0	0	1	-	ptr{pointer}	-	-	6	0.019820
Bullet	call	direct	0	0	0	0	1	-	ptr{pointer}	ptr{pointer},ptr{pointer},i32,i32,i32,ptr{pointer},ptr{pointer},ptr{pointer},ptr{pointer},ptr{pointer},float	ptr{pointer},ptr{pointer},i32,i32,i32,ptr{pointer},ptr{pointer},ptr{pointer},ptr{pointer},ptr{pointer},float	6	0.019820
Bullet	call	direct	0	0	0	0	1	-	void	ptr{pointer},float,float,float,float,float,float	ptr{pointer},float,float,float,float,float,float	6	0.019820
Bullet	call	direct	0	0	0	0	1	-	void	ptr{pointer},float,float	ptr{pointer},float,float	6	0.019820
Bullet	call	direct	0	0	0	0	1	-	void	ptr{pointer},float,ptr{pointer},ptr{pointer}	ptr{pointer},float,ptr{pointer},ptr{pointer}	6	0.019820
Bullet	call	direct	0	0	0	0	1	-	void	ptr{pointer},float,ptr{pointer}	ptr{pointer},float,ptr{pointer}	6	0.019820
Bullet	call	direct	0	0	0	0	1	-	void	ptr{pointer},i1	ptr{pointer},i1	6	0.019820
Bullet	call	direct	0	0	0	0	1	-	void	ptr{pointer},i32,i32,i32,ptr{pointer}	ptr{pointer},i32,i32,i32,ptr{pointer}	6	0.019820
Bullet	call	direct	0	0	0	0	1	-	void	ptr{pointer},i32,i32,i32	ptr{pointer},i32,i32,i32	6	0.019820
Bullet	call	direct	0	0	0	0	1	-	void	ptr{pointer},ptr{pointer},float,ptr{pointer},ptr{pointer}	ptr{pointer},ptr{pointer},float,ptr{pointer},ptr{pointer}	6	0.019820
Bullet	call	direct	0	0	0	0	1	-	void	ptr{pointer},ptr{pointer},float,ptr{pointer}	ptr{pointer},ptr{pointer},float,ptr{pointer}	6	0.019820
Bullet	call	direct	0	1	0	0	1	-	i32	ptr{pointer}	ptr{pointer}	6	0.019820
Bullet	call	indirect	0	0	0	0	1	-	void	ptr{pointer},ptr{pointer},ptr{pointer},i32	ptr{pointer},ptr{pointer},ptr{pointer},i32	6	0.019820
Bullet	invoke	direct	0	0	0	0	1	-	%class.btQuaternion	ptr{pointer},ptr{pointer}	ptr{pointer},ptr{pointer}	6	0.019820
Bullet	invoke	direct	0	0	0	0	1	-	ptr{pointer}	i64	i64	6	0.019820
Bullet	invoke	direct	0	0	0	0	1	-	void	ptr{pointer},i32,i32	ptr{pointer},i32,i32	6	0.019820
Bullet	invoke	direct	0	0	0	0	1	-	void	ptr{pointer},ptr{pointer},i32,ptr{pointer},ptr{pointer}	ptr{pointer},ptr{pointer},i32,ptr{pointer},ptr{pointer}	6	0.019820
Bullet	invoke	direct	0	0	0	0	1	-	void	ptr{pointer},ptr{pointer},ptr{pointer},float	ptr{pointer},ptr{pointer},ptr{pointer},float	6	0.019820
Bullet	invoke	direct	0	0	0	0	1	-	void	ptr{pointer},ptr{pointer},ptr{pointer},ptr{pointer},ptr{pointer},i1	ptr{pointer},ptr{pointer},ptr{pointer},ptr{pointer},ptr{pointer},i1	6	0.019820
Bullet	invoke	direct	0	0	0	0	1	-	void	ptr{pointer},ptr{pointer},ptr{pointer},ptr{pointer},ptr{pointer},ptr{pointer}	ptr{pointer},ptr{pointer},ptr{pointer},ptr{pointer},ptr{pointer},ptr{pointer}	6	0.019820
Bullet	call	direct	0	0	0	0	1	-	float	ptr{pointer},ptr{pointer},ptr{pointer},ptr{pointer},ptr{pointer}	ptr{pointer},ptr{pointer},ptr{pointer},ptr{pointer},ptr{pointer}	5	0.016517
Bullet	call	direct	0	0	0	0	1	-	float	ptr{pointer},ptr{pointer},ptr{pointer},ptr{pointer}	ptr{pointer},ptr{pointer},ptr{pointer},ptr{pointer}	5	0.016517
Bullet	call	direct	0	0	0	0	1	-	i64	ptr{pointer}	ptr{pointer}	5	0.016517
Bullet	call	direct	0	0	0	0	1	-	ptr{pointer}	ptr{pointer},ptr{pointer},ptr{pointer},ptr{pointer},i1	ptr{pointer},ptr{pointer},ptr{pointer},ptr{pointer},i1	5	0.016517
Bullet	call	direct	0	0	0	0	1	-	void	ptr{pointer},float,float,float,float,float	ptr{pointer},float,float,float,float,float	5	0.016517
Bullet	call	direct	0	0	0	0	1	-	void	ptr{pointer},ptr{pointer},i32,ptr{pointer},ptr{pointer},i32,i32	ptr{pointer},ptr{pointer},i32,ptr{pointer},ptr{pointer},i32,i32	5	0.016517
Bullet	call	direct	0	0	0	0	1	-	void	ptr{pointer},ptr{pointer},ptr{pointer},float,ptr{pointer}	ptr{pointer},ptr{pointer},ptr{pointer},float,ptr{pointer}	5	0.016517
Bullet	call	direct	0	0	0	0	1	-	void	ptr{pointer},ptr{pointer},ptr{pointer},ptr{pointer},float,float,float,float,ptr{pointer},i1,float	ptr{pointer},ptr{pointer},ptr{pointer},ptr{pointer},float,float,float,float,ptr{pointer},i1,float	5	0.016517
Bullet	call	indirect	0	0	0	0	1	-	i1	ptr{pointer},ptr{pointer},ptr{pointer}	ptr{pointer},ptr{pointer},ptr{pointer}	5	0.016517
Bullet	call	indirect	0	0	0	0	1	-	void	ptr{pointer},ptr{pointer},ptr{pointer},ptr{pointer},ptr{pointer},float	ptr{pointer},ptr{pointer},ptr{pointer},ptr{pointer},ptr{pointer},float	5	0.016517
Bullet	invoke	direct	0	0	0	0	1	-	%class.btVector3	ptr{pointer},i32	ptr{pointer},i32	5	0.016517
Bullet	invoke	direct	0	0	0	0	1	-	i1	ptr{pointer},ptr{pointer}	ptr{pointer},ptr{pointer}	5	0.016517
Bullet	invoke	direct	0	0	0	0	1	-	i32	ptr{pointer},ptr{pointer},ptr{pointer}	ptr{pointer},ptr{pointer},ptr{pointer}	5	0.016517
Bullet	invoke	direct	0	0	0	0	1	-	void	ptr{pointer},ptr{pointer},float	ptr{pointer},ptr{pointer},float	5	0.016517
Bullet	invoke	indirect	0	0	0	0	1	-	i1	ptr{pointer},ptr{pointer},ptr{pointer}	ptr{pointer},ptr{pointer},ptr{pointer}	5	0.016517
Bullet	call	direct	0	0	0	0	1	-	%class.btVector3	ptr{pointer},ptr{pointer},float	ptr{pointer},ptr{pointer},float	4	0.013214
Bullet	call	direct	0	0	0	0	1	-	float	ptr{pointer},float,float,float,float,float	ptr{pointer},float,float,float,float,float	4	0.013214
Bullet	call	direct	0	0	0	0	1	-	float	ptr{pointer},ptr{pointer},i32,ptr{pointer},ptr{pointer}	ptr{pointer},ptr{pointer},i32,ptr{pointer},ptr{pointer}	4	0.013214
Bullet	call	direct	0	0	0	0	1	-	float	ptr{pointer},ptr{pointer},i32	ptr{pointer},ptr{pointer},i32	4	0.013214
Bullet	call	direct	0	0	0	0	1	-	i32	ptr{pointer},ptr{pointer},i32,i32	ptr{pointer},ptr{pointer},i32,i32	4	0.013214
Bullet	call	direct	0	0	0	0	1	-	i32	ptr{pointer},ptr{pointer},i32,ptr{pointer}	ptr{pointer},ptr{pointer},i32,ptr{pointer}	4	0.013214
Bullet	call	direct	0	0	0	0	1	-	i32	ptr{pointer},ptr{pointer},ptr{pointer},ptr{pointer},ptr{pointer},ptr{pointer}	ptr{pointer},ptr{pointer},ptr{pointer},ptr{pointer},ptr{pointer},ptr{pointer}	4	0.013214
Bullet	call	direct	0	0	0	0	1	-	i32	ptr{pointer},ptr{pointer},ptr{pointer},ptr{pointer},ptr{pointer}	ptr{pointer},ptr{pointer},ptr{pointer},ptr{pointer},ptr{pointer}	4	0.013214
Bullet	call	direct	0	0	0	0	1	-	ptr{pointer}	i32	i32	4	0.013214
Bullet	call	direct	0	0	0	0	1	-	void	ptr{pointer},i16	ptr{pointer},i16	4	0.013214
Bullet	call	direct	0	0	0	0	1	-	void	ptr{pointer},i32,i32,i32,i32	ptr{pointer},i32,i32,i32,i32	4	0.013214
Bullet	call	direct	0	0	0	0	1	-	void	ptr{pointer},i64,i64	ptr{pointer},i64,i64	4	0.013214
Bullet	call	direct	0	0	0	0	1	-	void	ptr{pointer},ptr{pointer},float,ptr{pointer},i32	ptr{pointer},ptr{pointer},float,ptr{pointer},i32	4	0.013214
Bullet	call	direct	0	0	0	0	1	-	void	ptr{pointer},ptr{pointer},float,ptr{pointer},ptr{pointer},ptr{pointer}	ptr{pointer},ptr{pointer},float,ptr{pointer},ptr{pointer},ptr{pointer}	4	0.013214
Bullet	call	direct	0	0	0	0	1	-	void	ptr{pointer},ptr{pointer},i32,ptr{pointer}	ptr{pointer},ptr{pointer},i32,ptr{pointer}	4	0.013214
Bullet	call	indirect	0	0	0	0	1	-	float	ptr{pointer},ptr{pointer},i1	ptr{pointer},ptr{pointer},i1	4	0.013214
Bullet	call	indirect	0	0	0	0	1	-	ptr{pointer}	i64	i64	4	0.013214
Bullet	call	indirect	0	0	0	0	1	-	ptr{pointer}	ptr{pointer},ptr{pointer},ptr{pointer},i32,ptr{pointer},i16,i16,ptr{pointer},ptr{pointer}	ptr{pointer},ptr{pointer},ptr{pointer},i32,ptr{pointer},i16,i16,ptr{pointer},ptr{pointer}	4	0.013214
Bullet	call	indirect	0	0	0	0	1	-	void	ptr{pointer},float,float	ptr{pointer},float,float	4	0.013214
Bullet	invoke	direct	0	0	0	0	1	-	ptr{pointer}	ptr{pointer},i32,i32,i32	ptr{pointer},i32,i32,i32	4	0.013214
Bullet	invoke	direct	0	0	0	0	1	-	ptr{pointer}	ptr{pointer},ptr{pointer},i32	ptr{pointer},ptr{pointer},i32	4	0.013214
Bullet	invoke	direct	0	0	0	0	1	-	void	ptr{pointer},i32,i32,i32	ptr{pointer},i32,i32,i32	4	0.013214
Bullet	invoke	direct	0	0	0	0	1	-	void	ptr{pointer},i64	ptr{pointer},i64	4	0.013214
Bullet	invoke	direct	0	1	0	0	1	-	i32	ptr{pointer},i32{vararg}	ptr{pointer},i32{vararg}	4	0.013214
Bullet	invoke	indirect	0	0	0	0	1	-	void	ptr{pointer},i32,ptr{pointer}	ptr{pointer},i32,ptr{pointer}	4	0.013214
Bullet	call	direct	0	0	0	0	1	-	%class.btVector3	ptr{pointer},ptr{pointer},i32	ptr{pointer},ptr{pointer},i32	3	0.009910
Bullet	call	direct	0	0	0	0	1	-	%class.btVector3	ptr{pointer},ptr{pointer},ptr{pointer},ptr{pointer}	ptr{pointer},ptr{pointer},ptr{pointer},ptr{pointer}	3	0.009910
Bullet	call	direct	0	0	0	0	1	-	[2 x i64]	float	float	3	0.009910
Bullet	call	direct	0	0	0	0	1	-	float	-	-	3	0.009910
Bullet	call	direct	0	0	0	0	1	-	i1	ptr{pointer},i32,ptr{pointer},ptr{pointer},i32,ptr{pointer}	ptr{pointer},i32,ptr{pointer},ptr{pointer},i32,ptr{pointer}	3	0.009910
Bullet	call	direct	0	0	0	0	1	-	i1	ptr{pointer},ptr{pointer},ptr{pointer},ptr{pointer},float	ptr{pointer},ptr{pointer},ptr{pointer},ptr{pointer},float	3	0.009910
Bullet	call	direct	0	0	0	0	1	-	i32	float	float	3	0.009910
Bullet	call	direct	0	0	0	0	1	-	i32	ptr{pointer},ptr{pointer},i1	ptr{pointer},ptr{pointer},i1	3	0.009910
Bullet	call	direct	0	0	0	0	1	-	i32	ptr{pointer},ptr{pointer},i32,i32,i32	ptr{pointer},ptr{pointer},i32,i32,i32	3	0.009910
Bullet	call	direct	0	0	0	0	1	-	ptr{pointer}	ptr{pointer},i32,i32,i32	ptr{pointer},i32,i32,i32	3	0.009910
Bullet	call	direct	0	0	0	0	1	-	ptr{pointer}	ptr{pointer},i64,i64	ptr{pointer},i64,i64	3	0.009910
Bullet	call	direct	0	0	0	0	1	-	void	ptr{pointer},float,i32	ptr{pointer},float,i32	3	0.009910
Bullet	call	direct	0	0	0	0	1	-	void	ptr{pointer},i32,i1	ptr{pointer},i32,i1	3	0.009910
Bullet	call	direct	0	0	0	0	1	-	void	ptr{pointer},ptr{pointer},i1	ptr{pointer},ptr{pointer},i1	3	0.009910
Bullet	call	direct	0	0	0	0	1	-	void	ptr{pointer},ptr{pointer},ptr{pointer},ptr{pointer},float,ptr{pointer},ptr{pointer}	ptr{pointer},ptr{pointer},ptr{pointer},ptr{pointer},float,ptr{pointer},ptr{pointer}	3	0.009910
Bullet	call	direct	0	0	0	0	1	-	void	ptr{pointer},ptr{pointer},ptr{pointer},ptr{pointer},i16,i16,ptr{pointer}	ptr{pointer},ptr{pointer},ptr{pointer},ptr{pointer},i16,i16,ptr{pointer}	3	0.009910
Bullet	call	direct	0	0	0	0	1	-	void	ptr{pointer,sret},float,ptr{pointer},ptr{pointer}	ptr{pointer,sret},float,ptr{pointer},ptr{pointer}	3	0.009910
Bullet	call	direct	0	0	0	0	1	-	void	ptr{pointer,sret},float	ptr{pointer,sret},float	3	0.009910
Bullet	call	direct	0	1	0	0	1	-	i32	ptr{pointer},ptr{pointer},ptr{pointer,vararg},ptr{pointer,vararg},ptr{pointer,vararg},ptr{pointer,vararg}	ptr{pointer},ptr{pointer},ptr{pointer,vararg},ptr{pointer,vararg},ptr{pointer,vararg},ptr{pointer,vararg}	3	0.009910
Bullet	call	indirect	0	0	0	0	1	-	float	ptr{pointer},ptr{pointer},i32,ptr{pointer},i32,ptr{pointer},i32,ptr{pointer},ptr{pointer},ptr{pointer},ptr{pointer}	ptr{pointer},ptr{pointer},i32,ptr{pointer},i32,ptr{pointer},i32,ptr{pointer},ptr{pointer},ptr{pointer},ptr{pointer}	3	0.009910
Bullet	call	indirect	0	0	0	0	1	-	float	ptr{pointer},ptr{pointer}	ptr{pointer},ptr{pointer}	3	0.009910
Bullet	call	indirect	0	0	0	0	1	-	void	ptr{pointer},i32,ptr{pointer},ptr{pointer},ptr{pointer}	ptr{pointer},i32,ptr{pointer},ptr{pointer},ptr{pointer}	3	0.009910
Bullet	call	indirect	0	0	0	0	1	-	void	ptr{pointer},ptr{pointer},i16,i16	ptr{pointer},ptr{pointer},i16,i16	3	0.009910
Bullet	invoke	direct	0	0	0	0	1	-	%class.btQuaternion	ptr{pointer}	ptr{pointer}	3	0.009910
Bullet	invoke	direct	0	0	0	0	1	-	%class.btVector3	ptr{pointer},ptr{pointer},float	ptr{pointer},ptr{pointer},float	3	0.009910
Bullet	invoke	direct	0	0	0	0	1	-	i1	ptr{pointer},i32	ptr{pointer},i32	3	0.009910
Bullet	invoke	direct	0	0	0	0	1	-	ptr{pointer}	i64,ptr{pointer}	i64,ptr{pointer}	3	0.009910
Bullet	invoke	direct	0	0	0	0	1	-	ptr{pointer}	ptr{pointer},ptr{pointer},ptr{pointer}	ptr{pointer},ptr{pointer},ptr{pointer}	3	0.009910
Bullet	invoke	direct	0	0	0	0	1	-	void	ptr{pointer},float,ptr{pointer}	ptr{pointer},float,ptr{pointer}	3	0.009910
Bullet	invoke	direct	0	0	0	0	1	-	void	ptr{pointer},ptr{pointer},i32,i32	ptr{pointer},ptr{pointer},i32,i32	3	0.009910
Bullet	invoke	indirect	0	0	0	0	1	-	ptr{pointer}	ptr{pointer},i32	ptr{pointer},i32	3	0.009910
Bullet	invoke	indirect	0	0	0	0	1	-	void	ptr{pointer},ptr{pointer},ptr{pointer},ptr{pointer},ptr{pointer}	ptr{pointer},ptr{pointer},ptr{pointer},ptr{pointer},ptr{pointer}	3	0.009910
Bullet	invoke	indirect	0	0	0	0	1	-	void	ptr{pointer,sret},ptr{pointer},i32	ptr{pointer,sret},ptr{pointer},i32	3	0.009910
Bullet	call	direct	0	0	0	0	1	-	%class.btVector3	ptr{pointer},float,float	ptr{pointer},float,float	2	0.006607
Bullet	call	direct	0	0	0	0	1	-	%class.btVector3	ptr{pointer},float	ptr{pointer},float	2	0.006607
Bullet	call	direct	0	0	0	0	1	-	%class.btVector3	ptr{pointer},ptr{pointer},i32,ptr{pointer}	ptr{pointer},ptr{pointer},i32,ptr{pointer}	2	0.006607
Bullet	call	direct	0	0	0	0	1	-	float	float,float,float,ptr{pointer}	float,float,float,ptr{pointer}	2	0.006607
Bullet	call	direct	0	0	0	0	1	-	float	ptr{pointer},ptr{pointer},float,float	ptr{pointer},ptr{pointer},float,float	2	0.006607
Bullet	call	direct	0	0	0	0	1	-	float	ptr{pointer},ptr{pointer},i1	ptr{pointer},ptr{pointer},i1	2	0.006607
Bullet	call	direct	0	0	0	0	1	-	float	ptr{pointer},ptr{pointer},ptr{pointer},ptr{pointer},ptr{pointer},ptr{pointer},float	ptr{pointer},ptr{pointer},ptr{pointer},ptr{pointer},ptr{pointer},ptr{pointer},float	2	0.006607
Bullet	call	direct	0	0	0	0	1	-	i1	ptr{pointer},ptr{pointer},float	ptr{pointer},ptr{pointer},float	2	0.006607
Bullet	call	direct	0	0	0	0	1	-	i1	ptr{pointer},ptr{pointer},i32,i32	ptr{pointer},ptr{pointer},i32,i32	2	0.006607
Bullet	call	direct	0	0	0	0	1	-	i1	ptr{pointer},ptr{pointer},ptr{pointer},i1	ptr{pointer},ptr{pointer},ptr{pointer},i1	2	0.006607
Bullet	call	direct	0	0	0	0	1	-	i1	ptr{pointer},ptr{pointer},ptr{pointer},i32,i32,i1	ptr{pointer},ptr{pointer},ptr{pointer},i32,i32,i1	2	0.006607
Bullet	call	direct	0	0	0	0	1	-	i1	ptr{pointer},ptr{pointer},ptr{pointer},ptr{pointer},ptr{pointer},float,float	ptr{pointer},ptr{pointer},ptr{pointer},ptr{pointer},ptr{pointer},float,float	2	0.006607
Bullet	call	direct	0	0	0	0	1	-	i1	ptr{pointer},ptr{pointer},ptr{pointer},ptr{pointer},ptr{pointer},ptr{pointer},i1	ptr{pointer},ptr{pointer},ptr{pointer},ptr{pointer},ptr{pointer},ptr{pointer},i1	2	0.006607
Bullet	call	direct	0	0	0	0	1	-	i32	i32,i32,i32	i32,i32,i32	2	0.006607
Bullet	call	direct	0	0	0	0	1	-	i32	ptr{pointer},ptr{pointer},ptr{pointer},float	ptr{pointer},ptr{pointer},ptr{pointer},float	2	0.006607
Bullet	call	direct	0	0	0	0	1	-	i32	ptr{pointer},ptr{pointer},ptr{pointer},ptr{pointer},ptr{pointer},ptr{pointer},ptr{pointer},ptr{pointer},ptr{pointer},i32,ptr{pointer},i32	ptr{pointer},ptr{pointer},ptr{pointer},ptr{pointer},ptr{pointer},ptr{pointer},ptr{pointer},ptr{pointer},ptr{pointer},i32,ptr{pointer},i32	2	0.006607
Bullet	call	direct	0	0	0	0	1	-	i64	ptr{pointer},i64	ptr{pointer},i64	2	0.006607
Bullet	call	direct	0	0	0	0	1	-	ptr{pointer}	ptr{pointer},ptr{pointer},ptr{pointer},i32	ptr{pointer},ptr{pointer},ptr{pointer},i32	2	0.006607
Bullet	call	direct	0	0	0	0	1	-	ptr{pointer}	ptr{pointer},ptr{pointer},ptr{pointer},ptr{pointer},ptr{pointer}	ptr{pointer},ptr{pointer},ptr{pointer},ptr{pointer},ptr{pointer}	2	0.006607
Bullet	call	direct	0	0	0	0	1	-	void	ptr{pointer},i32,i32,i64	ptr{pointer},i32,i32,i64	2	0.006607
Bullet	call	direct	0	0	0	0	1	-	void	ptr{pointer},i32,ptr{pointer},ptr{pointer},ptr{pointer}	ptr{pointer},i32,ptr{pointer},ptr{pointer},ptr{pointer}	2	0.006607
Bullet	call	direct	0	0	0	0	1	-	void	ptr{pointer},ptr{pointer},i16,i16	ptr{pointer},ptr{pointer},i16,i16	2	0.006607
Bullet	call	direct	0	0	0	0	1	-	void	ptr{pointer},ptr{pointer},i32,i32,i32	ptr{pointer},ptr{pointer},i32,i32,i32	2	0.006607
Bullet	call	direct	0	0	0	0	1	-	void	ptr{pointer},ptr{pointer},ptr{pointer},float,float	ptr{pointer},ptr{pointer},ptr{pointer},float,float	2	0.006607
Bullet	call	direct	0	0	0	0	1	-	void	ptr{pointer},ptr{pointer},ptr{pointer},ptr{pointer},i32,i32	ptr{pointer},ptr{pointer},ptr{pointer},ptr{pointer},i32,i32	2	0.006607
Bullet	call	direct	0	0	0	0	1	-	void	ptr{pointer},ptr{pointer},ptr{pointer},ptr{pointer},ptr{pointer},i1,i32,i32	ptr{pointer},ptr{pointer},ptr{pointer},ptr{pointer},ptr{pointer},i1,i32,i32	2	0.006607
Bullet	call	direct	0	0	0	0	1	-	void	ptr{pointer},ptr{pointer},ptr{pointer},ptr{pointer},ptr{pointer},ptr{pointer},i1	ptr{pointer},ptr{pointer},ptr{pointer},ptr{pointer},ptr{pointer},ptr{pointer},i1	2	0.006607
Bullet	call	direct	0	0	0	0	1	-	void	ptr{pointer},ptr{pointer},ptr{pointer},ptr{pointer},ptr{pointer},ptr{pointer},i32,i32	ptr{pointer},ptr{pointer},ptr{pointer},ptr{pointer},ptr{pointer},ptr{pointer},i32,i32	2	0.006607
Bullet	call	direct	0	0	0	0	1	-	void	ptr{pointer},ptr{pointer},ptr{pointer},ptr{pointer},ptr{pointer},ptr{pointer},ptr{pointer},float	ptr{pointer},ptr{pointer},ptr{pointer},ptr{pointer},ptr{pointer},ptr{pointer},ptr{pointer},float	2	0.006607
Bullet	call	direct	0	0	0	0	1	-	void	ptr{pointer},ptr{pointer},ptr{pointer},ptr{pointer},ptr{pointer},ptr{pointer},ptr{pointer},i32,i32	ptr{pointer},ptr{pointer},ptr{pointer},ptr{pointer},ptr{pointer},ptr{pointer},ptr{pointer},i32,i32	2	0.006607
Bullet	call	direct	0	0	0	0	1	-	void	ptr{pointer,sret},float,float,float,ptr{pointer},ptr{pointer}	ptr{pointer,sret},float,float,float,ptr{pointer},ptr{pointer}	2	0.006607
Bullet	call	direct	0	0	0	0	1	-	void	ptr{pointer,sret},float,ptr{pointer},ptr{pointer},float,ptr{pointer},ptr{pointer}	ptr{pointer,sret},float,ptr{pointer},ptr{pointer},float,ptr{pointer},ptr{pointer}	2	0.006607
Bullet	call	direct	0	0	1	0	1	-	void	ptr{pointer}	ptr{pointer}	2	0.006607
Bullet	call	direct	0	1	0	0	1	-	i32	ptr{pointer},ptr{pointer},double{vararg}	ptr{pointer},ptr{pointer},double{vararg}	2	0.006607
Bullet	call	indirect	0	0	0	0	1	-	float	ptr{pointer},ptr{pointer},float,i32,i32	ptr{pointer},ptr{pointer},float,i32,i32	2	0.006607
Bullet	call	indirect	0	0	0	0	1	-	void	ptr{pointer},ptr{pointer},i32	ptr{pointer},ptr{pointer},i32	2	0.006607
Bullet	call	indirect	0	0	0	0	1	-	void	ptr{pointer},ptr{pointer},ptr{pointer},ptr{pointer},ptr{pointer},ptr{pointer}	ptr{pointer},ptr{pointer},ptr{pointer},ptr{pointer},ptr{pointer},ptr{pointer}	2	0.006607
Bullet	invoke	direct	0	0	0	0	1	-	%class.btVector3	ptr{pointer},ptr{pointer},i32	ptr{pointer},ptr{pointer},i32	2	0.006607
Bullet	invoke	direct	0	0	0	0	1	-	%class.btVector3	ptr{pointer},ptr{pointer},ptr{pointer}	ptr{pointer},ptr{pointer},ptr{pointer}	2	0.006607
Bullet	invoke	direct	0	0	0	0	1	-	float	ptr{pointer},ptr{pointer},i32,ptr{pointer},i32,ptr{pointer},i32,ptr{pointer},ptr{pointer},ptr{pointer}	ptr{pointer},ptr{pointer},i32,ptr{pointer},i32,ptr{pointer},i32,ptr{pointer},ptr{pointer},ptr{pointer}	2	0.006607
Bullet	invoke	direct	0	0	0	0	1	-	i1	ptr{pointer},ptr{pointer},ptr{pointer},ptr{pointer},ptr{pointer},float,float	ptr{pointer},ptr{pointer},ptr{pointer},ptr{pointer},ptr{pointer},float,float	2	0.006607
Bullet	invoke	direct	0	0	0	0	1	-	i1	ptr{pointer},ptr{pointer},ptr{pointer},ptr{pointer},ptr{pointer}	ptr{pointer},ptr{pointer},ptr{pointer},ptr{pointer},ptr{pointer}	2	0.006607
Bullet	invoke	direct	0	0	0	0	1	-	i1	ptr{pointer},ptr{pointer},ptr{pointer},ptr{pointer}	ptr{pointer},ptr{pointer},ptr{pointer},ptr{pointer}	2	0.006607
Bullet	invoke	direct	0	0	0	0	1	-	i32	ptr{pointer},i32,ptr{pointer},ptr{pointer}	ptr{pointer},i32,ptr{pointer},ptr{pointer}	2	0.006607
Bullet	invoke	direct	0	0	0	0	1	-	i32	ptr{pointer},ptr{pointer},ptr{pointer},float	ptr{pointer},ptr{pointer},ptr{pointer},float	2	0.006607
Bullet	invoke	direct	0	0	0	0	1	-	ptr{pointer}	ptr{pointer},ptr{pointer},ptr{pointer},ptr{pointer}	ptr{pointer},ptr{pointer},ptr{pointer},ptr{pointer}	2	0.006607
Bullet	invoke	direct	0	0	0	0	1	-	void	ptr{pointer},float,ptr{pointer},ptr{pointer},ptr{pointer}	ptr{pointer},float,ptr{pointer},ptr{pointer},ptr{pointer}	2	0.006607
Bullet	invoke	direct	0	0	0	0	1	-	void	ptr{pointer},i16	ptr{pointer},i16	2	0.006607
Bullet	invoke	direct	0	0	0	0	1	-	void	ptr{pointer},i1	ptr{pointer},i1	2	0.006607
Bullet	invoke	direct	0	0	0	0	1	-	void	ptr{pointer},i32,float	ptr{pointer},i32,float	2	0.006607
Bullet	invoke	direct	0	0	0	0	1	-	void	ptr{pointer},i32,i1	ptr{pointer},i32,i1	2	0.006607
Bullet	invoke	direct	0	0	0	0	1	-	void	ptr{pointer},i32,i32,i32,ptr{pointer}	ptr{pointer},i32,i32,i32,ptr{pointer}	2	0.006607
Bullet	invoke	direct	0	0	0	0	1	-	void	ptr{pointer},i32,i32,ptr{pointer},float,float,float,i32,i32,i1	ptr{pointer},i32,i32,ptr{pointer},float,float,float,i32,i32,i1	2	0.006607
Bullet	invoke	direct	0	0	0	0	1	-	void	ptr{pointer},ptr{pointer},float,ptr{pointer},ptr{pointer}	ptr{pointer},ptr{pointer},float,ptr{pointer},ptr{pointer}	2	0.006607
Bullet	invoke	direct	0	0	0	0	1	-	void	ptr{pointer},ptr{pointer},i1,ptr{pointer},ptr{pointer}	ptr{pointer},ptr{pointer},i1,ptr{pointer},ptr{pointer}	2	0.006607
Bullet	invoke	direct	0	0	0	0	1	-	void	ptr{pointer},ptr{pointer},ptr{pointer},float,ptr{pointer}	ptr{pointer},ptr{pointer},ptr{pointer},float,ptr{pointer}	2	0.006607
Bullet	invoke	direct	0	0	0	0	1	-	void	ptr{pointer},ptr{pointer},ptr{pointer},i32	ptr{pointer},ptr{pointer},ptr{pointer},i32	2	0.006607
Bullet	invoke	direct	0	0	0	0	1	-	void	ptr{pointer},ptr{pointer},ptr{pointer},ptr{pointer},ptr{pointer},ptr{pointer},float,ptr{pointer},ptr{pointer},ptr{pointer}	ptr{pointer},ptr{pointer},ptr{pointer},ptr{pointer},ptr{pointer},ptr{pointer},float,ptr{pointer},ptr{pointer},ptr{pointer}	2	0.006607
Bullet	invoke	direct	0	0	0	0	1	-	void	ptr{pointer},ptr{pointer},ptr{pointer},ptr{pointer},ptr{pointer},ptr{pointer},ptr{pointer}	ptr{pointer},ptr{pointer},ptr{pointer},ptr{pointer},ptr{pointer},ptr{pointer},ptr{pointer}	2	0.006607
Bullet	invoke	indirect	0	0	0	0	1	-	float	ptr{pointer},ptr{pointer},i1	ptr{pointer},ptr{pointer},i1	2	0.006607
Bullet	invoke	indirect	0	0	0	0	1	-	ptr{pointer}	ptr{pointer},ptr{pointer},ptr{pointer},ptr{pointer}	ptr{pointer},ptr{pointer},ptr{pointer},ptr{pointer}	2	0.006607
Bullet	invoke	indirect	0	0	0	0	1	-	void	ptr{pointer},i32,i32	ptr{pointer},i32,i32	2	0.006607
Bullet	invoke	indirect	0	0	0	0	1	-	void	ptr{pointer},ptr{pointer},float,ptr{pointer}	ptr{pointer},ptr{pointer},float,ptr{pointer}	2	0.006607
Bullet	invoke	indirect	0	0	0	0	1	-	void	ptr{pointer},ptr{pointer},i32,i32	ptr{pointer},ptr{pointer},i32,i32	2	0.006607
Bullet	invoke	indirect	0	0	0	0	1	-	void	ptr{pointer},ptr{pointer},i32,ptr{pointer},i32,i32	ptr{pointer},ptr{pointer},i32,ptr{pointer},i32,i32	2	0.006607
Bullet	invoke	indirect	0	0	0	0	1	-	void	ptr{pointer},ptr{pointer},ptr{pointer},float	ptr{pointer},ptr{pointer},ptr{pointer},float	2	0.006607
Bullet	invoke	indirect	0	0	0	0	1	-	void	ptr{pointer},ptr{pointer},ptr{pointer},ptr{pointer},ptr{pointer},ptr{pointer}	ptr{pointer},ptr{pointer},ptr{pointer},ptr{pointer},ptr{pointer},ptr{pointer}	2	0.006607
Bullet	call	direct	0	0	0	0	1	-	%class.btVector4	ptr{pointer}	ptr{pointer}	1	0.003303
Bullet	call	direct	0	0	0	0	1	-	float	ptr{pointer},float,float,ptr{pointer},ptr{pointer},ptr{pointer},ptr{pointer},ptr{pointer},ptr{pointer},i32,ptr{pointer},ptr{pointer}	ptr{pointer},float,float,ptr{pointer},ptr{pointer},ptr{pointer},ptr{pointer},ptr{pointer},ptr{pointer},i32,ptr{pointer},ptr{pointer}	1	0.003303
Bullet	call	direct	0	0	0	0	1	-	float	ptr{pointer},float,float	ptr{pointer},float,float	1	0.003303
Bullet	call	direct	0	0	0	0	1	-	float	ptr{pointer},float,ptr{pointer},float,ptr{pointer},ptr{pointer},ptr{pointer},ptr{pointer}	ptr{pointer},float,ptr{pointer},float,ptr{pointer},ptr{pointer},ptr{pointer},ptr{pointer}	1	0.003303
Bullet	call	direct	0	0	0	0	1	-	float	ptr{pointer},float,ptr{pointer},ptr{pointer},ptr{pointer}	ptr{pointer},float,ptr{pointer},ptr{pointer},ptr{pointer}	1	0.003303
Bullet	call	direct	0	0	0	0	1	-	float	ptr{pointer},ptr{pointer},float,float,float,float,i32,i32,ptr{pointer},ptr{pointer},float	ptr{pointer},ptr{pointer},float,float,float,float,i32,i32,ptr{pointer},ptr{pointer},float	1	0.003303
Bullet	call	direct	0	0	0	0	1	-	float	ptr{pointer},ptr{pointer},float	ptr{pointer},ptr{pointer},float	1	0.003303
Bullet	call	direct	0	0	0	0	1	-	float	ptr{pointer},ptr{pointer},ptr{pointer},ptr{pointer},float	ptr{pointer},ptr{pointer},ptr{pointer},ptr{pointer},float	1	0.003303
Bullet	call	direct	0	0	0	0	1	-	float	ptr{pointer},ptr{pointer},ptr{pointer},ptr{pointer},ptr{pointer},float,ptr{pointer},ptr{pointer}	ptr{pointer},ptr{pointer},ptr{pointer},ptr{pointer},ptr{pointer},float,ptr{pointer},ptr{pointer}	1	0.003303
Bullet	call	direct	0	0	0	0	1	-	float	ptr{pointer},ptr{pointer},ptr{pointer},ptr{pointer},ptr{pointer},float	ptr{pointer},ptr{pointer},ptr{pointer},ptr{pointer},ptr{pointer},float	1	0.003303
Bullet	call	direct	0	0	0	0	1	-	float	ptr{pointer},ptr{pointer},ptr{pointer},ptr{pointer},ptr{pointer},ptr{pointer}	ptr{pointer},ptr{pointer},ptr{pointer},ptr{pointer},ptr{pointer},ptr{pointer}	1	0.003303
Bullet	call	direct	0	0	0	0	1	-	i16	ptr{pointer},ptr{pointer},ptr{pointer},ptr{pointer},i16,i16,ptr{pointer},ptr{pointer}	ptr{pointer},ptr{pointer},ptr{pointer},ptr{pointer},i16,i16,ptr{pointer},ptr{pointer}	1	0.003303
Bullet	call	direct	0	0	0	0	1	-	i1	ptr{pointer},i32,i32,float	ptr{pointer},i32,i32,float	1	0.003303
Bullet	call	direct	0	0	0	0	1	-	i1	ptr{pointer},i32,ptr{pointer},ptr{pointer}	ptr{pointer},i32,ptr{pointer},ptr{pointer}	1	0.003303
Bullet	call	direct	0	0	0	0	1	-	i1	ptr{pointer},ptr{pointer},i32,i1	ptr{pointer},ptr{pointer},i32,i1	1	0.003303
Bullet	call	direct	0	0	0	0	1	-	i1	ptr{pointer},ptr{pointer},ptr{pointer},float,ptr{pointer}	ptr{pointer},ptr{pointer},ptr{pointer},float,ptr{pointer}	1	0.003303
Bullet	call	direct	0	0	0	0	1	-	i1	ptr{pointer},ptr{pointer},ptr{pointer},ptr{pointer},float,ptr{pointer},ptr{pointer},ptr{pointer},float,ptr{pointer}	ptr{pointer},ptr{pointer},ptr{pointer},ptr{pointer},float,ptr{pointer},ptr{pointer},ptr{pointer},float,ptr{pointer}	1	0.003303
Bullet	call	direct	0	0	0	0	1	-	i1	ptr{pointer},ptr{pointer},ptr{pointer},ptr{pointer},ptr{pointer},ptr{pointer},float	ptr{pointer},ptr{pointer},ptr{pointer},ptr{pointer},ptr{pointer},ptr{pointer},float	1	0.003303
Bullet	call	direct	0	0	0	0	1	-	i1	ptr{pointer},ptr{pointer},ptr{pointer},ptr{pointer},ptr{pointer},ptr{pointer},ptr{pointer}	ptr{pointer},ptr{pointer},ptr{pointer},ptr{pointer},ptr{pointer},ptr{pointer},ptr{pointer}	1	0.003303
Bullet	call	direct	0	0	0	0	1	-	i32	i32,i32,i32,ptr{pointer}	i32,i32,i32,ptr{pointer}	1	0.003303
Bullet	call	direct	0	0	0	0	1	-	i32	ptr{pointer},float	ptr{pointer},float	1	0.003303
Bullet	call	direct	0	0	0	0	1	-	i32	ptr{pointer},i32,float	ptr{pointer},i32,float	1	0.003303
Bullet	call	direct	0	0	0	0	1	-	i32	ptr{pointer},i32,i32,i32	ptr{pointer},i32,i32,i32	1	0.003303
Bullet	call	direct	0	0	0	0	1	-	i32	ptr{pointer},ptr{pointer},i32,ptr{pointer},i64	ptr{pointer},ptr{pointer},i32,ptr{pointer},i64	1	0.003303
Bullet	call	direct	0	0	0	0	1	-	i32	ptr{pointer},ptr{pointer},i32,ptr{pointer},ptr{pointer},i32	ptr{pointer},ptr{pointer},i32,ptr{pointer},ptr{pointer},i32	1	0.003303
Bullet	call	direct	0	0	0	0	1	-	i32	ptr{pointer},ptr{pointer},i32,ptr{pointer},ptr{pointer},ptr{pointer},ptr{pointer},ptr{pointer},ptr{pointer}	ptr{pointer},ptr{pointer},i32,ptr{pointer},ptr{pointer},ptr{pointer},ptr{pointer},ptr{pointer},ptr{pointer}	1	0.003303
Bullet	call	direct	0	0	0	0	1	-	i32	ptr{pointer},ptr{pointer},ptr{pointer},ptr{pointer},i16,i16,ptr{pointer},ptr{pointer}	ptr{pointer},ptr{pointer},ptr{pointer},ptr{pointer},i16,i16,ptr{pointer},ptr{pointer}	1	0.003303
Bullet	call	direct	0	0	0	0	1	-	i32	ptr{pointer},ptr{pointer},ptr{pointer},ptr{pointer},ptr{pointer},i64	ptr{pointer},ptr{pointer},ptr{pointer},ptr{pointer},ptr{pointer},i64	1	0.003303
Bullet	call	direct	0	0	0	0	1	-	i32	ptr{pointer},ptr{pointer},ptr{pointer},ptr{pointer},ptr{pointer},ptr{pointer},i1	ptr{pointer},ptr{pointer},ptr{pointer},ptr{pointer},ptr{pointer},ptr{pointer},i1	1	0.003303
Bullet	call	direct	0	0	0	0	1	-	i32	ptr{pointer},ptr{pointer},ptr{pointer},ptr{pointer},ptr{pointer},ptr{pointer},ptr{pointer},ptr{pointer},ptr{pointer},i32,ptr{pointer},i32,ptr{pointer}	ptr{pointer},ptr{pointer},ptr{pointer},ptr{pointer},ptr{pointer},ptr{pointer},ptr{pointer},ptr{pointer},ptr{pointer},i32,ptr{pointer},i32,ptr{pointer}	1	0.003303
Bullet	call	direct	0	0	0	0	1	-	i32	ptr{pointer},ptr{pointer},ptr{pointer},ptr{pointer},ptr{pointer},ptr{pointer},ptr{pointer},ptr{pointer}	ptr{pointer},ptr{pointer},ptr{pointer},ptr{pointer},ptr{pointer},ptr{pointer},ptr{pointer},ptr{pointer}	1	0.003303
Bullet	call	direct	0	0	0	0	1	-	ptr{pointer}	ptr{pointer},i32,i1	ptr{pointer},i32,i1	1	0.003303
Bullet	call	direct	0	0	0	0	1	-	ptr{pointer}	ptr{pointer},ptr{pointer},ptr{pointer},ptr{pointer}	ptr{pointer},ptr{pointer},ptr{pointer},ptr{pointer}	1	0.003303
Bullet	call	direct	0	0	0	0	1	-	void	i32,ptr{pointer},i32,i32,ptr{pointer}	i32,ptr{pointer},i32,i32,ptr{pointer}	1	0.003303
Bullet	call	direct	0	0	0	0	1	-	void	i32	i32	1	0.003303
Bullet	call	direct	0	0	0	0	1	-	void	ptr{pointer},float,i1	ptr{pointer},float,i1	1	0.003303
Bullet	call	direct	0	0	0	0	1	-	void	ptr{pointer},i16,ptr{pointer},ptr{pointer},ptr{pointer}	ptr{pointer},i16,ptr{pointer},ptr{pointer},ptr{pointer}	1	0.003303
Bullet	call	direct	0	0	0	0	1	-	void	ptr{pointer},i16,ptr{pointer}	ptr{pointer},i16,ptr{pointer}	1	0.003303
Bullet	call	direct	0	0	0	0	1	-	void	ptr{pointer},i32,i32,ptr{pointer},i32	ptr{pointer},i32,i32,ptr{pointer},i32	1	0.003303
Bullet	call	direct	0	0	0	0	1	-	void	ptr{pointer},i32,ptr{pointer},i32,i32,ptr{pointer},i32	ptr{pointer},i32,ptr{pointer},i32,i32,ptr{pointer},i32	1	0.003303
Bullet	call	direct	0	0	0	0	1	-	void	ptr{pointer},ptr{pointer},float,float	ptr{pointer},ptr{pointer},float,float	1	0.003303
Bullet	call	direct	0	0	0	0	1	-	void	ptr{pointer},ptr{pointer},float,i32	ptr{pointer},ptr{pointer},float,i32	1	0.003303
Bullet	call	direct	0	0	0	0	1	-	void	ptr{pointer},ptr{pointer},float,ptr{pointer},i32,i64	ptr{pointer},ptr{pointer},float,ptr{pointer},i32,i64	1	0.003303
Bullet	call	direct	0	0	0	0	1	-	void	ptr{pointer},ptr{pointer},i1,ptr{pointer},ptr{pointer}	ptr{pointer},ptr{pointer},i1,ptr{pointer},ptr{pointer}	1	0.003303
Bullet	call	direct	0	0	0	0	1	-	void	ptr{pointer},ptr{pointer},i32,i32,ptr{pointer}	ptr{pointer},ptr{pointer},i32,i32,ptr{pointer}	1	0.003303
Bullet	call	direct	0	0	0	0	1	-	void	ptr{pointer},ptr{pointer},i64	ptr{pointer},ptr{pointer},i64	1	0.003303
Bullet	call	direct	0	0	0	0	1	-	void	ptr{pointer},ptr{pointer},ptr{pointer},i16,i16,i16,ptr{pointer},i1	ptr{pointer},ptr{pointer},ptr{pointer},i16,i16,i16,ptr{pointer},i1	1	0.003303
Bullet	call	direct	0	0	0	0	1	-	void	ptr{pointer},ptr{pointer},ptr{pointer},i32,i32,i32,ptr{pointer},i1	ptr{pointer},ptr{pointer},ptr{pointer},i32,i32,i32,ptr{pointer},i1	1	0.003303
Bullet	call	direct	0	0	0	0	1	-	void	ptr{pointer},ptr{pointer},ptr{pointer},i32,ptr{pointer},ptr{pointer}	ptr{pointer},ptr{pointer},ptr{pointer},i32,ptr{pointer},ptr{pointer}	1	0.003303
Bullet	call	direct	0	0	0	0	1	-	void	ptr{pointer},ptr{pointer},ptr{pointer},ptr{pointer},float,float,float,float,float,ptr{pointer},float	ptr{pointer},ptr{pointer},ptr{pointer},ptr{pointer},float,float,float,float,float,ptr{pointer},float	1	0.003303
Bullet	call	direct	0	0	0	0	1	-	void	ptr{pointer},ptr{pointer},ptr{pointer},ptr{pointer},float,ptr{pointer},ptr{pointer},float	ptr{pointer},ptr{pointer},ptr{pointer},ptr{pointer},float,ptr{pointer},ptr{pointer},float	1	0.003303
Bullet	call	direct	0	0	0	0	1	-	void	ptr{pointer},ptr{pointer},ptr{pointer},ptr{pointer},ptr{pointer},ptr{pointer},float,float	ptr{pointer},ptr{pointer},ptr{pointer},ptr{pointer},ptr{pointer},ptr{pointer},float,float	1	0.003303
Bullet	call	direct	0	0	0	0	1	-	void	ptr{pointer,sret},ptr{pointer},i32	ptr{pointer,sret},ptr{pointer},i32	1	0.003303
Bullet	call	direct	0	0	1	0	1	-	void	ptr{pointer},ptr{pointer},i32,i32	ptr{pointer},ptr{pointer},i32,i32	1	0.003303
Bullet	call	direct	0	1	0	0	1	-	i32	ptr{pointer},double{vararg}	ptr{pointer},double{vararg}	1	0.003303
Bullet	call	direct	0	1	0	0	1	-	i32	ptr{pointer},i32{vararg},ptr{pointer,vararg},double{vararg},double{vararg},i32{vararg}	ptr{pointer},i32{vararg},ptr{pointer,vararg},double{vararg},double{vararg},i32{vararg}	1	0.003303
Bullet	call	direct	0	1	0	0	1	-	i32	ptr{pointer},ptr{pointer,vararg},double{vararg},double{vararg}	ptr{pointer},ptr{pointer,vararg},double{vararg},double{vararg}	1	0.003303
Bullet	call	direct	0	1	0	0	1	-	i32	ptr{pointer},ptr{pointer,vararg},double{vararg}	ptr{pointer},ptr{pointer,vararg},double{vararg}	1	0.003303
Bullet	call	direct	0	1	0	0	1	-	i32	ptr{pointer},ptr{pointer},ptr{pointer,vararg},ptr{pointer,vararg},ptr{pointer,vararg},ptr{pointer,vararg},ptr{pointer,vararg}	ptr{pointer},ptr{pointer},ptr{pointer,vararg},ptr{pointer,vararg},ptr{pointer,vararg},ptr{pointer,vararg},ptr{pointer,vararg}	1	0.003303
Bullet	call	direct	0	1	0	0	1	-	i32	ptr{pointer},ptr{pointer},ptr{pointer,vararg},ptr{pointer,vararg},ptr{pointer,vararg}	ptr{pointer},ptr{pointer},ptr{pointer,vararg},ptr{pointer,vararg},ptr{pointer,vararg}	1	0.003303
Bullet	call	indirect	0	0	0	0	1	-	float	ptr{pointer},i32,i32	ptr{pointer},i32,i32	1	0.003303
Bullet	call	indirect	0	0	0	0	1	-	float	ptr{pointer},ptr{pointer},float	ptr{pointer},ptr{pointer},float	1	0.003303
Bullet	call	indirect	0	0	0	0	1	-	float	ptr{pointer},ptr{pointer},ptr{pointer},ptr{pointer},ptr{pointer}	ptr{pointer},ptr{pointer},ptr{pointer},ptr{pointer},ptr{pointer}	1	0.003303
Bullet	call	indirect	0	0	0	0	1	-	i1	ptr{pointer},ptr{pointer},i32,i32,ptr{pointer},i32,i32	ptr{pointer},ptr{pointer},i32,i32,ptr{pointer},i32,i32	1	0.003303
Bullet	call	indirect	0	0	0	0	1	-	i1	ptr{pointer},ptr{pointer},ptr{pointer},ptr{pointer},ptr{pointer},ptr{pointer},ptr{pointer},ptr{pointer},ptr{pointer},ptr{pointer},ptr{pointer}	ptr{pointer},ptr{pointer},ptr{pointer},ptr{pointer},ptr{pointer},ptr{pointer},ptr{pointer},ptr{pointer},ptr{pointer},ptr{pointer},ptr{pointer}	1	0.003303
Bullet	call	indirect	0	0	0	0	1	-	i32	ptr{pointer},float,i32,float	ptr{pointer},float,i32,float	1	0.003303
Bullet	call	indirect	0	0	0	0	1	-	void	ptr{pointer},float,i32	ptr{pointer},float,i32	1	0.003303
Bullet	call	indirect	0	0	0	0	1	-	void	ptr{pointer},ptr{pointer},float	ptr{pointer},ptr{pointer},float	1	0.003303
Bullet	invoke	direct	0	0	0	0	1	-	[2 x i64]	ptr{pointer},ptr{pointer},i32,ptr{pointer}	ptr{pointer},ptr{pointer},i32,ptr{pointer}	1	0.003303
Bullet	invoke	direct	0	0	0	0	1	-	float	-	-	1	0.003303
Bullet	invoke	direct	0	0	0	0	1	-	float	ptr{pointer},i32	ptr{pointer},i32	1	0.003303
Bullet	invoke	direct	0	0	0	0	1	-	float	ptr{pointer},ptr{pointer},float	ptr{pointer},ptr{pointer},float	1	0.003303
Bullet	invoke	direct	0	0	0	0	1	-	float	ptr{pointer},ptr{pointer},ptr{pointer},float,i32	ptr{pointer},ptr{pointer},ptr{pointer},float,i32	1	0.003303
Bullet	invoke	direct	0	0	0	0	1	-	i1	float	float	1	0.003303
Bullet	invoke	direct	0	0	0	0	1	-	i1	ptr{pointer},i32,ptr{pointer},i32,ptr{pointer},ptr{pointer},float,ptr{pointer}	ptr{pointer},i32,ptr{pointer},i32,ptr{pointer},ptr{pointer},float,ptr{pointer}	1	0.003303
Bullet	invoke	direct	0	0	0	0	1	-	i1	ptr{pointer},i32,ptr{pointer},ptr{pointer},i32	ptr{pointer},i32,ptr{pointer},ptr{pointer},i32	1	0.003303
Bullet	invoke	direct	0	0	0	0	1	-	i1	ptr{pointer},ptr{pointer},ptr{pointer},ptr{pointer},float	ptr{pointer},ptr{pointer},ptr{pointer},ptr{pointer},float	1	0.003303
Bullet	invoke	direct	0	0	0	0	1	-	i1	ptr{pointer},ptr{pointer},ptr{pointer},ptr{pointer},ptr{pointer},ptr{pointer},i1	ptr{pointer},ptr{pointer},ptr{pointer},ptr{pointer},ptr{pointer},ptr{pointer},i1	1	0.003303
Bullet	invoke	direct	0	0	0	0	1	-	i1	ptr{pointer},ptr{pointer},ptr{pointer}	ptr{pointer},ptr{pointer},ptr{pointer}	1	0.003303
Bullet	invoke	direct	0	0	0	0	1	-	i32	ptr{pointer},i32	ptr{pointer},i32	1	0.003303
Bullet	invoke	direct	0	0	0	0	1	-	ptr{pointer}	ptr{pointer},float	ptr{pointer},float	1	0.003303
Bullet	invoke	direct	0	0	0	0	1	-	void	-	-	1	0.003303
Bullet	invoke	direct	0	0	0	0	1	-	void	ptr{pointer},float,i1	ptr{pointer},float,i1	1	0.003303
Bullet	invoke	direct	0	0	0	0	1	-	void	ptr{pointer},i32,i32,i32,i32,ptr{pointer}	ptr{pointer},i32,i32,i32,i32,ptr{pointer}	1	0.003303
Bullet	invoke	direct	0	0	0	0	1	-	void	ptr{pointer},i32,i32,ptr{pointer},i32	ptr{pointer},i32,i32,ptr{pointer},i32	1	0.003303
Bullet	invoke	direct	0	0	0	0	1	-	void	ptr{pointer},i32,i64	ptr{pointer},i32,i64	1	0.003303
Bullet	invoke	direct	0	0	0	0	1	-	void	ptr{pointer},ptr{pointer},float,float	ptr{pointer},ptr{pointer},float,float	1	0.003303
Bullet	invoke	direct	0	0	0	0	1	-	void	ptr{pointer},ptr{pointer},float,i32	ptr{pointer},ptr{pointer},float,i32	1	0.003303
Bullet	invoke	direct	0	0	0	0	1	-	void	ptr{pointer},ptr{pointer},i1,i1	ptr{pointer},ptr{pointer},i1,i1	1	0.003303
Bullet	invoke	direct	0	0	0	0	1	-	void	ptr{pointer},ptr{pointer},i1	ptr{pointer},ptr{pointer},i1	1	0.003303
Bullet	invoke	direct	0	0	0	0	1	-	void	ptr{pointer},ptr{pointer},i32,ptr{pointer},ptr{pointer},ptr{pointer},i32	ptr{pointer},ptr{pointer},i32,ptr{pointer},ptr{pointer},ptr{pointer},i32	1	0.003303
Bullet	invoke	direct	0	0	0	0	1	-	void	ptr{pointer},ptr{pointer},ptr{pointer},i16,ptr{pointer},i1	ptr{pointer},ptr{pointer},ptr{pointer},i16,ptr{pointer},i1	1	0.003303
Bullet	invoke	direct	0	0	0	0	1	-	void	ptr{pointer},ptr{pointer},ptr{pointer},i32,float,float	ptr{pointer},ptr{pointer},ptr{pointer},i32,float,float	1	0.003303
Bullet	invoke	direct	0	0	0	0	1	-	void	ptr{pointer},ptr{pointer},ptr{pointer},i32,i32,float,float,ptr{pointer},ptr{pointer}	ptr{pointer},ptr{pointer},ptr{pointer},i32,i32,float,float,ptr{pointer},ptr{pointer}	1	0.003303
Bullet	invoke	direct	0	0	0	0	1	-	void	ptr{pointer},ptr{pointer},ptr{pointer},i32,ptr{pointer},i16,i16,ptr{pointer}	ptr{pointer},ptr{pointer},ptr{pointer},i32,ptr{pointer},i16,i16,ptr{pointer}	1	0.003303
Bullet	invoke	direct	0	0	0	0	1	-	void	ptr{pointer},ptr{pointer},ptr{pointer},i32,ptr{pointer},i16,i16	ptr{pointer},ptr{pointer},ptr{pointer},i32,ptr{pointer},i16,i16	1	0.003303
Bullet	invoke	direct	0	0	0	0	1	-	void	ptr{pointer},ptr{pointer},ptr{pointer},ptr{pointer},float,ptr{pointer},ptr{pointer}	ptr{pointer},ptr{pointer},ptr{pointer},ptr{pointer},float,ptr{pointer},ptr{pointer}	1	0.003303
Bullet	invoke	direct	0	0	0	0	1	-	void	ptr{pointer},ptr{pointer},ptr{pointer},ptr{pointer},float	ptr{pointer},ptr{pointer},ptr{pointer},ptr{pointer},float	1	0.003303
Bullet	invoke	direct	0	0	0	0	1	-	void	ptr{pointer},ptr{pointer},ptr{pointer},ptr{pointer},i16,i16	ptr{pointer},ptr{pointer},ptr{pointer},ptr{pointer},i16,i16	1	0.003303
Bullet	invoke	direct	0	0	0	0	1	-	void	ptr{pointer},ptr{pointer},ptr{pointer},ptr{pointer},i32,ptr{pointer},ptr{pointer},ptr{pointer}	ptr{pointer},ptr{pointer},ptr{pointer},ptr{pointer},i32,ptr{pointer},ptr{pointer},ptr{pointer}	1	0.003303
Bullet	invoke	direct	0	0	0	0	1	-	void	ptr{pointer},ptr{pointer},ptr{pointer},ptr{pointer},ptr{pointer},i1,ptr{pointer}	ptr{pointer},ptr{pointer},ptr{pointer},ptr{pointer},ptr{pointer},i1,ptr{pointer}	1	0.003303
Bullet	invoke	direct	0	0	0	0	1	-	void	ptr{pointer},ptr{pointer},ptr{pointer},ptr{pointer},ptr{pointer},ptr{pointer},float	ptr{pointer},ptr{pointer},ptr{pointer},ptr{pointer},ptr{pointer},ptr{pointer},float	1	0.003303
Bullet	invoke	direct	0	0	0	0	1	-	void	ptr{pointer},ptr{pointer},ptr{pointer},ptr{pointer},ptr{pointer},ptr{pointer},i1	ptr{pointer},ptr{pointer},ptr{pointer},ptr{pointer},ptr{pointer},ptr{pointer},i1	1	0.003303
Bullet	invoke	direct	0	0	0	0	1	-	void	ptr{pointer},ptr{pointer},ptr{pointer},ptr{pointer},ptr{pointer},ptr{pointer},i32	ptr{pointer},ptr{pointer},ptr{pointer},ptr{pointer},ptr{pointer},ptr{pointer},i32	1	0.003303
Bullet	invoke	direct	0	0	0	0	1	-	void	ptr{pointer},ptr{pointer},ptr{pointer},ptr{pointer},ptr{pointer},ptr{pointer},ptr{pointer},float	ptr{pointer},ptr{pointer},ptr{pointer},ptr{pointer},ptr{pointer},ptr{pointer},ptr{pointer},float	1	0.003303
Bullet	invoke	direct	0	0	0	0	1	-	void	ptr{pointer,sret},ptr{pointer},float	ptr{pointer,sret},ptr{pointer},float	1	0.003303
Bullet	invoke	direct	0	1	0	0	1	-	i32	ptr{pointer},ptr{pointer,vararg},i32{vararg}	ptr{pointer},ptr{pointer,vararg},i32{vararg}	1	0.003303
Bullet	invoke	indirect	0	0	0	0	1	-	float	ptr{pointer},ptr{pointer},ptr{pointer},float,i32,i32	ptr{pointer},ptr{pointer},ptr{pointer},float,i32,i32	1	0.003303
Bullet	invoke	indirect	0	0	0	0	1	-	float	ptr{pointer},ptr{pointer},ptr{pointer},ptr{pointer},ptr{pointer}	ptr{pointer},ptr{pointer},ptr{pointer},ptr{pointer},ptr{pointer}	1	0.003303
Bullet	invoke	indirect	0	0	0	0	1	-	i1	ptr{pointer},ptr{pointer},ptr{pointer},ptr{pointer},ptr{pointer},ptr{pointer}	ptr{pointer},ptr{pointer},ptr{pointer},ptr{pointer},ptr{pointer},ptr{pointer}	1	0.003303
Bullet	invoke	indirect	0	0	0	0	1	-	ptr{pointer}	ptr{pointer},i32,i32	ptr{pointer},i32,i32	1	0.003303
Bullet	invoke	indirect	0	0	0	0	1	-	void	ptr{pointer},ptr{pointer},float	ptr{pointer},ptr{pointer},float	1	0.003303
Bullet	invoke	indirect	0	0	0	0	1	-	void	ptr{pointer},ptr{pointer},i32,i32,i32,i32	ptr{pointer},ptr{pointer},i32,i32,i32,i32	1	0.003303
Bullet	invoke	indirect	0	0	0	0	1	-	void	ptr{pointer},ptr{pointer},i32	ptr{pointer},ptr{pointer},i32	1	0.003303
Bullet	invoke	indirect	0	0	0	0	1	-	void	ptr{pointer},ptr{pointer},ptr{pointer},float,i32,ptr{pointer}	ptr{pointer},ptr{pointer},ptr{pointer},float,i32,ptr{pointer}	1	0.003303
Bullet	invoke	indirect	0	0	0	0	1	-	void	ptr{pointer},ptr{pointer},ptr{pointer},ptr{pointer},ptr{pointer},float	ptr{pointer},ptr{pointer},ptr{pointer},ptr{pointer},ptr{pointer},float	1	0.003303
ClamAV	call	direct	0	0	0	0	1	-	void	ptr{pointer}	ptr{pointer}	1785	17.992138
ClamAV	call	direct	0	1	0	0	1	-	void	ptr{pointer}	ptr{pointer}	1039	10.472735
ClamAV	call	direct	0	0	0	0	1	-	i32	ptr{pointer}	ptr{pointer}	902	9.091825
ClamAV	call	direct	0	0	0	0	1	-	i32	ptr{pointer},ptr{pointer}	ptr{pointer},ptr{pointer}	476	4.797903
ClamAV	call	direct	0	1	0	0	1	-	void	ptr{pointer},i32{vararg}	ptr{pointer},i32{vararg}	402	4.052011
ClamAV	call	direct	0	0	0	0	1	-	i32	i32	i32	300	3.023889
ClamAV	call	direct	0	0	0	0	1	-	ptr{pointer}	ptr{pointer}	ptr{pointer}	286	2.882774
ClamAV	call	direct	0	1	0	0	1	-	void	ptr{pointer},ptr{pointer,vararg}	ptr{pointer},ptr{pointer,vararg}	268	2.701341
ClamAV	call	direct	0	0	0	0	1	-	i64	ptr{pointer}	ptr{pointer}	242	2.439270
ClamAV	call	direct	0	0	0	0	1	-	i32	i32,ptr{pointer},i32	i32,ptr{pointer},i32	229	2.308235
ClamAV	call	direct	0	0	0	0	1	-	ptr{pointer}	-	-	212	2.136881
ClamAV	call	direct	0	0	0	0	1	-	ptr{pointer}	i64	i64	209	2.106642
ClamAV	call	direct	0	0	0	0	1	-	i64	i32,i64,i32	i32,i64,i32	180	1.814333
ClamAV	call	direct	0	0	0	0	1	-	i32	ptr{pointer},ptr{pointer},i64	ptr{pointer},ptr{pointer},i64	175	1.763935
ClamAV	call	direct	0	0	0	0	1	-	ptr{pointer}	ptr{pointer},ptr{pointer}	ptr{pointer},ptr{pointer}	171	1.723617
ClamAV	call	direct	0	0	0	0	1	-	i32	ptr{pointer},i32	ptr{pointer},i32	163	1.642980
ClamAV	call	direct	0	0	0	0	1	-	void	ptr{pointer},ptr{pointer}	ptr{pointer},ptr{pointer}	105	1.058361
ClamAV	call	direct	0	0	0	0	1	-	i32	i32,ptr{pointer}	i32,ptr{pointer}	102	1.028122
ClamAV	call	direct	0	0	0	0	1	-	i32	ptr{pointer},ptr{pointer},ptr{pointer},i32	ptr{pointer},ptr{pointer},ptr{pointer},i32	99	0.997883
ClamAV	call	direct	0	0	0	0	1	-	ptr{pointer}	i64,i64	i64,i64	94	0.947485
ClamAV	call	direct	0	0	0	0	1	-	void	ptr{pointer},i32	ptr{pointer},i32	80	0.806370
ClamAV	call	direct	0	0	0	0	1	-	ptr{pointer}	ptr{pointer},i32	ptr{pointer},i32	79	0.796291
ClamAV	call	direct	0	0	0	0	1	-	void	ptr{pointer},ptr{pointer},i8	ptr{pointer},ptr{pointer},i8	77	0.776131
ClamAV	call	direct	0	1	0	0	1	-	i32	ptr{pointer},ptr{pointer,vararg}	ptr{pointer},ptr{pointer,vararg}	68	0.685415
ClamAV	call	direct	0	1	0	0	1	-	i32	ptr{pointer}	ptr{pointer}	63	0.635017
ClamAV	call	direct	0	0	0	0	1	-	i32	ptr{pointer},i64	ptr{pointer},i64	58	0.584618
ClamAV	call	direct	0	0	0	0	1	-	ptr{pointer}	ptr{pointer},i32,ptr{pointer}	ptr{pointer},i32,ptr{pointer}	55	0.554380
ClamAV	call	direct	0	0	0	0	1	-	i32	ptr{pointer},ptr{pointer},i32	ptr{pointer},ptr{pointer},i32	54	0.544300
ClamAV	call	direct	0	0	0	0	1	-	ptr{pointer}	ptr{pointer},i64	ptr{pointer},i64	54	0.544300
ClamAV	call	direct	0	0	0	0	1	-	void	ptr{pointer},i64,i64	ptr{pointer},i64,i64	45	0.453583
ClamAV	call	direct	0	1	0	0	1	-	void	ptr{pointer},i64{vararg}	ptr{pointer},i64{vararg}	45	0.453583
ClamAV	call	direct	0	1	0	0	1	-	void	ptr{pointer},i32{vararg},i32{vararg}	ptr{pointer},i32{vararg},i32{vararg}	42	0.423344
ClamAV	call	direct	0	0	0	0	1	-	ptr{pointer}	i32	i32	41	0.413265
ClamAV	call	direct	0	0	0	0	1	-	void	ptr{pointer},ptr{pointer},ptr{pointer}	ptr{pointer},ptr{pointer},ptr{pointer}	41	0.413265
ClamAV	call	direct	0	0	0	0	1	-	ptr{pointer}	ptr{pointer},ptr{pointer},i64	ptr{pointer},ptr{pointer},i64	40	0.403185
ClamAV	call	direct	0	1	0	0	1	-	i32	ptr{pointer},i32,i32{vararg}	ptr{pointer},i32,i32{vararg}	36	0.362867
ClamAV	call	direct	0	1	0	0	1	-	void	ptr{pointer},ptr{pointer,vararg},i32{vararg}	ptr{pointer},ptr{pointer,vararg},i32{vararg}	34	0.342707
ClamAV	call	direct	0	0	0	0	1	-	i64	i64,ptr{pointer},i32	i64,ptr{pointer},i32	33	0.332628
ClamAV	call	direct	0	1	0	0	1	-	void	ptr{pointer},ptr{pointer,vararg},ptr{pointer,vararg}	ptr{pointer},ptr{pointer,vararg},ptr{pointer,vararg}	33	0.332628
ClamAV	call	direct	0	0	0	0	1	-	ptr{pointer}	ptr{pointer},ptr{pointer},ptr{pointer},i64,i64	ptr{pointer},ptr{pointer},ptr{pointer},i64,i64	32	0.322548
ClamAV	call	direct	0	1	0	0	1	-	i32	ptr{pointer},ptr{pointer},ptr{pointer,vararg}	ptr{pointer},ptr{pointer},ptr{pointer,vararg}	31	0.312469
ClamAV	call	direct	0	0	0	0	1	-	i64	i32,ptr{pointer},i64	i32,ptr{pointer},i64	29	0.292309
ClamAV	call	direct	0	0	0	0	1	-	i64	ptr{pointer},i64,i64,ptr{pointer}	ptr{pointer},i64,i64,ptr{pointer}	27	0.272150
ClamAV	call	indirect	0	0	0	0	1	-	i32	ptr{pointer},ptr{pointer}	ptr{pointer},ptr{pointer}	26	0.262070
ClamAV	call	direct	0	0	0	0	1	-	i32	i32,i8	i32,i8	25	0.251991
ClamAV	call	direct	0	0	0	0	1	-	ptr{pointer}	ptr{pointer},ptr{pointer},ptr{pointer},i64,i64,i64,i32	ptr{pointer},ptr{pointer},ptr{pointer},i64,i64,i64,i32	24	0.241911
ClamAV	call	direct	0	0	0	0	1	-	void	ptr{pointer},i32,ptr{pointer}	ptr{pointer},i32,ptr{pointer}	24	0.241911
ClamAV	call	direct	0	0	0	0	1	-	void	i32	i32	23	0.231831
ClamAV	call	direct	0	0	0	0	1	-	i32	i32,i32	i32,i32	22	0.221752
ClamAV	call	direct	0	1	0	0	1	-	i32	ptr{pointer},i64,ptr{pointer},ptr{pointer,vararg}	ptr{pointer},i64,ptr{pointer},ptr{pointer,vararg}	22	0.221752
ClamAV	call	direct	0	1	0	0	1	-	void	ptr{pointer},i32{vararg},i64{vararg}	ptr{pointer},i32{vararg},i64{vararg}	22	0.221752
ClamAV	call	direct	0	0	0	0	1	-	i16	i16,i32	i16,i32	21	0.211672
ClamAV	call	direct	0	0	0	0	1	-	i32	-	-	21	0.211672
ClamAV	call	direct	0	0	0	0	1	-	i32	ptr{pointer},ptr{pointer},ptr{pointer}	ptr{pointer},ptr{pointer},ptr{pointer}	21	0.211672
ClamAV	call	direct	0	0	0	0	1	-	i32	ptr{pointer},ptr{pointer},ptr{pointer},ptr{pointer},ptr{pointer}	ptr{pointer},ptr{pointer},ptr{pointer},ptr{pointer},ptr{pointer}	20	0.201593
ClamAV	call	direct	0	0	0	0	1	-	ptr{pointer}	ptr{pointer},ptr{pointer},i32	ptr{pointer},ptr{pointer},i32	20	0.201593
ClamAV	call	direct	0	0	0	0	1	-	void	ptr{pointer},ptr{pointer},i32	ptr{pointer},ptr{pointer},i32	20	0.201593
ClamAV	call	indirect	0	0	0	0	1	-	ptr{pointer}	ptr{pointer},i32,i32	ptr{pointer},i32,i32	19	0.191513
ClamAV	call	indirect	0	0	0	0	1	-	void	ptr{pointer},ptr{pointer}	ptr{pointer},ptr{pointer}	19	0.191513
ClamAV	call	direct	0	0	0	0	1	-	ptr{pointer}	ptr{pointer},i32,i32	ptr{pointer},i32,i32	18	0.181433
ClamAV	call	direct	0	1	0	0	1	-	i32	ptr{pointer},i32	ptr{pointer},i32	18	0.181433
ClamAV	call	direct	0	1	0	0	1	-	i32	ptr{pointer},i32{vararg}	ptr{pointer},i32{vararg}	18	0.181433
ClamAV	call	direct	0	0	0	0	1	-	void	ptr{pointer},ptr{pointer},i64,i32	ptr{pointer},ptr{pointer},i64,i32	17	0.171354
ClamAV	call	direct	0	1	0	0	1	-	i32	ptr{pointer},ptr{pointer},ptr{pointer,vararg},ptr{pointer,vararg}	ptr{pointer},ptr{pointer},ptr{pointer,vararg},ptr{pointer,vararg}	17	0.171354
ClamAV	call	direct	0	0	0	0	1	-	ptr{pointer}	i32,ptr{pointer}	i32,ptr{pointer}	16	0.161274
ClamAV	call	direct	0	1	0	0	1	-	void	ptr{pointer},ptr{pointer,vararg},ptr{pointer,vararg},i32{vararg}	ptr{pointer},ptr{pointer,vararg},ptr{pointer,vararg},i32{vararg}	15	0.151194
ClamAV	call	direct	0	1	0	0	1	-	void	ptr{pointer},i32{vararg},i32{vararg},i32{vararg}	ptr{pointer},i32{vararg},i32{vararg},i32{vararg}	14	0.141115
ClamAV	call	direct	0	0	0	0	1	-	i64	ptr{pointer},ptr{pointer},i64	ptr{pointer},ptr{pointer},i64	13	0.131035
ClamAV	call	direct	0	0	0	0	1	-	i64	ptr{pointer},ptr{pointer}	ptr{pointer},ptr{pointer}	13	0.131035
ClamAV	call	direct	0	1	0	0	1	-	i32	ptr{pointer},ptr{pointer}	ptr{pointer},ptr{pointer}	13	0.131035
ClamAV	call	direct	0	0	0	0	1	-	i16	i16,i8	i16,i8	12	0.120956
ClamAV	call	direct	0	0	0	0	1	-	i32	ptr{pointer},ptr{pointer},ptr{pointer},ptr{pointer},ptr{pointer},i32	ptr{pointer},ptr{pointer},ptr{pointer},ptr{pointer},ptr{pointer},i32	12	0.120956
ClamAV	call	direct	0	0	0	0	1	-	i32	i8,ptr{pointer},ptr{pointer},ptr{pointer},ptr{pointer},ptr{pointer},i32	i8,ptr{pointer},ptr{pointer},ptr{pointer},ptr{pointer},ptr{pointer},i32	11	0.110876
ClamAV	call	direct	0	0	0	0	1	-	i32	ptr{pointer},i32,ptr{pointer},ptr{pointer},i32,i32,i32	ptr{pointer},i32,ptr{pointer},ptr{pointer},i32,i32,i32	11	0.110876
ClamAV	call	direct	0	0	0	0	1	-	i32	ptr{pointer},ptr{pointer},ptr{pointer},i32,i16	ptr{pointer},ptr{pointer},ptr{pointer},i32,i16	11	0.110876
ClamAV	call	direct	0	0	0	0	1	-	i64	i32,ptr{pointer}	i32,ptr{pointer}	11	0.110876
ClamAV	call	direct	0	0	0	0	1	-	i8	ptr{pointer}	ptr{pointer}	11	0.110876
ClamAV	call	direct	0	1	0	0	1	-	i32	ptr{pointer},ptr{pointer},i32{vararg},ptr{pointer,vararg}	ptr{pointer},ptr{pointer},i32{vararg},ptr{pointer,vararg}	11	0.110876
ClamAV	call	direct	0	1	0	0	1	-	void	ptr{pointer},i64{vararg},i64{vararg}	ptr{pointer},i64{vararg},i64{vararg}	11	0.110876
ClamAV	call	direct	0	0	0	0	1	-	i32	ptr{pointer},i32,i8	ptr{pointer},i32,i8	10	0.100796
ClamAV	call	direct	0	0	0	0	1	-	i32	ptr{pointer},i32,ptr{pointer}	ptr{pointer},i32,ptr{pointer}	10	0.100796
ClamAV	call	direct	0	0	0	0	1	-	i32	ptr{pointer},ptr{pointer},i64,ptr{pointer},i32	ptr{pointer},ptr{pointer},i64,ptr{pointer},i32	10	0.100796
ClamAV	call	direct	0	0	0	0	1	-	ptr{pointer}	ptr{pointer},i32,ptr{pointer},i32	ptr{pointer},i32,ptr{pointer},i32	10	0.100796
ClamAV	call	direct	0	0	0	0	1	-	void	i32,ptr{pointer},ptr{pointer},i32,ptr{pointer},i32,ptr{pointer},ptr{pointer}	i32,ptr{pointer},ptr{pointer},i32,ptr{pointer},i32,ptr{pointer},ptr{pointer}	10	0.100796
ClamAV	call	direct	0	0	0	0	1	-	void	ptr{pointer},i64,i64,i64	ptr{pointer},i64,i64,i64	10	0.100796
ClamAV	call	direct	0	0	0	0	1	-	i16	ptr{pointer},i32	ptr{pointer},i32	9	0.090717
ClamAV	call	direct	0	0	0	0	1	-	i32	i32,ptr{pointer},i8,i32,i8,ptr{pointer}	i32,ptr{pointer},i8,i32,i8,ptr{pointer}	9	0.090717
ClamAV	call	direct	0	0	0	0	1	-	i32	i32,ptr{pointer},ptr{pointer},i32	i32,ptr{pointer},ptr{pointer},i32	9	0.090717
ClamAV	call	direct	0	0	0	0	1	-	i32	ptr{pointer},ptr{pointer},i32,i32,i32,i32,i32,i32	ptr{pointer},ptr{pointer},i32,i32,i32,i32,i32,i32	9	0.090717
ClamAV	call	direct	0	0	0	0	1	-	i32	ptr{pointer},ptr{pointer},ptr{pointer},ptr{pointer},i32	ptr{pointer},ptr{pointer},ptr{pointer},ptr{pointer},i32	9	0.090717
ClamAV	call	direct	0	0	0	0	1	-	void	ptr{pointer},i32,i32	ptr{pointer},i32,i32	9	0.090717
ClamAV	call	direct	0	0	0	0	1	-	void	ptr{pointer},i32,ptr{pointer},ptr{pointer}	ptr{pointer},i32,ptr{pointer},ptr{pointer}	9	0.090717
ClamAV	call	direct	0	0	0	0	1	-	void	ptr{pointer},ptr{pointer},i32,i32	ptr{pointer},ptr{pointer},i32,i32	9	0.090717
ClamAV	call	direct	0	1	0	0	1	-	i32	ptr{pointer},i64,ptr{pointer},i32{vararg}	ptr{pointer},i64,ptr{pointer},i32{vararg}	9	0.090717
ClamAV	call	direct	0	1	0	0	1	-	i32	ptr{pointer},i64,ptr{pointer},ptr{pointer,vararg},ptr{pointer,vararg}	ptr{pointer},i64,ptr{pointer},ptr{pointer,vararg},ptr{pointer,vararg}	9	0.090717
ClamAV	call	direct	0	1	0	0	1	-	i32	ptr{pointer},ptr{pointer},i32{vararg}	ptr{pointer},ptr{pointer},i32{vararg}	9	0.090717
ClamAV	call	direct	0	1	0	0	1	-	void	ptr{pointer},i32{vararg},ptr{pointer,vararg}	ptr{pointer},i32{vararg},ptr{pointer,vararg}	9	0.090717
ClamAV	call	indirect	0	0	0	0	1	-	void	ptr{pointer}	ptr{pointer}	9	0.090717
ClamAV	call	direct	0	0	0	0	1	-	i32	ptr{pointer},i32,i32	ptr{pointer},i32,i32	8	0.080637
ClamAV	call	direct	0	0	0	0	1	-	i32	ptr{pointer},i32,ptr{pointer},ptr{pointer},ptr{pointer},i8,i32,i32,i32,ptr{pointer}	ptr{pointer},i32,ptr{pointer},ptr{pointer},ptr{pointer},i8,i32,i32,i32,ptr{pointer}	8	0.080637
ClamAV	call	direct	0	0	0	0	1	-	i64	ptr{pointer},i64,i64,i64,i32,i64	ptr{pointer},i64,i64,i64,i32,i64	8	0.080637
ClamAV	call	direct	0	0	0	0	1	-	ptr{pointer}	ptr{pointer},i32,ptr{pointer},ptr{pointer}	ptr{pointer},i32,ptr{pointer},ptr{pointer}	8	0.080637
ClamAV	call	direct	0	0	0	0	1	-	ptr{pointer}	ptr{pointer},i64,i64,ptr{pointer},i32,ptr{pointer}	ptr{pointer},i64,i64,ptr{pointer},i32,ptr{pointer}	8	0.080637
ClamAV	call	direct	0	0	0	0	1	-	ptr{pointer}	ptr{pointer},i64,ptr{pointer},i64	ptr{pointer},i64,ptr{pointer},i64	8	0.080637
ClamAV	call	direct	0	0	0	0	1	-	void	-	-	8	0.080637
ClamAV	call	direct	0	1	0	0	1	-	i32	ptr{pointer},ptr{pointer,vararg},ptr{pointer,vararg}	ptr{pointer},ptr{pointer,vararg},ptr{pointer,vararg}	8	0.080637
ClamAV	call	indirect	0	0	0	0	1	-	i8	i8	i8	8	0.080637
ClamAV	call	direct	0	0	0	0	1	-	i1	ptr{pointer}	ptr{pointer}	7	0.070557
ClamAV	call	direct	0	0	0	0	1	-	i32	i32,i32,ptr{pointer},ptr{pointer}	i32,i32,ptr{pointer},ptr{pointer}	7	0.070557
ClamAV	call	direct	0	0	0	0	1	-	i32	i32,ptr{pointer},i16,ptr{pointer},i64,i32	i32,ptr{pointer},i16,ptr{pointer},i64,i32	7	0.070557
ClamAV	call	direct	0	0	0	0	1	-	i32	i32,ptr{pointer},i64,i64,ptr{pointer},i64	i32,ptr{pointer},i64,i64,ptr{pointer},i64	7	0.070557
ClamAV	call	direct	0	0	0	0	1	-	i32	i32,ptr{pointer},ptr{pointer},ptr{pointer},ptr{pointer}	i32,ptr{pointer},ptr{pointer},ptr{pointer},ptr{pointer}	7	0.070557
ClamAV	call	direct	0	0	0	0	1	-	i32	ptr{pointer},ptr{pointer},ptr{pointer},ptr{pointer}	ptr{pointer},ptr{pointer},ptr{pointer},ptr{pointer}	7	0.070557
ClamAV	call	direct	0	0	0	0	1	-	i64	ptr{pointer},i64,i64	ptr{pointer},i64,i64	7	0.070557
ClamAV	call	indirect	0	0	0	0	1	-	i32	ptr{pointer},ptr{pointer},i32	ptr{pointer},ptr{pointer},i32	7	0.070557
ClamAV	call	direct	0	0	0	0	1	-	i32	i32,ptr{pointer},i32,ptr{pointer},ptr{pointer},ptr{pointer}	i32,ptr{pointer},i32,ptr{pointer},ptr{pointer},ptr{pointer}	6	0.060478
ClamAV	call	direct	0	0	0	0	1	-	i32	i32,ptr{pointer},i64	i32,ptr{pointer},i64	6	0.060478
ClamAV	call	direct	0	0	0	0	1	-	i32	i32,ptr{pointer},ptr{pointer}	i32,ptr{pointer},ptr{pointer}	6	0.060478
ClamAV	call	direct	0	0	0	0	1	-	i32	ptr{pointer},i64,ptr{pointer},ptr{pointer}	ptr{pointer},i64,ptr{pointer},ptr{pointer}	6	0.060478
ClamAV	call	direct	0	0	0	0	1	-	i32	ptr{pointer},ptr{pointer},i32,i32	ptr{pointer},ptr{pointer},i32,i32	6	0.060478
ClamAV	call	direct	0	0	0	0	1	-	ptr{pointer}	ptr{pointer},i64,i32,i32,i32,i64	ptr{pointer},i64,i32,i32,i32,i64	6	0.060478
ClamAV	call	direct	0	0	0	0	1	-	ptr{pointer}	ptr{pointer},ptr{pointer},ptr{pointer}	ptr{pointer},ptr{pointer},ptr{pointer}	6	0.060478
ClamAV	call	direct	0	0	0	0	1	-	void	ptr{pointer},i64,i32,i32	ptr{pointer},i64,i32,i32	6	0.060478
ClamAV	call	direct	0	1	0	0	1	-	void	ptr{pointer},i32{vararg},i32{vararg},i32{vararg},i32{vararg}	ptr{pointer},i32{vararg},i32{vararg},i32{vararg},i32{vararg}	6	0.060478
ClamAV	call	indirect	0	0	0	0	1	-	i32	ptr{pointer},i32	ptr{pointer},i32	6	0.060478
ClamAV	call	direct	0	0	0	0	1	-	i32	i32,i32,i32	i32,i32,i32	5	0.050398
ClamAV	call	direct	0	0	0	0	1	-	i32	ptr{pointer},i32,i32,ptr{pointer},ptr{pointer},ptr{pointer},ptr{pointer},i32	ptr{pointer},i32,i32,ptr{pointer},ptr{pointer},ptr{pointer},ptr{pointer},i32	5	0.050398
ClamAV	call	direct	0	0	0	0	1	-	i32	ptr{pointer},i32,i32,ptr{pointer},ptr{pointer},ptr{pointer},ptr{pointer},ptr{pointer},ptr{pointer}	ptr{pointer},i32,i32,ptr{pointer},ptr{pointer},ptr{pointer},ptr{pointer},ptr{pointer},ptr{pointer}	5	0.050398
ClamAV	call	direct	0	0	0	0	1	-	i32	ptr{pointer},ptr{pointer},i32,i32,ptr{pointer},ptr{pointer}	ptr{pointer},ptr{pointer},i32,i32,ptr{pointer},ptr{pointer}	5	0.050398
ClamAV	call	direct	0	0	0	0	1	-	i32	ptr{pointer},ptr{pointer},ptr{pointer},i8,i32	ptr{pointer},ptr{pointer},ptr{pointer},i8,i32	5	0.050398
ClamAV	call	direct	0	0	0	0	1	-	i8	i8	i8	5	0.050398
ClamAV	call	direct	0	0	0	0	1	-	i8	ptr{pointer},i32,ptr{pointer}	ptr{pointer},i32,ptr{pointer}	5	0.050398
ClamAV	call	direct	0	0	0	0	1	-	ptr{pointer}	ptr{pointer},i8	ptr{pointer},i8	5	0.050398
ClamAV	call	direct	0	0	0	0	1	-	void	ptr{pointer},i64	ptr{pointer},i64	5	0.050398
ClamAV	call	direct	0	0	0	0	1	-	void	ptr{pointer},ptr{pointer},i64	ptr{pointer},ptr{pointer},i64	5	0.050398
ClamAV	call	direct	0	0	0	0	1	-	void	ptr{pointer},ptr{pointer},i8,i8	ptr{pointer},ptr{pointer},i8,i8	5	0.050398
ClamAV	call	direct	0	1	0	0	1	-	i32	ptr{pointer},i64,ptr{pointer},ptr{pointer,vararg},i32{vararg}	ptr{pointer},i64,ptr{pointer},ptr{pointer,vararg},i32{vararg}	5	0.050398
ClamAV	call	direct	0	0	0	0	1	-	i16	ptr{pointer}	ptr{pointer}	4	0.040319
ClamAV	call	direct	0	0	0	0	1	-	i32	i32,ptr{pointer},i64,ptr{pointer}	i32,ptr{pointer},i64,ptr{pointer}	4	0.040319
ClamAV	call	direct	0	0	0	0	1	-	i32	ptr{pointer},i32,ptr{pointer},i32	ptr{pointer},i32,ptr{pointer},i32	4	0.040319
ClamAV	call	direct	0	0	0	0	1	-	i32	ptr{pointer},i32,ptr{pointer},ptr{pointer},i32	ptr{pointer},i32,ptr{pointer},ptr{pointer},i32	4	0.040319
ClamAV	call	direct	0	0	0	0	1	-	i32	ptr{pointer},i64,i32	ptr{pointer},i64,i32	4	0.040319
ClamAV	call	direct	0	0	0	0	1	-	i32	ptr{pointer},i8,ptr{pointer}	ptr{pointer},i8,ptr{pointer}	4	0.040319
ClamAV	call	direct	0	0	0	0	1	-	i32	ptr{pointer},ptr{pointer},i32,ptr{pointer}	ptr{pointer},ptr{pointer},i32,ptr{pointer}	4	0.040319
ClamAV	call	direct	0	0	0	0	1	-	i32	ptr{pointer},ptr{pointer},ptr{pointer},i16,i32	ptr{pointer},ptr{pointer},ptr{pointer},i16,i32	4	0.040319
ClamAV	call	direct	0	0	0	0	1	-	i32	ptr{pointer},ptr{pointer},ptr{pointer},ptr{pointer},ptr{pointer},i32,i32	ptr{pointer},ptr{pointer},ptr{pointer},ptr{pointer},ptr{pointer},i32,i32	4	0.040319
ClamAV	call	direct	0	0	0	0	1	-	i64	i64,i64,i64	i64,i64,i64	4	0.040319
ClamAV	call	direct	0	0	0	0	1	-	i64	i64,ptr{pointer},i64	i64,ptr{pointer},i64	4	0.040319
ClamAV	call	direct	0	0	0	0	1	-	i8	ptr{pointer},ptr{pointer},i8	ptr{pointer},ptr{pointer},i8	4	0.040319
ClamAV	call	direct	0	0	0	0	1	-	ptr{pointer}	ptr{pointer},i32,i64	ptr{pointer},i32,i64	4	0.040319
ClamAV	call	direct	0	0	0	0	1	-	ptr{pointer}	ptr{pointer},ptr{pointer},ptr{pointer},ptr{pointer},i1	ptr{pointer},ptr{pointer},ptr{pointer},ptr{pointer},i1	4	0.040319
ClamAV	call	direct	0	0	0	0	1	-	void	ptr{pointer},ptr{pointer},ptr{pointer},i64	ptr{pointer},ptr{pointer},ptr{pointer},i64	4	0.040319
ClamAV	call	direct	0	1	0	0	1	-	void	ptr{pointer},i32{vararg},i32{vararg},i64{vararg}	ptr{pointer},i32{vararg},i32{vararg},i64{vararg}	4	0.040319
ClamAV	call	direct	0	1	0	0	1	-	void	ptr{pointer},i64{vararg},i32{vararg}	ptr{pointer},i64{vararg},i32{vararg}	4	0.040319
ClamAV	call	direct	0	1	0	0	1	-	void	ptr{pointer},ptr{pointer,vararg},i64{vararg}	ptr{pointer},ptr{pointer,vararg},i64{vararg}	4	0.040319
ClamAV	call	direct	0	1	0	0	1	-	void	ptr{pointer},ptr{pointer,vararg},ptr{pointer,vararg},ptr{pointer,vararg},i32{vararg}	ptr{pointer},ptr{pointer,vararg},ptr{pointer,vararg},ptr{pointer,vararg},i32{vararg}	4	0.040319
ClamAV	call	indirect	0	0	0	0	1	-	void	ptr{pointer},ptr{pointer},ptr{pointer}	ptr{pointer},ptr{pointer},ptr{pointer}	4	0.040319
ClamAV	call	direct	0	0	0	0	1	-	double	ptr{pointer}	ptr{pointer}	3	0.030239
ClamAV	call	direct	0	0	0	0	1	-	i1	ptr{pointer},ptr{pointer}	ptr{pointer},ptr{pointer}	3	0.030239
ClamAV	call	direct	0	0	0	0	1	-	i32	ptr{pointer},i16	ptr{pointer},i16	3	0.030239
ClamAV	call	direct	0	0	0	0	1	-	i32	ptr{pointer},i32,ptr{pointer},ptr{pointer},i32,i32,i32,ptr{pointer},i32	ptr{pointer},i32,ptr{pointer},ptr{pointer},i32,i32,i32,ptr{pointer},i32	3	0.030239
ClamAV	call	direct	0	0	0	0	1	-	i32	ptr{pointer},i8,i8	ptr{pointer},i8,i8	3	0.030239
ClamAV	call	direct	0	0	0	0	1	-	i32	ptr{pointer},ptr{pointer},ptr{pointer},i16,ptr{pointer},i16	ptr{pointer},ptr{pointer},ptr{pointer},i16,ptr{pointer},i16	3	0.030239
ClamAV	call	direct	0	0	0	0	1	-	i32	ptr{pointer},ptr{pointer},ptr{pointer},i32,i16,i16,i16,i32,i32,ptr{pointer},i8	ptr{pointer},ptr{pointer},ptr{pointer},i32,i16,i16,i16,i32,i32,ptr{pointer},i8	3	0.030239
ClamAV	call	direct	0	0	0	0	1	-	i64	i32,ptr{pointer},i64,i32	i32,ptr{pointer},i64,i32	3	0.030239
ClamAV	call	direct	0	0	0	0	1	-	i64	i64	i64	3	0.030239
ClamAV	call	direct	0	0	0	0	1	-	i64	ptr{pointer},i64	ptr{pointer},i64	3	0.030239
ClamAV	call	direct	0	0	0	0	1	-	ptr{pointer}	i32,i32,i32,i32,i32,i64,ptr{pointer},ptr{pointer}	i32,i32,i32,i32,i32,i64,ptr{pointer},ptr{pointer}	3	0.030239
ClamAV	call	direct	0	0	0	0	1	-	ptr{pointer}	i32,i32,i32,i32,ptr{pointer},ptr{pointer}	i32,i32,i32,i32,ptr{pointer},ptr{pointer}	3	0.030239
ClamAV	call	direct	0	0	0	0	1	-	ptr{pointer}	ptr{pointer},i32,ptr{pointer},ptr{pointer},i64	ptr{pointer},i32,ptr{pointer},ptr{pointer},i64	3	0.030239
ClamAV	call	direct	0	0	0	0	1	-	ptr{pointer}	ptr{pointer},ptr{pointer},ptr{pointer},i32	ptr{pointer},ptr{pointer},ptr{pointer},i32	3	0.030239
ClamAV	call	direct	0	0	0	0	1	-	ptr{pointer}	ptr{pointer},ptr{pointer},ptr{pointer},i64	ptr{pointer},ptr{pointer},ptr{pointer},i64	3	0.030239
ClamAV	call	direct	0	0	0	0	1	-	void	ptr{pointer},i32,i16	ptr{pointer},i32,i16	3	0.030239
ClamAV	call	direct	0	0	0	0	1	-	void	ptr{pointer},i32,i32,i32	ptr{pointer},i32,i32,i32	3	0.030239
ClamAV	call	direct	0	0	0	0	1	-	void	ptr{pointer},ptr{pointer},ptr{pointer},i32	ptr{pointer},ptr{pointer},ptr{pointer},i32	3	0.030239
ClamAV	call	direct	0	1	0	0	1	-	i32	ptr{pointer},i32{vararg},ptr{pointer,vararg}	ptr{pointer},i32{vararg},ptr{pointer,vararg}	3	0.030239
ClamAV	call	direct	0	1	0	0	1	-	i32	ptr{pointer},i64,ptr{pointer},i64{vararg}	ptr{pointer},i64,ptr{pointer},i64{vararg}	3	0.030239
ClamAV	call	direct	0	1	0	0	1	-	void	ptr{pointer},i32{vararg},i32{vararg},i32{vararg},i32{vararg},i32{vararg}	ptr{pointer},i32{vararg},i32{vararg},i32{vararg},i32{vararg},i32{vararg}	3	0.030239
ClamAV	call	direct	0	1	0	0	1	-	void	ptr{pointer},ptr{pointer,vararg},i32{vararg},ptr{pointer,vararg},ptr{pointer,vararg}	ptr{pointer},ptr{pointer,vararg},i32{vararg},ptr{pointer,vararg},ptr{pointer,vararg}	3	0.030239
ClamAV	call	indirect	0	0	0	0	1	-	i32	ptr{pointer},i32,ptr{pointer},ptr{pointer},i32,i32,i32	ptr{pointer},i32,ptr{pointer},ptr{pointer},i32,i32,i32	3	0.030239
ClamAV	call	indirect	0	0	0	0	1	-	ptr{pointer}	ptr{pointer},ptr{pointer},i32	ptr{pointer},ptr{pointer},i32	3	0.030239
ClamAV	call	indirect	0	0	0	0	1	-	void	ptr{pointer},ptr{pointer},i64	ptr{pointer},ptr{pointer},i64	3	0.030239
ClamAV	call	direct	0	0	0	0	1	-	i16	i16	i16	2	0.020159
ClamAV	call	direct	0	0	0	0	1	-	i1	i32,ptr{pointer}	i32,ptr{pointer}	2	0.020159
ClamAV	call	direct	0	0	0	0	1	-	i32	i32,ptr{pointer},i16,i8,ptr{pointer}	i32,ptr{pointer},i16,i8,ptr{pointer}	2	0.020159
ClamAV	call	direct	0	0	0	0	1	-	i32	i32,ptr{pointer},i32,i32,i16,i8,ptr{pointer},ptr{pointer},ptr{pointer}	i32,ptr{pointer},i32,i32,i16,i8,ptr{pointer},ptr{pointer},ptr{pointer}	2	0.020159
ClamAV	call	direct	0	0	0	0	1	-	i32	i32,ptr{pointer},i32,i8	i32,ptr{pointer},i32,i8	2	0.020159
ClamAV	call	direct	0	0	0	0	1	-	i32	i32,ptr{pointer},i64,ptr{pointer},i32,ptr{pointer}	i32,ptr{pointer},i64,ptr{pointer},i32,ptr{pointer}	2	0.020159
ClamAV	call	direct	0	0	0	0	1	-	i32	i32,ptr{pointer},ptr{pointer},i64	i32,ptr{pointer},ptr{pointer},i64	2	0.020159
ClamAV	call	direct	0	0	0	0	1	-	i32	i32,ptr{pointer},ptr{pointer},ptr{pointer},ptr{pointer},i32	i32,ptr{pointer},ptr{pointer},ptr{pointer},ptr{pointer},i32	2	0.020159
ClamAV	call	direct	0	0	0	0	1	-	i32	i32,ptr{pointer},ptr{pointer},ptr{pointer},ptr{pointer},ptr{pointer},i32	i32,ptr{pointer},ptr{pointer},ptr{pointer},ptr{pointer},ptr{pointer},i32	2	0.020159
ClamAV	call	direct	0	0	0	0	1	-	i32	ptr{pointer},i32,i32,i32,i32,i32,ptr{pointer},i32	ptr{pointer},i32,i32,i32,i32,i32,ptr{pointer},i32	2	0.020159
ClamAV	call	direct	0	0	0	0	1	-	i32	ptr{pointer},i32,i32,ptr{pointer},i32,ptr{pointer},ptr{pointer},i32,ptr{pointer}	ptr{pointer},i32,i32,ptr{pointer},i32,ptr{pointer},ptr{pointer},i32,ptr{pointer}	2	0.020159
ClamAV	call	direct	0	0	0	0	1	-	i32	ptr{pointer},i32,i64	ptr{pointer},i32,i64	2	0.020159
ClamAV	call	direct	0	0	0	0	1	-	i32	ptr{pointer},i32,ptr{pointer},i32,ptr{pointer},i32	ptr{pointer},i32,ptr{pointer},i32,ptr{pointer},i32	2	0.020159
ClamAV	call	direct	0	0	0	0	1	-	i32	ptr{pointer},i32,ptr{pointer},ptr{pointer},ptr{pointer},ptr{pointer},i32	ptr{pointer},i32,ptr{pointer},ptr{pointer},ptr{pointer},ptr{pointer},i32	2	0.020159
ClamAV	call	direct	0	0	0	0	1	-	i32	ptr{pointer},i64,i32,ptr{pointer}	ptr{pointer},i64,i32,ptr{pointer}	2	0.020159
ClamAV	call	direct	0	0	0	0	1	-	i32	ptr{pointer},i64,i64,i32,ptr{pointer}	ptr{pointer},i64,i64,i32,ptr{pointer}	2	0.020159
ClamAV	call	direct	0	0	0	0	1	-	i32	ptr{pointer},ptr{pointer},i32,i32,ptr{pointer},i32,i32,i32,i32	ptr{pointer},ptr{pointer},i32,i32,ptr{pointer},i32,i32,i32,i32	2	0.020159
ClamAV	call	direct	0	0	0	0	1	-	i32	ptr{pointer},ptr{pointer},i64,i64	ptr{pointer},ptr{pointer},i64,i64	2	0.020159
ClamAV	call	direct	0	0	0	0	1	-	i32	ptr{pointer},ptr{pointer},i8,ptr{pointer},ptr{pointer}	ptr{pointer},ptr{pointer},i8,ptr{pointer},ptr{pointer}	2	0.020159
ClamAV	call	direct	0	0	0	0	1	-	i32	ptr{pointer},ptr{pointer},ptr{pointer},i32,i32	ptr{pointer},ptr{pointer},ptr{pointer},i32,i32	2	0.020159
ClamAV	call	direct	0	0	0	0	1	-	i32	ptr{pointer},ptr{pointer},ptr{pointer},i32,ptr{pointer}	ptr{pointer},ptr{pointer},ptr{pointer},i32,ptr{pointer}	2	0.020159
ClamAV	call	direct	0	0	0	0	1	-	i32	ptr{pointer},ptr{pointer},ptr{pointer},i64	ptr{pointer},ptr{pointer},ptr{pointer},i64	2	0.020159
ClamAV	call	direct	0	0	0	0	1	-	i32	ptr{pointer},ptr{pointer},ptr{pointer},ptr{pointer},i32,ptr{pointer},i32	ptr{pointer},ptr{pointer},ptr{pointer},ptr{pointer},i32,ptr{pointer},i32	2	0.020159
ClamAV	call	direct	0	0	0	0	1	-	i32	ptr{pointer},ptr{pointer},ptr{pointer},ptr{pointer},i32,ptr{pointer}	ptr{pointer},ptr{pointer},ptr{pointer},ptr{pointer},i32,ptr{pointer}	2	0.020159
ClamAV	call	direct	0	0	0	0	1	-	i64	i32,ptr{pointer},ptr{pointer},i64	i32,ptr{pointer},ptr{pointer},i64	2	0.020159
ClamAV	call	direct	0	0	0	0	1	-	i8	i32	i32	2	0.020159
ClamAV	call	direct	0	0	0	0	1	-	i8	i8,i8,ptr{pointer},ptr{pointer}	i8,i8,ptr{pointer},ptr{pointer}	2	0.020159
ClamAV	call	direct	0	0	0	0	1	-	i8	ptr{pointer},i32	ptr{pointer},i32	2	0.020159
ClamAV	call	direct	0	0	0	0	1	-	ptr{pointer}	i32,ptr{pointer},ptr{pointer},ptr{pointer},i64	i32,ptr{pointer},ptr{pointer},ptr{pointer},i64	2	0.020159
ClamAV	call	direct	0	0	0	0	1	-	ptr{pointer}	ptr{pointer},i32,ptr{pointer},ptr{pointer},ptr{pointer}	ptr{pointer},i32,ptr{pointer},ptr{pointer},ptr{pointer}	2	0.020159
ClamAV	call	direct	0	0	0	0	1	-	ptr{pointer}	ptr{pointer},i64,ptr{pointer}	ptr{pointer},i64,ptr{pointer}	2	0.020159
ClamAV	call	direct	0	0	0	0	1	-	ptr{pointer}	ptr{pointer},i8,i64	ptr{pointer},i8,i64	2	0.020159
ClamAV	call	direct	0	0	0	0	1	-	ptr{pointer}	ptr{pointer},ptr{pointer},i32,ptr{pointer},ptr{pointer},ptr{pointer},ptr{pointer},i32	ptr{pointer},ptr{pointer},i32,ptr{pointer},ptr{pointer},ptr{pointer},ptr{pointer},i32	2	0.020159
ClamAV	call	direct	0	0	0	0	1	-	ptr{pointer}	ptr{pointer},ptr{pointer},ptr{pointer},ptr{pointer},ptr{pointer},ptr{pointer},ptr{pointer},ptr{pointer},i32	ptr{pointer},ptr{pointer},ptr{pointer},ptr{pointer},ptr{pointer},ptr{pointer},ptr{pointer},ptr{pointer},i32	2	0.020159
ClamAV	call	direct	0	0	0	0	1	-	void	ptr{pointer},i16	ptr{pointer},i16	2	0.020159
ClamAV	call	direct	0	0	0	0	1	-	void	ptr{pointer},i64,i64,ptr{pointer}	ptr{pointer},i64,i64,ptr{pointer}	2	0.020159
ClamAV	call	direct	0	1	0	0	1	-	i32	i32,i32,i64{vararg}	i32,i32,i64{vararg}	2	0.020159
ClamAV	call	direct	0	1	0	0	1	-	i32	ptr{pointer},i64,ptr{pointer}	ptr{pointer},i64,ptr{pointer}	2	0.020159
ClamAV	call	direct	0	1	0	0	1	-	i32	ptr{pointer},ptr{pointer,vararg},ptr{pointer,vararg},ptr{pointer,vararg},ptr{pointer,vararg}	ptr{pointer},ptr{pointer,vararg},ptr{pointer,vararg},ptr{pointer,vararg},ptr{pointer,vararg}	2	0.020159
ClamAV	call	direct	0	1	0	0	1	-	i32	ptr{pointer},ptr{pointer},ptr{pointer,vararg},ptr{pointer,vararg},ptr{pointer,vararg}	ptr{pointer},ptr{pointer},ptr{pointer,vararg},ptr{pointer,vararg},ptr{pointer,vararg}	2	0.020159
ClamAV	call	direct	0	1	0	0	1	-	void	ptr{pointer},i32{vararg},i32{vararg},ptr{pointer,vararg}	ptr{pointer},i32{vararg},i32{vararg},ptr{pointer,vararg}	2	0.020159
ClamAV	call	direct	0	1	0	0	1	-	void	ptr{pointer},i64{vararg},i64{vararg},i64{vararg},ptr{pointer,vararg}	ptr{pointer},i64{vararg},i64{vararg},i64{vararg},ptr{pointer,vararg}	2	0.020159
ClamAV	call	direct	0	1	0	0	1	-	void	ptr{pointer},ptr{pointer,vararg},i32{vararg},i32{vararg}	ptr{pointer},ptr{pointer,vararg},i32{vararg},i32{vararg}	2	0.020159
ClamAV	call	direct	0	1	0	0	1	-	void	ptr{pointer},ptr{pointer,vararg},i32{vararg},i64{vararg}	ptr{pointer},ptr{pointer,vararg},i32{vararg},i64{vararg}	2	0.020159
ClamAV	call	direct	0	1	0	0	1	-	void	ptr{pointer},ptr{pointer,vararg},i64{vararg},i64{vararg}	ptr{pointer},ptr{pointer,vararg},i64{vararg},i64{vararg}	2	0.020159
ClamAV	call	indirect	0	0	0	0	1	-	ptr{pointer}	-	-	2	0.020159
ClamAV	call	direct	0	0	0	0	1	-	i32	i32,i32,i32,ptr{pointer},ptr{pointer}	i32,i32,i32,ptr{pointer},ptr{pointer}	1	0.010080
ClamAV	call	direct	0	0	0	0	1	-	i32	i32,i64,i32,ptr{pointer},i64,ptr{pointer},ptr{pointer}	i32,i64,i32,ptr{pointer},i64,ptr{pointer},ptr{pointer}	1	0.010080
ClamAV	call	direct	0	0	0	0	1	-	i32	i32,i64,ptr{pointer},ptr{pointer}	i32,i64,ptr{pointer},ptr{pointer}	1	0.010080
ClamAV	call	direct	0	0	0	0	1	-	i32	i32,i64,ptr{pointer}	i32,i64,ptr{pointer}	1	0.010080
ClamAV	call	direct	0	0	0	0	1	-	i32	i32,ptr{pointer},i16	i32,ptr{pointer},i16	1	0.010080
ClamAV	call	direct	0	0	0	0	1	-	i32	i32,ptr{pointer},i32,i32,i32,i32,i32,i32,ptr{pointer},ptr{pointer},i32	i32,ptr{pointer},i32,i32,i32,i32,i32,i32,ptr{pointer},ptr{pointer},i32	1	0.010080
ClamAV	call	direct	0	0	0	0	1	-	i32	i32,ptr{pointer},i32,ptr{pointer},i32,i32,i32,i32,i32	i32,ptr{pointer},i32,ptr{pointer},i32,i32,i32,i32,i32	1	0.010080
ClamAV	call	direct	0	0	0	0	1	-	i32	i32,ptr{pointer},i64,ptr{pointer},i64	i32,ptr{pointer},i64,ptr{pointer},i64	1	0.010080
ClamAV	call	direct	0	0	0	0	1	-	i32	i32,ptr{pointer},ptr{pointer},ptr{pointer},ptr{pointer},ptr{pointer},i64	i32,ptr{pointer},ptr{pointer},ptr{pointer},ptr{pointer},ptr{pointer},i64	1	0.010080
ClamAV	call	direct	0	0	0	0	1	-	i32	i32,ptr{pointer},ptr{pointer},ptr{pointer}	i32,ptr{pointer},ptr{pointer},ptr{pointer}	1	0.010080
ClamAV	call	direct	0	0	0	0	1	-	i32	i8,ptr{pointer},ptr{pointer},ptr{pointer},ptr{pointer},i32	i8,ptr{pointer},ptr{pointer},ptr{pointer},ptr{pointer},i32	1	0.010080
ClamAV	call	direct	0	0	0	0	1	-	i32	ptr{pointer},i16,i16,i32,i64	ptr{pointer},i16,i16,i32,i64	1	0.010080
ClamAV	call	direct	0	0	0	0	1	-	i32	ptr{pointer},i16,i16,i32,ptr{pointer},ptr{pointer},i64	ptr{pointer},i16,i16,i32,ptr{pointer},ptr{pointer},i64	1	0.010080
ClamAV	call	direct	0	0	0	0	1	-	i32	ptr{pointer},i32,i16,ptr{pointer},ptr{pointer}	ptr{pointer},i32,i16,ptr{pointer},ptr{pointer}	1	0.010080
ClamAV	call	direct	0	0	0	0	1	-	i32	ptr{pointer},i32,i32,i32,i32,i32,ptr{pointer},i32,i16	ptr{pointer},i32,i32,i32,i32,i32,ptr{pointer},i32,i16	1	0.010080
ClamAV	call	direct	0	0	0	0	1	-	i32	ptr{pointer},i32,i32,i32,i32,ptr{pointer},i32,ptr{pointer},i32	ptr{pointer},i32,i32,i32,i32,ptr{pointer},i32,ptr{pointer},i32	1	0.010080
ClamAV	call	direct	0	0	0	0	1	-	i32	ptr{pointer},i32,i32,ptr{pointer},i32,i32,i32,i32,i32,i32,i32	ptr{pointer},i32,i32,ptr{pointer},i32,i32,i32,i32,i32,i32,i32	1	0.010080
ClamAV	call	direct	0	0	0	0	1	-	i32	ptr{pointer},i32,i32,ptr{pointer},ptr{pointer}	ptr{pointer},i32,i32,ptr{pointer},ptr{pointer}	1	0.010080
ClamAV	call	direct	0	0	0	0	1	-	i32	ptr{pointer},i32,i32,ptr{pointer}	ptr{pointer},i32,i32,ptr{pointer}	1	0.010080
ClamAV	call	direct	0	0	0	0	1	-	i32	ptr{pointer},i32,ptr{pointer},i16,i32,i32,i32	ptr{pointer},i32,ptr{pointer},i16,i32,i32,i32	1	0.010080
ClamAV	call	direct	0	0	0	0	1	-	i32	ptr{pointer},i32,ptr{pointer},i32,i32,i32,ptr{pointer}	ptr{pointer},i32,ptr{pointer},i32,i32,i32,ptr{pointer}	1	0.010080
ClamAV	call	direct	0	0	0	0	1	-	i32	ptr{pointer},i32,ptr{pointer},i32,i32,i32	ptr{pointer},i32,ptr{pointer},i32,i32,i32	1	0.010080
ClamAV	call	direct	0	0	0	0	1	-	i32	ptr{pointer},i32,ptr{pointer},ptr{pointer}	ptr{pointer},i32,ptr{pointer},ptr{pointer}	1	0.010080
ClamAV	call	direct	0	0	0	0	1	-	i32	ptr{pointer},i64,ptr{pointer},ptr{pointer},ptr{pointer}	ptr{pointer},i64,ptr{pointer},ptr{pointer},ptr{pointer}	1	0.010080
ClamAV	call	direct	0	0	0	0	1	-	i32	ptr{pointer},i64,ptr{pointer}	ptr{pointer},i64,ptr{pointer}	1	0.010080
ClamAV	call	direct	0	0	0	0	1	-	i32	ptr{pointer},ptr{pointer},i32,i32,i32	ptr{pointer},ptr{pointer},i32,i32,i32	1	0.010080
ClamAV	call	direct	0	0	0	0	1	-	i32	ptr{pointer},ptr{pointer},i32,ptr{pointer},ptr{pointer},ptr{pointer}	ptr{pointer},ptr{pointer},i32,ptr{pointer},ptr{pointer},ptr{pointer}	1	0.010080
ClamAV	call	direct	0	0	0	0	1	-	i32	ptr{pointer},ptr{pointer},i64,ptr{pointer}	ptr{pointer},ptr{pointer},i64,ptr{pointer}	1	0.010080
ClamAV	call	direct	0	0	0	0	1	-	i32	ptr{pointer},ptr{pointer},ptr{pointer},i32,i32,i32,i32	ptr{pointer},ptr{pointer},ptr{pointer},i32,i32,i32,i32	1	0.010080
ClamAV	call	direct	0	0	0	0	1	-	i32	ptr{pointer},ptr{pointer},ptr{pointer},i64,i32	ptr{pointer},ptr{pointer},ptr{pointer},i64,i32	1	0.010080
ClamAV	call	direct	0	0	0	0	1	-	i64	-	-	1	0.010080
ClamAV	call	direct	0	0	0	0	1	-	i64	i32,i32,i64	i32,i32,i64	1	0.010080
ClamAV	call	direct	0	0	0	0	1	-	i64	ptr{pointer},i32	ptr{pointer},i32	1	0.010080
ClamAV	call	direct	0	0	0	0	1	-	i64	ptr{pointer},i64,i32	ptr{pointer},i64,i32	1	0.010080
ClamAV	call	direct	0	0	0	0	1	-	i64	ptr{pointer},ptr{pointer},i32,i32,ptr{pointer},ptr{pointer}	ptr{pointer},ptr{pointer},i32,i32,ptr{pointer},ptr{pointer}	1	0.010080
ClamAV	call	direct	0	0	0	0	1	-	i64	ptr{pointer},ptr{pointer},i32,ptr{pointer}	ptr{pointer},ptr{pointer},i32,ptr{pointer}	1	0.010080
ClamAV	call	direct	0	0	0	0	1	-	ptr{pointer}	i32,i32,i32,i8	i32,i32,i32,i8	1	0.010080
ClamAV	call	direct	0	0	0	0	1	-	ptr{pointer}	i32,i32,ptr{pointer}	i32,i32,ptr{pointer}	1	0.010080
ClamAV	call	direct	0	0	0	0	1	-	ptr{pointer}	i32,i64,ptr{pointer}	i32,i64,ptr{pointer}	1	0.010080
ClamAV	call	direct	0	0	0	0	1	-	ptr{pointer}	i32,ptr{pointer},ptr{pointer},ptr{pointer},ptr{pointer}	i32,ptr{pointer},ptr{pointer},ptr{pointer},ptr{pointer}	1	0.010080
ClamAV	call	direct	0	0	0	0	1	-	ptr{pointer}	i32,ptr{pointer},ptr{pointer}	i32,ptr{pointer},ptr{pointer}	1	0.010080
ClamAV	call	direct	0	0	0	0	1	-	ptr{pointer}	ptr{pointer},i8,i32	ptr{pointer},i8,i32	1	0.010080
ClamAV	call	direct	0	0	0	0	1	-	ptr{pointer}	ptr{pointer},i8,ptr{pointer}	ptr{pointer},i8,ptr{pointer}	1	0.010080
ClamAV	call	direct	0	0	0	0	1	-	ptr{pointer}	ptr{pointer},ptr{pointer},ptr{pointer},ptr{pointer}	ptr{pointer},ptr{pointer},ptr{pointer},ptr{pointer}	1	0.010080
ClamAV	call	direct	0	0	0	0	1	-	void	i64,ptr{pointer}	i64,ptr{pointer}	1	0.010080
ClamAV	call	direct	0	0	0	0	1	-	void	i8,i8	i8,i8	1	0.010080
ClamAV	call	direct	0	0	0	0	1	-	void	ptr{pointer},i8,i64,ptr{pointer}	ptr{pointer},i8,i64,ptr{pointer}	1	0.010080
ClamAV	call	direct	0	0	0	0	1	-	void	ptr{pointer},ptr{pointer},ptr{pointer},ptr{pointer},i32,i32,i32	ptr{pointer},ptr{pointer},ptr{pointer},ptr{pointer},i32,i32,i32	1	0.010080
ClamAV	call	direct	0	0	0	0	1	-	void	ptr{pointer},ptr{pointer},ptr{pointer},ptr{pointer}	ptr{pointer},ptr{pointer},ptr{pointer},ptr{pointer}	1	0.010080
ClamAV	call	direct	0	1	0	0	1	-	i32	i32,i32,i32{vararg}	i32,i32,i32{vararg}	1	0.010080
ClamAV	call	direct	0	1	0	0	1	-	i32	i32,i32,ptr{pointer,vararg}	i32,i32,ptr{pointer,vararg}	1	0.010080
ClamAV	call	direct	0	1	0	0	1	-	i32	ptr{pointer},double{vararg}	ptr{pointer},double{vararg}	1	0.010080
ClamAV	call	direct	0	1	0	0	1	-	i32	ptr{pointer},i32{vararg},i32{vararg}	ptr{pointer},i32{vararg},i32{vararg}	1	0.010080
ClamAV	call	direct	0	1	0	0	1	-	i32	ptr{pointer},i32{vararg},i64{vararg}	ptr{pointer},i32{vararg},i64{vararg}	1	0.010080
ClamAV	call	direct	0	1	0	0	1	-	i32	ptr{pointer},i64,ptr{pointer},double{vararg}	ptr{pointer},i64,ptr{pointer},double{vararg}	1	0.010080
ClamAV	call	direct	0	1	0	0	1	-	i32	ptr{pointer},i64,ptr{pointer},ptr{pointer,vararg},i32{vararg},i64{vararg}	ptr{pointer},i64,ptr{pointer},ptr{pointer,vararg},i32{vararg},i64{vararg}	1	0.010080
ClamAV	call	direct	0	1	0	0	1	-	i32	ptr{pointer},i64,ptr{pointer},ptr{pointer,vararg},i32{vararg},ptr{pointer,vararg}	ptr{pointer},i64,ptr{pointer},ptr{pointer,vararg},i32{vararg},ptr{pointer,vararg}	1	0.010080
ClamAV	call	direct	0	1	0	0	1	-	i32	ptr{pointer},i64,ptr{pointer},ptr{pointer,vararg},i64{vararg}	ptr{pointer},i64,ptr{pointer},ptr{pointer,vararg},i64{vararg}	1	0.010080
ClamAV	call	direct	0	1	0	0	1	-	i32	ptr{pointer},i64,ptr{pointer},ptr{pointer,vararg},ptr{pointer,vararg},ptr{pointer,vararg}	ptr{pointer},i64,ptr{pointer},ptr{pointer,vararg},ptr{pointer,vararg},ptr{pointer,vararg}	1	0.010080
ClamAV	call	direct	0	1	0	0	1	-	i32	ptr{pointer},ptr{pointer,vararg},i32{vararg}	ptr{pointer},ptr{pointer,vararg},i32{vararg}	1	0.010080
ClamAV	call	direct	0	1	0	0	1	-	i32	ptr{pointer},ptr{pointer,vararg},i64{vararg},i64{vararg},i64{vararg}	ptr{pointer},ptr{pointer,vararg},i64{vararg},i64{vararg},i64{vararg}	1	0.010080
ClamAV	call	direct	0	1	0	0	1	-	i32	ptr{pointer},ptr{pointer,vararg},i64{vararg}	ptr{pointer},ptr{pointer,vararg},i64{vararg}	1	0.010080
ClamAV	call	direct	0	1	0	0	1	-	i32	ptr{pointer},ptr{pointer,vararg},ptr{pointer,vararg},ptr{pointer,vararg}	ptr{pointer},ptr{pointer,vararg},ptr{pointer,vararg},ptr{pointer,vararg}	1	0.010080
ClamAV	call	direct	0	1	0	0	1	-	i32	ptr{pointer},ptr{pointer},i32{vararg},i32{vararg}	ptr{pointer},ptr{pointer},i32{vararg},i32{vararg}	1	0.010080
ClamAV	call	direct	0	1	0	0	1	-	i32	ptr{pointer},ptr{pointer},i32{vararg},ptr{pointer,vararg},i32{vararg}	ptr{pointer},ptr{pointer},i32{vararg},ptr{pointer,vararg},i32{vararg}	1	0.010080
ClamAV	call	direct	0	1	0	0	1	-	i32	ptr{pointer},ptr{pointer},i64{vararg},ptr{pointer,vararg}	ptr{pointer},ptr{pointer},i64{vararg},ptr{pointer,vararg}	1	0.010080
ClamAV	call	direct	0	1	0	0	1	-	i32	ptr{pointer},ptr{pointer},ptr{pointer,vararg},i32{vararg},ptr{pointer,vararg}	ptr{pointer},ptr{pointer},ptr{pointer,vararg},i32{vararg},ptr{pointer,vararg}	1	0.010080
ClamAV	call	direct	0	1	0	0	1	-	i32	ptr{pointer},ptr{pointer},ptr{pointer,vararg},ptr{pointer,vararg},ptr{pointer,vararg},ptr{pointer,vararg},ptr{pointer,vararg}	ptr{pointer},ptr{pointer},ptr{pointer,vararg},ptr{pointer,vararg},ptr{pointer,vararg},ptr{pointer,vararg},ptr{pointer,vararg}	1	0.010080
ClamAV	call	direct	0	1	0	0	1	-	void	ptr{pointer},i32{vararg},ptr{pointer,vararg},ptr{pointer,vararg}	ptr{pointer},i32{vararg},ptr{pointer,vararg},ptr{pointer,vararg}	1	0.010080
ClamAV	call	direct	0	1	0	0	1	-	void	ptr{pointer},i64{vararg},i64{vararg},i32{vararg},i32{vararg}	ptr{pointer},i64{vararg},i64{vararg},i32{vararg},i32{vararg}	1	0.010080
ClamAV	call	direct	0	1	0	0	1	-	void	ptr{pointer},i64{vararg},i64{vararg},i64{vararg},i32{vararg}	ptr{pointer},i64{vararg},i64{vararg},i64{vararg},i32{vararg}	1	0.010080
ClamAV	call	direct	0	1	0	0	1	-	void	ptr{pointer},i64{vararg},i64{vararg},i64{vararg},ptr{pointer,vararg},ptr{pointer,vararg}	ptr{pointer},i64{vararg},i64{vararg},i64{vararg},ptr{pointer,vararg},ptr{pointer,vararg}	1	0.010080
ClamAV	call	direct	0	1	0	0	1	-	void	ptr{pointer},i64{vararg},i64{vararg},i64{vararg}	ptr{pointer},i64{vararg},i64{vararg},i64{vararg}	1	0.010080
ClamAV	call	direct	0	1	0	0	1	-	void	ptr{pointer},i64{vararg},i64{vararg},ptr{pointer,vararg}	ptr{pointer},i64{vararg},i64{vararg},ptr{pointer,vararg}	1	0.010080
ClamAV	call	direct	0	1	0	0	1	-	void	ptr{pointer},i64{vararg},ptr{pointer,vararg},ptr{pointer,vararg}	ptr{pointer},i64{vararg},ptr{pointer,vararg},ptr{pointer,vararg}	1	0.010080
ClamAV	call	direct	0	1	0	0	1	-	void	ptr{pointer},i64{vararg},ptr{pointer,vararg}	ptr{pointer},i64{vararg},ptr{pointer,vararg}	1	0.010080
ClamAV	call	direct	0	1	0	0	1	-	void	ptr{pointer},ptr{pointer,vararg},i32{vararg},i32{vararg},i32{vararg},i32{vararg},i32{vararg},i32{vararg},i32{vararg},i32{vararg}	ptr{pointer},ptr{pointer,vararg},i32{vararg},i32{vararg},i32{vararg},i32{vararg},i32{vararg},i32{vararg},i32{vararg},i32{vararg}	1	0.010080
ClamAV	call	direct	0	1	0	0	1	-	void	ptr{pointer},ptr{pointer,vararg},i32{vararg},i32{vararg},i32{vararg}	ptr{pointer},ptr{pointer,vararg},i32{vararg},i32{vararg},i32{vararg}	1	0.010080
ClamAV	call	direct	0	1	0	0	1	-	void	ptr{pointer},ptr{pointer,vararg},i32{vararg},ptr{pointer,vararg},i32{vararg},i32{vararg},ptr{pointer,vararg},i32{vararg},ptr{pointer,vararg},i32{vararg},i32{vararg}	ptr{pointer},ptr{pointer,vararg},i32{vararg},ptr{pointer,vararg},i32{vararg},i32{vararg},ptr{pointer,vararg},i32{vararg},ptr{pointer,vararg},i32{vararg},i32{vararg}	1	0.010080
ClamAV	call	direct	0	1	0	0	1	-	void	ptr{pointer},ptr{pointer,vararg},i32{vararg},ptr{pointer,vararg},i32{vararg}	ptr{pointer},ptr{pointer,vararg},i32{vararg},ptr{pointer,vararg},i32{vararg}	1	0.010080
ClamAV	call	direct	0	1	0	0	1	-	void	ptr{pointer},ptr{pointer,vararg},i32{vararg},ptr{pointer,vararg}	ptr{pointer},ptr{pointer,vararg},i32{vararg},ptr{pointer,vararg}	1	0.010080
ClamAV	call	direct	0	1	0	0	1	-	void	ptr{pointer},ptr{pointer,vararg},i64{vararg},i64{vararg},i64{vararg},i64{vararg}	ptr{pointer},ptr{pointer,vararg},i64{vararg},i64{vararg},i64{vararg},i64{vararg}	1	0.010080
ClamAV	call	direct	0	1	0	0	1	-	void	ptr{pointer},ptr{pointer,vararg},i64{vararg},ptr{pointer,vararg},i64{vararg}	ptr{pointer},ptr{pointer,vararg},i64{vararg},ptr{pointer,vararg},i64{vararg}	1	0.010080
ClamAV	call	direct	0	1	0	0	1	-	void	ptr{pointer},ptr{pointer,vararg},ptr{pointer,vararg},i32{vararg},i32{vararg}	ptr{pointer},ptr{pointer,vararg},ptr{pointer,vararg},i32{vararg},i32{vararg}	1	0.010080
ClamAV	call	direct	0	1	0	0	1	-	void	ptr{pointer},ptr{pointer,vararg},ptr{pointer,vararg},i32{vararg},ptr{pointer,vararg},ptr{pointer,vararg},ptr{pointer,vararg},i32{vararg},ptr{pointer,vararg}	ptr{pointer},ptr{pointer,vararg},ptr{pointer,vararg},i32{vararg},ptr{pointer,vararg},ptr{pointer,vararg},ptr{pointer,vararg},i32{vararg},ptr{pointer,vararg}	1	0.010080
ClamAV	call	direct	0	1	0	0	1	-	void	ptr{pointer},ptr{pointer,vararg},ptr{pointer,vararg},ptr{pointer,vararg}	ptr{pointer},ptr{pointer,vararg},ptr{pointer,vararg},ptr{pointer,vararg}	1	0.010080
ClamAV	call	indirect	0	0	0	0	1	-	i32	i32,ptr{pointer},ptr{pointer},ptr{pointer}	i32,ptr{pointer},ptr{pointer},ptr{pointer}	1	0.010080
ClamAV	call	indirect	0	0	0	0	1	-	i32	i32,ptr{pointer}	i32,ptr{pointer}	1	0.010080
ClamAV	call	indirect	0	0	0	0	1	-	i32	ptr{pointer},ptr{pointer},i64	ptr{pointer},ptr{pointer},i64	1	0.010080
ClamAV	call	indirect	0	0	0	0	1	-	i32	ptr{pointer},ptr{pointer},ptr{pointer}	ptr{pointer},ptr{pointer},ptr{pointer}	1	0.010080
ClamAV	call	indirect	0	0	0	0	1	-	void	ptr{pointer},i32,ptr{pointer}	ptr{pointer},i32,ptr{pointer}	1	0.010080
consumer-typeset	call	direct	0	1	0	0	1	-	ptr{pointer}	i32,i32,ptr{pointer},i32,ptr{pointer}	i32,i32,ptr{pointer},i32,ptr{pointer}	770	12.754679
consumer-typeset	call	direct	0	1	0	0	1	-	ptr{pointer}	i32,i32,ptr{pointer},i32,ptr{pointer},ptr{pointer,vararg}	i32,i32,ptr{pointer},i32,ptr{pointer},ptr{pointer,vararg}	745	12.340567
consumer-typeset	call	direct	0	0	0	0	1	-	ptr{pointer}	i32,ptr{pointer}	i32,ptr{pointer}	558	9.243001
consumer-typeset	call	direct	0	0	0	0	1	-	i32	ptr{pointer},ptr{pointer}	ptr{pointer},ptr{pointer}	530	8.779195
consumer-typeset	call	direct	0	0	0	0	1	-	i32	ptr{pointer}	ptr{pointer}	314	5.201259
consumer-typeset	call	direct	0	0	0	0	1	-	ptr{pointer}	ptr{pointer},ptr{pointer}	ptr{pointer},ptr{pointer}	238	3.942355
consumer-typeset	call	direct	0	0	0	0	1	-	ptr{pointer}	i32,ptr{pointer},ptr{pointer}	i32,ptr{pointer},ptr{pointer}	158	2.617194
consumer-typeset	call	direct	0	0	0	0	1	-	void	ptr{pointer}	ptr{pointer}	158	2.617194
consumer-typeset	call	direct	0	0	0	0	1	-	ptr{pointer}	ptr{pointer}	ptr{pointer}	151	2.501242
consumer-typeset	call	direct	0	0	0	0	1	-	ptr{pointer}	i32	i32	117	1.938049
consumer-typeset	call	direct	0	0	0	0	1	-	i64	ptr{pointer}	ptr{pointer}	116	1.921484
consumer-typeset	call	direct	0	0	0	0	1	-	ptr{pointer}	ptr{pointer},i32,i32,i32,i32,i8	ptr{pointer},i32,i32,i32,i32,i8	114	1.888355
consumer-typeset	call	direct	0	0	0	0	1	-	void	ptr{pointer},ptr{pointer}	ptr{pointer},ptr{pointer}	110	1.822097
consumer-typeset	call	direct	0	0	0	0	1	-	ptr{pointer}	-	-	106	1.755839
consumer-typeset	call	direct	0	1	0	0	1	-	i32	ptr{pointer},ptr{pointer},ptr{pointer,vararg}	ptr{pointer},ptr{pointer},ptr{pointer,vararg}	104	1.722710
consumer-typeset	call	direct	0	1	0	0	1	-	ptr{pointer}	i32,i32,ptr{pointer},i32,ptr{pointer},ptr{pointer,vararg},ptr{pointer,vararg}	i32,i32,ptr{pointer},i32,ptr{pointer},ptr{pointer,vararg},ptr{pointer,vararg}	100	1.656452
consumer-typeset	call	direct	0	0	0	0	1	-	ptr{pointer}	ptr{pointer},ptr{pointer},ptr{pointer},ptr{pointer},ptr{pointer},ptr{pointer},ptr{pointer},i32,i32,ptr{pointer},i32	ptr{pointer},ptr{pointer},ptr{pointer},ptr{pointer},ptr{pointer},ptr{pointer},ptr{pointer},i32,i32,ptr{pointer},i32	84	1.391420
consumer-typeset	call	direct	0	0	0	0	1	-	ptr{pointer}	i16	i16	77	1.275468
consumer-typeset	call	direct	0	0	0	0	1	-	void	-	-	76	1.258903
consumer-typeset	call	direct	0	0	0	0	1	-	ptr{pointer}	ptr{pointer},i32,ptr{pointer}	ptr{pointer},i32,ptr{pointer}	68	1.126387
consumer-typeset	call	direct	0	0	0	0	1	-	void	i32,ptr{pointer}	i32,ptr{pointer}	68	1.126387
consumer-typeset	call	direct	0	0	0	0	1	-	ptr{pointer}	ptr{pointer},i32	ptr{pointer},i32	60	0.993871
consumer-typeset	call	direct	0	0	0	0	1	-	i32	i32,ptr{pointer}	i32,ptr{pointer}	59	0.977307
consumer-typeset	call	direct	0	0	0	0	1	-	ptr{pointer}	ptr{pointer},ptr{pointer},ptr{pointer}	ptr{pointer},ptr{pointer},ptr{pointer}	54	0.894484
consumer-typeset	call	direct	0	0	0	0	1	-	i32	-	-	52	0.861355
consumer-typeset	call	direct	0	0	0	0	1	-	ptr{pointer}	ptr{pointer},i32,i32,i32,i32,i32,i32,i32,ptr{pointer},ptr{pointer}	ptr{pointer},i32,i32,i32,i32,i32,i32,i32,ptr{pointer},ptr{pointer}	51	0.844790
consumer-typeset	call	direct	0	0	0	0	1	-	ptr{pointer}	i64	i64	48	0.795097
consumer-typeset	call	direct	0	1	0	0	1	-	i32	ptr{pointer},ptr{pointer},i32{vararg}	ptr{pointer},ptr{pointer},i32{vararg}	45	0.745403
consumer-typeset	call	direct	0	1	0	0	1	-	i32	ptr{pointer},ptr{pointer}	ptr{pointer},ptr{pointer}	39	0.646016
consumer-typeset	call	direct	0	0	0	0	1	-	void	ptr{pointer},i32	ptr{pointer},i32	32	0.530065
consumer-typeset	call	direct	0	0	0	0	1	-	void	ptr{pointer},ptr{pointer},i32,ptr{pointer}	ptr{pointer},ptr{pointer},i32,ptr{pointer}	30	0.496936
consumer-typeset	call	direct	0	0	0	0	1	-	void	i32	i32	28	0.463807
consumer-typeset	call	direct	0	0	0	0	1	-	void	ptr{pointer},i32,i32,i32	ptr{pointer},i32,i32,i32	27	0.447242
consumer-typeset	call	direct	0	0	0	0	1	-	void	ptr{pointer},i32,i32	ptr{pointer},i32,i32	27	0.447242
consumer-typeset	call	direct	0	0	0	0	1	-	i32	i32,i32,i32,ptr{pointer}	i32,i32,i32,ptr{pointer}	26	0.430677
consumer-typeset	call	direct	0	1	0	0	1	-	i32	ptr{pointer},ptr{pointer},ptr{pointer,vararg},ptr{pointer,vararg}	ptr{pointer},ptr{pointer},ptr{pointer,vararg},ptr{pointer,vararg}	24	0.397548
consumer-typeset	call	direct	0	1	0	0	1	-	ptr{pointer}	i32,i32,ptr{pointer},i32,ptr{pointer},i32{vararg}	i32,i32,ptr{pointer},i32,ptr{pointer},i32{vararg}	22	0.364419
consumer-typeset	call	direct	0	1	0	0	1	-	ptr{pointer}	i32,i32,ptr{pointer},i32,ptr{pointer},ptr{pointer,vararg},i32{vararg}	i32,i32,ptr{pointer},i32,ptr{pointer},ptr{pointer,vararg},i32{vararg}	22	0.364419
consumer-typeset	call	direct	0	1	0	0	1	-	ptr{pointer}	i32,i32,ptr{pointer},i32,ptr{pointer},ptr{pointer,vararg},ptr{pointer,vararg},ptr{pointer,vararg}	i32,i32,ptr{pointer},i32,ptr{pointer},ptr{pointer,vararg},ptr{pointer,vararg},ptr{pointer,vararg}	22	0.364419
consumer-typeset	call	direct	0	0	0	0	1	-	ptr{pointer}	ptr{pointer},i8,ptr{pointer},i8,i32,i32,i32,ptr{pointer},ptr{pointer}	ptr{pointer},i8,ptr{pointer},i8,i32,i32,i32,ptr{pointer},ptr{pointer}	21	0.347855
consumer-typeset	call	direct	0	0	0	0	1	-	ptr{pointer}	ptr{pointer},ptr{pointer},i32,i32	ptr{pointer},ptr{pointer},i32,i32	21	0.347855
consumer-typeset	call	direct	0	0	0	0	1	-	i16	ptr{pointer},ptr{pointer},ptr{pointer},i32,i32	ptr{pointer},ptr{pointer},ptr{pointer},i32,i32	19	0.314726
consumer-typeset	call	direct	0	1	0	0	1	-	i32	ptr{pointer},ptr{pointer},double{vararg}	ptr{pointer},ptr{pointer},double{vararg}	19	0.314726
consumer-typeset	call	direct	0	0	0	0	1	-	void	ptr{pointer},i32,ptr{pointer},i16	ptr{pointer},i32,ptr{pointer},i16	17	0.281597
consumer-typeset	call	direct	0	0	0	0	1	-	ptr{pointer}	i8,ptr{pointer},i8,i8,i8,ptr{pointer}	i8,ptr{pointer},i8,i8,i8,ptr{pointer}	16	0.265032
consumer-typeset	call	direct	0	0	0	0	1	-	void	ptr{pointer},ptr{pointer},ptr{pointer},ptr{pointer}	ptr{pointer},ptr{pointer},ptr{pointer},ptr{pointer}	12	0.198774
consumer-typeset	call	direct	0	0	0	0	1	-	ptr{pointer}	ptr{pointer},i32,ptr{pointer},i32	ptr{pointer},i32,ptr{pointer},i32	11	0.182210
consumer-typeset	call	direct	0	1	0	0	1	-	i32	ptr{pointer},ptr{pointer},ptr{pointer,vararg},ptr{pointer,vararg},ptr{pointer,vararg},ptr{pointer,vararg}	ptr{pointer},ptr{pointer},ptr{pointer,vararg},ptr{pointer,vararg},ptr{pointer,vararg},ptr{pointer,vararg}	11	0.182210
consumer-typeset	call	direct	0	1	0	0	1	-	ptr{pointer}	i32,i32,ptr{pointer},i32,ptr{pointer},ptr{pointer,vararg},ptr{pointer,vararg},ptr{pointer,vararg},ptr{pointer,vararg}	i32,i32,ptr{pointer},i32,ptr{pointer},ptr{pointer,vararg},ptr{pointer,vararg},ptr{pointer,vararg},ptr{pointer,vararg}	11	0.182210
consumer-typeset	call	direct	0	0	0	0	1	-	i32	i32	i32	10	0.165645
consumer-typeset	call	direct	0	0	0	0	1	-	ptr{pointer}	i16,i32,i32	i16,i32,i32	10	0.165645
consumer-typeset	call	direct	0	0	0	0	1	-	void	ptr{pointer},i32,ptr{pointer},ptr{pointer},ptr{pointer},ptr{pointer},i16,i64,i32,i32	ptr{pointer},i32,ptr{pointer},ptr{pointer},ptr{pointer},ptr{pointer},i16,i64,i32,i32	10	0.165645
consumer-typeset	call	direct	0	0	0	0	1	-	void	ptr{pointer},ptr{pointer},ptr{pointer}	ptr{pointer},ptr{pointer},ptr{pointer}	10	0.165645
consumer-typeset	call	direct	0	0	0	0	1	-	double	double	double	9	0.149081
consumer-typeset	call	direct	0	0	0	0	1	-	i32	i32,ptr{pointer},ptr{pointer}	i32,ptr{pointer},ptr{pointer}	9	0.149081
consumer-typeset	call	direct	0	0	0	0	1	-	ptr{pointer}	ptr{pointer},i32,i32,ptr{pointer}	ptr{pointer},i32,i32,ptr{pointer}	9	0.149081
consumer-typeset	call	direct	0	0	0	0	1	-	void	ptr{pointer},ptr{pointer},ptr{pointer},i32	ptr{pointer},ptr{pointer},ptr{pointer},i32	9	0.149081
consumer-typeset	call	direct	0	0	0	0	1	-	i32	i32,i32,i32,ptr{pointer},i32,i32	i32,i32,i32,ptr{pointer},i32,i32	8	0.132516
consumer-typeset	call	direct	0	0	0	0	1	-	i32	ptr{pointer},i64,i32	ptr{pointer},i64,i32	8	0.132516
consumer-typeset	call	direct	0	0	0	0	1	-	i8	ptr{pointer},i32	ptr{pointer},i32	8	0.132516
consumer-typeset	call	direct	0	0	0	0	1	-	ptr{pointer}	i32,ptr{pointer},ptr{pointer},ptr{pointer}	i32,ptr{pointer},ptr{pointer},ptr{pointer}	8	0.132516
consumer-typeset	call	indirect	0	0	0	0	1	-	void	-	-	8	0.132516
consumer-typeset	call	direct	0	0	0	0	1	-	i16	ptr{pointer},ptr{pointer}	ptr{pointer},ptr{pointer}	7	0.115952
consumer-typeset	call	direct	0	0	0	0	1	-	i32	ptr{pointer},ptr{pointer},i32	ptr{pointer},ptr{pointer},i32	7	0.115952
consumer-typeset	call	direct	0	0	0	0	1	-	ptr{pointer}	ptr{pointer},ptr{pointer},ptr{pointer},i32	ptr{pointer},ptr{pointer},ptr{pointer},i32	7	0.115952
consumer-typeset	call	direct	0	0	0	0	1	-	void	ptr{pointer},i32,ptr{pointer},ptr{pointer}	ptr{pointer},i32,ptr{pointer},ptr{pointer}	7	0.115952
consumer-typeset	call	direct	0	0	0	0	1	-	void	ptr{pointer},i32,ptr{pointer}	ptr{pointer},i32,ptr{pointer}	7	0.115952
consumer-typeset	call	direct	0	1	0	0	1	-	i32	ptr{pointer},ptr{pointer},ptr{pointer,vararg},ptr{pointer,vararg},ptr{pointer,vararg}	ptr{pointer},ptr{pointer},ptr{pointer,vararg},ptr{pointer,vararg},ptr{pointer,vararg}	7	0.115952
consumer-typeset	call	indirect	0	0	0	0	1	-	void	ptr{pointer}	ptr{pointer}	7	0.115952
consumer-typeset	call	direct	0	0	0	0	1	-	ptr{pointer}	i16,i64,i32	i16,i64,i32	6	0.099387
consumer-typeset	call	direct	0	0	0	0	1	-	ptr{pointer}	ptr{pointer},ptr{pointer},i32,i32,i32,i32	ptr{pointer},ptr{pointer},i32,i32,i32,i32	6	0.099387
consumer-typeset	call	direct	0	0	0	0	1	-	ptr{pointer}	ptr{pointer},ptr{pointer},i32	ptr{pointer},ptr{pointer},i32	6	0.099387
consumer-typeset	call	direct	0	0	0	0	1	-	void	i32,i32	i32,i32	6	0.099387
consumer-typeset	call	direct	0	0	0	0	1	-	void	i32,ptr{pointer},i32	i32,ptr{pointer},i32	6	0.099387
consumer-typeset	call	direct	0	0	0	0	1	-	void	ptr{pointer},ptr{pointer},i32,i32,i32,i32,ptr{pointer},ptr{pointer},ptr{pointer},ptr{pointer},ptr{pointer},ptr{pointer},ptr{pointer}	ptr{pointer},ptr{pointer},i32,i32,i32,i32,ptr{pointer},ptr{pointer},ptr{pointer},ptr{pointer},ptr{pointer},ptr{pointer},ptr{pointer}	6	0.099387
consumer-typeset	call	direct	0	0	0	0	1	-	void	ptr{pointer},ptr{pointer},i32	ptr{pointer},ptr{pointer},i32	6	0.099387
consumer-typeset	call	direct	0	1	0	0	1	-	i32	ptr{pointer},ptr{pointer},i32{vararg},i32{vararg}	ptr{pointer},ptr{pointer},i32{vararg},i32{vararg}	6	0.099387
consumer-typeset	call	direct	0	1	0	0	1	-	i32	ptr{pointer},ptr{pointer},ptr{pointer,vararg},i32{vararg}	ptr{pointer},ptr{pointer},ptr{pointer,vararg},i32{vararg}	6	0.099387
consumer-typeset	call	direct	0	1	0	0	1	-	ptr{pointer}	i32,i32,ptr{pointer},i32,ptr{pointer},ptr{pointer,vararg},ptr{pointer,vararg},i32{vararg}	i32,i32,ptr{pointer},i32,ptr{pointer},ptr{pointer,vararg},ptr{pointer,vararg},i32{vararg}	6	0.099387
consumer-typeset	call	direct	0	0	0	0	1	-	i16	i16	i16	5	0.082823
consumer-typeset	call	direct	0	0	0	0	1	-	i16	i32	i32	5	0.082823
consumer-typeset	call	direct	0	0	0	0	1	-	i16	ptr{pointer}	ptr{pointer}	5	0.082823
consumer-typeset	call	direct	0	0	0	0	1	-	i32	i32,i32,ptr{pointer}	i32,i32,ptr{pointer}	5	0.082823
consumer-typeset	call	direct	0	0	0	0	1	-	i32	ptr{pointer},i32,ptr{pointer},ptr{pointer},ptr{pointer},ptr{pointer},ptr{pointer},ptr{pointer},ptr{pointer}	ptr{pointer},i32,ptr{pointer},ptr{pointer},ptr{pointer},ptr{pointer},ptr{pointer},ptr{pointer},ptr{pointer}	5	0.082823
consumer-typeset	call	direct	0	0	0	0	1	-	ptr{pointer}	ptr{pointer},i64	ptr{pointer},i64	5	0.082823
consumer-typeset	call	direct	0	0	0	0	1	-	void	i16,i32,i32,i32,i32	i16,i32,i32,i32,i32	5	0.082823
consumer-typeset	call	direct	0	0	0	0	1	-	void	ptr{pointer},i16,ptr{pointer},ptr{pointer}	ptr{pointer},i16,ptr{pointer},ptr{pointer}	5	0.082823
consumer-typeset	call	direct	0	0	0	0	1	-	i32	i32,i32,ptr{pointer},i32	i32,i32,ptr{pointer},i32	4	0.066258
consumer-typeset	call	direct	0	0	0	0	1	-	i32	ptr{pointer},i32	ptr{pointer},i32	4	0.066258
consumer-typeset	call	direct	0	0	0	0	1	-	ptr{pointer}	ptr{pointer},i32,i32	ptr{pointer},i32,i32	4	0.066258
consumer-typeset	call	direct	0	0	0	0	1	-	void	ptr{pointer},i32,i32,float,ptr{pointer}	ptr{pointer},i32,i32,float,ptr{pointer}	4	0.066258
consumer-typeset	call	direct	0	0	0	0	1	-	void	ptr{pointer},i32,ptr{pointer},ptr{pointer},ptr{pointer},ptr{pointer},ptr{pointer}	ptr{pointer},i32,ptr{pointer},ptr{pointer},ptr{pointer},ptr{pointer},ptr{pointer}	4	0.066258
consumer-typeset	call	direct	0	0	0	0	1	-	void	ptr{pointer},ptr{pointer},ptr{pointer},ptr{pointer},ptr{pointer},ptr{pointer}	ptr{pointer},ptr{pointer},ptr{pointer},ptr{pointer},ptr{pointer},ptr{pointer}	4	0.066258
consumer-typeset	call	direct	0	0	0	0	1	-	void	ptr{pointer},ptr{pointer},ptr{pointer},ptr{pointer},ptr{pointer}	ptr{pointer},ptr{pointer},ptr{pointer},ptr{pointer},ptr{pointer}	4	0.066258
consumer-typeset	call	direct	0	1	0	0	1	-	i32	ptr{pointer},ptr{pointer},double{vararg},double{vararg}	ptr{pointer},ptr{pointer},double{vararg},double{vararg}	4	0.066258
consumer-typeset	call	direct	0	1	0	0	1	-	i32	ptr{pointer},ptr{pointer},i32{vararg},ptr{pointer,vararg}	ptr{pointer},ptr{pointer},i32{vararg},ptr{pointer,vararg}	4	0.066258
consumer-typeset	call	indirect	0	0	0	0	1	-	void	i32,i32	i32,i32	4	0.066258
consumer-typeset	call	indirect	0	0	0	0	1	-	void	ptr{pointer},i32,i32	ptr{pointer},i32,i32	4	0.066258
consumer-typeset	call	direct	0	0	0	0	1	-	float	i32,i32	i32,i32	3	0.049694
consumer-typeset	call	direct	0	0	0	0	1	-	float	ptr{pointer}	ptr{pointer}	3	0.049694
consumer-typeset	call	direct	0	0	0	0	1	-	i32	i16	i16	3	0.049694
consumer-typeset	call	direct	0	0	0	0	1	-	i64	-	-	3	0.049694
consumer-typeset	call	direct	0	0	0	0	1	-	i8	ptr{pointer},ptr{pointer}	ptr{pointer},ptr{pointer}	3	0.049694
consumer-typeset	call	direct	0	0	0	0	1	-	ptr{pointer}	ptr{pointer},ptr{pointer},ptr{pointer},ptr{pointer},ptr{pointer}	ptr{pointer},ptr{pointer},ptr{pointer},ptr{pointer},ptr{pointer}	3	0.049694
consumer-typeset	call	direct	0	0	0	0	1	-	void	ptr{pointer},ptr{pointer},i32,ptr{pointer},ptr{pointer},i32	ptr{pointer},ptr{pointer},i32,ptr{pointer},ptr{pointer},i32	3	0.049694
consumer-typeset	call	direct	0	0	0	0	1	-	void	ptr{pointer},ptr{pointer},i8	ptr{pointer},ptr{pointer},i8	3	0.049694
consumer-typeset	call	direct	0	1	0	0	1	-	i32	ptr{pointer},ptr{pointer},i32{vararg},i32{vararg},i32{vararg},i32{vararg}	ptr{pointer},ptr{pointer},i32{vararg},i32{vararg},i32{vararg},i32{vararg}	3	0.049694
consumer-typeset	call	direct	0	1	0	0	1	-	ptr{pointer}	i32,i32,ptr{pointer},i32,ptr{pointer},i32{vararg},i32{vararg}	i32,i32,ptr{pointer},i32,ptr{pointer},i32{vararg},i32{vararg}	3	0.049694
consumer-typeset	call	direct	0	1	0	0	1	-	ptr{pointer}	i32,i32,ptr{pointer},i32,ptr{pointer},ptr{pointer,vararg},double{vararg}	i32,i32,ptr{pointer},i32,ptr{pointer},ptr{pointer,vararg},double{vararg}	3	0.049694
consumer-typeset	call	direct	0	1	0	0	1	-	ptr{pointer}	i32,i32,ptr{pointer},i32,ptr{pointer},ptr{pointer,vararg},i32{vararg},i32{vararg}	i32,i32,ptr{pointer},i32,ptr{pointer},ptr{pointer,vararg},i32{vararg},i32{vararg}	3	0.049694
consumer-typeset	call	direct	0	1	0	0	1	-	ptr{pointer}	i32,i32,ptr{pointer},i32,ptr{pointer},ptr{pointer,vararg},ptr{pointer,vararg},ptr{pointer,vararg},ptr{pointer,vararg},ptr{pointer,vararg}	i32,i32,ptr{pointer},i32,ptr{pointer},ptr{pointer,vararg},ptr{pointer,vararg},ptr{pointer,vararg},ptr{pointer,vararg},ptr{pointer,vararg}	3	0.049694
consumer-typeset	call	indirect	0	0	0	0	1	-	void	float,float	float,float	3	0.049694
consumer-typeset	call	indirect	0	0	0	0	1	-	void	i32	i32	3	0.049694
consumer-typeset	call	direct	0	0	0	0	1	-	i32	ptr{pointer},i16,ptr{pointer}	ptr{pointer},i16,ptr{pointer}	2	0.033129
consumer-typeset	call	direct	0	0	0	0	1	-	i32	ptr{pointer},i32,i32,ptr{pointer},ptr{pointer}	ptr{pointer},i32,i32,ptr{pointer},ptr{pointer}	2	0.033129
consumer-typeset	call	direct	0	0	0	0	1	-	i32	ptr{pointer},ptr{pointer},ptr{pointer},ptr{pointer},i32	ptr{pointer},ptr{pointer},ptr{pointer},ptr{pointer},i32	2	0.033129
consumer-typeset	call	direct	0	0	0	0	1	-	i32	ptr{pointer},ptr{pointer},ptr{pointer},ptr{pointer},ptr{pointer},ptr{pointer},ptr{pointer},ptr{pointer},ptr{pointer}	ptr{pointer},ptr{pointer},ptr{pointer},ptr{pointer},ptr{pointer},ptr{pointer},ptr{pointer},ptr{pointer},ptr{pointer}	2	0.033129
consumer-typeset	call	direct	0	0	0	0	1	-	i32	ptr{pointer},ptr{pointer},ptr{pointer}	ptr{pointer},ptr{pointer},ptr{pointer}	2	0.033129
consumer-typeset	call	direct	0	0	0	0	1	-	ptr{pointer}	i32,i32	i32,i32	2	0.033129
consumer-typeset	call	direct	0	0	0	0	1	-	ptr{pointer}	i32,ptr{pointer},i32,i32,i32,i32,i32,i32	i32,ptr{pointer},i32,i32,i32,i32,i32,i32	2	0.033129
consumer-typeset	call	direct	0	0	0	0	1	-	ptr{pointer}	ptr{pointer},i32,i32,ptr{pointer},i32	ptr{pointer},i32,i32,ptr{pointer},i32	2	0.033129
consumer-typeset	call	direct	0	0	0	0	1	-	ptr{pointer}	ptr{pointer},i8,ptr{pointer},ptr{pointer},ptr{pointer}	ptr{pointer},i8,ptr{pointer},ptr{pointer},ptr{pointer}	2	0.033129
consumer-typeset	call	direct	0	0	0	0	1	-	ptr{pointer}	ptr{pointer},ptr{pointer},i32,i32,ptr{pointer},ptr{pointer},ptr{pointer},ptr{pointer}	ptr{pointer},ptr{pointer},i32,i32,ptr{pointer},ptr{pointer},ptr{pointer},ptr{pointer}	2	0.033129
consumer-typeset	call	direct	0	0	0	0	1	-	ptr{pointer}	ptr{pointer},ptr{pointer},i32,ptr{pointer},ptr{pointer}	ptr{pointer},ptr{pointer},i32,ptr{pointer},ptr{pointer}	2	0.033129
consumer-typeset	call	direct	0	0	0	0	1	-	ptr{pointer}	ptr{pointer},ptr{pointer},ptr{pointer},i32,i32,i32,ptr{pointer}	ptr{pointer},ptr{pointer},ptr{pointer},i32,i32,i32,ptr{pointer}	2	0.033129
consumer-typeset	call	direct	0	0	0	0	1	-	ptr{pointer}	ptr{pointer},ptr{pointer},ptr{pointer},ptr{pointer}	ptr{pointer},ptr{pointer},ptr{pointer},ptr{pointer}	2	0.033129
consumer-typeset	call	direct	0	0	0	0	1	-	void	i16,i32,ptr{pointer}	i16,i32,ptr{pointer}	2	0.033129
consumer-typeset	call	direct	0	0	0	0	1	-	void	ptr{pointer},float,float	ptr{pointer},float,float	2	0.033129
consumer-typeset	call	direct	0	0	0	0	1	-	void	ptr{pointer},float,i32	ptr{pointer},float,i32	2	0.033129
consumer-typeset	call	direct	0	0	0	0	1	-	void	ptr{pointer},i32,i32,i32,i32,i32,i32	ptr{pointer},i32,i32,i32,i32,i32,i32	2	0.033129
consumer-typeset	call	direct	0	0	0	0	1	-	void	ptr{pointer},i32,i32,ptr{pointer},ptr{pointer},i16,ptr{pointer},ptr{pointer},ptr{pointer}	ptr{pointer},i32,i32,ptr{pointer},ptr{pointer},i16,ptr{pointer},ptr{pointer},ptr{pointer}	2	0.033129
consumer-typeset	call	direct	0	0	0	0	1	-	void	ptr{pointer},ptr{pointer},ptr{pointer},ptr{pointer},ptr{pointer},i32	ptr{pointer},ptr{pointer},ptr{pointer},ptr{pointer},ptr{pointer},i32	2	0.033129
consumer-typeset	call	direct	0	1	0	0	1	-	i32	ptr{pointer},ptr{pointer},double{vararg},i32{vararg}	ptr{pointer},ptr{pointer},double{vararg},i32{vararg}	2	0.033129
consumer-typeset	call	direct	0	1	0	0	1	-	i32	ptr{pointer},ptr{pointer},ptr{pointer,vararg},i32{vararg},ptr{pointer,vararg}	ptr{pointer},ptr{pointer},ptr{pointer,vararg},i32{vararg},ptr{pointer,vararg}	2	0.033129
consumer-typeset	call	direct	0	1	0	0	1	-	i32	ptr{pointer},ptr{pointer},ptr{pointer,vararg},ptr{pointer,vararg},ptr{pointer,vararg},ptr{pointer,vararg},ptr{pointer,vararg},ptr{pointer,vararg}	ptr{pointer},ptr{pointer},ptr{pointer,vararg},ptr{pointer,vararg},ptr{pointer,vararg},ptr{pointer,vararg},ptr{pointer,vararg},ptr{pointer,vararg}	2	0.033129
consumer-typeset	call	direct	0	1	0	0	1	-	ptr{pointer}	i32,i32,ptr{pointer},i32,ptr{pointer},ptr{pointer,vararg},double{vararg},ptr{pointer,vararg}	i32,i32,ptr{pointer},i32,ptr{pointer},ptr{pointer,vararg},double{vararg},ptr{pointer,vararg}	2	0.033129
consumer-typeset	call	direct	0	1	0	0	1	-	ptr{pointer}	i32,i32,ptr{pointer},i32,ptr{pointer},ptr{pointer,vararg},ptr{pointer,vararg},ptr{pointer,vararg},i32{vararg}	i32,i32,ptr{pointer},i32,ptr{pointer},ptr{pointer,vararg},ptr{pointer,vararg},ptr{pointer,vararg},i32{vararg}	2	0.033129
consumer-typeset	call	direct	0	1	0	0	1	-	ptr{pointer}	i32,i32,ptr{pointer},i32,ptr{pointer},ptr{pointer,vararg},ptr{pointer,vararg},ptr{pointer,vararg},ptr{pointer,vararg},ptr{pointer,vararg},ptr{pointer,vararg}	i32,i32,ptr{pointer},i32,ptr{pointer},ptr{pointer,vararg},ptr{pointer,vararg},ptr{pointer,vararg},ptr{pointer,vararg},ptr{pointer,vararg},ptr{pointer,vararg}	2	0.033129
consumer-typeset	call	indirect	0	0	0	0	1	-	void	i32,i32,ptr{pointer}	i32,i32,ptr{pointer}	2	0.033129
consumer-typeset	call	indirect	0	0	0	0	1	-	void	ptr{pointer},i32,i32,i32,i32	ptr{pointer},i32,i32,i32,i32	2	0.033129
consumer-typeset	call	indirect	0	0	0	0	1	-	void	ptr{pointer},i32,i32,ptr{pointer}	ptr{pointer},i32,i32,ptr{pointer}	2	0.033129
consumer-typeset	call	direct	0	0	0	0	1	-	double	double,double	double,double	1	0.016565
consumer-typeset	call	direct	0	0	0	0	1	-	i32	i16,i32,ptr{pointer}	i16,i32,ptr{pointer}	1	0.016565
consumer-typeset	call	direct	0	0	0	0	1	-	i32	i32,i8,i8	i32,i8,i8	1	0.016565
consumer-typeset	call	direct	0	0	0	0	1	-	i32	i8,i32	i8,i32	1	0.016565
consumer-typeset	call	direct	0	0	0	0	1	-	i32	ptr{pointer},i16,ptr{pointer},ptr{pointer}	ptr{pointer},i16,ptr{pointer},ptr{pointer}	1	0.016565
consumer-typeset	call	direct	0	0	0	0	1	-	i32	ptr{pointer},i32,i32,ptr{pointer}	ptr{pointer},i32,i32,ptr{pointer}	1	0.016565
consumer-typeset	call	direct	0	0	0	0	1	-	i32	ptr{pointer},i32,i32	ptr{pointer},i32,i32	1	0.016565
consumer-typeset	call	direct	0	0	0	0	1	-	i32	ptr{pointer},ptr{pointer},i64	ptr{pointer},ptr{pointer},i64	1	0.016565
consumer-typeset	call	direct	0	0	0	0	1	-	i64	ptr{pointer},i64,i64,ptr{pointer}	ptr{pointer},i64,i64,ptr{pointer}	1	0.016565
consumer-typeset	call	direct	0	0	0	0	1	-	ptr{pointer}	i32,i32,i32	i32,i32,i32	1	0.016565
consumer-typeset	call	direct	0	0	0	0	1	-	ptr{pointer}	i64,i64	i64,i64	1	0.016565
consumer-typeset	call	direct	0	0	0	0	1	-	ptr{pointer}	ptr{pointer},i8	ptr{pointer},i8	1	0.016565
consumer-typeset	call	direct	0	0	0	0	1	-	void	float,float	float,float	1	0.016565
consumer-typeset	call	direct	0	0	0	0	1	-	void	i16,i32	i16,i32	1	0.016565
consumer-typeset	call	direct	0	0	0	0	1	-	void	i32,i32,i32,i32,i32,i32,i32	i32,i32,i32,i32,i32,i32,i32	1	0.016565
consumer-typeset	call	direct	0	0	0	0	1	-	void	ptr{pointer},float	ptr{pointer},float	1	0.016565
consumer-typeset	call	direct	0	0	0	0	1	-	void	ptr{pointer},i16,i32,i32	ptr{pointer},i16,i32,i32	1	0.016565
consumer-typeset	call	direct	0	0	0	0	1	-	void	ptr{pointer},i32,i32,i32,i32	ptr{pointer},i32,i32,i32,i32	1	0.016565
consumer-typeset	call	direct	0	0	0	0	1	-	void	ptr{pointer},i64,i64,ptr{pointer}	ptr{pointer},i64,i64,ptr{pointer}	1	0.016565
consumer-typeset	call	direct	0	0	0	0	1	-	void	ptr{pointer},ptr{pointer},i16,ptr{pointer},ptr{pointer},ptr{pointer},ptr{pointer},ptr{pointer}	ptr{pointer},ptr{pointer},i16,ptr{pointer},ptr{pointer},ptr{pointer},ptr{pointer},ptr{pointer}	1	0.016565
consumer-typeset	call	direct	0	0	0	0	1	-	void	ptr{pointer},ptr{pointer},i16,ptr{pointer}	ptr{pointer},ptr{pointer},i16,ptr{pointer}	1	0.016565
consumer-typeset	call	direct	0	0	0	0	1	-	void	ptr{pointer},ptr{pointer},i32,ptr{pointer},i32,ptr{pointer}	ptr{pointer},ptr{pointer},i32,ptr{pointer},i32,ptr{pointer}	1	0.016565
consumer-typeset	call	direct	0	0	0	0	1	-	void	ptr{pointer},ptr{pointer},ptr{pointer},i32,ptr{pointer},i32	ptr{pointer},ptr{pointer},ptr{pointer},i32,ptr{pointer},i32	1	0.016565
consumer-typeset	call	direct	0	1	0	0	1	-	i32	ptr{pointer},ptr{pointer},double{vararg},double{vararg},double{vararg},double{vararg}	ptr{pointer},ptr{pointer},double{vararg},double{vararg},double{vararg},double{vararg}	1	0.016565
consumer-typeset	call	direct	0	1	0	0	1	-	i32	ptr{pointer},ptr{pointer},i32{vararg},i32{vararg},i32{vararg},i32{vararg},i32{vararg},i32{vararg},i32{vararg},i32{vararg},i32{vararg}	ptr{pointer},ptr{pointer},i32{vararg},i32{vararg},i32{vararg},i32{vararg},i32{vararg},i32{vararg},i32{vararg},i32{vararg},i32{vararg}	1	0.016565
consumer-typeset	call	direct	0	1	0	0	1	-	i32	ptr{pointer},ptr{pointer},i32{vararg},i32{vararg},i32{vararg},i32{vararg},i32{vararg},i32{vararg},i32{vararg}	ptr{pointer},ptr{pointer},i32{vararg},i32{vararg},i32{vararg},i32{vararg},i32{vararg},i32{vararg},i32{vararg}	1	0.016565
consumer-typeset	call	direct	0	1	0	0	1	-	i32	ptr{pointer},ptr{pointer},i32{vararg},i32{vararg},i32{vararg},i32{vararg},i32{vararg}	ptr{pointer},ptr{pointer},i32{vararg},i32{vararg},i32{vararg},i32{vararg},i32{vararg}	1	0.016565
consumer-typeset	call	direct	0	1	0	0	1	-	i32	ptr{pointer},ptr{pointer},i32{vararg},i32{vararg},i32{vararg},i32{vararg},ptr{pointer,vararg}	ptr{pointer},ptr{pointer},i32{vararg},i32{vararg},i32{vararg},i32{vararg},ptr{pointer,vararg}	1	0.016565
consumer-typeset	call	direct	0	1	0	0	1	-	i32	ptr{pointer},ptr{pointer},i32{vararg},i32{vararg},i32{vararg},ptr{pointer,vararg}	ptr{pointer},ptr{pointer},i32{vararg},i32{vararg},i32{vararg},ptr{pointer,vararg}	1	0.016565
consumer-typeset	call	direct	0	1	0	0	1	-	i32	ptr{pointer},ptr{pointer},i32{vararg},i32{vararg},ptr{pointer,vararg},i32{vararg}	ptr{pointer},ptr{pointer},i32{vararg},i32{vararg},ptr{pointer,vararg},i32{vararg}	1	0.016565
consumer-typeset	call	direct	0	1	0	0	1	-	i32	ptr{pointer},ptr{pointer},i64{vararg}	ptr{pointer},ptr{pointer},i64{vararg}	1	0.016565
consumer-typeset	call	direct	0	1	0	0	1	-	i32	ptr{pointer},ptr{pointer},ptr{pointer,vararg},i32{vararg},i32{vararg}	ptr{pointer},ptr{pointer},ptr{pointer,vararg},i32{vararg},i32{vararg}	1	0.016565
consumer-typeset	call	direct	0	1	0	0	1	-	i32	ptr{pointer},ptr{pointer},ptr{pointer,vararg},i32{vararg},ptr{pointer,vararg},ptr{pointer,vararg},ptr{pointer,vararg},i64{vararg},i32{vararg},ptr{pointer,vararg}	ptr{pointer},ptr{pointer},ptr{pointer,vararg},i32{vararg},ptr{pointer,vararg},ptr{pointer,vararg},ptr{pointer,vararg},i64{vararg},i32{vararg},ptr{pointer,vararg}	1	0.016565
consumer-typeset	call	direct	0	1	0	0	1	-	ptr{pointer}	i32,i32,ptr{pointer},i32,ptr{pointer},double{vararg}	i32,i32,ptr{pointer},i32,ptr{pointer},double{vararg}	1	0.016565
consumer-typeset	call	direct	0	1	0	0	1	-	ptr{pointer}	i32,i32,ptr{pointer},i32,ptr{pointer},i32{vararg},i32{vararg},i32{vararg}	i32,i32,ptr{pointer},i32,ptr{pointer},i32{vararg},i32{vararg},i32{vararg}	1	0.016565
consumer-typeset	call	direct	0	1	0	0	1	-	ptr{pointer}	i32,i32,ptr{pointer},i32,ptr{pointer},ptr{pointer,vararg},i32{vararg},ptr{pointer,vararg}	i32,i32,ptr{pointer},i32,ptr{pointer},ptr{pointer,vararg},i32{vararg},ptr{pointer,vararg}	1	0.016565
consumer-typeset	call	indirect	0	0	0	0	1	-	void	i32,i32,i32,i32,i32	i32,i32,i32,i32,i32	1	0.016565
consumer-typeset	call	indirect	0	0	0	0	1	-	void	ptr{pointer},i32,ptr{pointer},ptr{pointer}	ptr{pointer},i32,ptr{pointer},ptr{pointer}	1	0.016565
consumer-typeset	call	indirect	0	0	0	0	1	-	void	ptr{pointer},i32	ptr{pointer},i32	1	0.016565
kimwitu++	call	direct	0	0	0	0	1	-	ptr{pointer}	ptr{pointer}	ptr{pointer}	3258	14.681628
kimwitu++	call	direct	0	0	0	0	1	-	void	ptr{pointer}	ptr{pointer}	2651	11.946285
kimwitu++	call	indirect	0	0	0	0	1	-	void	ptr{pointer},ptr{pointer},ptr{pointer}	ptr{pointer},ptr{pointer},ptr{pointer}	2383	10.738588
kimwitu++	call	direct	0	0	0	0	1	-	void	ptr{pointer},ptr{pointer},ptr{pointer}	ptr{pointer},ptr{pointer},ptr{pointer}	2101	9.467802
kimwitu++	call	indirect	0	0	0	0	1	-	i32	ptr{pointer}	ptr{pointer}	1383	6.232256
kimwitu++	call	direct	0	0	0	0	1	-	ptr{pointer}	ptr{pointer},ptr{pointer}	ptr{pointer},ptr{pointer}	1187	5.349015
kimwitu++	call	direct	0	0	0	0	1	-	ptr{pointer}	ptr{pointer},ptr{pointer},ptr{pointer},i64	ptr{pointer},ptr{pointer},ptr{pointer},i64	1006	4.533369
kimwitu++	call	direct	0	0	0	0	1	-	ptr{pointer}	-	-	791	3.564508
kimwitu++	call	direct	0	0	0	0	1	-	void	ptr{pointer},i64	ptr{pointer},i64	674	3.037267
kimwitu++	call	direct	0	0	0	0	1	-	void	ptr{pointer},ptr{pointer}	ptr{pointer},ptr{pointer}	571	2.573115
kimwitu++	call	indirect	0	0	0	0	1	-	ptr{pointer}	ptr{pointer},ptr{pointer}	ptr{pointer},ptr{pointer}	451	2.032355
kimwitu++	call	direct	0	0	0	0	1	-	i32	ptr{pointer}	ptr{pointer}	426	1.919697
kimwitu++	call	direct	0	0	0	0	1	-	ptr{pointer}	i64	i64	386	1.739444
kimwitu++	call	indirect	0	0	0	0	1	-	void	ptr{pointer}	ptr{pointer}	361	1.626786
kimwitu++	call	direct	0	0	0	0	1	-	ptr{pointer}	ptr{pointer},ptr{pointer},ptr{pointer}	ptr{pointer},ptr{pointer},ptr{pointer}	360	1.622279
kimwitu++	call	direct	0	0	0	0	1	-	void	-	-	338	1.523140
kimwitu++	call	direct	0	0	0	0	1	-	ptr{pointer}	ptr{pointer},i32	ptr{pointer},i32	308	1.387950
kimwitu++	call	direct	0	0	0	0	1	-	ptr{pointer}	ptr{pointer},ptr{pointer},i32	ptr{pointer},ptr{pointer},i32	258	1.162634
kimwitu++	invoke	direct	0	0	0	0	1	-	void	ptr{pointer},ptr{pointer},ptr{pointer}	ptr{pointer},ptr{pointer},ptr{pointer}	235	1.058988
kimwitu++	call	indirect	0	0	0	0	1	-	void	ptr{pointer},ptr{pointer}	ptr{pointer},ptr{pointer}	222	1.000406
kimwitu++	call	indirect	0	0	0	0	1	-	i1	ptr{pointer}	ptr{pointer}	195	0.878735
kimwitu++	call	direct	0	0	0	0	1	-	void	ptr{pointer},i32,ptr{pointer}	ptr{pointer},i32,ptr{pointer}	193	0.869722
kimwitu++	call	direct	0	0	0	0	1	-	void	ptr{pointer},i32	ptr{pointer},i32	165	0.743545
kimwitu++	call	direct	0	0	0	0	1	-	i64	ptr{pointer}	ptr{pointer}	164	0.739038
kimwitu++	call	direct	0	0	0	0	1	-	i1	ptr{pointer},ptr{pointer}	ptr{pointer},ptr{pointer}	143	0.644405
kimwitu++	invoke	direct	0	0	0	0	1	-	void	ptr{pointer},ptr{pointer}	ptr{pointer},ptr{pointer}	135	0.608355
kimwitu++	call	direct	0	0	0	0	1	-	void	i32,ptr{pointer},ptr{pointer}	i32,ptr{pointer},ptr{pointer}	127	0.572304
kimwitu++	call	direct	0	0	0	0	1	-	i1	ptr{pointer}	ptr{pointer}	123	0.554279
kimwitu++	call	direct	0	0	0	0	1	-	ptr{pointer}	ptr{pointer},ptr{pointer},ptr{pointer},ptr{pointer}	ptr{pointer},ptr{pointer},ptr{pointer},ptr{pointer}	101	0.455139
kimwitu++	call	direct	0	0	0	0	1	-	void	i1	i1	92	0.414582
kimwitu++	invoke	indirect	0	0	0	0	1	-	void	ptr{pointer},ptr{pointer},ptr{pointer}	ptr{pointer},ptr{pointer},ptr{pointer}	86	0.387545
kimwitu++	call	direct	0	0	0	0	1	-	void	ptr{pointer},ptr{pointer},i64	ptr{pointer},ptr{pointer},i64	73	0.328962
kimwitu++	invoke	direct	0	0	0	0	1	-	void	ptr{pointer}	ptr{pointer}	69	0.310937
kimwitu++	call	direct	0	0	0	0	1	-	void	ptr{pointer,sret},ptr{pointer}	ptr{pointer,sret},ptr{pointer}	66	0.297418
kimwitu++	call	direct	0	0	0	0	1	-	ptr{pointer}	ptr{pointer},ptr{pointer},ptr{pointer},i32	ptr{pointer},ptr{pointer},ptr{pointer},i32	61	0.274886
kimwitu++	call	direct	0	0	0	0	1	-	i64	i64	i64	60	0.270380
kimwitu++	call	direct	0	0	0	0	1	-	ptr{pointer}	ptr{pointer},i64	ptr{pointer},i64	56	0.252355
kimwitu++	invoke	direct	0	0	0	0	1	-	void	-	-	54	0.243342
kimwitu++	call	indirect	0	0	0	0	1	-	ptr{pointer}	ptr{pointer},i32	ptr{pointer},i32	42	0.189266
kimwitu++	invoke	direct	0	0	0	0	1	-	void	ptr{pointer},ptr{pointer},ptr{pointer},ptr{pointer}	ptr{pointer},ptr{pointer},ptr{pointer},ptr{pointer}	42	0.189266
kimwitu++	invoke	direct	0	0	0	0	1	-	ptr{pointer}	ptr{pointer}	ptr{pointer}	36	0.162228
kimwitu++	call	direct	0	0	0	0	1	-	i32	ptr{pointer},ptr{pointer}	ptr{pointer},ptr{pointer}	35	0.157722
kimwitu++	call	direct	0	0	0	0	1	-	void	ptr{pointer,sret},ptr{pointer},ptr{pointer}	ptr{pointer,sret},ptr{pointer},ptr{pointer}	35	0.157722
kimwitu++	call	direct	0	0	0	0	1	-	ptr{pointer}	i32	i32	34	0.153215
kimwitu++	invoke	direct	0	0	0	0	1	-	void	ptr{pointer,sret},ptr{pointer},ptr{pointer}	ptr{pointer,sret},ptr{pointer},ptr{pointer}	28	0.126177
kimwitu++	call	direct	0	0	0	0	1	-	i1	ptr{pointer},ptr{pointer},ptr{pointer}	ptr{pointer},ptr{pointer},ptr{pointer}	27	0.121671
kimwitu++	call	direct	0	0	0	0	1	-	i64	-	-	27	0.121671
kimwitu++	invoke	direct	0	0	0	0	1	-	ptr{pointer}	ptr{pointer},ptr{pointer}	ptr{pointer},ptr{pointer}	27	0.121671
kimwitu++	call	direct	0	0	0	0	1	-	i32	ptr{pointer},ptr{pointer},ptr{pointer}	ptr{pointer},ptr{pointer},ptr{pointer}	26	0.117165
kimwitu++	call	direct	0	0	0	0	1	-	ptr{pointer}	ptr{pointer},i64,ptr{pointer}	ptr{pointer},i64,ptr{pointer}	24	0.108152
kimwitu++	call	direct	0	0	0	0	1	-	i64	ptr{pointer},ptr{pointer}	ptr{pointer},ptr{pointer}	21	0.094633
kimwitu++	call	direct	0	1	0	0	1	-	i32	ptr{pointer},ptr{pointer}	ptr{pointer},ptr{pointer}	19	0.085620
kimwitu++	call	direct	0	0	0	0	1	-	[2 x i64]	ptr{pointer},ptr{pointer}	ptr{pointer},ptr{pointer}	18	0.081114
kimwitu++	call	direct	0	0	0	0	1	-	void	ptr{pointer},i1	ptr{pointer},i1	18	0.081114
kimwitu++	call	direct	0	1	0	0	1	-	i32	ptr{pointer},ptr{pointer},ptr{pointer,vararg}	ptr{pointer},ptr{pointer},ptr{pointer,vararg}	17	0.076608
kimwitu++	call	direct	0	0	0	0	1	-	void	i32	i32	16	0.072101
kimwitu++	invoke	direct	0	0	0	0	1	-	void	ptr{pointer},i64	ptr{pointer},i64	15	0.067595
kimwitu++	call	direct	0	0	0	0	1	-	i32	i32	i32	14	0.063089
kimwitu++	call	direct	0	0	0	0	1	-	ptr{pointer}	i32,ptr{pointer},ptr{pointer},ptr{pointer},ptr{pointer},ptr{pointer},ptr{pointer},ptr{pointer}	i32,ptr{pointer},ptr{pointer},ptr{pointer},ptr{pointer},ptr{pointer},ptr{pointer},ptr{pointer}	13	0.058582
kimwitu++	call	direct	0	0	0	0	1	-	ptr{pointer}	i32,ptr{pointer}	i32,ptr{pointer}	13	0.058582
kimwitu++	call	direct	0	0	0	0	1	-	i32	ptr{pointer},ptr{pointer},i64	ptr{pointer},ptr{pointer},i64	12	0.054076
kimwitu++	call	direct	0	0	0	0	1	-	void	ptr{pointer},i64,i1	ptr{pointer},i64,i1	12	0.054076
kimwitu++	call	direct	0	1	0	0	1	-	i32	ptr{pointer},ptr{pointer},i32{vararg}	ptr{pointer},ptr{pointer},i32{vararg}	12	0.054076
kimwitu++	invoke	direct	0	0	0	0	1	-	ptr{pointer}	ptr{pointer},i64,ptr{pointer}	ptr{pointer},i64,ptr{pointer}	12	0.054076
kimwitu++	call	direct	0	0	0	0	1	-	ptr{pointer}	ptr{pointer},ptr{pointer},ptr{pointer},ptr{pointer},ptr{pointer},ptr{pointer}	ptr{pointer},ptr{pointer},ptr{pointer},ptr{pointer},ptr{pointer},ptr{pointer}	10	0.045063
kimwitu++	invoke	direct	0	0	0	0	1	-	void	ptr{pointer},ptr{pointer},ptr{pointer},ptr{pointer},ptr{pointer}	ptr{pointer},ptr{pointer},ptr{pointer},ptr{pointer},ptr{pointer}	10	0.045063
kimwitu++	call	direct	0	0	0	0	1	-	i32	-	-	9	0.040557
kimwitu++	call	direct	0	0	0	0	1	-	i32	i32,ptr{pointer}	i32,ptr{pointer}	9	0.040557
kimwitu++	call	indirect	0	0	0	0	1	-	ptr{pointer}	ptr{pointer}	ptr{pointer}	9	0.040557
kimwitu++	invoke	direct	0	0	0	0	1	-	ptr{pointer}	ptr{pointer},i32	ptr{pointer},i32	9	0.040557
kimwitu++	call	direct	0	0	0	0	1	-	ptr{pointer}	ptr{pointer},ptr{pointer},ptr{pointer},ptr{pointer},i1	ptr{pointer},ptr{pointer},ptr{pointer},ptr{pointer},i1	8	0.036051
kimwitu++	call	direct	0	0	0	0	1	-	ptr{pointer}	ptr{pointer},ptr{pointer},ptr{pointer},ptr{pointer},ptr{pointer},ptr{pointer},ptr{pointer}	ptr{pointer},ptr{pointer},ptr{pointer},ptr{pointer},ptr{pointer},ptr{pointer},ptr{pointer}	8	0.036051
kimwitu++	call	direct	0	0	0	0	1	-	ptr{pointer}	ptr{pointer},ptr{pointer},ptr{pointer},ptr{pointer},ptr{pointer}	ptr{pointer},ptr{pointer},ptr{pointer},ptr{pointer},ptr{pointer}	8	0.036051
kimwitu++	call	direct	0	0	0	0	1	-	void	ptr{pointer},i32,ptr{pointer},ptr{pointer}	ptr{pointer},i32,ptr{pointer},ptr{pointer}	8	0.036051
kimwitu++	call	direct	0	1	0	0	1	-	i32	ptr{pointer}	ptr{pointer}	8	0.036051
kimwitu++	call	direct	0	0	0	0	1	-	void	ptr{pointer},ptr{pointer},ptr{pointer},ptr{pointer},ptr{pointer}	ptr{pointer},ptr{pointer},ptr{pointer},ptr{pointer},ptr{pointer}	7	0.031544
kimwitu++	call	direct	0	1	0	0	1	-	i32	ptr{pointer},ptr{pointer},ptr{pointer,vararg},ptr{pointer,vararg}	ptr{pointer},ptr{pointer},ptr{pointer,vararg},ptr{pointer,vararg}	7	0.031544
kimwitu++	call	direct	0	0	0	0	1	-	i64	ptr{pointer},ptr{pointer},ptr{pointer},ptr{pointer},ptr{pointer}	ptr{pointer},ptr{pointer},ptr{pointer},ptr{pointer},ptr{pointer}	6	0.027038
kimwitu++	call	direct	0	0	0	0	1	-	void	i1,ptr{pointer},ptr{pointer},ptr{pointer}	i1,ptr{pointer},ptr{pointer},ptr{pointer}	6	0.027038
kimwitu++	call	direct	0	1	0	0	1	-	i32	ptr{pointer},ptr{pointer,vararg},i32{vararg}	ptr{pointer},ptr{pointer,vararg},i32{vararg}	6	0.027038
kimwitu++	invoke	direct	0	0	0	0	1	-	i1	ptr{pointer},ptr{pointer}	ptr{pointer},ptr{pointer}	6	0.027038
kimwitu++	call	direct	0	0	0	0	1	-	[2 x i64]	ptr{pointer}	ptr{pointer}	5	0.022532
kimwitu++	call	direct	0	0	0	0	1	-	void	ptr{pointer,sret},ptr{pointer},i64,i64	ptr{pointer,sret},ptr{pointer},i64,i64	5	0.022532
kimwitu++	call	direct	0	0	0	0	1	-	i64	ptr{pointer},i64,i64,ptr{pointer}	ptr{pointer},i64,i64,ptr{pointer}	4	0.018025
kimwitu++	call	direct	0	0	0	0	1	-	i64	ptr{pointer},i64	ptr{pointer},i64	4	0.018025
kimwitu++	call	direct	0	0	0	0	1	-	void	i32,ptr{pointer}	i32,ptr{pointer}	4	0.018025
kimwitu++	call	direct	0	1	0	0	1	-	i32	ptr{pointer},ptr{pointer},i32{vararg},i32{vararg}	ptr{pointer},ptr{pointer},i32{vararg},i32{vararg}	4	0.018025
kimwitu++	call	direct	0	1	0	0	1	-	i32	ptr{pointer},ptr{pointer},ptr{pointer,vararg},i32{vararg}	ptr{pointer},ptr{pointer},ptr{pointer,vararg},i32{vararg}	4	0.018025
kimwitu++	invoke	direct	0	0	0	0	1	-	ptr{pointer}	-	-	4	0.018025
kimwitu++	invoke	direct	0	0	0	0	1	-	ptr{pointer}	ptr{pointer},ptr{pointer},ptr{pointer},ptr{pointer}	ptr{pointer},ptr{pointer},ptr{pointer},ptr{pointer}	4	0.018025
kimwitu++	call	direct	0	0	0	0	1	-	i64	ptr{pointer},ptr{pointer},i64	ptr{pointer},ptr{pointer},i64	3	0.013519
kimwitu++	call	direct	0	0	0	0	1	-	i64	ptr{pointer},ptr{pointer},ptr{pointer},ptr{pointer}	ptr{pointer},ptr{pointer},ptr{pointer},ptr{pointer}	3	0.013519
kimwitu++	call	direct	0	0	0	0	1	-	ptr{pointer}	ptr{pointer},i32,i32,i1	ptr{pointer},i32,i32,i1	3	0.013519
kimwitu++	call	direct	0	0	0	0	1	-	ptr{pointer}	ptr{pointer},i8	ptr{pointer},i8	3	0.013519
kimwitu++	call	direct	0	0	0	0	1	-	void	ptr{pointer},i1,i1	ptr{pointer},i1,i1	3	0.013519
kimwitu++	invoke	direct	0	0	0	0	1	-	ptr{pointer}	ptr{pointer},i8	ptr{pointer},i8	3	0.013519
kimwitu++	invoke	direct	0	0	0	0	1	-	void	ptr{pointer},ptr{pointer},i64	ptr{pointer},ptr{pointer},i64	3	0.013519
kimwitu++	invoke	direct	0	0	0	0	1	-	void	ptr{pointer},ptr{pointer},ptr{pointer},ptr{pointer},ptr{pointer},ptr{pointer},ptr{pointer}	ptr{pointer},ptr{pointer},ptr{pointer},ptr{pointer},ptr{pointer},ptr{pointer},ptr{pointer}	3	0.013519
kimwitu++	invoke	direct	0	0	0	0	1	-	void	ptr{pointer},ptr{pointer},ptr{pointer},ptr{pointer},ptr{pointer},ptr{pointer}	ptr{pointer},ptr{pointer},ptr{pointer},ptr{pointer},ptr{pointer},ptr{pointer}	3	0.013519
kimwitu++	invoke	direct	0	0	0	0	1	-	void	ptr{pointer,sret},ptr{pointer},i64,ptr{pointer},i64,ptr{pointer}	ptr{pointer,sret},ptr{pointer},i64,ptr{pointer},i64,ptr{pointer}	3	0.013519
kimwitu++	call	direct	0	0	0	0	1	-	i32	ptr{pointer},i32,i32	ptr{pointer},i32,i32	2	0.009013
kimwitu++	call	direct	0	0	0	0	1	-	i32	ptr{pointer},i32	ptr{pointer},i32	2	0.009013
kimwitu++	call	direct	0	0	0	0	1	-	i64	ptr{pointer},i64,ptr{pointer}	ptr{pointer},i64,ptr{pointer}	2	0.009013
kimwitu++	call	direct	0	0	0	0	1	-	ptr{pointer}	ptr{pointer},i32,i32	ptr{pointer},i32,i32	2	0.009013
kimwitu++	call	direct	0	0	0	0	1	-	ptr{pointer}	ptr{pointer},ptr{pointer},i64	ptr{pointer},ptr{pointer},i64	2	0.009013
kimwitu++	call	direct	0	0	0	0	1	-	ptr{pointer}	ptr{pointer},ptr{pointer},ptr{pointer},i32,ptr{pointer}	ptr{pointer},ptr{pointer},ptr{pointer},i32,ptr{pointer}	2	0.009013
kimwitu++	call	direct	0	0	0	0	1	-	ptr{pointer}	ptr{pointer},ptr{pointer},ptr{pointer},ptr{pointer},i64	ptr{pointer},ptr{pointer},ptr{pointer},ptr{pointer},i64	2	0.009013
kimwitu++	call	direct	0	0	0	0	1	-	void	ptr{pointer},ptr{pointer},i1	ptr{pointer},ptr{pointer},i1	2	0.009013
kimwitu++	call	direct	0	0	0	0	1	-	void	ptr{pointer},ptr{pointer},ptr{pointer},ptr{pointer},ptr{pointer},ptr{pointer},ptr{pointer}	ptr{pointer},ptr{pointer},ptr{pointer},ptr{pointer},ptr{pointer},ptr{pointer},ptr{pointer}	2	0.009013
kimwitu++	call	direct	0	0	0	0	1	-	void	ptr{pointer},ptr{pointer},ptr{pointer},ptr{pointer}	ptr{pointer},ptr{pointer},ptr{pointer},ptr{pointer}	2	0.009013
kimwitu++	call	direct	0	1	0	0	1	-	i32	ptr{pointer},ptr{pointer,vararg}	ptr{pointer},ptr{pointer,vararg}	2	0.009013
kimwitu++	call	direct	0	1	0	0	1	-	i32	ptr{pointer},ptr{pointer},ptr{pointer,vararg},i32{vararg},ptr{pointer,vararg}	ptr{pointer},ptr{pointer},ptr{pointer,vararg},i32{vararg},ptr{pointer,vararg}	2	0.009013
kimwitu++	call	direct	0	1	0	0	1	-	i32	ptr{pointer},ptr{pointer},ptr{pointer,vararg},ptr{pointer,vararg},i32{vararg}	ptr{pointer},ptr{pointer},ptr{pointer,vararg},ptr{pointer,vararg},i32{vararg}	2	0.009013
kimwitu++	call	indirect	0	0	0	0	1	-	void	ptr{pointer},i32,ptr{pointer}	ptr{pointer},i32,ptr{pointer}	2	0.009013
kimwitu++	invoke	direct	0	0	0	0	1	-	i64	i64	i64	2	0.009013
kimwitu++	invoke	direct	0	0	0	0	1	-	ptr{pointer}	ptr{pointer},i64,ptr{pointer},ptr{pointer}	ptr{pointer},i64,ptr{pointer},ptr{pointer}	2	0.009013
kimwitu++	invoke	direct	0	0	0	0	1	-	ptr{pointer}	ptr{pointer},ptr{pointer},i64	ptr{pointer},ptr{pointer},i64	2	0.009013
kimwitu++	invoke	indirect	0	0	0	0	1	-	i32	ptr{pointer}	ptr{pointer}	2	0.009013
kimwitu++	call	direct	0	0	0	0	1	-	i1	ptr{pointer},[2 x i64],[2 x i64]	ptr{pointer},i64{consecutive},i64{consecutive,consecutive-last},i64{consecutive},i64{consecutive,consecutive-last}	1	0.004506
kimwitu++	call	direct	0	0	0	0	1	-	i1	ptr{pointer},ptr{pointer},ptr{pointer},ptr{pointer}	ptr{pointer},ptr{pointer},ptr{pointer},ptr{pointer}	1	0.004506
kimwitu++	call	direct	0	0	0	0	1	-	i32	i32,ptr{pointer},ptr{pointer}	i32,ptr{pointer},ptr{pointer}	1	0.004506
kimwitu++	call	direct	0	0	0	0	1	-	i64	i64,ptr{pointer}	i64,ptr{pointer}	1	0.004506
kimwitu++	call	direct	0	0	0	0	1	-	i64	ptr{pointer},[2 x i64]	ptr{pointer},i64{consecutive},i64{consecutive,consecutive-last}	1	0.004506
kimwitu++	call	direct	0	0	0	0	1	-	i64	ptr{pointer},ptr{pointer},i64,ptr{pointer}	ptr{pointer},ptr{pointer},i64,ptr{pointer}	1	0.004506
kimwitu++	call	direct	0	0	0	0	1	-	ptr{pointer}	[2 x ptr],[2 x ptr],ptr{pointer}	ptr{consecutive},ptr{consecutive,consecutive-last},ptr{consecutive},ptr{consecutive,consecutive-last},ptr{pointer}	1	0.004506
kimwitu++	call	direct	0	0	0	0	1	-	ptr{pointer}	double	double	1	0.004506
kimwitu++	call	direct	0	0	0	0	1	-	ptr{pointer}	ptr{pointer},i1	ptr{pointer},i1	1	0.004506
kimwitu++	call	direct	0	0	0	0	1	-	ptr{pointer}	ptr{pointer},i64,i64,ptr{pointer}	ptr{pointer},i64,i64,ptr{pointer}	1	0.004506
kimwitu++	call	direct	0	0	0	0	1	-	ptr{pointer}	ptr{pointer},i64,ptr{pointer},i64	ptr{pointer},i64,ptr{pointer},i64	1	0.004506
kimwitu++	call	direct	0	0	0	0	1	-	ptr{pointer}	ptr{pointer},i64,ptr{pointer},ptr{pointer}	ptr{pointer},i64,ptr{pointer},ptr{pointer}	1	0.004506
kimwitu++	call	direct	0	0	0	0	1	-	void	double,ptr{pointer},ptr{pointer}	double,ptr{pointer},ptr{pointer}	1	0.004506
kimwitu++	call	direct	0	0	0	0	1	-	void	ptr{pointer},i64,i64	ptr{pointer},i64,i64	1	0.004506
kimwitu++	call	direct	0	0	0	0	1	-	void	ptr{pointer},i64,ptr{pointer}	ptr{pointer},i64,ptr{pointer}	1	0.004506
kimwitu++	call	direct	0	0	0	0	1	-	void	ptr{pointer},ptr{pointer},i32	ptr{pointer},ptr{pointer},i32	1	0.004506
kimwitu++	call	direct	0	0	0	0	1	-	void	ptr{pointer},ptr{pointer},i64,ptr{pointer}	ptr{pointer},ptr{pointer},i64,ptr{pointer}	1	0.004506
kimwitu++	call	direct	0	0	0	0	1	-	void	ptr{pointer},ptr{pointer},ptr{pointer},i64,i64	ptr{pointer},ptr{pointer},ptr{pointer},i64,i64	1	0.004506
kimwitu++	call	direct	0	1	0	0	1	-	i32	ptr{pointer},ptr{pointer},double{vararg}	ptr{pointer},ptr{pointer},double{vararg}	1	0.004506
kimwitu++	call	direct	0	1	0	0	1	-	i32	ptr{pointer},ptr{pointer},i64{vararg}	ptr{pointer},ptr{pointer},i64{vararg}	1	0.004506
kimwitu++	call	direct	0	1	0	0	1	-	i32	ptr{pointer},ptr{pointer},ptr{pointer,vararg},double{vararg}	ptr{pointer},ptr{pointer},ptr{pointer,vararg},double{vararg}	1	0.004506
kimwitu++	call	direct	0	1	0	0	1	-	i32	ptr{pointer},ptr{pointer},ptr{pointer,vararg},i32{vararg},ptr{pointer,vararg},ptr{pointer,vararg},ptr{pointer,vararg},i32{vararg}	ptr{pointer},ptr{pointer},ptr{pointer,vararg},i32{vararg},ptr{pointer,vararg},ptr{pointer,vararg},ptr{pointer,vararg},i32{vararg}	1	0.004506
kimwitu++	call	direct	0	1	0	0	1	-	i32	ptr{pointer},ptr{pointer},ptr{pointer,vararg},i32{vararg},ptr{pointer,vararg},ptr{pointer,vararg},ptr{pointer,vararg},ptr{pointer,vararg},i32{vararg},ptr{pointer,vararg}	ptr{pointer},ptr{pointer},ptr{pointer,vararg},i32{vararg},ptr{pointer,vararg},ptr{pointer,vararg},ptr{pointer,vararg},ptr{pointer,vararg},i32{vararg},ptr{pointer,vararg}	1	0.004506
kimwitu++	call	direct	0	1	0	0	1	-	i32	ptr{pointer},ptr{pointer},ptr{pointer,vararg},i32{vararg},ptr{pointer,vararg},ptr{pointer,vararg}	ptr{pointer},ptr{pointer},ptr{pointer,vararg},i32{vararg},ptr{pointer,vararg},ptr{pointer,vararg}	1	0.004506
kimwitu++	call	direct	0	1	0	0	1	-	i32	ptr{pointer},ptr{pointer},ptr{pointer,vararg},ptr{pointer,vararg},ptr{pointer,vararg},i32{vararg},ptr{pointer,vararg}	ptr{pointer},ptr{pointer},ptr{pointer,vararg},ptr{pointer,vararg},ptr{pointer,vararg},i32{vararg},ptr{pointer,vararg}	1	0.004506
kimwitu++	call	indirect	0	0	0	0	1	-	void	[2 x i64]	i64{consecutive},i64{consecutive,consecutive-last}	1	0.004506
kimwitu++	invoke	direct	0	0	0	0	1	-	[2 x i64]	ptr{pointer},ptr{pointer},ptr{pointer}	ptr{pointer},ptr{pointer},ptr{pointer}	1	0.004506
kimwitu++	invoke	direct	0	0	0	0	1	-	i32	-	-	1	0.004506
kimwitu++	invoke	direct	0	0	0	0	1	-	i32	ptr{pointer},ptr{pointer}	ptr{pointer},ptr{pointer}	1	0.004506
kimwitu++	invoke	direct	0	0	0	0	1	-	i32	ptr{pointer}	ptr{pointer}	1	0.004506
kimwitu++	invoke	direct	0	0	0	0	1	-	i64	ptr{pointer},[2 x i64]	ptr{pointer},i64{consecutive},i64{consecutive,consecutive-last}	1	0.004506
kimwitu++	invoke	direct	0	0	0	0	1	-	i64	ptr{pointer},ptr{pointer},i64	ptr{pointer},ptr{pointer},i64	1	0.004506
kimwitu++	invoke	direct	0	0	0	0	1	-	i64	ptr{pointer},ptr{pointer}	ptr{pointer},ptr{pointer}	1	0.004506
kimwitu++	invoke	direct	0	0	0	0	1	-	ptr{pointer}	ptr{pointer},ptr{pointer},ptr{pointer}	ptr{pointer},ptr{pointer},ptr{pointer}	1	0.004506
kimwitu++	invoke	direct	0	0	0	0	1	-	void	ptr{pointer},double	ptr{pointer},double	1	0.004506
kimwitu++	invoke	direct	0	0	0	0	1	-	void	ptr{pointer},i1	ptr{pointer},i1	1	0.004506
kimwitu++	invoke	direct	0	0	0	0	1	-	void	ptr{pointer},i32,ptr{pointer}	ptr{pointer},i32,ptr{pointer}	1	0.004506
kimwitu++	invoke	direct	0	0	0	0	1	-	void	ptr{pointer},i32	ptr{pointer},i32	1	0.004506
kimwitu++	invoke	direct	0	0	0	0	1	-	void	ptr{pointer},i64,ptr{pointer},i64	ptr{pointer},i64,ptr{pointer},i64	1	0.004506
kimwitu++	invoke	direct	0	0	0	0	1	-	void	ptr{pointer},i64,ptr{pointer},ptr{pointer},ptr{pointer}	ptr{pointer},i64,ptr{pointer},ptr{pointer},ptr{pointer}	1	0.004506
kimwitu++	invoke	direct	0	0	0	0	1	-	void	ptr{pointer},i64,ptr{pointer},ptr{pointer}	ptr{pointer},i64,ptr{pointer},ptr{pointer}	1	0.004506
kimwitu++	invoke	direct	0	0	0	0	1	-	void	ptr{pointer},i64,ptr{pointer}	ptr{pointer},i64,ptr{pointer}	1	0.004506
kimwitu++	invoke	direct	0	0	0	0	1	-	void	ptr{pointer},ptr{pointer},i32	ptr{pointer},ptr{pointer},i32	1	0.004506
kimwitu++	invoke	direct	0	0	0	0	1	-	void	ptr{pointer},ptr{pointer},ptr{pointer},ptr{pointer},ptr{pointer},ptr{pointer},ptr{pointer},ptr{pointer}	ptr{pointer},ptr{pointer},ptr{pointer},ptr{pointer},ptr{pointer},ptr{pointer},ptr{pointer},ptr{pointer}	1	0.004506
kimwitu++	invoke	direct	0	0	0	0	1	-	void	ptr{pointer,sret},ptr{pointer}	ptr{pointer,sret},ptr{pointer}	1	0.004506
lencod	call	direct	0	0	0	0	1	-	void	ptr{pointer}	ptr{pointer}	682	13.969685
lencod	call	direct	0	0	0	0	1	-	i32	i32,i32	i32,i32	542	11.102007
lencod	call	direct	0	0	0	0	1	-	i32	i32	i32	359	7.353544
lencod	call	direct	0	0	0	0	1	-	void	ptr{pointer},i32	ptr{pointer},i32	244	4.997952
lencod	call	direct	0	0	0	0	1	-	void	-	-	225	4.608767
lencod	call	direct	0	0	0	0	1	-	i32	i32,i32,i32	i32,i32,i32	215	4.403933
lencod	call	direct	0	0	0	0	1	-	i32	ptr{pointer}	ptr{pointer}	153	3.133961
lencod	call	direct	0	0	0	0	1	-	i32	ptr{pointer},i32,ptr{pointer}	ptr{pointer},i32,ptr{pointer}	148	3.031544
lencod	call	direct	0	0	0	0	1	-	void	ptr{pointer},i16,ptr{pointer}	ptr{pointer},i16,ptr{pointer}	122	2.498976
lencod	call	direct	0	0	0	0	1	-	ptr{pointer}	i64,i64	i64,i64	119	2.437526
lencod	call	direct	0	0	0	0	1	-	void	ptr{pointer},ptr{pointer}	ptr{pointer},ptr{pointer}	119	2.437526
lencod	call	direct	0	1	0	0	1	-	i32	ptr{pointer},ptr{pointer}	ptr{pointer},ptr{pointer}	117	2.396559
lencod	call	direct	0	0	0	0	1	-	void	i32	i32	73	1.495289
lencod	call	direct	0	0	0	0	1	-	ptr{pointer}	i64	i64	66	1.351905
lencod	call	direct	0	0	0	0	1	-	i32	-	-	61	1.249488
lencod	call	direct	0	0	0	0	1	-	i32	ptr{pointer},i32,i32	ptr{pointer},i32,i32	55	1.126587
lencod	call	direct	0	0	0	0	1	-	i32	ptr{pointer},ptr{pointer}	ptr{pointer},ptr{pointer}	55	1.126587
lencod	call	direct	0	1	0	0	1	-	i32	ptr{pointer},ptr{pointer},i32{vararg}	ptr{pointer},ptr{pointer},i32{vararg}	55	1.126587
lencod	call	indirect	0	0	0	0	1	-	i32	ptr{pointer},i32,i32,i32,i32,i32	ptr{pointer},i32,i32,i32,i32,i32	49	1.003687
lencod	call	direct	0	1	0	0	1	-	i32	ptr{pointer},i64,ptr{pointer}	ptr{pointer},i64,ptr{pointer}	48	0.983204
lencod	call	direct	0	1	0	0	1	-	i32	ptr{pointer}	ptr{pointer}	46	0.942237
lencod	call	direct	0	1	0	0	1	-	i32	ptr{pointer},ptr{pointer},double{vararg}	ptr{pointer},ptr{pointer},double{vararg}	42	0.860303
lencod	call	direct	0	0	0	0	1	-	i32	ptr{pointer},i32,i32,i32	ptr{pointer},i32,i32,i32	41	0.839820
lencod	call	direct	0	0	0	0	1	-	void	i32,i32,i32,ptr{pointer}	i32,i32,i32,ptr{pointer}	41	0.839820
lencod	call	direct	0	1	0	0	1	-	i32	ptr{pointer},ptr{pointer},ptr{pointer,vararg}	ptr{pointer},ptr{pointer},ptr{pointer,vararg}	40	0.819336
lencod	call	indirect	0	0	0	0	1	-	i32	ptr{pointer},i32,i32,i32,i32,i32,i32,i32	ptr{pointer},i32,i32,i32,i32,i32,i32,i32	40	0.819336
lencod	call	indirect	0	0	0	0	1	-	ptr{pointer}	ptr{pointer},i32,i32	ptr{pointer},i32,i32	40	0.819336
lencod	call	direct	0	0	0	0	1	-	void	ptr{pointer},i32,i32	ptr{pointer},i32,i32	39	0.798853
lencod	call	direct	0	1	0	0	1	-	i32	ptr{pointer},ptr{pointer},i64{vararg}	ptr{pointer},ptr{pointer},i64{vararg}	39	0.798853
lencod	call	direct	0	0	0	0	1	-	double	double	double	38	0.778370
lencod	call	direct	0	0	0	0	1	-	double	ptr{pointer},ptr{pointer}	ptr{pointer},ptr{pointer}	34	0.696436
lencod	call	direct	0	0	0	0	1	-	ptr{pointer}	-	-	34	0.696436
lencod	call	indirect	0	0	0	0	1	-	void	i32,i32,i32,i32,ptr{pointer}	i32,i32,i32,i32,ptr{pointer}	27	0.553052
lencod	call	direct	0	0	0	0	1	-	i32	i32,ptr{pointer},i32,ptr{pointer}	i32,ptr{pointer},i32,ptr{pointer}	25	0.512085
lencod	call	direct	0	0	0	0	1	-	i32	ptr{pointer},i32,i32,i32,i32	ptr{pointer},i32,i32,i32,i32	24	0.491602
lencod	call	direct	0	0	0	0	1	-	i64	ptr{pointer}	ptr{pointer}	24	0.491602
lencod	call	direct	0	0	0	0	1	-	void	i32,i32	i32,i32	24	0.491602
lencod	call	direct	0	0	0	0	1	-	void	i32,i32,i32,ptr{pointer},ptr{pointer},ptr{pointer}	i32,i32,i32,ptr{pointer},ptr{pointer},ptr{pointer}	23	0.471118
lencod	call	direct	0	0	0	0	1	-	void	i32,i32,ptr{pointer}	i32,i32,ptr{pointer}	21	0.430152
lencod	call	direct	0	1	0	0	1	-	i32	ptr{pointer},ptr{pointer,vararg}	ptr{pointer},ptr{pointer,vararg}	21	0.430152
lencod	call	direct	0	0	0	0	1	-	ptr{pointer}	ptr{pointer},ptr{pointer}	ptr{pointer},ptr{pointer}	20	0.409668
lencod	call	direct	0	0	0	0	1	-	void	i32,i32,ptr{pointer},ptr{pointer}	i32,i32,ptr{pointer},ptr{pointer}	18	0.368701
lencod	call	direct	0	1	0	0	1	-	i32	ptr{pointer},i64,ptr{pointer},ptr{pointer,vararg}	ptr{pointer},i64,ptr{pointer},ptr{pointer,vararg}	18	0.368701
lencod	call	indirect	0	0	0	0	1	-	void	ptr{pointer},ptr{pointer}	ptr{pointer},ptr{pointer}	18	0.368701
lencod	call	direct	0	0	0	0	1	-	ptr{pointer}	i32	i32	16	0.327735
lencod	call	direct	0	0	0	0	1	-	void	ptr{pointer},i16	ptr{pointer},i16	16	0.327735
lencod	call	direct	0	0	0	0	1	-	double	double,double	double,double	15	0.307251
lencod	call	direct	0	0	0	0	1	-	i32	i32,ptr{pointer}	i32,ptr{pointer}	15	0.307251
lencod	call	direct	0	1	0	0	1	-	i32	ptr{pointer},i32{vararg}	ptr{pointer},i32{vararg}	14	0.286768
lencod	call	direct	0	0	0	0	1	-	void	ptr{pointer},ptr{pointer},ptr{pointer}	ptr{pointer},ptr{pointer},ptr{pointer}	13	0.266284
lencod	call	direct	0	1	0	0	1	-	i32	ptr{pointer},i64,ptr{pointer},i32{vararg}	ptr{pointer},i64,ptr{pointer},i32{vararg}	13	0.266284
lencod	call	direct	0	0	0	0	1	-	void	i32,i32,i32,i32,i32	i32,i32,i32,i32,i32	12	0.245801
lencod	call	direct	0	1	0	0	1	-	i32	ptr{pointer},ptr{pointer},double{vararg},double{vararg},double{vararg}	ptr{pointer},ptr{pointer},double{vararg},double{vararg},double{vararg}	12	0.245801
lencod	call	direct	0	0	0	0	1	-	ptr{pointer}	i32,i32,i32,i32,i32	i32,i32,i32,i32,i32	11	0.225317
lencod	call	direct	0	0	0	0	1	-	void	ptr{pointer},i64,i64,ptr{pointer}	ptr{pointer},i64,i64,ptr{pointer}	11	0.225317
lencod	call	direct	0	0	0	0	1	-	i32	ptr{pointer},i32	ptr{pointer},i32	10	0.204834
lencod	call	direct	0	0	0	0	1	-	void	ptr{pointer},i32,i32,i32	ptr{pointer},i32,i32,i32	10	0.204834
lencod	call	direct	0	1	0	0	1	-	i32	ptr{pointer},ptr{pointer},i64{vararg},double{vararg}	ptr{pointer},ptr{pointer},i64{vararg},double{vararg}	10	0.204834
lencod	call	indirect	0	0	0	0	1	-	i32	ptr{pointer}	ptr{pointer}	10	0.204834
lencod	call	direct	0	0	0	0	1	-	i64	ptr{pointer},i64,i64,ptr{pointer}	ptr{pointer},i64,i64,ptr{pointer}	9	0.184351
lencod	call	direct	0	1	0	0	1	-	i32	ptr{pointer},ptr{pointer},i32{vararg},i32{vararg}	ptr{pointer},ptr{pointer},i32{vararg},i32{vararg}	9	0.184351
lencod	call	direct	0	0	0	0	1	-	i32	i32,i32,i32,i32	i32,i32,i32,i32	8	0.163867
lencod	call	direct	0	0	0	0	1	-	void	i32,ptr{pointer},ptr{pointer},ptr{pointer},ptr{pointer},ptr{pointer}	i32,ptr{pointer},ptr{pointer},ptr{pointer},ptr{pointer},ptr{pointer}	8	0.163867
lencod	call	direct	0	0	0	0	1	-	void	ptr{pointer},i32,i32,i32,i32,i32,i32,i32	ptr{pointer},i32,i32,i32,i32,i32,i32,i32	8	0.163867
lencod	call	direct	0	0	0	0	1	-	void	ptr{pointer},ptr{pointer},i32,i32,i32,i32,i32	ptr{pointer},ptr{pointer},i32,i32,i32,i32,i32	8	0.163867
lencod	call	direct	0	0	0	0	1	-	void	ptr{pointer},ptr{pointer},ptr{pointer},ptr{pointer},ptr{pointer},i16,i32,ptr{pointer},ptr{pointer},ptr{pointer},i32	ptr{pointer},ptr{pointer},ptr{pointer},ptr{pointer},ptr{pointer},i16,i32,ptr{pointer},ptr{pointer},ptr{pointer},i32	8	0.163867
lencod	call	direct	0	1	0	0	1	-	i32	ptr{pointer},ptr{pointer},double{vararg},double{vararg}	ptr{pointer},ptr{pointer},double{vararg},double{vararg}	8	0.163867
lencod	call	indirect	0	0	0	0	1	-	i32	ptr{pointer},i32	ptr{pointer},i32	8	0.163867
lencod	call	direct	0	0	0	0	1	-	i32	ptr{pointer},i32,i32,i32,i32,i32	ptr{pointer},i32,i32,i32,i32,i32	7	0.143384
lencod	call	direct	0	0	0	0	1	-	i64	i32,ptr{pointer},i64	i32,ptr{pointer},i64	7	0.143384
lencod	call	direct	0	1	0	0	1	-	i32	ptr{pointer},i32{vararg},i32{vararg},i32{vararg},double{vararg},double{vararg},double{vararg},i32{vararg},i32{vararg},ptr{pointer,vararg},i32{vararg}	ptr{pointer},i32{vararg},i32{vararg},i32{vararg},double{vararg},double{vararg},double{vararg},i32{vararg},i32{vararg},ptr{pointer,vararg},i32{vararg}	7	0.143384
lencod	call	direct	0	0	0	0	1	-	i32	ptr{pointer},ptr{pointer},i64	ptr{pointer},ptr{pointer},i64	6	0.122900
lencod	call	direct	0	0	0	0	1	-	i64	i32,i64,i32	i32,i64,i32	6	0.122900
lencod	call	direct	0	0	0	0	1	-	ptr{pointer}	ptr{pointer},ptr{pointer},i64	ptr{pointer},ptr{pointer},i64	6	0.122900
lencod	call	direct	0	0	0	0	1	-	ptr{pointer}	ptr{pointer}	ptr{pointer}	6	0.122900
lencod	call	direct	0	0	0	0	1	-	void	i32,i32,i32,i32,i32,i16,i16	i32,i32,i32,i32,i32,i16,i16	6	0.122900
lencod	call	direct	0	0	0	0	1	-	void	i32,ptr{pointer},i32,ptr{pointer},ptr{pointer},i32	i32,ptr{pointer},i32,ptr{pointer},ptr{pointer},i32	6	0.122900
lencod	call	direct	0	0	0	0	1	-	void	i32,ptr{pointer},ptr{pointer},ptr{pointer},ptr{pointer},i32,i16,ptr{pointer}	i32,ptr{pointer},ptr{pointer},ptr{pointer},ptr{pointer},i32,i16,ptr{pointer}	6	0.122900
lencod	call	direct	0	0	0	0	1	-	void	i64,i64	i64,i64	6	0.122900
lencod	call	direct	0	0	0	0	1	-	void	ptr{pointer},i32,i32,i32,float	ptr{pointer},i32,i32,i32,float	6	0.122900
lencod	call	direct	0	0	0	0	1	-	void	ptr{pointer},i32,i32,i32,ptr{pointer}	ptr{pointer},i32,i32,i32,ptr{pointer}	6	0.122900
lencod	call	direct	0	0	0	0	1	-	void	ptr{pointer},i32,i32,ptr{pointer},i16,ptr{pointer}	ptr{pointer},i32,i32,ptr{pointer},i16,ptr{pointer}	6	0.122900
lencod	call	direct	0	0	0	0	1	-	void	ptr{pointer},ptr{pointer},i32,i32	ptr{pointer},ptr{pointer},i32,i32	6	0.122900
lencod	call	direct	0	0	0	0	1	-	void	ptr{pointer},ptr{pointer},ptr{pointer},i16,i32,i32,i32,i32,i32	ptr{pointer},ptr{pointer},ptr{pointer},i16,i32,i32,i32,i32,i32	6	0.122900
lencod	call	direct	0	0	0	0	1	-	void	ptr{pointer},ptr{pointer},ptr{pointer},i32,i32,i32,i32,i32,i32,i32,i32	ptr{pointer},ptr{pointer},ptr{pointer},i32,i32,i32,i32,i32,i32,i32,i32	6	0.122900
lencod	call	direct	0	1	0	0	1	-	i32	ptr{pointer},i64,ptr{pointer},i32{vararg},i32{vararg}	ptr{pointer},i64,ptr{pointer},i32{vararg},i32{vararg}	6	0.122900
lencod	call	direct	0	0	0	0	1	-	void	i64,ptr{pointer}	i64,ptr{pointer}	5	0.102417
lencod	call	direct	0	0	0	0	1	-	void	ptr{pointer},i32,ptr{pointer}	ptr{pointer},i32,ptr{pointer}	5	0.102417
lencod	call	direct	0	1	0	0	1	-	i32	ptr{pointer},i32{vararg},i32{vararg},i32{vararg},i32{vararg},double{vararg},double{vararg},double{vararg},i32{vararg},i32{vararg},ptr{pointer,vararg},i32{vararg},i32{vararg},i32{vararg},i32{vararg},i32{vararg}	ptr{pointer},i32{vararg},i32{vararg},i32{vararg},i32{vararg},double{vararg},double{vararg},double{vararg},i32{vararg},i32{vararg},ptr{pointer,vararg},i32{vararg},i32{vararg},i32{vararg},i32{vararg},i32{vararg}	5	0.102417
lencod	call	direct	0	1	0	0	1	-	i32	ptr{pointer},i32{vararg},i32{vararg}	ptr{pointer},i32{vararg},i32{vararg}	5	0.102417
lencod	call	indirect	0	0	0	0	1	-	void	-	-	5	0.102417
lencod	call	direct	0	0	0	0	1	-	double	double,double,double	double,double,double	4	0.081934
lencod	call	direct	0	0	0	0	1	-	double	i32	i32	4	0.081934
lencod	call	direct	0	0	0	0	1	-	i32	double,ptr{pointer}	double,ptr{pointer}	4	0.081934
lencod	call	direct	0	0	0	0	1	-	i32	i32,i32,i32,i32,i32,i32,i32	i32,i32,i32,i32,i32,i32,i32	4	0.081934
lencod	call	direct	0	0	0	0	1	-	i32	i32,i32,i32,i32,i32	i32,i32,i32,i32,i32	4	0.081934
lencod	call	direct	0	0	0	0	1	-	i32	i32,i32,ptr{pointer}	i32,i32,ptr{pointer}	4	0.081934
lencod	call	direct	0	0	0	0	1	-	i32	i32,ptr{pointer},i32	i32,ptr{pointer},i32	4	0.081934
lencod	call	direct	0	0	0	0	1	-	i32	ptr{pointer},i16,i32,i32,i32,i32,i16,i16,ptr{pointer},ptr{pointer},i32,i32,i32	ptr{pointer},i16,i32,i32,i32,i32,i16,i16,ptr{pointer},ptr{pointer},i32,i32,i32	4	0.081934
lencod	call	direct	0	0	0	0	1	-	i32	ptr{pointer},ptr{pointer},i32,i16,i32,i32,i16,i16	ptr{pointer},ptr{pointer},i32,i16,i32,i32,i16,i16	4	0.081934
lencod	call	direct	0	0	0	0	1	-	i32	ptr{pointer},ptr{pointer},i32,ptr{pointer},ptr{pointer}	ptr{pointer},ptr{pointer},i32,ptr{pointer},ptr{pointer}	4	0.081934
lencod	call	direct	0	0	0	0	1	-	i32	ptr{pointer},ptr{pointer},i32	ptr{pointer},ptr{pointer},i32	4	0.081934
lencod	call	direct	0	0	0	0	1	-	i32	ptr{pointer},ptr{pointer},ptr{pointer}	ptr{pointer},ptr{pointer},ptr{pointer}	4	0.081934
lencod	call	direct	0	0	0	0	1	-	i64	ptr{pointer},i64,ptr{pointer},ptr{pointer}	ptr{pointer},i64,ptr{pointer},ptr{pointer}	4	0.081934
lencod	call	direct	0	0	0	0	1	-	ptr{pointer}	ptr{pointer},i32	ptr{pointer},i32	4	0.081934
lencod	call	direct	0	0	0	0	1	-	void	i32,i8,i32,i32,i32,i32,i32	i32,i8,i32,i32,i32,i32,i32	4	0.081934
lencod	call	direct	0	0	0	0	1	-	void	i32,ptr{pointer},ptr{pointer},i32	i32,ptr{pointer},ptr{pointer},i32	4	0.081934
lencod	call	direct	0	0	0	0	1	-	void	ptr{pointer},i32,i32,i32,i32,i32,i32,i32,i32,i32,i32	ptr{pointer},i32,i32,i32,i32,i32,i32,i32,i32,i32,i32	4	0.081934
lencod	call	direct	0	0	0	0	1	-	void	ptr{pointer},ptr{pointer},i32,i32,i32,i32,i32,i32,i32	ptr{pointer},ptr{pointer},i32,i32,i32,i32,i32,i32,i32	4	0.081934
lencod	call	direct	0	1	0	0	1	-	i32	ptr{pointer},i64,ptr{pointer},ptr{pointer,vararg},ptr{pointer,vararg}	ptr{pointer},i64,ptr{pointer},ptr{pointer,vararg},ptr{pointer,vararg}	4	0.081934
lencod	call	direct	0	1	0	0	1	-	i32	ptr{pointer},ptr{pointer},i32{vararg},i32{vararg},i32{vararg}	ptr{pointer},ptr{pointer},i32{vararg},i32{vararg},i32{vararg}	4	0.081934
lencod	call	direct	0	0	0	0	1	-	i32	i32,i32,ptr{pointer},i32	i32,i32,ptr{pointer},i32	3	0.061450
lencod	call	direct	0	0	0	0	1	-	i32	ptr{pointer},i16,i32,i32,i32,i32,i16,i16,i16,i16,ptr{pointer},ptr{pointer},ptr{pointer},ptr{pointer},i32,i32,i32	ptr{pointer},i16,i32,i32,i32,i32,i16,i16,i16,i16,ptr{pointer},ptr{pointer},ptr{pointer},ptr{pointer},i32,i32,i32	3	0.061450
lencod	call	direct	0	0	0	0	1	-	i32	ptr{pointer},i16,i32,i32,i32,i32,i16,i16,ptr{pointer},ptr{pointer},i32,i32,i32,i32	ptr{pointer},i16,i32,i32,i32,i32,i16,i16,ptr{pointer},ptr{pointer},i32,i32,i32,i32	3	0.061450
lencod	call	direct	0	0	0	0	1	-	i32	ptr{pointer},i32,i32,ptr{pointer},ptr{pointer}	ptr{pointer},i32,i32,ptr{pointer},ptr{pointer}	3	0.061450
lencod	call	direct	0	0	0	0	1	-	i32	ptr{pointer},i64,i32	ptr{pointer},i64,i32	3	0.061450
lencod	call	direct	0	0	0	0	1	-	i32	ptr{pointer},ptr{pointer},i32,i32,i32,i32,i32	ptr{pointer},ptr{pointer},i32,i32,i32,i32,i32	3	0.061450
lencod	call	direct	0	0	0	0	1	-	ptr{pointer}	ptr{pointer},i32,i32	ptr{pointer},i32,i32	3	0.061450
lencod	call	direct	0	0	0	0	1	-	void	i32,i32,i32	i32,i32,i32	3	0.061450
lencod	call	direct	0	0	0	0	1	-	void	i32,ptr{pointer}	i32,ptr{pointer}	3	0.061450
lencod	call	direct	0	0	0	0	1	-	void	ptr{pointer},i32,i32,i32,i32,ptr{pointer}	ptr{pointer},i32,i32,i32,i32,ptr{pointer}	3	0.061450
lencod	call	direct	0	0	0	0	1	-	void	ptr{pointer},i32,ptr{pointer},i32	ptr{pointer},i32,ptr{pointer},i32	3	0.061450
lencod	call	direct	0	0	0	0	1	-	void	ptr{pointer},ptr{pointer},i32,i32,i32	ptr{pointer},ptr{pointer},i32,i32,i32	3	0.061450
lencod	call	direct	0	0	0	0	1	-	void	ptr{pointer},ptr{pointer},i32,ptr{pointer},ptr{pointer},ptr{pointer}	ptr{pointer},ptr{pointer},i32,ptr{pointer},ptr{pointer},ptr{pointer}	3	0.061450
lencod	call	direct	0	1	0	0	1	-	i32	ptr{pointer},ptr{pointer,vararg},ptr{pointer,vararg}	ptr{pointer},ptr{pointer,vararg},ptr{pointer,vararg}	3	0.061450
lencod	call	direct	0	1	0	0	1	-	i32	ptr{pointer},ptr{pointer},ptr{pointer,vararg},ptr{pointer,vararg}	ptr{pointer},ptr{pointer},ptr{pointer,vararg},ptr{pointer,vararg}	3	0.061450
lencod	call	indirect	0	0	0	0	1	-	void	i32,ptr{pointer},ptr{pointer}	i32,ptr{pointer},ptr{pointer}	3	0.061450
lencod	call	direct	0	0	0	0	1	-	double	-	-	2	0.040967
lencod	call	direct	0	0	0	0	1	-	i16	ptr{pointer},ptr{pointer},ptr{pointer},ptr{pointer},i32,i32,i16,ptr{pointer},ptr{pointer},ptr{pointer}	ptr{pointer},ptr{pointer},ptr{pointer},ptr{pointer},i32,i32,i16,ptr{pointer},ptr{pointer},ptr{pointer}	2	0.040967
lencod	call	direct	0	0	0	0	1	-	i32	double,i32,ptr{pointer},ptr{pointer},i32	double,i32,ptr{pointer},ptr{pointer},i32	2	0.040967
lencod	call	direct	0	0	0	0	1	-	i32	double	double	2	0.040967
lencod	call	direct	0	0	0	0	1	-	i32	i32,double,ptr{pointer}	i32,double,ptr{pointer}	2	0.040967
lencod	call	direct	0	0	0	0	1	-	i32	i32,i32,i16,i16,i32	i32,i32,i16,i16,i32	2	0.040967
lencod	call	direct	0	0	0	0	1	-	i32	ptr{pointer},i16,i32,i32,i32,i32,i16,i16,ptr{pointer},ptr{pointer},i32,i32,i32,ptr{pointer}	ptr{pointer},i16,i32,i32,i32,i32,i16,i16,ptr{pointer},ptr{pointer},i32,i32,i32,ptr{pointer}	2	0.040967
lencod	call	direct	0	0	0	0	1	-	i32	ptr{pointer},i16,i32,i32,i32,i32,i16,i16,ptr{pointer},ptr{pointer},ptr{pointer},ptr{pointer},i32,i32,i32,ptr{pointer}	ptr{pointer},i16,i32,i32,i32,i32,i16,i16,ptr{pointer},ptr{pointer},ptr{pointer},ptr{pointer},i32,i32,i32,ptr{pointer}	2	0.040967
lencod	call	direct	0	0	0	0	1	-	i32	ptr{pointer},i16,i32,i32,i32,i32,ptr{pointer},ptr{pointer},ptr{pointer},ptr{pointer},i32,i32,i32,ptr{pointer}	ptr{pointer},i16,i32,i32,i32,i32,ptr{pointer},ptr{pointer},ptr{pointer},ptr{pointer},i32,i32,i32,ptr{pointer}	2	0.040967
lencod	call	direct	0	0	0	0	1	-	i64	i64,i64	i64,i64	2	0.040967
lencod	call	direct	0	0	0	0	1	-	ptr{pointer}	i32,i32,i32	i32,i32,i32	2	0.040967
lencod	call	direct	0	0	0	0	1	-	void	i16,i32,i32,i32,i32,ptr{pointer}	i16,i32,i32,i32,i32,ptr{pointer}	2	0.040967
lencod	call	direct	0	0	0	0	1	-	void	i16,ptr{pointer},i16	i16,ptr{pointer},i16	2	0.040967
lencod	call	direct	0	0	0	0	1	-	void	i16	i16	2	0.040967
lencod	call	direct	0	0	0	0	1	-	void	i32,float,float,float	i32,float,float,float	2	0.040967
lencod	call	direct	0	0	0	0	1	-	void	i32,i32,i32,i32,i32,i32,i32	i32,i32,i32,i32,i32,i32,i32	2	0.040967
lencod	call	direct	0	0	0	0	1	-	void	i32,i32,i32,ptr{pointer},i32,ptr{pointer}	i32,i32,i32,ptr{pointer},i32,ptr{pointer}	2	0.040967
lencod	call	direct	0	0	0	0	1	-	void	i32,i32,ptr{pointer},ptr{pointer},ptr{pointer}	i32,i32,ptr{pointer},ptr{pointer},ptr{pointer}	2	0.040967
lencod	call	direct	0	0	0	0	1	-	void	ptr{pointer},i32,i32,i32,i32,i32	ptr{pointer},i32,i32,i32,i32,i32	2	0.040967
lencod	call	direct	0	0	0	0	1	-	void	ptr{pointer},i32,i32,i32,i32	ptr{pointer},i32,i32,i32,i32	2	0.040967
lencod	call	direct	0	0	0	0	1	-	void	ptr{pointer},i32,i32,ptr{pointer}	ptr{pointer},i32,i32,ptr{pointer}	2	0.040967
lencod	call	direct	0	0	0	0	1	-	void	ptr{pointer},i32,ptr{pointer},ptr{pointer},ptr{pointer},i32	ptr{pointer},i32,ptr{pointer},ptr{pointer},ptr{pointer},i32	2	0.040967
lencod	call	direct	0	0	0	0	1	-	void	ptr{pointer},ptr{pointer},i32,i32,i32,i32	ptr{pointer},ptr{pointer},i32,i32,i32,i32	2	0.040967
lencod	call	direct	0	0	0	0	1	-	void	ptr{pointer},ptr{pointer},ptr{pointer},i16,i32,i32,i32,i32,i32,ptr{pointer}	ptr{pointer},ptr{pointer},ptr{pointer},i16,i32,i32,i32,i32,i32,ptr{pointer}	2	0.040967
lencod	call	direct	0	0	0	0	1	-	void	ptr{pointer},ptr{pointer},ptr{pointer},i32	ptr{pointer},ptr{pointer},ptr{pointer},i32	2	0.040967
lencod	call	direct	0	1	0	0	1	-	i32	ptr{pointer},i64,ptr{pointer},ptr{pointer,vararg},i32{vararg},i32{vararg}	ptr{pointer},i64,ptr{pointer},ptr{pointer,vararg},i32{vararg},i32{vararg}	2	0.040967
lencod	call	direct	0	1	0	0	1	-	i32	ptr{pointer},ptr{pointer},i32{vararg},ptr{pointer,vararg}	ptr{pointer},ptr{pointer},i32{vararg},ptr{pointer,vararg}	2	0.040967
lencod	call	direct	0	1	0	0	1	-	i32	ptr{pointer},ptr{pointer},i64{vararg},i64{vararg},i64{vararg},i32{vararg}	ptr{pointer},ptr{pointer},i64{vararg},i64{vararg},i64{vararg},i32{vararg}	2	0.040967
lencod	call	direct	0	1	0	0	1	-	i32	ptr{pointer},ptr{pointer},ptr{pointer,vararg},i32{vararg},i32{vararg},i32{vararg}	ptr{pointer},ptr{pointer},ptr{pointer,vararg},i32{vararg},i32{vararg},i32{vararg}	2	0.040967
lencod	call	indirect	0	0	0	0	1	-	void	ptr{pointer},i32,i32,ptr{pointer},i32,i16,i32,i32	ptr{pointer},i32,i32,ptr{pointer},i32,i16,i32,i32	2	0.040967
lencod	call	direct	0	0	0	0	1	-	double	ptr{pointer},i32,i32,double,double,i32	ptr{pointer},i32,i32,double,double,i32	1	0.020483
lencod	call	direct	0	0	0	0	1	-	double	ptr{pointer},i32,i32,i32,double,double,i32	ptr{pointer},i32,i32,i32,double,double,i32	1	0.020483
lencod	call	direct	0	0	0	0	1	-	double	ptr{pointer},ptr{pointer},double,i32,i32,i16,i16,i16	ptr{pointer},ptr{pointer},double,i32,i32,i16,i16,i16	1	0.020483
lencod	call	direct	0	0	0	0	1	-	i16	i16	i16	1	0.020483
lencod	call	direct	0	0	0	0	1	-	i32	double,double,i32,i32,double	double,double,i32,i32,double	1	0.020483
lencod	call	direct	0	0	0	0	1	-	i32	float,float,i32,i32,double	float,float,i32,i32,double	1	0.020483
lencod	call	direct	0	0	0	0	1	-	i32	i16,i32,i32,i32,i32,i32,ptr{pointer}	i16,i32,i32,i32,i32,i32,ptr{pointer}	1	0.020483
lencod	call	direct	0	0	0	0	1	-	i32	i32,i32,double,ptr{pointer}	i32,i32,double,ptr{pointer}	1	0.020483
lencod	call	direct	0	0	0	0	1	-	i32	i32,i32,i16,i16,i32,i32	i32,i32,i16,i16,i32,i32	1	0.020483
lencod	call	direct	0	0	0	0	1	-	i32	i64,ptr{pointer}	i64,ptr{pointer}	1	0.020483
lencod	call	direct	0	0	0	0	1	-	i32	ptr{pointer},i16,i32,i32,i32,i32,ptr{pointer},ptr{pointer},i32,i32,i32,ptr{pointer}	ptr{pointer},i16,i32,i32,i32,i32,ptr{pointer},ptr{pointer},i32,i32,i32,ptr{pointer}	1	0.020483
lencod	call	direct	0	0	0	0	1	-	i32	ptr{pointer},i16,i32,i32,ptr{pointer},ptr{pointer},i32,i32,i32,ptr{pointer},ptr{pointer},i32,i32,i32	ptr{pointer},i16,i32,i32,ptr{pointer},ptr{pointer},i32,i32,i32,ptr{pointer},ptr{pointer},i32,i32,i32	1	0.020483
lencod	call	direct	0	0	0	0	1	-	i32	ptr{pointer},i16,i32,i32,ptr{pointer},ptr{pointer},i32,i32,i32,ptr{pointer},ptr{pointer},ptr{pointer},ptr{pointer},i32,i32,i32	ptr{pointer},i16,i32,i32,ptr{pointer},ptr{pointer},i32,i32,i32,ptr{pointer},ptr{pointer},ptr{pointer},ptr{pointer},i32,i32,i32	1	0.020483
lencod	call	direct	0	0	0	0	1	-	i32	ptr{pointer},i32,i32,i32,i32,i32,i32	ptr{pointer},i32,i32,i32,i32,i32,i32	1	0.020483
lencod	call	direct	0	0	0	0	1	-	i32	ptr{pointer},i32,ptr{pointer},i32	ptr{pointer},i32,ptr{pointer},i32	1	0.020483
lencod	call	direct	0	0	0	0	1	-	i8	ptr{pointer},i32,i32	ptr{pointer},i32,i32	1	0.020483
lencod	call	direct	0	0	0	0	1	-	void	i16,i32	i16,i32	1	0.020483
lencod	call	direct	0	0	0	0	1	-	void	i32,i16,i32,i32,i32,i32,i32,ptr{pointer},i32,ptr{pointer}	i32,i16,i32,i32,i32,i32,i32,ptr{pointer},i32,ptr{pointer}	1	0.020483
lencod	call	direct	0	0	0	0	1	-	void	i32,i32,i16,i32,i32,ptr{pointer},ptr{pointer},i32,i32,i32,i32,i32,i32,i32,i32	i32,i32,i16,i32,i32,ptr{pointer},ptr{pointer},i32,i32,i32,i32,i32,i32,i32,i32	1	0.020483
lencod	call	direct	0	0	0	0	1	-	void	i32,i32,i32,i32,i16,i16,i32	i32,i32,i32,i32,i16,i16,i32	1	0.020483
lencod	call	direct	0	0	0	0	1	-	void	i32,i32,i32,i32,i32,i32,i16,i16	i32,i32,i32,i32,i32,i32,i16,i16	1	0.020483
lencod	call	direct	0	0	0	0	1	-	void	i32,i32,i32,i32,i32,i32,i32,i32	i32,i32,i32,i32,i32,i32,i32,i32	1	0.020483
lencod	call	direct	0	0	0	0	1	-	void	i32,i32,i32,i32,i32,i32	i32,i32,i32,i32,i32,i32	1	0.020483
lencod	call	direct	0	0	0	0	1	-	void	i32,i32,i32,i32,i32,ptr{pointer},ptr{pointer}	i32,i32,i32,i32,i32,ptr{pointer},ptr{pointer}	1	0.020483
lencod	call	direct	0	0	0	0	1	-	void	i32,i32,i32,i32	i32,i32,i32,i32	1	0.020483
lencod	call	direct	0	0	0	0	1	-	void	i32,i32,ptr{pointer},i32	i32,i32,ptr{pointer},i32	1	0.020483
lencod	call	direct	0	0	0	0	1	-	void	i64,ptr{pointer},ptr{pointer},ptr{pointer}	i64,ptr{pointer},ptr{pointer},ptr{pointer}	1	0.020483
lencod	call	direct	0	0	0	0	1	-	void	ptr{pointer},double	ptr{pointer},double	1	0.020483
lencod	call	direct	0	0	0	0	1	-	void	ptr{pointer},i32,i32,ptr{pointer},ptr{pointer}	ptr{pointer},i32,i32,ptr{pointer},ptr{pointer}	1	0.020483
lencod	call	direct	0	0	0	0	1	-	void	ptr{pointer},i32,ptr{pointer},i32,i32	ptr{pointer},i32,ptr{pointer},i32,i32	1	0.020483
lencod	call	direct	0	0	0	0	1	-	void	ptr{pointer},ptr{pointer},i32,ptr{pointer},i32	ptr{pointer},ptr{pointer},i32,ptr{pointer},i32	1	0.020483
lencod	call	direct	0	0	0	0	1	-	void	ptr{pointer},ptr{pointer},i32,ptr{pointer}	ptr{pointer},ptr{pointer},i32,ptr{pointer}	1	0.020483
lencod	call	direct	0	1	0	0	1	-	i32	ptr{pointer},i32,i32{vararg}	ptr{pointer},i32,i32{vararg}	1	0.020483
lencod	call	direct	0	1	0	0	1	-	i32	ptr{pointer},i32	ptr{pointer},i32	1	0.020483
lencod	call	direct	0	1	0	0	1	-	i32	ptr{pointer},i32{vararg},i32{vararg},double{vararg},double{vararg},double{vararg},i32{vararg},i32{vararg},ptr{pointer,vararg},i32{vararg}	ptr{pointer},i32{vararg},i32{vararg},double{vararg},double{vararg},double{vararg},i32{vararg},i32{vararg},ptr{pointer,vararg},i32{vararg}	1	0.020483
lencod	call	direct	0	1	0	0	1	-	i32	ptr{pointer},i32{vararg},i32{vararg},i32{vararg},i32{vararg},double{vararg},double{vararg},double{vararg},i32{vararg},i32{vararg},ptr{pointer,vararg},i32{vararg},i32{vararg},i32{vararg},i32{vararg},i32{vararg},i32{vararg}	ptr{pointer},i32{vararg},i32{vararg},i32{vararg},i32{vararg},double{vararg},double{vararg},double{vararg},i32{vararg},i32{vararg},ptr{pointer,vararg},i32{vararg},i32{vararg},i32{vararg},i32{vararg},i32{vararg},i32{vararg}	1	0.020483
lencod	call	direct	0	1	0	0	1	-	i32	ptr{pointer},i32{vararg},i32{vararg},i32{vararg}	ptr{pointer},i32{vararg},i32{vararg},i32{vararg}	1	0.020483
lencod	call	direct	0	1	0	0	1	-	i32	ptr{pointer},i64,ptr{pointer},i32{vararg},i32{vararg},i32{vararg}	ptr{pointer},i64,ptr{pointer},i32{vararg},i32{vararg},i32{vararg}	1	0.020483
lencod	call	direct	0	1	0	0	1	-	i32	ptr{pointer},i64,ptr{pointer},i32{vararg},ptr{pointer,vararg}	ptr{pointer},i64,ptr{pointer},i32{vararg},ptr{pointer,vararg}	1	0.020483
lencod	call	direct	0	1	0	0	1	-	i32	ptr{pointer},i64,ptr{pointer},i64{vararg},ptr{pointer,vararg}	ptr{pointer},i64,ptr{pointer},i64{vararg},ptr{pointer,vararg}	1	0.020483
lencod	call	direct	0	1	0	0	1	-	i32	ptr{pointer},i64,ptr{pointer},ptr{pointer,vararg},double{vararg},double{vararg}	ptr{pointer},i64,ptr{pointer},ptr{pointer,vararg},double{vararg},double{vararg}	1	0.020483
lencod	call	direct	0	1	0	0	1	-	i32	ptr{pointer},i64,ptr{pointer},ptr{pointer,vararg},double{vararg}	ptr{pointer},i64,ptr{pointer},ptr{pointer,vararg},double{vararg}	1	0.020483
lencod	call	direct	0	1	0	0	1	-	i32	ptr{pointer},i64,ptr{pointer},ptr{pointer,vararg},i32{vararg}	ptr{pointer},i64,ptr{pointer},ptr{pointer,vararg},i32{vararg}	1	0.020483
lencod	call	direct	0	1	0	0	1	-	i32	ptr{pointer},i64{vararg},i32{vararg}	ptr{pointer},i64{vararg},i32{vararg}	1	0.020483
lencod	call	direct	0	1	0	0	1	-	i32	ptr{pointer},ptr{pointer,vararg},double{vararg}	ptr{pointer},ptr{pointer,vararg},double{vararg}	1	0.020483
lencod	call	direct	0	1	0	0	1	-	i32	ptr{pointer},ptr{pointer,vararg},i32{vararg}	ptr{pointer},ptr{pointer,vararg},i32{vararg}	1	0.020483
lencod	call	direct	0	1	0	0	1	-	i32	ptr{pointer},ptr{pointer},i32{vararg},i32{vararg},i32{vararg},double{vararg},double{vararg},double{vararg},i64{vararg},double{vararg},double{vararg},double{vararg},i32{vararg},double{vararg},double{vararg},double{vararg},i64{vararg},i32{vararg},double{vararg}	ptr{pointer},ptr{pointer},i32{vararg},i32{vararg},i32{vararg},double{vararg},double{vararg},double{vararg},i64{vararg},double{vararg},double{vararg},double{vararg},i32{vararg},double{vararg},double{vararg},double{vararg},i64{vararg},i32{vararg},double{vararg}	1	0.020483
lencod	call	direct	0	1	0	0	1	-	i32	ptr{pointer},ptr{pointer},i32{vararg},i32{vararg},i32{vararg},double{vararg},double{vararg},double{vararg},i64{vararg},double{vararg},double{vararg},double{vararg},i32{vararg},double{vararg},double{vararg},double{vararg},i64{vararg},i64{vararg},double{vararg}	ptr{pointer},ptr{pointer},i32{vararg},i32{vararg},i32{vararg},double{vararg},double{vararg},double{vararg},i64{vararg},double{vararg},double{vararg},double{vararg},i32{vararg},double{vararg},double{vararg},double{vararg},i64{vararg},i64{vararg},double{vararg}	1	0.020483
lencod	call	direct	0	1	0	0	1	-	i32	ptr{pointer},ptr{pointer},i32{vararg},i32{vararg},i32{vararg},i32{vararg}	ptr{pointer},ptr{pointer},i32{vararg},i32{vararg},i32{vararg},i32{vararg}	1	0.020483
lencod	call	direct	0	1	0	0	1	-	i32	ptr{pointer},ptr{pointer},i64{vararg},i64{vararg},i64{vararg},i64{vararg},i32{vararg}	ptr{pointer},ptr{pointer},i64{vararg},i64{vararg},i64{vararg},i64{vararg},i32{vararg}	1	0.020483
lencod	call	indirect	0	0	0	0	1	-	i32	i32	i32	1	0.020483
lencod	call	indirect	0	0	0	0	1	-	void	i32,i32,ptr{pointer},ptr{pointer}	i32,i32,ptr{pointer},ptr{pointer}	1	0.020483
mafft	call	direct	0	0	0	0	1	-	void	ptr{pointer}	ptr{pointer}	752	20.280475
mafft	call	direct	0	0	0	0	1	-	ptr{pointer}	i32	i32	444	11.974110
mafft	call	direct	0	0	0	0	1	-	ptr{pointer}	i32,i32	i32,i32	268	7.227616
mafft	call	direct	0	1	0	0	1	-	i32	ptr{pointer},ptr{pointer}	ptr{pointer},ptr{pointer}	222	5.987055
mafft	call	direct	0	0	0	0	1	-	i64	ptr{pointer}	ptr{pointer}	207	5.582524
mafft	call	direct	0	0	0	0	1	-	ptr{pointer}	ptr{pointer},ptr{pointer}	ptr{pointer},ptr{pointer}	167	4.503776
mafft	call	direct	0	0	0	0	1	-	i32	ptr{pointer}	ptr{pointer}	157	4.234088
mafft	call	direct	0	0	0	0	1	-	ptr{pointer}	ptr{pointer},i32,ptr{pointer}	ptr{pointer},i32,ptr{pointer}	112	3.020496
mafft	call	direct	0	0	0	0	1	-	void	ptr{pointer},i32,ptr{pointer},ptr{pointer},i32	ptr{pointer},i32,ptr{pointer},ptr{pointer},i32	98	2.642934
mafft	call	direct	0	0	0	0	1	-	void	i32	i32	95	2.562028
mafft	call	direct	0	0	0	0	1	-	i32	ptr{pointer},ptr{pointer},i64	ptr{pointer},ptr{pointer},i64	91	2.454153
mafft	call	direct	0	1	0	0	1	-	i32	ptr{pointer},ptr{pointer},i32{vararg}	ptr{pointer},ptr{pointer},i32{vararg}	91	2.454153
mafft	call	direct	0	0	0	0	1	-	ptr{pointer}	i64,i64	i64,i64	89	2.400216
mafft	call	direct	0	1	0	0	1	-	i32	ptr{pointer},ptr{pointer},i32{vararg},i32{vararg}	ptr{pointer},ptr{pointer},i32{vararg},i32{vararg}	61	1.645092
mafft	call	direct	0	1	0	0	1	-	i32	ptr{pointer},ptr{pointer},ptr{pointer,vararg}	ptr{pointer},ptr{pointer},ptr{pointer,vararg}	51	1.375405
mafft	call	direct	0	0	0	0	1	-	void	ptr{pointer},ptr{pointer},ptr{pointer},i32,i32,ptr{pointer},ptr{pointer},i32	ptr{pointer},ptr{pointer},ptr{pointer},i32,i32,ptr{pointer},ptr{pointer},i32	48	1.294498
mafft	call	direct	0	0	0	0	1	-	void	ptr{pointer},ptr{pointer},ptr{pointer},i32,i32	ptr{pointer},ptr{pointer},ptr{pointer},i32,i32	43	1.159655
mafft	call	direct	0	1	0	0	1	-	i32	ptr{pointer},ptr{pointer},double{vararg}	ptr{pointer},ptr{pointer},double{vararg}	41	1.105717
mafft	call	direct	0	0	0	0	1	-	void	ptr{pointer},i32,ptr{pointer},ptr{pointer},i32,ptr{pointer},ptr{pointer}	ptr{pointer},i32,ptr{pointer},ptr{pointer},i32,ptr{pointer},ptr{pointer}	40	1.078749
mafft	call	direct	0	0	0	0	1	-	void	ptr{pointer},i32,ptr{pointer},ptr{pointer},i32,ptr{pointer}	ptr{pointer},i32,ptr{pointer},ptr{pointer},i32,ptr{pointer}	28	0.755124
mafft	call	direct	0	0	0	0	1	-	void	ptr{pointer},ptr{pointer},ptr{pointer}	ptr{pointer},ptr{pointer},ptr{pointer}	28	0.755124
mafft	call	direct	0	1	0	0	1	-	i32	ptr{pointer},ptr{pointer},i32{vararg},i32{vararg},i32{vararg}	ptr{pointer},ptr{pointer},i32{vararg},i32{vararg},i32{vararg}	23	0.620280
mafft	call	direct	0	1	0	0	1	-	i32	ptr{pointer},ptr{pointer},i32{vararg},ptr{pointer,vararg}	ptr{pointer},ptr{pointer},i32{vararg},ptr{pointer,vararg}	22	0.593312
mafft	call	direct	0	0	0	0	1	-	ptr{pointer}	ptr{pointer},i64	ptr{pointer},i64	18	0.485437
mafft	call	direct	0	0	0	0	1	-	ptr{pointer}	ptr{pointer},ptr{pointer},i64	ptr{pointer},ptr{pointer},i64	18	0.485437
mafft	call	direct	0	0	0	0	1	-	double	ptr{pointer}	ptr{pointer}	17	0.458468
mafft	call	direct	0	0	0	0	1	-	ptr{pointer}	-	-	17	0.458468
mafft	call	direct	0	0	0	0	1	-	void	i32,ptr{pointer}	i32,ptr{pointer}	17	0.458468
mafft	call	direct	0	0	0	0	1	-	void	ptr{pointer},i32	ptr{pointer},i32	17	0.458468
mafft	call	direct	0	0	0	0	1	-	ptr{pointer}	ptr{pointer},i32	ptr{pointer},i32	16	0.431499
mafft	call	direct	0	0	0	0	1	-	i32	ptr{pointer},i32,ptr{pointer}	ptr{pointer},i32,ptr{pointer}	15	0.404531
mafft	call	direct	0	0	0	0	1	-	ptr{pointer}	i64	i64	14	0.377562
mafft	call	direct	0	0	0	0	1	-	i32	i32,ptr{pointer},i32	i32,ptr{pointer},i32	12	0.323625
mafft	call	direct	0	0	0	0	1	-	void	i32,i32,ptr{pointer}	i32,i32,ptr{pointer}	12	0.323625
mafft	call	direct	0	0	0	0	1	-	void	ptr{pointer},double,ptr{pointer}	ptr{pointer},double,ptr{pointer}	12	0.323625
mafft	call	direct	0	0	0	0	1	-	void	ptr{pointer},i32,i32	ptr{pointer},i32,i32	12	0.323625
mafft	call	direct	0	0	0	0	1	-	void	ptr{pointer},ptr{pointer},i32,i32	ptr{pointer},ptr{pointer},i32,i32	12	0.323625
mafft	call	direct	0	0	0	0	1	-	float	ptr{pointer},ptr{pointer},i32	ptr{pointer},ptr{pointer},i32	11	0.296656
mafft	call	direct	0	0	0	0	1	-	i32	i32,ptr{pointer}	i32,ptr{pointer}	11	0.296656
mafft	call	direct	0	1	0	0	1	-	i32	ptr{pointer},ptr{pointer},ptr{pointer,vararg},ptr{pointer,vararg},ptr{pointer,vararg}	ptr{pointer},ptr{pointer},ptr{pointer,vararg},ptr{pointer,vararg},ptr{pointer,vararg}	11	0.296656
mafft	call	direct	0	0	0	0	1	-	float	ptr{pointer},ptr{pointer},ptr{pointer},ptr{pointer},ptr{pointer},ptr{pointer},ptr{pointer},ptr{pointer},ptr{pointer},i32,i32	ptr{pointer},ptr{pointer},ptr{pointer},ptr{pointer},ptr{pointer},ptr{pointer},ptr{pointer},ptr{pointer},ptr{pointer},i32,i32	10	0.269687
mafft	call	direct	0	0	0	0	1	-	i32	ptr{pointer},ptr{pointer}	ptr{pointer},ptr{pointer}	9	0.242718
mafft	call	direct	0	0	0	0	1	-	void	-	-	9	0.242718
mafft	call	direct	0	0	0	0	1	-	double	double	double	8	0.215750
mafft	call	direct	0	0	0	0	1	-	float	i32,i32	i32,i32	8	0.215750
mafft	call	direct	0	0	0	0	1	-	i32	i32	i32	8	0.215750
mafft	call	direct	0	0	0	0	1	-	ptr{pointer}	ptr{pointer}	ptr{pointer}	7	0.188781
mafft	call	direct	0	0	0	0	1	-	void	i32,ptr{pointer},ptr{pointer}	i32,ptr{pointer},ptr{pointer}	7	0.188781
mafft	call	direct	0	1	0	0	1	-	i32	ptr{pointer},ptr{pointer},ptr{pointer,vararg},ptr{pointer,vararg}	ptr{pointer},ptr{pointer},ptr{pointer,vararg},ptr{pointer,vararg}	7	0.188781
mafft	call	direct	0	0	0	0	1	-	float	ptr{pointer},ptr{pointer},ptr{pointer},ptr{pointer},i32,i32,i32,ptr{pointer},ptr{pointer},ptr{pointer},ptr{pointer},ptr{pointer},ptr{pointer}	ptr{pointer},ptr{pointer},ptr{pointer},ptr{pointer},i32,i32,i32,ptr{pointer},ptr{pointer},ptr{pointer},ptr{pointer},ptr{pointer},ptr{pointer}	6	0.161812
mafft	call	direct	0	0	0	0	1	-	i32	double	double	6	0.161812
mafft	call	direct	0	0	0	0	1	-	void	ptr{pointer},i32,i32,i32,ptr{pointer}	ptr{pointer},i32,i32,i32,ptr{pointer}	6	0.161812
mafft	call	direct	0	0	0	0	1	-	void	ptr{pointer},i32,i32,ptr{pointer}	ptr{pointer},i32,i32,ptr{pointer}	6	0.161812
mafft	call	direct	0	0	0	0	1	-	void	ptr{pointer},ptr{pointer},ptr{pointer},double,ptr{pointer}	ptr{pointer},ptr{pointer},ptr{pointer},double,ptr{pointer}	6	0.161812
mafft	call	direct	0	0	0	0	1	-	void	ptr{pointer},ptr{pointer}	ptr{pointer},ptr{pointer}	6	0.161812
mafft	call	direct	0	1	0	0	1	-	i32	ptr{pointer},ptr{pointer},ptr{pointer,vararg},double{vararg},ptr{pointer,vararg},double{vararg}	ptr{pointer},ptr{pointer},ptr{pointer,vararg},double{vararg},ptr{pointer,vararg},double{vararg}	6	0.161812
mafft	call	direct	0	0	0	0	1	-	float	ptr{pointer},i32	ptr{pointer},i32	5	0.134844
mafft	call	direct	0	0	0	0	1	-	void	ptr{pointer},ptr{pointer},ptr{pointer},i32,i32,i32,i32	ptr{pointer},ptr{pointer},ptr{pointer},i32,i32,i32,i32	5	0.134844
mafft	call	direct	0	0	0	0	1	-	double	ptr{pointer},i32,ptr{pointer},i32	ptr{pointer},i32,ptr{pointer},i32	4	0.107875
mafft	call	direct	0	0	0	0	1	-	float	ptr{pointer},float,ptr{pointer},i32,i32	ptr{pointer},float,ptr{pointer},i32,i32	4	0.107875
mafft	call	direct	0	0	0	0	1	-	float	ptr{pointer},ptr{pointer},ptr{pointer},ptr{pointer},i32,i32,i32,ptr{pointer},ptr{pointer},ptr{pointer},ptr{pointer}	ptr{pointer},ptr{pointer},ptr{pointer},ptr{pointer},i32,i32,i32,ptr{pointer},ptr{pointer},ptr{pointer},ptr{pointer}	4	0.107875
mafft	call	direct	0	0	0	0	1	-	i32	i32,i32,ptr{pointer},ptr{pointer},ptr{pointer},ptr{pointer},ptr{pointer}	i32,i32,ptr{pointer},ptr{pointer},ptr{pointer},ptr{pointer},ptr{pointer}	4	0.107875
mafft	call	direct	0	0	0	0	1	-	i32	ptr{pointer},i32,ptr{pointer},i32	ptr{pointer},i32,ptr{pointer},i32	4	0.107875
mafft	call	direct	0	0	0	0	1	-	ptr{pointer}	ptr{pointer},i32,i32,i32	ptr{pointer},i32,i32,i32	4	0.107875
mafft	call	direct	0	0	0	0	1	-	void	i32,i32,i32,ptr{pointer},ptr{pointer},ptr{pointer},ptr{pointer}	i32,i32,i32,ptr{pointer},ptr{pointer},ptr{pointer},ptr{pointer}	4	0.107875
mafft	call	direct	0	0	0	0	1	-	void	i32,i32,ptr{pointer},ptr{pointer},ptr{pointer},ptr{pointer},ptr{pointer},ptr{pointer},ptr{pointer},ptr{pointer},ptr{pointer},ptr{pointer}	i32,i32,ptr{pointer},ptr{pointer},ptr{pointer},ptr{pointer},ptr{pointer},ptr{pointer},ptr{pointer},ptr{pointer},ptr{pointer},ptr{pointer}	4	0.107875
mafft	call	direct	0	0	0	0	1	-	void	i32,ptr{pointer},ptr{pointer},ptr{pointer},ptr{pointer},i32	i32,ptr{pointer},ptr{pointer},ptr{pointer},ptr{pointer},i32	4	0.107875
mafft	call	direct	0	0	0	0	1	-	void	ptr{pointer},ptr{pointer},double,ptr{pointer}	ptr{pointer},ptr{pointer},double,ptr{pointer}	4	0.107875
mafft	call	direct	0	0	0	0	1	-	void	ptr{pointer},ptr{pointer},i32	ptr{pointer},ptr{pointer},i32	4	0.107875
mafft	call	direct	0	0	0	0	1	-	void	ptr{pointer},ptr{pointer},ptr{pointer},ptr{pointer},ptr{pointer},ptr{pointer},ptr{pointer},ptr{pointer},ptr{pointer},ptr{pointer},i32,i32	ptr{pointer},ptr{pointer},ptr{pointer},ptr{pointer},ptr{pointer},ptr{pointer},ptr{pointer},ptr{pointer},ptr{pointer},ptr{pointer},i32,i32	4	0.107875
mafft	call	direct	0	0	0	0	1	-	void	ptr{pointer},ptr{pointer},ptr{pointer},ptr{pointer}	ptr{pointer},ptr{pointer},ptr{pointer},ptr{pointer}	4	0.107875
mafft	call	direct	0	1	0	0	1	-	i32	ptr{pointer},ptr{pointer},double{vararg},double{vararg},double{vararg}	ptr{pointer},ptr{pointer},double{vararg},double{vararg},double{vararg}	4	0.107875
mafft	call	direct	0	0	0	0	1	-	float	i32,i32,ptr{pointer},ptr{pointer},ptr{pointer},ptr{pointer},ptr{pointer},ptr{pointer},i32,i32,i32,i32,i32,ptr{pointer},ptr{pointer},i32,ptr{pointer}	i32,i32,ptr{pointer},ptr{pointer},ptr{pointer},ptr{pointer},ptr{pointer},ptr{pointer},i32,i32,i32,i32,i32,ptr{pointer},ptr{pointer},i32,ptr{pointer}	3	0.080906
mafft	call	direct	0	0	0	0	1	-	float	ptr{pointer},i32,i32,ptr{pointer},ptr{pointer},i32	ptr{pointer},i32,i32,ptr{pointer},ptr{pointer},i32	3	0.080906
mafft	call	direct	0	0	0	0	1	-	float	ptr{pointer},ptr{pointer},i32,ptr{pointer},ptr{pointer}	ptr{pointer},ptr{pointer},i32,ptr{pointer},ptr{pointer}	3	0.080906
mafft	call	direct	0	0	0	0	1	-	float	ptr{pointer},ptr{pointer},ptr{pointer},ptr{pointer},i32,i32,i32	ptr{pointer},ptr{pointer},ptr{pointer},ptr{pointer},i32,i32,i32	3	0.080906
mafft	call	direct	0	0	0	0	1	-	void	i32,ptr{pointer},ptr{pointer},ptr{pointer}	i32,ptr{pointer},ptr{pointer},ptr{pointer}	3	0.080906
mafft	call	direct	0	0	0	0	1	-	void	ptr{pointer},i32,ptr{pointer}	ptr{pointer},i32,ptr{pointer}	3	0.080906
mafft	call	direct	0	0	0	0	1	-	void	ptr{pointer},ptr{pointer},ptr{pointer},ptr{pointer},i32,i32,i32,i32	ptr{pointer},ptr{pointer},ptr{pointer},ptr{pointer},i32,i32,i32,i32	3	0.080906
mafft	call	direct	0	0	0	0	1	-	void	ptr{pointer},ptr{pointer},ptr{pointer},ptr{pointer},i32,i32	ptr{pointer},ptr{pointer},ptr{pointer},ptr{pointer},i32,i32	3	0.080906
mafft	call	direct	0	0	0	0	1	-	void	ptr{pointer},ptr{pointer},ptr{pointer},ptr{pointer},ptr{pointer},ptr{pointer}	ptr{pointer},ptr{pointer},ptr{pointer},ptr{pointer},ptr{pointer},ptr{pointer}	3	0.080906
mafft	call	direct	0	1	0	0	1	-	i32	ptr{pointer},ptr{pointer},i32{vararg},double{vararg}	ptr{pointer},ptr{pointer},i32{vararg},double{vararg}	3	0.080906
mafft	call	direct	0	1	0	0	1	-	i32	ptr{pointer},ptr{pointer},i32{vararg},i32{vararg},i32{vararg},double{vararg}	ptr{pointer},ptr{pointer},i32{vararg},i32{vararg},i32{vararg},double{vararg}	3	0.080906
mafft	call	direct	0	1	0	0	1	-	i32	ptr{pointer},ptr{pointer},ptr{pointer,vararg},ptr{pointer,vararg},ptr{pointer,vararg},ptr{pointer,vararg}	ptr{pointer},ptr{pointer},ptr{pointer,vararg},ptr{pointer,vararg},ptr{pointer,vararg},ptr{pointer,vararg}	3	0.080906
mafft	call	indirect	0	0	0	0	1	-	float	float,float	float,float	3	0.080906
mafft	call	direct	0	0	0	0	1	-	double	double,i32	double,i32	2	0.053937
mafft	call	direct	0	0	0	0	1	-	float	i32,i32,ptr{pointer},ptr{pointer},ptr{pointer},ptr{pointer},i32,i32,i32,i32	i32,i32,ptr{pointer},ptr{pointer},ptr{pointer},ptr{pointer},i32,i32,i32,i32	2	0.053937
mafft	call	direct	0	0	0	0	1	-	float	i32,i32,ptr{pointer},ptr{pointer},ptr{pointer},ptr{pointer},ptr{pointer},ptr{pointer},i32,i32,i32,i32,i32,ptr{pointer},ptr{pointer},i32,ptr{pointer},ptr{pointer}	i32,i32,ptr{pointer},ptr{pointer},ptr{pointer},ptr{pointer},ptr{pointer},ptr{pointer},i32,i32,i32,i32,i32,ptr{pointer},ptr{pointer},i32,ptr{pointer},ptr{pointer}	2	0.053937
mafft	call	direct	0	0	0	0	1	-	i32	-	-	2	0.053937
mafft	call	direct	0	0	0	0	1	-	i32	ptr{pointer},i32,ptr{pointer},ptr{pointer},ptr{pointer},ptr{pointer},ptr{pointer}	ptr{pointer},i32,ptr{pointer},ptr{pointer},ptr{pointer},ptr{pointer},ptr{pointer}	2	0.053937
mafft	call	direct	0	0	0	0	1	-	ptr{pointer}	i32,i32,i32	i32,i32,i32	2	0.053937
mafft	call	direct	0	0	0	0	1	-	void	ptr{pointer},ptr{pointer},i32,i32,i32,i32,double,i32,i32	ptr{pointer},ptr{pointer},i32,i32,i32,i32,double,i32,i32	2	0.053937
mafft	call	direct	0	0	0	0	1	-	void	ptr{pointer},ptr{pointer},i32,ptr{pointer},ptr{pointer},ptr{pointer},ptr{pointer}	ptr{pointer},ptr{pointer},i32,ptr{pointer},ptr{pointer},ptr{pointer},ptr{pointer}	2	0.053937
mafft	call	direct	0	0	0	0	1	-	void	ptr{pointer},ptr{pointer},ptr{pointer},ptr{pointer},i32	ptr{pointer},ptr{pointer},ptr{pointer},ptr{pointer},i32	2	0.053937
mafft	call	direct	0	0	0	0	1	-	void	ptr{pointer},ptr{pointer},ptr{pointer},ptr{pointer},ptr{pointer},i32,i32	ptr{pointer},ptr{pointer},ptr{pointer},ptr{pointer},ptr{pointer},i32,i32	2	0.053937
mafft	call	direct	0	0	0	0	1	-	void	ptr{pointer},ptr{pointer},ptr{pointer},ptr{pointer},ptr{pointer},ptr{pointer},ptr{pointer},ptr{pointer},ptr{pointer},ptr{pointer},i32,i32,i32,i32,i32,i32,ptr{pointer},ptr{pointer}	ptr{pointer},ptr{pointer},ptr{pointer},ptr{pointer},ptr{pointer},ptr{pointer},ptr{pointer},ptr{pointer},ptr{pointer},ptr{pointer},i32,i32,i32,i32,i32,i32,ptr{pointer},ptr{pointer}	2	0.053937
mafft	call	direct	0	0	0	0	1	-	void	ptr{pointer},ptr{pointer},ptr{pointer},ptr{pointer},ptr{pointer},ptr{pointer},ptr{pointer},ptr{pointer},ptr{pointer},ptr{pointer},i32,i32,ptr{pointer},ptr{pointer}	ptr{pointer},ptr{pointer},ptr{pointer},ptr{pointer},ptr{pointer},ptr{pointer},ptr{pointer},ptr{pointer},ptr{pointer},ptr{pointer},i32,i32,ptr{pointer},ptr{pointer}	2	0.053937
mafft	call	direct	0	1	0	0	1	-	i32	ptr{pointer},ptr{pointer},i32{vararg},i32{vararg},double{vararg}	ptr{pointer},ptr{pointer},i32{vararg},i32{vararg},double{vararg}	2	0.053937
mafft	call	direct	0	1	0	0	1	-	i32	ptr{pointer},ptr{pointer},ptr{pointer,vararg},i32{vararg}	ptr{pointer},ptr{pointer},ptr{pointer,vararg},i32{vararg}	2	0.053937
mafft	call	direct	0	1	0	0	1	-	i32	ptr{pointer},ptr{pointer},ptr{pointer,vararg},ptr{pointer,vararg},ptr{pointer,vararg},ptr{pointer,vararg},ptr{pointer,vararg},ptr{pointer,vararg},ptr{pointer,vararg},ptr{pointer,vararg}	ptr{pointer},ptr{pointer},ptr{pointer,vararg},ptr{pointer,vararg},ptr{pointer,vararg},ptr{pointer,vararg},ptr{pointer,vararg},ptr{pointer,vararg},ptr{pointer,vararg},ptr{pointer,vararg}	2	0.053937
mafft	call	direct	0	1	0	0	1	-	i32	ptr{pointer},ptr{pointer},ptr{pointer,vararg},ptr{pointer,vararg},ptr{pointer,vararg},ptr{pointer,vararg},ptr{pointer,vararg},ptr{pointer,vararg}	ptr{pointer},ptr{pointer},ptr{pointer,vararg},ptr{pointer,vararg},ptr{pointer,vararg},ptr{pointer,vararg},ptr{pointer,vararg},ptr{pointer,vararg}	2	0.053937
mafft	call	direct	0	0	0	0	1	-	float	i32,i32,ptr{pointer},ptr{pointer},ptr{pointer},ptr{pointer},i32,i32	i32,i32,ptr{pointer},ptr{pointer},ptr{pointer},ptr{pointer},i32,i32	1	0.026969
mafft	call	direct	0	0	0	0	1	-	float	i32,i32,ptr{pointer},ptr{pointer},ptr{pointer},ptr{pointer},ptr{pointer},ptr{pointer},i32,i32,i32,i32,i32,ptr{pointer},ptr{pointer},ptr{pointer}	i32,i32,ptr{pointer},ptr{pointer},ptr{pointer},ptr{pointer},ptr{pointer},ptr{pointer},i32,i32,i32,i32,i32,ptr{pointer},ptr{pointer},ptr{pointer}	1	0.026969
mafft	call	direct	0	0	0	0	1	-	float	ptr{pointer},ptr{pointer},i32,i32,ptr{pointer},ptr{pointer},i32	ptr{pointer},ptr{pointer},i32,i32,ptr{pointer},ptr{pointer},i32	1	0.026969
mafft	call	direct	0	0	0	0	1	-	float	ptr{pointer},ptr{pointer},ptr{pointer},ptr{pointer},i32,i32,i32,ptr{pointer},ptr{pointer},ptr{pointer},ptr{pointer},ptr{pointer}	ptr{pointer},ptr{pointer},ptr{pointer},ptr{pointer},i32,i32,i32,ptr{pointer},ptr{pointer},ptr{pointer},ptr{pointer},ptr{pointer}	1	0.026969
mafft	call	direct	0	0	0	0	1	-	float	ptr{pointer},ptr{pointer},ptr{pointer},ptr{pointer},i32,i32,i32,ptr{pointer}	ptr{pointer},ptr{pointer},ptr{pointer},ptr{pointer},i32,i32,i32,ptr{pointer}	1	0.026969
mafft	call	direct	0	0	0	0	1	-	float	ptr{pointer},ptr{pointer},ptr{pointer},ptr{pointer},i32	ptr{pointer},ptr{pointer},ptr{pointer},ptr{pointer},i32	1	0.026969
mafft	call	direct	0	0	0	0	1	-	float	ptr{pointer},ptr{pointer},ptr{pointer},ptr{pointer},ptr{pointer},i32,i32,i32,i32,i32,i32	ptr{pointer},ptr{pointer},ptr{pointer},ptr{pointer},ptr{pointer},i32,i32,i32,i32,i32,i32	1	0.026969
mafft	call	direct	0	0	0	0	1	-	float	ptr{pointer},ptr{pointer},ptr{pointer},ptr{pointer},ptr{pointer},ptr{pointer},ptr{pointer},ptr{pointer},ptr{pointer},ptr{pointer},ptr{pointer},i32,i32	ptr{pointer},ptr{pointer},ptr{pointer},ptr{pointer},ptr{pointer},ptr{pointer},ptr{pointer},ptr{pointer},ptr{pointer},ptr{pointer},ptr{pointer},i32,i32	1	0.026969
mafft	call	direct	0	0	0	0	1	-	float	ptr{pointer},ptr{pointer},ptr{pointer},ptr{pointer},ptr{pointer},ptr{pointer},ptr{pointer},ptr{pointer},ptr{pointer},ptr{pointer},ptr{pointer},ptr{pointer},i32,i32	ptr{pointer},ptr{pointer},ptr{pointer},ptr{pointer},ptr{pointer},ptr{pointer},ptr{pointer},ptr{pointer},ptr{pointer},ptr{pointer},ptr{pointer},ptr{pointer},i32,i32	1	0.026969
mafft	call	direct	0	0	0	0	1	-	float	ptr{pointer},ptr{pointer},ptr{pointer},ptr{pointer},ptr{pointer},ptr{pointer},ptr{pointer},ptr{pointer},ptr{pointer},ptr{pointer}	ptr{pointer},ptr{pointer},ptr{pointer},ptr{pointer},ptr{pointer},ptr{pointer},ptr{pointer},ptr{pointer},ptr{pointer},ptr{pointer}	1	0.026969
mafft	call	direct	0	0	0	0	1	-	float	ptr{pointer},ptr{pointer},ptr{pointer},ptr{pointer},ptr{pointer},ptr{pointer},ptr{pointer},ptr{pointer},ptr{pointer}	ptr{pointer},ptr{pointer},ptr{pointer},ptr{pointer},ptr{pointer},ptr{pointer},ptr{pointer},ptr{pointer},ptr{pointer}	1	0.026969
mafft	call	direct	0	0	0	0	1	-	float	ptr{pointer},ptr{pointer},ptr{pointer},ptr{pointer},ptr{pointer},ptr{pointer},ptr{pointer}	ptr{pointer},ptr{pointer},ptr{pointer},ptr{pointer},ptr{pointer},ptr{pointer},ptr{pointer}	1	0.026969
mafft	call	direct	0	0	0	0	1	-	float	ptr{pointer},ptr{pointer}	ptr{pointer},ptr{pointer}	1	0.026969
mafft	call	direct	0	0	0	0	1	-	i32	ptr{pointer},ptr{pointer},i32	ptr{pointer},ptr{pointer},i32	1	0.026969
mafft	call	direct	0	0	0	0	1	-	i32	ptr{pointer},ptr{pointer},ptr{pointer},i32,i32,i32,i32,i32	ptr{pointer},ptr{pointer},ptr{pointer},i32,i32,i32,i32,i32	1	0.026969
mafft	call	direct	0	0	0	0	1	-	i8	ptr{pointer}	ptr{pointer}	1	0.026969
mafft	call	direct	0	0	0	0	1	-	ptr{pointer}	ptr{pointer},ptr{pointer},ptr{pointer},ptr{pointer},i32,i32	ptr{pointer},ptr{pointer},ptr{pointer},ptr{pointer},i32,i32	1	0.026969
mafft	call	direct	0	0	0	0	1	-	void	i32,ptr{pointer},ptr{pointer},ptr{pointer},ptr{pointer}	i32,ptr{pointer},ptr{pointer},ptr{pointer},ptr{pointer}	1	0.026969
mafft	call	direct	0	0	0	0	1	-	void	ptr{pointer},float,ptr{pointer},ptr{pointer},i32,i32,i32,ptr{pointer},ptr{pointer},ptr{pointer},ptr{pointer},ptr{pointer},i32,i32,ptr{pointer},ptr{pointer},ptr{pointer},ptr{pointer}	ptr{pointer},float,ptr{pointer},ptr{pointer},i32,i32,i32,ptr{pointer},ptr{pointer},ptr{pointer},ptr{pointer},ptr{pointer},i32,i32,ptr{pointer},ptr{pointer},ptr{pointer},ptr{pointer}	1	0.026969
mafft	call	direct	0	0	0	0	1	-	void	ptr{pointer},i32,i32,ptr{pointer},ptr{pointer},ptr{pointer},ptr{pointer},ptr{pointer}	ptr{pointer},i32,i32,ptr{pointer},ptr{pointer},ptr{pointer},ptr{pointer},ptr{pointer}	1	0.026969
mafft	call	direct	0	0	0	0	1	-	void	ptr{pointer},i32,ptr{pointer},ptr{pointer},ptr{pointer}	ptr{pointer},i32,ptr{pointer},ptr{pointer},ptr{pointer}	1	0.026969
mafft	call	direct	0	0	0	0	1	-	void	ptr{pointer},i32,ptr{pointer},ptr{pointer}	ptr{pointer},i32,ptr{pointer},ptr{pointer}	1	0.026969
mafft	call	direct	0	0	0	0	1	-	void	ptr{pointer},i64,i64,ptr{pointer}	ptr{pointer},i64,i64,ptr{pointer}	1	0.026969
mafft	call	direct	0	0	0	0	1	-	void	ptr{pointer},ptr{pointer},ptr{pointer},ptr{pointer},ptr{pointer},i32,i32,ptr{pointer},ptr{pointer},i32	ptr{pointer},ptr{pointer},ptr{pointer},ptr{pointer},ptr{pointer},i32,i32,ptr{pointer},ptr{pointer},i32	1	0.026969
mafft	call	direct	0	0	0	0	1	-	void	ptr{pointer},ptr{pointer},ptr{pointer},ptr{pointer},ptr{pointer},ptr{pointer},ptr{pointer},i32	ptr{pointer},ptr{pointer},ptr{pointer},ptr{pointer},ptr{pointer},ptr{pointer},ptr{pointer},i32	1	0.026969
mafft	call	direct	0	1	0	0	1	-	i32	ptr{pointer},ptr{pointer},double{vararg},double{vararg}	ptr{pointer},ptr{pointer},double{vararg},double{vararg}	1	0.026969
mafft	call	direct	0	1	0	0	1	-	i32	ptr{pointer},ptr{pointer},double{vararg},i32{vararg},i32{vararg},i32{vararg},i32{vararg}	ptr{pointer},ptr{pointer},double{vararg},i32{vararg},i32{vararg},i32{vararg},i32{vararg}	1	0.026969
mafft	call	direct	0	1	0	0	1	-	i32	ptr{pointer},ptr{pointer},double{vararg},i32{vararg},i32{vararg}	ptr{pointer},ptr{pointer},double{vararg},i32{vararg},i32{vararg}	1	0.026969
mafft	call	direct	0	1	0	0	1	-	i32	ptr{pointer},ptr{pointer},i32{vararg},double{vararg},double{vararg},double{vararg}	ptr{pointer},ptr{pointer},i32{vararg},double{vararg},double{vararg},double{vararg}	1	0.026969
mafft	call	direct	0	1	0	0	1	-	i32	ptr{pointer},ptr{pointer},i32{vararg},i32{vararg},i32{vararg},double{vararg},i32{vararg},i32{vararg},i32{vararg},i32{vararg}	ptr{pointer},ptr{pointer},i32{vararg},i32{vararg},i32{vararg},double{vararg},i32{vararg},i32{vararg},i32{vararg},i32{vararg}	1	0.026969
mafft	call	direct	0	1	0	0	1	-	i32	ptr{pointer},ptr{pointer},i32{vararg},i32{vararg},i32{vararg},i32{vararg},double{vararg},double{vararg},double{vararg}	ptr{pointer},ptr{pointer},i32{vararg},i32{vararg},i32{vararg},i32{vararg},double{vararg},double{vararg},double{vararg}	1	0.026969
mafft	call	direct	0	1	0	0	1	-	i32	ptr{pointer},ptr{pointer},i32{vararg},i32{vararg},i32{vararg},i32{vararg},double{vararg},double{vararg}	ptr{pointer},ptr{pointer},i32{vararg},i32{vararg},i32{vararg},i32{vararg},double{vararg},double{vararg}	1	0.026969
mafft	call	direct	0	1	0	0	1	-	i32	ptr{pointer},ptr{pointer},ptr{pointer,vararg},i32{vararg},double{vararg},double{vararg}	ptr{pointer},ptr{pointer},ptr{pointer,vararg},i32{vararg},double{vararg},double{vararg}	1	0.026969
mafft	call	direct	0	1	0	0	1	-	i32	ptr{pointer},ptr{pointer},ptr{pointer,vararg},i32{vararg},i32{vararg},double{vararg},double{vararg},double{vararg},double{vararg}	ptr{pointer},ptr{pointer},ptr{pointer,vararg},i32{vararg},i32{vararg},double{vararg},double{vararg},double{vararg},double{vararg}	1	0.026969
mafft	call	direct	0	1	0	0	1	-	i32	ptr{pointer},ptr{pointer},ptr{pointer,vararg},ptr{pointer,vararg},i32{vararg},ptr{pointer,vararg}	ptr{pointer},ptr{pointer},ptr{pointer,vararg},ptr{pointer,vararg},i32{vararg},ptr{pointer,vararg}	1	0.026969
mafft	call	indirect	0	0	0	0	1	-	double	double,double	double,double	1	0.026969
SPASS	call	direct	0	0	0	0	1	-	ptr{pointer}	ptr{pointer}	ptr{pointer}	6702	25.859474
SPASS	call	direct	0	0	0	0	1	-	i32	ptr{pointer}	ptr{pointer}	5136	19.817108
SPASS	call	direct	0	0	0	0	1	-	void	ptr{pointer}	ptr{pointer}	1832	7.068719
SPASS	call	direct	0	0	0	0	1	-	ptr{pointer}	-	-	1348	5.201219
SPASS	call	direct	0	0	0	0	1	-	ptr{pointer}	ptr{pointer},ptr{pointer}	ptr{pointer},ptr{pointer}	1265	4.880966
SPASS	call	direct	0	0	0	0	1	-	i32	-	-	1058	4.082263
SPASS	call	direct	0	0	0	0	1	-	i32	ptr{pointer},ptr{pointer}	ptr{pointer},ptr{pointer}	929	3.584520
SPASS	call	direct	0	0	0	0	1	-	i32	i32	i32	914	3.526643
SPASS	call	direct	0	0	0	0	1	-	void	ptr{pointer},ptr{pointer}	ptr{pointer},ptr{pointer}	884	3.410889
SPASS	call	direct	0	0	0	0	1	-	ptr{pointer}	ptr{pointer},i32	ptr{pointer},i32	692	2.670062
SPASS	call	direct	0	0	0	0	1	-	i32	ptr{pointer},i32	ptr{pointer},i32	570	2.199329
SPASS	call	direct	0	0	0	0	1	-	void	-	-	521	2.010264
SPASS	call	direct	0	0	0	0	1	-	void	ptr{pointer},i32	ptr{pointer},i32	498	1.921519
SPASS	call	direct	0	0	0	0	1	-	i32	i32,i32	i32,i32	448	1.728595
SPASS	call	direct	0	0	0	0	1	-	ptr{pointer}	i32	i32	315	1.215418
SPASS	call	direct	0	0	0	0	1	-	void	i32	i32	280	1.080372
SPASS	call	direct	0	0	0	0	1	-	ptr{pointer}	i32,ptr{pointer}	i32,ptr{pointer}	152	0.586488
SPASS	call	direct	0	0	0	0	1	-	i32	ptr{pointer},ptr{pointer},ptr{pointer},ptr{pointer}	ptr{pointer},ptr{pointer},ptr{pointer},ptr{pointer}	138	0.532469
SPASS	call	direct	0	0	0	0	1	-	i32	ptr{pointer},ptr{pointer},ptr{pointer}	ptr{pointer},ptr{pointer},ptr{pointer}	111	0.428290
SPASS	call	direct	0	0	0	0	1	-	void	ptr{pointer},i32,i32	ptr{pointer},i32,i32	106	0.408998
SPASS	call	direct	0	1	0	0	1	-	void	ptr{pointer}	ptr{pointer}	97	0.374272
SPASS	call	direct	0	0	0	0	1	-	i32	i32,ptr{pointer}	i32,ptr{pointer}	96	0.370413
SPASS	call	direct	0	0	0	0	1	-	void	i32,i32,ptr{pointer},i32,i32,i32	i32,i32,ptr{pointer},i32,i32,i32	96	0.370413
SPASS	call	direct	0	0	0	0	1	-	ptr{pointer}	ptr{pointer},ptr{pointer},ptr{pointer}	ptr{pointer},ptr{pointer},ptr{pointer}	93	0.358838
SPASS	call	direct	0	0	0	0	1	-	void	ptr{pointer},ptr{pointer},ptr{pointer}	ptr{pointer},ptr{pointer},ptr{pointer}	89	0.343404
SPASS	call	direct	0	0	0	0	1	-	ptr{pointer}	ptr{pointer},ptr{pointer},ptr{pointer},ptr{pointer}	ptr{pointer},ptr{pointer},ptr{pointer},ptr{pointer}	81	0.312536
SPASS	call	direct	0	0	0	0	1	-	void	ptr{pointer},ptr{pointer},ptr{pointer},ptr{pointer}	ptr{pointer},ptr{pointer},ptr{pointer},ptr{pointer}	59	0.227650
SPASS	call	direct	0	1	0	0	1	-	i32	ptr{pointer},ptr{pointer},ptr{pointer,vararg},i32{vararg}	ptr{pointer},ptr{pointer},ptr{pointer,vararg},i32{vararg}	55	0.212216
SPASS	call	direct	0	0	0	0	1	-	void	ptr{pointer},i32,ptr{pointer}	ptr{pointer},i32,ptr{pointer}	54	0.208357
SPASS	call	direct	0	0	0	0	1	-	void	i32,i32	i32,i32	52	0.200641
SPASS	call	direct	0	0	0	0	1	-	void	ptr{pointer},ptr{pointer},i32	ptr{pointer},ptr{pointer},i32	47	0.181348
SPASS	call	direct	0	0	0	0	1	-	ptr{pointer}	i32,ptr{pointer},ptr{pointer}	i32,ptr{pointer},ptr{pointer}	46	0.177490
SPASS	call	direct	0	0	0	0	1	-	i32	ptr{pointer},i32,ptr{pointer},ptr{pointer}	ptr{pointer},i32,ptr{pointer},ptr{pointer}	45	0.173631
SPASS	call	direct	0	0	0	0	1	-	i64	ptr{pointer}	ptr{pointer}	45	0.173631
SPASS	call	direct	0	0	0	0	1	-	ptr{pointer}	ptr{pointer},ptr{pointer},i32	ptr{pointer},ptr{pointer},i32	45	0.173631
SPASS	call	direct	0	1	0	0	1	-	i32	ptr{pointer},i32{vararg}	ptr{pointer},i32{vararg}	39	0.150480
SPASS	call	direct	0	1	0	0	1	-	void	ptr{pointer},i32{vararg}	ptr{pointer},i32{vararg}	38	0.146622
SPASS	call	direct	0	1	0	0	1	-	i32	ptr{pointer},ptr{pointer},i32{vararg}	ptr{pointer},ptr{pointer},i32{vararg}	35	0.135046
SPASS	call	direct	0	0	0	0	1	-	i16	ptr{pointer}	ptr{pointer}	34	0.131188
SPASS	call	direct	0	0	0	0	1	-	ptr{pointer}	ptr{pointer},ptr{pointer},ptr{pointer},ptr{pointer},ptr{pointer}	ptr{pointer},ptr{pointer},ptr{pointer},ptr{pointer},ptr{pointer}	34	0.131188
SPASS	call	direct	0	1	0	0	1	-	void	ptr{pointer},i32{vararg},ptr{pointer,vararg}	ptr{pointer},i32{vararg},ptr{pointer,vararg}	31	0.119613
SPASS	call	direct	0	0	0	0	1	-	void	i32,i8	i32,i8	30	0.115754
SPASS	call	direct	0	0	0	0	1	-	i32	ptr{pointer},ptr{pointer},i32	ptr{pointer},ptr{pointer},i32	26	0.100320
SPASS	call	direct	0	0	0	0	1	-	void	ptr{pointer},i16	ptr{pointer},i16	24	0.092603
SPASS	call	direct	0	0	0	0	1	-	i32	ptr{pointer},i32,i32,ptr{pointer}	ptr{pointer},i32,i32,ptr{pointer}	19	0.073311
SPASS	call	direct	0	0	0	0	1	-	i32	ptr{pointer},i32,ptr{pointer}	ptr{pointer},i32,ptr{pointer}	19	0.073311
SPASS	call	direct	0	1	0	0	1	-	i32	ptr{pointer},ptr{pointer},ptr{pointer,vararg}	ptr{pointer},ptr{pointer},ptr{pointer,vararg}	19	0.073311
SPASS	call	indirect	0	0	0	0	1	-	i32	ptr{pointer},ptr{pointer}	ptr{pointer},ptr{pointer}	19	0.073311
SPASS	call	direct	0	1	0	0	1	-	i32	ptr{pointer},i32{vararg},i32{vararg}	ptr{pointer},i32{vararg},i32{vararg}	18	0.069452
SPASS	call	direct	0	1	0	0	1	-	i32	ptr{pointer},ptr{pointer,vararg}	ptr{pointer},ptr{pointer,vararg}	17	0.065594
SPASS	call	direct	0	0	0	0	1	-	void	i32,ptr{pointer}	i32,ptr{pointer}	16	0.061736
SPASS	call	direct	0	0	0	0	1	-	ptr{pointer}	ptr{pointer},i32,i32	ptr{pointer},i32,i32	15	0.057877
SPASS	call	indirect	0	0	0	0	1	-	void	ptr{pointer}	ptr{pointer}	15	0.057877
SPASS	call	direct	0	0	0	0	1	-	void	ptr{pointer},i32,ptr{pointer},ptr{pointer}	ptr{pointer},i32,ptr{pointer},ptr{pointer}	14	0.054019
SPASS	call	direct	0	1	0	0	1	-	void	ptr{pointer},ptr{pointer,vararg}	ptr{pointer},ptr{pointer,vararg}	14	0.054019
SPASS	call	direct	0	0	0	0	1	-	i32	i32,i32,i32	i32,i32,i32	13	0.050160
SPASS	call	direct	0	0	0	0	1	-	i32	i32,ptr{pointer},ptr{pointer}	i32,ptr{pointer},ptr{pointer}	12	0.046302
SPASS	call	direct	0	0	0	0	1	-	i32	ptr{pointer},ptr{pointer},i32,i32	ptr{pointer},ptr{pointer},i32,i32	12	0.046302
SPASS	call	direct	0	0	0	0	1	-	i32	ptr{pointer},ptr{pointer},ptr{pointer},ptr{pointer},ptr{pointer}	ptr{pointer},ptr{pointer},ptr{pointer},ptr{pointer},ptr{pointer}	12	0.046302
SPASS	call	direct	0	0	0	0	1	-	ptr{pointer}	ptr{pointer},ptr{pointer},i32,ptr{pointer},ptr{pointer}	ptr{pointer},ptr{pointer},i32,ptr{pointer},ptr{pointer}	11	0.042443
SPASS	call	direct	0	0	0	0	1	-	ptr{pointer}	ptr{pointer},ptr{pointer},i32,ptr{pointer}	ptr{pointer},ptr{pointer},i32,ptr{pointer}	11	0.042443
SPASS	call	direct	0	0	0	0	1	-	ptr{pointer}	ptr{pointer},ptr{pointer},ptr{pointer},i32,ptr{pointer},ptr{pointer}	ptr{pointer},ptr{pointer},ptr{pointer},i32,ptr{pointer},ptr{pointer}	11	0.042443
SPASS	call	direct	0	0	0	0	1	-	i32	ptr{pointer},i32,i32	ptr{pointer},i32,i32	10	0.038585
SPASS	call	direct	0	0	0	0	1	-	i32	ptr{pointer},ptr{pointer},ptr{pointer},ptr{pointer},ptr{pointer},i32	ptr{pointer},ptr{pointer},ptr{pointer},ptr{pointer},ptr{pointer},i32	10	0.038585
SPASS	call	direct	0	0	0	0	1	-	void	i32,ptr{pointer},i32	i32,ptr{pointer},i32	10	0.038585
SPASS	call	indirect	0	0	0	0	1	-	i32	ptr{pointer}	ptr{pointer}	10	0.038585
SPASS	call	direct	0	0	0	0	1	-	ptr{pointer}	ptr{pointer},ptr{pointer},ptr{pointer},ptr{pointer},ptr{pointer},ptr{pointer}	ptr{pointer},ptr{pointer},ptr{pointer},ptr{pointer},ptr{pointer},ptr{pointer}	9	0.034726
SPASS	call	direct	0	1	0	0	1	-	void	ptr{pointer},ptr{pointer,vararg},ptr{pointer,vararg}	ptr{pointer},ptr{pointer,vararg},ptr{pointer,vararg}	9	0.034726
SPASS	call	direct	0	0	0	0	1	-	i32	ptr{pointer},i32,i32,ptr{pointer},i32,i32	ptr{pointer},i32,i32,ptr{pointer},i32,i32	8	0.030868
SPASS	call	direct	0	0	0	0	1	-	i32	ptr{pointer},i32,i32,ptr{pointer},i32,ptr{pointer},ptr{pointer}	ptr{pointer},i32,i32,ptr{pointer},i32,ptr{pointer},ptr{pointer}	8	0.030868
SPASS	call	direct	0	0	0	0	1	-	i32	ptr{pointer},ptr{pointer},ptr{pointer},ptr{pointer},i32	ptr{pointer},ptr{pointer},ptr{pointer},ptr{pointer},i32	8	0.030868
SPASS	call	direct	0	0	0	0	1	-	i32	ptr{pointer},ptr{pointer},ptr{pointer},ptr{pointer},ptr{pointer},ptr{pointer}	ptr{pointer},ptr{pointer},ptr{pointer},ptr{pointer},ptr{pointer},ptr{pointer}	8	0.030868
SPASS	call	direct	0	0	0	0	1	-	i64	i32	i32	8	0.030868
SPASS	call	direct	0	0	0	0	1	-	ptr{pointer}	i32,ptr{pointer},ptr{pointer},ptr{pointer},ptr{pointer}	i32,ptr{pointer},ptr{pointer},ptr{pointer},ptr{pointer}	8	0.030868
SPASS	call	direct	0	0	0	0	1	-	ptr{pointer}	ptr{pointer},i32,i32,ptr{pointer},ptr{pointer},ptr{pointer}	ptr{pointer},i32,i32,ptr{pointer},ptr{pointer},ptr{pointer}	8	0.030868
SPASS	call	direct	0	0	0	0	1	-	ptr{pointer}	ptr{pointer},i32,i32,ptr{pointer},ptr{pointer}	ptr{pointer},i32,i32,ptr{pointer},ptr{pointer}	8	0.030868
SPASS	call	direct	0	0	0	0	1	-	ptr{pointer}	ptr{pointer},i32,ptr{pointer}	ptr{pointer},i32,ptr{pointer}	8	0.030868
SPASS	call	direct	0	0	0	0	1	-	void	i32,i32,ptr{pointer}	i32,i32,ptr{pointer}	8	0.030868
SPASS	call	direct	0	0	0	0	1	-	void	i32,i64	i32,i64	8	0.030868
SPASS	call	direct	0	0	0	0	1	-	i32	ptr{pointer},i32,ptr{pointer},ptr{pointer},i32,ptr{pointer},ptr{pointer},ptr{pointer}	ptr{pointer},i32,ptr{pointer},ptr{pointer},i32,ptr{pointer},ptr{pointer},ptr{pointer}	7	0.027009
SPASS	call	direct	0	0	0	0	1	-	i32	ptr{pointer},ptr{pointer},i64	ptr{pointer},ptr{pointer},i64	7	0.027009
SPASS	call	direct	0	0	0	0	1	-	ptr{pointer}	ptr{pointer},i32,i32,i32,ptr{pointer},ptr{pointer}	ptr{pointer},i32,i32,i32,ptr{pointer},ptr{pointer}	7	0.027009
SPASS	call	direct	0	0	0	0	1	-	void	ptr{pointer},ptr{pointer},ptr{pointer},i32,ptr{pointer},ptr{pointer},ptr{pointer},i32,ptr{pointer},i32	ptr{pointer},ptr{pointer},ptr{pointer},i32,ptr{pointer},ptr{pointer},ptr{pointer},i32,ptr{pointer},i32	7	0.027009
SPASS	call	direct	0	0	0	0	1	-	float	i32	i32	6	0.023151
SPASS	call	direct	0	0	0	0	1	-	i32	ptr{pointer},i32,i32,ptr{pointer},ptr{pointer},ptr{pointer},ptr{pointer}	ptr{pointer},i32,i32,ptr{pointer},ptr{pointer},ptr{pointer},ptr{pointer}	6	0.023151
SPASS	call	direct	0	0	0	0	1	-	i32	ptr{pointer},ptr{pointer},i32,ptr{pointer}	ptr{pointer},ptr{pointer},i32,ptr{pointer}	6	0.023151
SPASS	call	direct	0	0	0	0	1	-	ptr{pointer}	ptr{pointer},i32,ptr{pointer},ptr{pointer},i32,ptr{pointer},ptr{pointer},i32,i32,i32,ptr{pointer},ptr{pointer}	ptr{pointer},i32,ptr{pointer},ptr{pointer},i32,ptr{pointer},ptr{pointer},i32,i32,i32,ptr{pointer},ptr{pointer}	6	0.023151
SPASS	call	direct	0	0	0	0	1	-	ptr{pointer}	ptr{pointer},ptr{pointer},i32,i32,i32,ptr{pointer},ptr{pointer}	ptr{pointer},ptr{pointer},i32,i32,i32,ptr{pointer},ptr{pointer}	6	0.023151
SPASS	call	direct	0	0	0	0	1	-	void	ptr{pointer},ptr{pointer},ptr{pointer},ptr{pointer},ptr{pointer}	ptr{pointer},ptr{pointer},ptr{pointer},ptr{pointer},ptr{pointer}	6	0.023151
SPASS	call	direct	0	0	0	0	1	-	i32	ptr{pointer},i32,i32,i32,ptr{pointer}	ptr{pointer},i32,i32,i32,ptr{pointer}	5	0.019292
SPASS	call	direct	0	0	0	0	1	-	i32	ptr{pointer},i32,i32,i32	ptr{pointer},i32,i32,i32	5	0.019292
SPASS	call	direct	0	0	0	0	1	-	i32	ptr{pointer},i32,ptr{pointer},i32	ptr{pointer},i32,ptr{pointer},i32	5	0.019292
SPASS	call	direct	0	0	0	0	1	-	ptr{pointer}	i32,i32	i32,i32	5	0.019292
SPASS	call	direct	0	0	0	0	1	-	ptr{pointer}	ptr{pointer},i32,ptr{pointer},ptr{pointer}	ptr{pointer},i32,ptr{pointer},ptr{pointer}	5	0.019292
SPASS	call	direct	0	0	0	0	1	-	ptr{pointer}	ptr{pointer},ptr{pointer},ptr{pointer},ptr{pointer},ptr{pointer},ptr{pointer},ptr{pointer},ptr{pointer}	ptr{pointer},ptr{pointer},ptr{pointer},ptr{pointer},ptr{pointer},ptr{pointer},ptr{pointer},ptr{pointer}	5	0.019292
SPASS	call	direct	0	0	0	0	1	-	ptr{pointer}	ptr{pointer},ptr{pointer},ptr{pointer},ptr{pointer},ptr{pointer},ptr{pointer},ptr{pointer}	ptr{pointer},ptr{pointer},ptr{pointer},ptr{pointer},ptr{pointer},ptr{pointer},ptr{pointer}	5	0.019292
SPASS	call	direct	0	0	0	0	1	-	void	ptr{pointer},i32,ptr{pointer},i32	ptr{pointer},i32,ptr{pointer},i32	5	0.019292
SPASS	call	direct	0	1	0	0	1	-	i32	ptr{pointer},i32{vararg},i32{vararg},i32{vararg}	ptr{pointer},i32{vararg},i32{vararg},i32{vararg}	5	0.019292
SPASS	call	direct	0	0	0	0	1	-	i32	ptr{pointer},i32,ptr{pointer},i32,i32,ptr{pointer},ptr{pointer}	ptr{pointer},i32,ptr{pointer},i32,i32,ptr{pointer},ptr{pointer}	4	0.015434
SPASS	call	direct	0	0	0	0	1	-	i32	ptr{pointer},i32,ptr{pointer},ptr{pointer},ptr{pointer},ptr{pointer},ptr{pointer}	ptr{pointer},i32,ptr{pointer},ptr{pointer},ptr{pointer},ptr{pointer},ptr{pointer}	4	0.015434
SPASS	call	direct	0	0	0	0	1	-	i32	ptr{pointer},i32,ptr{pointer},ptr{pointer},ptr{pointer}	ptr{pointer},i32,ptr{pointer},ptr{pointer},ptr{pointer}	4	0.015434
SPASS	call	direct	0	0	0	0	1	-	i32	ptr{pointer},ptr{pointer},i32,i32,ptr{pointer},ptr{pointer},ptr{pointer}	ptr{pointer},ptr{pointer},i32,i32,ptr{pointer},ptr{pointer},ptr{pointer}	4	0.015434
SPASS	call	direct	0	0	0	0	1	-	i64	ptr{pointer},i64,i64,ptr{pointer}	ptr{pointer},i64,i64,ptr{pointer}	4	0.015434
SPASS	call	direct	0	0	0	0	1	-	ptr{pointer}	i64	i64	4	0.015434
SPASS	call	direct	0	0	0	0	1	-	ptr{pointer}	ptr{pointer},i32,i32,ptr{pointer},i32,i32,i32,ptr{pointer},ptr{pointer}	ptr{pointer},i32,i32,ptr{pointer},i32,i32,i32,ptr{pointer},ptr{pointer}	4	0.015434
SPASS	call	direct	0	0	0	0	1	-	ptr{pointer}	ptr{pointer},ptr{pointer},i32,i32,ptr{pointer},ptr{pointer}	ptr{pointer},ptr{pointer},i32,i32,ptr{pointer},ptr{pointer}	4	0.015434
SPASS	call	direct	0	0	0	0	1	-	ptr{pointer}	ptr{pointer},ptr{pointer},ptr{pointer},i32,i32,ptr{pointer},ptr{pointer},ptr{pointer}	ptr{pointer},ptr{pointer},ptr{pointer},i32,i32,ptr{pointer},ptr{pointer},ptr{pointer}	4	0.015434
SPASS	call	direct	0	0	0	0	1	-	ptr{pointer}	ptr{pointer},ptr{pointer},ptr{pointer},i32,i32	ptr{pointer},ptr{pointer},ptr{pointer},i32,i32	4	0.015434
SPASS	call	direct	0	0	0	0	1	-	ptr{pointer}	ptr{pointer},ptr{pointer},ptr{pointer},i32,ptr{pointer},i32,i32,ptr{pointer},ptr{pointer}	ptr{pointer},ptr{pointer},ptr{pointer},i32,ptr{pointer},i32,i32,ptr{pointer},ptr{pointer}	4	0.015434
SPASS	call	direct	0	1	0	0	1	-	i32	ptr{pointer},ptr{pointer},i32{vararg},i32{vararg}	ptr{pointer},ptr{pointer},i32{vararg},i32{vararg}	4	0.015434
SPASS	call	direct	0	1	0	0	1	-	void	ptr{pointer},ptr{pointer,vararg},i32{vararg}	ptr{pointer},ptr{pointer,vararg},i32{vararg}	4	0.015434
SPASS	call	direct	0	0	0	0	1	-	i32	i32,ptr{pointer},ptr{pointer},i32,ptr{pointer}	i32,ptr{pointer},ptr{pointer},i32,ptr{pointer}	3	0.011575
SPASS	call	direct	0	0	0	0	1	-	i32	ptr{pointer},i32,i32,i32,ptr{pointer},i32,i32,i32	ptr{pointer},i32,i32,i32,ptr{pointer},i32,i32,i32	3	0.011575
SPASS	call	direct	0	0	0	0	1	-	i32	ptr{pointer},i32,i32,ptr{pointer},ptr{pointer},i32,ptr{pointer},ptr{pointer}	ptr{pointer},i32,i32,ptr{pointer},ptr{pointer},i32,ptr{pointer},ptr{pointer}	3	0.011575
SPASS	call	direct	0	0	0	0	1	-	i32	ptr{pointer},i32,ptr{pointer},ptr{pointer},ptr{pointer},ptr{pointer}	ptr{pointer},i32,ptr{pointer},ptr{pointer},ptr{pointer},ptr{pointer}	3	0.011575
SPASS	call	direct	0	0	0	0	1	-	i32	ptr{pointer},ptr{pointer},i32,i32,ptr{pointer}	ptr{pointer},ptr{pointer},i32,i32,ptr{pointer}	3	0.011575
SPASS	call	direct	0	0	0	0	1	-	i32	ptr{pointer},ptr{pointer},ptr{pointer},i32	ptr{pointer},ptr{pointer},ptr{pointer},i32	3	0.011575
SPASS	call	direct	0	0	0	0	1	-	i64	ptr{pointer},ptr{pointer},i32	ptr{pointer},ptr{pointer},i32	3	0.011575
SPASS	call	direct	0	0	0	0	1	-	ptr{pointer}	ptr{pointer},i32,i32,i32	ptr{pointer},i32,i32,i32	3	0.011575
SPASS	call	direct	0	0	0	0	1	-	ptr{pointer}	ptr{pointer},i32,ptr{pointer},ptr{pointer},ptr{pointer},ptr{pointer}	ptr{pointer},i32,ptr{pointer},ptr{pointer},ptr{pointer},ptr{pointer}	3	0.011575
SPASS	call	direct	0	0	0	0	1	-	ptr{pointer}	ptr{pointer},ptr{pointer},i32,i32,ptr{pointer},ptr{pointer},ptr{pointer},ptr{pointer},ptr{pointer},ptr{pointer},ptr{pointer},ptr{pointer}	ptr{pointer},ptr{pointer},i32,i32,ptr{pointer},ptr{pointer},ptr{pointer},ptr{pointer},ptr{pointer},ptr{pointer},ptr{pointer},ptr{pointer}	3	0.011575
SPASS	call	direct	0	0	0	0	1	-	ptr{pointer}	ptr{pointer},ptr{pointer},ptr{pointer},i32,ptr{pointer},i32,ptr{pointer},ptr{pointer},ptr{pointer}	ptr{pointer},ptr{pointer},ptr{pointer},i32,ptr{pointer},i32,ptr{pointer},ptr{pointer},ptr{pointer}	3	0.011575
SPASS	call	direct	0	0	0	0	1	-	ptr{pointer}	ptr{pointer},ptr{pointer},ptr{pointer},ptr{pointer},i32	ptr{pointer},ptr{pointer},ptr{pointer},ptr{pointer},i32	3	0.011575
SPASS	call	direct	0	0	0	0	1	-	void	i32,ptr{pointer},ptr{pointer},ptr{pointer},ptr{pointer}	i32,ptr{pointer},ptr{pointer},ptr{pointer},ptr{pointer}	3	0.011575
SPASS	call	direct	0	0	0	0	1	-	void	ptr{pointer},i32,i32,ptr{pointer},ptr{pointer}	ptr{pointer},i32,i32,ptr{pointer},ptr{pointer}	3	0.011575
SPASS	call	direct	0	0	0	0	1	-	void	ptr{pointer},i32,ptr{pointer},i32,ptr{pointer},ptr{pointer}	ptr{pointer},i32,ptr{pointer},i32,ptr{pointer},ptr{pointer}	3	0.011575
SPASS	call	direct	0	0	0	0	1	-	void	ptr{pointer},ptr{pointer},i32,ptr{pointer},i32,ptr{pointer},ptr{pointer}	ptr{pointer},ptr{pointer},i32,ptr{pointer},i32,ptr{pointer},ptr{pointer}	3	0.011575
SPASS	call	direct	0	0	0	0	1	-	void	ptr{pointer},ptr{pointer},i32,ptr{pointer},ptr{pointer}	ptr{pointer},ptr{pointer},i32,ptr{pointer},ptr{pointer}	3	0.011575
SPASS	call	direct	0	1	0	0	1	-	i32	ptr{pointer},ptr{pointer,vararg},i32{vararg}	ptr{pointer},ptr{pointer,vararg},i32{vararg}	3	0.011575
SPASS	call	direct	0	1	0	0	1	-	i32	ptr{pointer},ptr{pointer,vararg},ptr{pointer,vararg}	ptr{pointer},ptr{pointer,vararg},ptr{pointer,vararg}	3	0.011575
SPASS	call	direct	0	1	0	0	1	-	i32	ptr{pointer},ptr{pointer},i64{vararg}	ptr{pointer},ptr{pointer},i64{vararg}	3	0.011575
SPASS	call	indirect	0	0	0	0	1	-	ptr{pointer}	ptr{pointer}	ptr{pointer}	3	0.011575
SPASS	call	direct	0	0	0	0	1	-	double	double	double	2	0.007717
SPASS	call	direct	0	0	0	0	1	-	i32	i32,i32,ptr{pointer},ptr{pointer}	i32,i32,ptr{pointer},ptr{pointer}	2	0.007717
SPASS	call	direct	0	0	0	0	1	-	i32	ptr{pointer},i32,ptr{pointer},i32,ptr{pointer},ptr{pointer},ptr{pointer},ptr{pointer}	ptr{pointer},i32,ptr{pointer},i32,ptr{pointer},ptr{pointer},ptr{pointer},ptr{pointer}	2	0.007717
SPASS	call	direct	0	0	0	0	1	-	i32	ptr{pointer},ptr{pointer},i32,ptr{pointer},ptr{pointer},i32,i32,ptr{pointer}	ptr{pointer},ptr{pointer},i32,ptr{pointer},ptr{pointer},i32,i32,ptr{pointer}	2	0.007717
SPASS	call	direct	0	0	0	0	1	-	i32	ptr{pointer},ptr{pointer},ptr{pointer},ptr{pointer},i32,i32	ptr{pointer},ptr{pointer},ptr{pointer},ptr{pointer},i32,i32	2	0.007717
SPASS	call	direct	0	0	0	0	1	-	i32	ptr{pointer},ptr{pointer},ptr{pointer},ptr{pointer},ptr{pointer},ptr{pointer},ptr{pointer}	ptr{pointer},ptr{pointer},ptr{pointer},ptr{pointer},ptr{pointer},ptr{pointer},ptr{pointer}	2	0.007717
SPASS	call	direct	0	0	0	0	1	-	ptr{pointer}	i32,i32,i32	i32,i32,i32	2	0.007717
SPASS	call	direct	0	0	0	0	1	-	ptr{pointer}	i32,ptr{pointer},ptr{pointer},ptr{pointer},i32,ptr{pointer},ptr{pointer},ptr{pointer}	i32,ptr{pointer},ptr{pointer},ptr{pointer},i32,ptr{pointer},ptr{pointer},ptr{pointer}	2	0.007717
SPASS	call	direct	0	0	0	0	1	-	ptr{pointer}	ptr{pointer},i16,ptr{pointer}	ptr{pointer},i16,ptr{pointer}	2	0.007717
SPASS	call	direct	0	0	0	0	1	-	ptr{pointer}	ptr{pointer},i32,ptr{pointer},i32,i32,i32,ptr{pointer},ptr{pointer}	ptr{pointer},i32,ptr{pointer},i32,i32,i32,ptr{pointer},ptr{pointer}	2	0.007717
SPASS	call	direct	0	0	0	0	1	-	ptr{pointer}	ptr{pointer},i32,ptr{pointer},i32	ptr{pointer},i32,ptr{pointer},i32	2	0.007717
SPASS	call	direct	0	0	0	0	1	-	ptr{pointer}	ptr{pointer},i32,ptr{pointer},ptr{pointer},i32,i32,i32,ptr{pointer},ptr{pointer}	ptr{pointer},i32,ptr{pointer},ptr{pointer},i32,i32,i32,ptr{pointer},ptr{pointer}	2	0.007717
SPASS	call	direct	0	0	0	0	1	-	ptr{pointer}	ptr{pointer},i32,ptr{pointer},ptr{pointer},i32,ptr{pointer},ptr{pointer},ptr{pointer}	ptr{pointer},i32,ptr{pointer},ptr{pointer},i32,ptr{pointer},ptr{pointer},ptr{pointer}	2	0.007717
SPASS	call	direct	0	0	0	0	1	-	ptr{pointer}	ptr{pointer},i32,ptr{pointer},ptr{pointer},ptr{pointer},i32,ptr{pointer},ptr{pointer},ptr{pointer}	ptr{pointer},i32,ptr{pointer},ptr{pointer},ptr{pointer},i32,ptr{pointer},ptr{pointer},ptr{pointer}	2	0.007717
SPASS	call	direct	0	0	0	0	1	-	ptr{pointer}	ptr{pointer},i64	ptr{pointer},i64	2	0.007717
SPASS	call	direct	0	0	0	0	1	-	ptr{pointer}	ptr{pointer},ptr{pointer},i16	ptr{pointer},ptr{pointer},i16	2	0.007717
SPASS	call	direct	0	0	0	0	1	-	ptr{pointer}	ptr{pointer},ptr{pointer},i32,i32,i32,ptr{pointer},ptr{pointer},ptr{pointer},ptr{pointer},ptr{pointer},ptr{pointer},ptr{pointer},ptr{pointer},ptr{pointer}	ptr{pointer},ptr{pointer},i32,i32,i32,ptr{pointer},ptr{pointer},ptr{pointer},ptr{pointer},ptr{pointer},ptr{pointer},ptr{pointer},ptr{pointer},ptr{pointer}	2	0.007717
SPASS	call	direct	0	0	0	0	1	-	ptr{pointer}	ptr{pointer},ptr{pointer},i32,i32,i32,ptr{pointer}	ptr{pointer},ptr{pointer},i32,i32,i32,ptr{pointer}	2	0.007717
SPASS	call	direct	0	0	0	0	1	-	ptr{pointer}	ptr{pointer},ptr{pointer},i64,i64,ptr{pointer}	ptr{pointer},ptr{pointer},i64,i64,ptr{pointer}	2	0.007717
SPASS	call	direct	0	0	0	0	1	-	ptr{pointer}	ptr{pointer},ptr{pointer},i64	ptr{pointer},ptr{pointer},i64	2	0.007717
SPASS	call	direct	0	0	0	0	1	-	ptr{pointer}	ptr{pointer},ptr{pointer},ptr{pointer},i32	ptr{pointer},ptr{pointer},ptr{pointer},i32	2	0.007717
SPASS	call	direct	0	0	0	0	1	-	ptr{pointer}	ptr{pointer},ptr{pointer},ptr{pointer},ptr{pointer},ptr{pointer},i32,i32,ptr{pointer}	ptr{pointer},ptr{pointer},ptr{pointer},ptr{pointer},ptr{pointer},i32,i32,ptr{pointer}	2	0.007717
SPASS	call	direct	0	0	0	0	1	-	ptr{pointer}	ptr{pointer},ptr{pointer},ptr{pointer},ptr{pointer},ptr{pointer},ptr{pointer},ptr{pointer},ptr{pointer},ptr{pointer},ptr{pointer}	ptr{pointer},ptr{pointer},ptr{pointer},ptr{pointer},ptr{pointer},ptr{pointer},ptr{pointer},ptr{pointer},ptr{pointer},ptr{pointer}	2	0.007717
SPASS	call	direct	0	0	0	0	1	-	void	i64	i64	2	0.007717
SPASS	call	direct	0	0	0	0	1	-	void	ptr{pointer},i32,i32,i32	ptr{pointer},i32,i32,i32	2	0.007717
SPASS	call	direct	0	0	0	0	1	-	void	ptr{pointer},i32,ptr{pointer},ptr{pointer},ptr{pointer},ptr{pointer},ptr{pointer},ptr{pointer},ptr{pointer},ptr{pointer}	ptr{pointer},i32,ptr{pointer},ptr{pointer},ptr{pointer},ptr{pointer},ptr{pointer},ptr{pointer},ptr{pointer},ptr{pointer}	2	0.007717
SPASS	call	direct	0	0	0	0	1	-	void	ptr{pointer},i64,i64,ptr{pointer}	ptr{pointer},i64,i64,ptr{pointer}	2	0.007717
SPASS	call	direct	0	0	0	0	1	-	void	ptr{pointer},ptr{pointer},ptr{pointer},i32	ptr{pointer},ptr{pointer},ptr{pointer},i32	2	0.007717
SPASS	call	direct	0	0	0	0	1	-	void	ptr{pointer},ptr{pointer},ptr{pointer},ptr{pointer},i32,ptr{pointer},ptr{pointer}	ptr{pointer},ptr{pointer},ptr{pointer},ptr{pointer},i32,ptr{pointer},ptr{pointer}	2	0.007717
SPASS	call	direct	0	0	0	0	1	-	void	ptr{pointer},ptr{pointer},ptr{pointer},ptr{pointer},ptr{pointer},ptr{pointer}	ptr{pointer},ptr{pointer},ptr{pointer},ptr{pointer},ptr{pointer},ptr{pointer}	2	0.007717
SPASS	call	direct	0	1	0	0	1	-	void	ptr{pointer},i32{vararg},i32{vararg}	ptr{pointer},i32{vararg},i32{vararg}	2	0.007717
SPASS	call	direct	0	1	0	0	1	-	void	ptr{pointer},i32{vararg},ptr{pointer,vararg},i32{vararg}	ptr{pointer},i32{vararg},ptr{pointer,vararg},i32{vararg}	2	0.007717
SPASS	call	direct	0	1	0	0	1	-	void	ptr{pointer},ptr{pointer,vararg},i32{vararg},ptr{pointer,vararg}	ptr{pointer},ptr{pointer,vararg},i32{vararg},ptr{pointer,vararg}	2	0.007717
SPASS	call	indirect	0	0	0	0	1	-	i64	ptr{pointer}	ptr{pointer}	2	0.007717
SPASS	call	direct	0	0	0	0	1	-	i32	i32,ptr{pointer},ptr{pointer},ptr{pointer},ptr{pointer},i32	i32,ptr{pointer},ptr{pointer},ptr{pointer},ptr{pointer},i32	1	0.003858
SPASS	call	direct	0	0	0	0	1	-	i32	i32,ptr{pointer},ptr{pointer},ptr{pointer},ptr{pointer}	i32,ptr{pointer},ptr{pointer},ptr{pointer},ptr{pointer}	1	0.003858
SPASS	call	direct	0	0	0	0	1	-	i32	i8	i8	1	0.003858
SPASS	call	direct	0	0	0	0	1	-	i32	ptr{pointer},i32,ptr{pointer},i32,ptr{pointer}	ptr{pointer},i32,ptr{pointer},i32,ptr{pointer}	1	0.003858
SPASS	call	direct	0	0	0	0	1	-	i64	-	-	1	0.003858
SPASS	call	direct	0	0	0	0	1	-	ptr{pointer}	i32,i32,ptr{pointer}	i32,i32,ptr{pointer}	1	0.003858
SPASS	call	direct	0	0	0	0	1	-	ptr{pointer}	ptr{pointer},ptr{pointer},i32,ptr{pointer},i32,ptr{pointer},i32	ptr{pointer},ptr{pointer},i32,ptr{pointer},i32,ptr{pointer},i32	1	0.003858
SPASS	call	direct	0	0	0	0	1	-	ptr{pointer}	ptr{pointer},ptr{pointer},i32,ptr{pointer},ptr{pointer},ptr{pointer},ptr{pointer}	ptr{pointer},ptr{pointer},i32,ptr{pointer},ptr{pointer},ptr{pointer},ptr{pointer}	1	0.003858
SPASS	call	direct	0	0	0	0	1	-	ptr{pointer}	ptr{pointer},ptr{pointer},ptr{pointer},i32,i32,ptr{pointer}	ptr{pointer},ptr{pointer},ptr{pointer},i32,i32,ptr{pointer}	1	0.003858
SPASS	call	direct	0	0	0	0	1	-	ptr{pointer}	ptr{pointer},ptr{pointer},ptr{pointer},ptr{pointer},ptr{pointer},ptr{pointer},ptr{pointer},ptr{pointer},ptr{pointer}	ptr{pointer},ptr{pointer},ptr{pointer},ptr{pointer},ptr{pointer},ptr{pointer},ptr{pointer},ptr{pointer},ptr{pointer}	1	0.003858
SPASS	call	direct	0	0	0	0	1	-	void	i32,ptr{pointer},ptr{pointer}	i32,ptr{pointer},ptr{pointer}	1	0.003858
SPASS	call	direct	0	0	0	0	1	-	void	ptr{pointer},i32,i32,ptr{pointer},ptr{pointer},ptr{pointer}	ptr{pointer},i32,i32,ptr{pointer},ptr{pointer},ptr{pointer}	1	0.003858
SPASS	call	direct	0	0	0	0	1	-	void	ptr{pointer},i32,ptr{pointer},i32,ptr{pointer},ptr{pointer},ptr{pointer}	ptr{pointer},i32,ptr{pointer},i32,ptr{pointer},ptr{pointer},ptr{pointer}	1	0.003858
SPASS	call	direct	0	0	0	0	1	-	void	ptr{pointer},i32,ptr{pointer},ptr{pointer},ptr{pointer},ptr{pointer}	ptr{pointer},i32,ptr{pointer},ptr{pointer},ptr{pointer},ptr{pointer}	1	0.003858
SPASS	call	direct	0	0	0	0	1	-	void	ptr{pointer},ptr{pointer},ptr{pointer},i32,ptr{pointer},ptr{pointer}	ptr{pointer},ptr{pointer},ptr{pointer},i32,ptr{pointer},ptr{pointer}	1	0.003858
SPASS	call	direct	0	0	0	0	1	-	void	ptr{pointer},ptr{pointer},ptr{pointer},ptr{pointer},i16,ptr{pointer}	ptr{pointer},ptr{pointer},ptr{pointer},ptr{pointer},i16,ptr{pointer}	1	0.003858
SPASS	call	direct	0	0	0	0	1	-	void	ptr{pointer},ptr{pointer},ptr{pointer},ptr{pointer},ptr{pointer},ptr{pointer},ptr{pointer}	ptr{pointer},ptr{pointer},ptr{pointer},ptr{pointer},ptr{pointer},ptr{pointer},ptr{pointer}	1	0.003858
SPASS	call	direct	0	1	0	0	1	-	i32	ptr{pointer},i32{vararg},i32{vararg},i32{vararg},i32{vararg},i32{vararg},ptr{pointer,vararg},i32{vararg}	ptr{pointer},i32{vararg},i32{vararg},i32{vararg},i32{vararg},i32{vararg},ptr{pointer,vararg},i32{vararg}	1	0.003858
SPASS	call	direct	0	1	0	0	1	-	i32	ptr{pointer},i32{vararg},i32{vararg},i32{vararg},i32{vararg},i32{vararg}	ptr{pointer},i32{vararg},i32{vararg},i32{vararg},i32{vararg},i32{vararg}	1	0.003858
SPASS	call	direct	0	1	0	0	1	-	i32	ptr{pointer},i32{vararg},i64{vararg}	ptr{pointer},i32{vararg},i64{vararg}	1	0.003858
SPASS	call	direct	0	1	0	0	1	-	void	ptr{pointer},i64{vararg}	ptr{pointer},i64{vararg}	1	0.003858
SPASS	call	indirect	0	0	0	0	1	-	i32	ptr{pointer},i32,ptr{pointer},i32	ptr{pointer},i32,ptr{pointer},i32	1	0.003858
sqlite3	call	direct	0	0	0	0	1	-	void	ptr{pointer}	ptr{pointer}	785	12.913308
sqlite3	call	direct	0	0	0	0	1	-	i32	ptr{pointer}	ptr{pointer}	637	10.478697
sqlite3	call	direct	0	0	0	0	1	-	i32	ptr{pointer},ptr{pointer}	ptr{pointer},ptr{pointer}	371	6.102977
sqlite3	call	direct	0	0	0	0	1	-	i32	ptr{pointer},i32,i32,i32	ptr{pointer},i32,i32,i32	326	5.362724
sqlite3	call	direct	0	0	0	0	1	-	void	ptr{pointer},i32	ptr{pointer},i32	309	5.083073
sqlite3	call	direct	0	0	0	0	1	-	i32	ptr{pointer},i32	ptr{pointer},i32	196	3.224215
sqlite3	call	direct	0	0	0	0	1	-	ptr{pointer}	ptr{pointer}	ptr{pointer}	173	2.845863
sqlite3	call	direct	0	0	0	0	1	-	ptr{pointer}	ptr{pointer},ptr{pointer}	ptr{pointer},ptr{pointer}	169	2.780063
sqlite3	call	direct	0	0	0	0	1	-	i64	ptr{pointer}	ptr{pointer}	127	2.089159
sqlite3	call	direct	0	0	0	0	1	-	void	ptr{pointer},ptr{pointer}	ptr{pointer},ptr{pointer}	122	2.006909
sqlite3	call	direct	0	0	0	0	1	-	i32	ptr{pointer},i32,i32,i32,i32	ptr{pointer},i32,i32,i32,i32	120	1.974009
sqlite3	call	direct	0	0	0	0	1	-	ptr{pointer}	ptr{pointer},i32	ptr{pointer},i32	110	1.809508
sqlite3	call	direct	0	0	0	0	1	-	i32	ptr{pointer},ptr{pointer},i32	ptr{pointer},ptr{pointer},i32	100	1.645007
sqlite3	call	direct	0	0	0	0	1	-	void	ptr{pointer},i32,i32	ptr{pointer},i32,i32	94	1.546307
sqlite3	call	direct	0	0	0	0	1	-	ptr{pointer}	i32	i32	83	1.365356
sqlite3	call	direct	0	0	0	0	1	-	i32	ptr{pointer},ptr{pointer},ptr{pointer}	ptr{pointer},ptr{pointer},ptr{pointer}	81	1.332456
sqlite3	call	direct	0	0	0	0	1	-	i32	ptr{pointer},i32,i32,i32,i32,ptr{pointer},i32	ptr{pointer},i32,i32,i32,i32,ptr{pointer},i32	76	1.250206
sqlite3	call	direct	0	0	0	0	1	-	i32	ptr{pointer},i32,i32	ptr{pointer},i32,i32	76	1.250206
sqlite3	call	direct	0	0	0	0	1	-	void	ptr{pointer},ptr{pointer},ptr{pointer}	ptr{pointer},ptr{pointer},ptr{pointer}	74	1.217305
sqlite3	call	direct	0	0	0	0	1	-	void	ptr{pointer},ptr{pointer},i32	ptr{pointer},ptr{pointer},i32	64	1.052805
sqlite3	call	direct	0	0	0	0	1	-	ptr{pointer}	ptr{pointer},i32,ptr{pointer},ptr{pointer},ptr{pointer}	ptr{pointer},i32,ptr{pointer},ptr{pointer},ptr{pointer}	62	1.019905
sqlite3	call	direct	0	0	0	0	1	-	ptr{pointer}	-	-	59	0.970554
sqlite3	call	direct	0	0	0	0	1	-	ptr{pointer}	ptr{pointer},ptr{pointer},i32	ptr{pointer},ptr{pointer},i32	58	0.954104
sqlite3	call	direct	0	0	0	0	1	-	i32	ptr{pointer},ptr{pointer},i64	ptr{pointer},ptr{pointer},i64	55	0.904754
sqlite3	call	direct	0	0	0	0	1	-	i32	ptr{pointer},i32,i32,ptr{pointer},i32	ptr{pointer},i32,i32,ptr{pointer},i32	53	0.871854
sqlite3	call	direct	0	0	0	0	1	-	ptr{pointer}	ptr{pointer},ptr{pointer},ptr{pointer}	ptr{pointer},ptr{pointer},ptr{pointer}	50	0.822504
sqlite3	call	direct	0	0	0	0	1	-	i32	ptr{pointer},i32,ptr{pointer}	ptr{pointer},i32,ptr{pointer}	47	0.773153
sqlite3	call	direct	0	1	0	0	1	-	void	ptr{pointer},ptr{pointer},ptr{pointer,vararg}	ptr{pointer},ptr{pointer},ptr{pointer,vararg}	45	0.740253
sqlite3	call	direct	0	0	0	0	1	-	void	ptr{pointer},ptr{pointer},i32,ptr{pointer}	ptr{pointer},ptr{pointer},i32,ptr{pointer}	44	0.723803
sqlite3	call	direct	0	0	0	0	1	-	i32	i32	i32	40	0.658003
sqlite3	call	direct	0	0	0	0	1	-	i32	ptr{pointer},i32,ptr{pointer},i32	ptr{pointer},i32,ptr{pointer},i32	39	0.641553
sqlite3	call	direct	0	1	0	0	1	-	i32	ptr{pointer},ptr{pointer},ptr{pointer,vararg}	ptr{pointer},ptr{pointer},ptr{pointer,vararg}	38	0.625103
sqlite3	call	direct	0	1	0	0	1	-	void	ptr{pointer},ptr{pointer}	ptr{pointer},ptr{pointer}	38	0.625103
sqlite3	call	direct	0	0	0	0	1	-	ptr{pointer}	ptr{pointer},ptr{pointer},ptr{pointer},ptr{pointer}	ptr{pointer},ptr{pointer},ptr{pointer},ptr{pointer}	36	0.592203
sqlite3	call	direct	0	1	0	0	1	-	i32	ptr{pointer},ptr{pointer}	ptr{pointer},ptr{pointer}	35	0.575753
sqlite3	call	direct	0	0	0	0	1	-	void	ptr{pointer},i32,ptr{pointer},i32	ptr{pointer},i32,ptr{pointer},i32	29	0.477052
sqlite3	call	direct	0	0	0	0	1	-	i32	ptr{pointer},i32,ptr{pointer},ptr{pointer},ptr{pointer}	ptr{pointer},i32,ptr{pointer},ptr{pointer},ptr{pointer}	28	0.460602
sqlite3	call	direct	0	0	0	0	1	-	i32	ptr{pointer},i32,ptr{pointer},ptr{pointer}	ptr{pointer},i32,ptr{pointer},ptr{pointer}	26	0.427702
sqlite3	call	direct	0	1	0	0	1	-	ptr{pointer}	ptr{pointer},ptr{pointer},ptr{pointer,vararg}	ptr{pointer},ptr{pointer},ptr{pointer,vararg}	25	0.411252
sqlite3	call	direct	0	1	0	0	1	-	void	ptr{pointer},i32,ptr{pointer}	ptr{pointer},i32,ptr{pointer}	25	0.411252
sqlite3	call	direct	0	0	0	0	1	-	void	ptr{pointer},ptr{pointer},i32,i32	ptr{pointer},ptr{pointer},i32,i32	24	0.394802
sqlite3	call	direct	0	1	0	0	1	-	ptr{pointer}	i32,ptr{pointer},ptr{pointer},ptr{pointer,vararg}	i32,ptr{pointer},ptr{pointer},ptr{pointer,vararg}	22	0.361902
sqlite3	call	direct	0	0	0	0	1	-	i32	ptr{pointer},ptr{pointer},ptr{pointer},ptr{pointer},ptr{pointer}	ptr{pointer},ptr{pointer},ptr{pointer},ptr{pointer},ptr{pointer}	21	0.345452
sqlite3	call	direct	0	0	0	0	1	-	void	ptr{pointer},i8	ptr{pointer},i8	21	0.345452
sqlite3	call	direct	0	0	0	0	1	-	i32	ptr{pointer},ptr{pointer},i32,i64	ptr{pointer},ptr{pointer},i32,i64	20	0.329001
sqlite3	call	direct	0	0	0	0	1	-	i32	i32,ptr{pointer}	i32,ptr{pointer}	19	0.312551
sqlite3	call	direct	0	0	0	0	1	-	ptr{pointer}	ptr{pointer},ptr{pointer},i32,ptr{pointer}	ptr{pointer},ptr{pointer},i32,ptr{pointer}	19	0.312551
sqlite3	call	direct	0	0	0	0	1	-	i64	ptr{pointer},ptr{pointer}	ptr{pointer},ptr{pointer}	18	0.296101
sqlite3	call	direct	0	1	0	0	1	-	ptr{pointer}	i32,ptr{pointer},ptr{pointer},i32{vararg}	i32,ptr{pointer},ptr{pointer},i32{vararg}	18	0.296101
sqlite3	call	direct	0	1	0	0	1	-	ptr{pointer}	i32,ptr{pointer},ptr{pointer}	i32,ptr{pointer},ptr{pointer}	18	0.296101
sqlite3	call	indirect	0	0	0	0	1	-	i32	ptr{pointer}	ptr{pointer}	18	0.296101
sqlite3	call	direct	0	0	0	0	1	-	i32	ptr{pointer},ptr{pointer},i32,i8,ptr{pointer}	ptr{pointer},ptr{pointer},i32,i8,ptr{pointer}	17	0.279651
sqlite3	call	direct	0	0	0	0	1	-	void	-	-	17	0.279651
sqlite3	call	direct	0	1	0	0	1	-	void	ptr{pointer},ptr{pointer,vararg},ptr{pointer,vararg}	ptr{pointer},ptr{pointer,vararg},ptr{pointer,vararg}	17	0.279651
sqlite3	call	direct	0	0	0	0	1	-	i32	ptr{pointer},ptr{pointer},i32,i32,ptr{pointer},ptr{pointer},ptr{pointer},ptr{pointer}	ptr{pointer},ptr{pointer},i32,i32,ptr{pointer},ptr{pointer},ptr{pointer},ptr{pointer}	15	0.246751
sqlite3	call	direct	0	0	0	0	1	-	i32	ptr{pointer},ptr{pointer},ptr{pointer},ptr{pointer},i32,ptr{pointer},ptr{pointer}	ptr{pointer},ptr{pointer},ptr{pointer},ptr{pointer},i32,ptr{pointer},ptr{pointer}	15	0.246751
sqlite3	call	direct	0	0	0	0	1	-	ptr{pointer}	ptr{pointer},i32,i32,i64,i16,ptr{pointer}	ptr{pointer},i32,i32,i64,i16,ptr{pointer}	15	0.246751
sqlite3	call	direct	0	0	0	0	1	-	i8	ptr{pointer}	ptr{pointer}	14	0.230301
sqlite3	call	direct	0	0	0	0	1	-	ptr{pointer}	ptr{pointer},ptr{pointer},i8	ptr{pointer},ptr{pointer},i8	14	0.230301
sqlite3	call	direct	0	0	0	0	1	-	double	ptr{pointer}	ptr{pointer}	13	0.213851
sqlite3	call	direct	0	0	0	0	1	-	ptr{pointer}	ptr{pointer},i8,ptr{pointer},i32,i32	ptr{pointer},i8,ptr{pointer},i32,i32	13	0.213851
sqlite3	call	direct	0	0	0	0	1	-	void	i32	i32	13	0.213851
sqlite3	call	indirect	0	0	0	0	1	-	void	ptr{pointer}	ptr{pointer}	13	0.213851
sqlite3	call	direct	0	0	0	0	1	-	i32	ptr{pointer},i32,i8,i32	ptr{pointer},i32,i8,i32	12	0.197401
sqlite3	call	direct	0	0	0	0	1	-	i32	ptr{pointer},ptr{pointer},ptr{pointer},ptr{pointer}	ptr{pointer},ptr{pointer},ptr{pointer},ptr{pointer}	12	0.197401
sqlite3	call	direct	0	0	0	0	1	-	ptr{pointer}	ptr{pointer},i8	ptr{pointer},i8	12	0.197401
sqlite3	call	direct	0	0	0	0	1	-	ptr{pointer}	ptr{pointer},ptr{pointer},i32,i32,i8,i32	ptr{pointer},ptr{pointer},i32,i32,i8,i32	12	0.197401
sqlite3	call	direct	0	0	0	0	1	-	i16	ptr{pointer},ptr{pointer}	ptr{pointer},ptr{pointer}	11	0.180951
sqlite3	call	direct	0	0	0	0	1	-	i32	ptr{pointer},ptr{pointer},i32,ptr{pointer},ptr{pointer}	ptr{pointer},ptr{pointer},i32,ptr{pointer},ptr{pointer}	11	0.180951
sqlite3	call	direct	0	0	0	0	1	-	i32	ptr{pointer},ptr{pointer},ptr{pointer},i32,ptr{pointer}	ptr{pointer},ptr{pointer},ptr{pointer},i32,ptr{pointer}	11	0.180951
sqlite3	call	direct	0	0	0	0	1	-	ptr{pointer}	i64	i64	11	0.180951
sqlite3	call	direct	0	0	0	0	1	-	void	ptr{pointer},i32,ptr{pointer}	ptr{pointer},i32,ptr{pointer}	11	0.180951
sqlite3	call	direct	0	0	0	0	1	-	void	ptr{pointer},ptr{pointer},i32,i32,i32	ptr{pointer},ptr{pointer},i32,i32,i32	11	0.180951
sqlite3	call	direct	0	0	0	0	1	-	i32	ptr{pointer},ptr{pointer},i64,i32,ptr{pointer}	ptr{pointer},ptr{pointer},i64,i32,ptr{pointer}	10	0.164501
sqlite3	call	direct	0	0	0	0	1	-	ptr{pointer}	ptr{pointer},i32,ptr{pointer},ptr{pointer}	ptr{pointer},i32,ptr{pointer},ptr{pointer}	10	0.164501
sqlite3	call	direct	0	0	0	0	1	-	void	i32,ptr{pointer}	i32,ptr{pointer}	10	0.164501
sqlite3	call	direct	0	0	0	0	1	-	void	ptr{pointer},i32,i32,ptr{pointer},i32	ptr{pointer},i32,i32,ptr{pointer},i32	10	0.164501
sqlite3	call	direct	0	0	0	0	1	-	void	ptr{pointer},i8,i8	ptr{pointer},i8,i8	10	0.164501
sqlite3	call	direct	0	0	0	0	1	-	i32	ptr{pointer},ptr{pointer},i32,i32	ptr{pointer},ptr{pointer},i32,i32	9	0.148051
sqlite3	call	direct	0	0	0	0	1	-	void	ptr{pointer},i32,ptr{pointer},i8,ptr{pointer}	ptr{pointer},i32,ptr{pointer},i8,ptr{pointer}	9	0.148051
sqlite3	call	direct	0	0	0	0	1	-	void	ptr{pointer},ptr{pointer},ptr{pointer},ptr{pointer},i32	ptr{pointer},ptr{pointer},ptr{pointer},ptr{pointer},i32	9	0.148051
sqlite3	call	direct	0	1	0	0	1	-	i32	ptr{pointer},ptr{pointer},ptr{pointer,vararg},ptr{pointer,vararg}	ptr{pointer},ptr{pointer},ptr{pointer,vararg},ptr{pointer,vararg}	9	0.148051
sqlite3	call	direct	0	1	0	0	1	-	void	ptr{pointer},ptr{pointer},ptr{pointer},i32{vararg}	ptr{pointer},ptr{pointer},ptr{pointer},i32{vararg}	9	0.148051
sqlite3	call	direct	0	0	0	0	1	-	i32	ptr{pointer},i64,ptr{pointer}	ptr{pointer},i64,ptr{pointer}	8	0.131601
sqlite3	call	direct	0	0	0	0	1	-	i32	ptr{pointer},ptr{pointer},i32,ptr{pointer},ptr{pointer},ptr{pointer}	ptr{pointer},ptr{pointer},i32,ptr{pointer},ptr{pointer},ptr{pointer}	8	0.131601
sqlite3	call	direct	0	0	0	0	1	-	i32	ptr{pointer},ptr{pointer},i32,ptr{pointer}	ptr{pointer},ptr{pointer},i32,ptr{pointer}	8	0.131601
sqlite3	call	direct	0	0	0	0	1	-	i32	ptr{pointer},ptr{pointer},ptr{pointer},i32,i8	ptr{pointer},ptr{pointer},ptr{pointer},i32,i8	8	0.131601
sqlite3	call	direct	0	0	0	0	1	-	ptr{pointer}	ptr{pointer},i64	ptr{pointer},i64	8	0.131601
sqlite3	call	direct	0	0	0	0	1	-	void	i32,i32	i32,i32	8	0.131601
sqlite3	call	direct	0	0	0	0	1	-	void	ptr{pointer},double	ptr{pointer},double	8	0.131601
sqlite3	call	direct	0	0	0	0	1	-	void	ptr{pointer},i64	ptr{pointer},i64	8	0.131601
sqlite3	call	direct	0	1	0	0	1	-	i32	i32,i32,ptr{pointer,vararg}	i32,i32,ptr{pointer,vararg}	8	0.131601
sqlite3	call	direct	0	1	0	0	1	-	void	ptr{pointer},ptr{pointer},ptr{pointer,vararg},ptr{pointer,vararg},ptr{pointer,vararg}	ptr{pointer},ptr{pointer},ptr{pointer,vararg},ptr{pointer,vararg},ptr{pointer,vararg}	8	0.131601
sqlite3	call	indirect	0	0	0	0	1	-	i32	ptr{pointer},i32	ptr{pointer},i32	8	0.131601
sqlite3	call	direct	0	0	0	0	1	-	i32	ptr{pointer},i32,i32,ptr{pointer}	ptr{pointer},i32,i32,ptr{pointer}	7	0.115151
sqlite3	call	direct	0	0	0	0	1	-	i32	ptr{pointer},i64	ptr{pointer},i64	7	0.115151
sqlite3	call	direct	0	0	0	0	1	-	i32	ptr{pointer},ptr{pointer},i32,i32,ptr{pointer},ptr{pointer}	ptr{pointer},ptr{pointer},i32,i32,ptr{pointer},ptr{pointer}	7	0.115151
sqlite3	call	direct	0	0	0	0	1	-	void	ptr{pointer},i32,i8,i32,ptr{pointer}	ptr{pointer},i32,i8,i32,ptr{pointer}	7	0.115151
sqlite3	call	direct	0	1	0	0	1	-	void	ptr{pointer},ptr{pointer},i32{vararg}	ptr{pointer},ptr{pointer},i32{vararg}	7	0.115151
sqlite3	call	direct	0	1	0	0	1	-	void	ptr{pointer},ptr{pointer},ptr{pointer,vararg},ptr{pointer,vararg}	ptr{pointer},ptr{pointer},ptr{pointer,vararg},ptr{pointer,vararg}	7	0.115151
sqlite3	call	indirect	0	0	0	0	1	-	i32	ptr{pointer},ptr{pointer}	ptr{pointer},ptr{pointer}	7	0.115151
sqlite3	call	direct	0	0	0	0	1	-	i32	ptr{pointer},i32,i32,ptr{pointer},ptr{pointer},ptr{pointer}	ptr{pointer},i32,i32,ptr{pointer},ptr{pointer},ptr{pointer}	6	0.098700
sqlite3	call	direct	0	0	0	0	1	-	i32	ptr{pointer},i32,i8	ptr{pointer},i32,i8	6	0.098700
sqlite3	call	direct	0	0	0	0	1	-	i32	ptr{pointer},i32,ptr{pointer},i32,ptr{pointer},i32,i32,i32,i32,ptr{pointer},ptr{pointer}	ptr{pointer},i32,ptr{pointer},i32,ptr{pointer},i32,i32,i32,i32,ptr{pointer},ptr{pointer}	6	0.098700
sqlite3	call	direct	0	0	0	0	1	-	i32	ptr{pointer},i8	ptr{pointer},i8	6	0.098700
sqlite3	call	direct	0	0	0	0	1	-	i64	ptr{pointer},i32	ptr{pointer},i32	6	0.098700
sqlite3	call	direct	0	0	0	0	1	-	void	ptr{pointer},i32,i32,i8,ptr{pointer}	ptr{pointer},i32,i32,i8,ptr{pointer}	6	0.098700
sqlite3	call	direct	0	0	0	0	1	-	void	ptr{pointer},i32,ptr{pointer},ptr{pointer}	ptr{pointer},i32,ptr{pointer},ptr{pointer}	6	0.098700
sqlite3	call	direct	0	0	0	0	1	-	void	ptr{pointer},ptr{pointer},ptr{pointer},i32	ptr{pointer},ptr{pointer},ptr{pointer},i32	6	0.098700
sqlite3	call	direct	0	0	0	0	1	-	void	ptr{pointer},ptr{pointer},ptr{pointer},ptr{pointer}	ptr{pointer},ptr{pointer},ptr{pointer},ptr{pointer}	6	0.098700
sqlite3	call	direct	0	1	0	0	1	-	i32	ptr{pointer},ptr{pointer,vararg}	ptr{pointer},ptr{pointer,vararg}	6	0.098700
sqlite3	call	direct	0	0	0	0	1	-	i32	ptr{pointer},i64,i32	ptr{pointer},i64,i32	5	0.082250
sqlite3	call	direct	0	0	0	0	1	-	i32	ptr{pointer},ptr{pointer},ptr{pointer},i32,i32,i32,i32,i32	ptr{pointer},ptr{pointer},ptr{pointer},i32,i32,i32,i32,i32	5	0.082250
sqlite3	call	direct	0	0	0	0	1	-	i32	ptr{pointer},ptr{pointer},ptr{pointer},i32	ptr{pointer},ptr{pointer},ptr{pointer},i32	5	0.082250
sqlite3	call	direct	0	0	0	0	1	-	ptr{pointer}	ptr{pointer},ptr{pointer},ptr{pointer},ptr{pointer},i8	ptr{pointer},ptr{pointer},ptr{pointer},ptr{pointer},i8	5	0.082250
sqlite3	call	direct	0	0	0	0	1	-	ptr{pointer}	ptr{pointer},ptr{pointer},ptr{pointer},ptr{pointer},ptr{pointer},ptr{pointer},ptr{pointer},i32,ptr{pointer},ptr{pointer}	ptr{pointer},ptr{pointer},ptr{pointer},ptr{pointer},ptr{pointer},ptr{pointer},ptr{pointer},i32,ptr{pointer},ptr{pointer}	5	0.082250
sqlite3	call	direct	0	0	0	0	1	-	void	ptr{pointer},i32,i32,i32,i32	ptr{pointer},i32,i32,i32,i32	5	0.082250
sqlite3	call	direct	0	0	0	0	1	-	void	ptr{pointer},i32,ptr{pointer},i32,i32	ptr{pointer},i32,ptr{pointer},i32,i32	5	0.082250
sqlite3	call	direct	0	0	0	0	1	-	void	ptr{pointer},ptr{pointer},ptr{pointer},i32,i32,ptr{pointer},i32,ptr{pointer},i32,i32,ptr{pointer}	ptr{pointer},ptr{pointer},ptr{pointer},i32,i32,ptr{pointer},i32,ptr{pointer},i32,i32,ptr{pointer}	5	0.082250
sqlite3	call	direct	0	1	0	0	1	-	ptr{pointer}	i32,ptr{pointer},ptr{pointer},double{vararg}	i32,ptr{pointer},ptr{pointer},double{vararg}	5	0.082250
sqlite3	call	direct	0	1	0	0	1	-	ptr{pointer}	ptr{pointer},ptr{pointer},ptr{pointer,vararg},ptr{pointer,vararg}	ptr{pointer},ptr{pointer},ptr{pointer,vararg},ptr{pointer,vararg}	5	0.082250
sqlite3	call	indirect	0	0	0	0	1	-	i32	ptr{pointer},i32,ptr{pointer},i32,ptr{pointer}	ptr{pointer},i32,ptr{pointer},i32,ptr{pointer}	5	0.082250
sqlite3	call	direct	0	0	0	0	1	-	double	double	double	4	0.065800
sqlite3	call	direct	0	0	0	0	1	-	i32	ptr{pointer},i32,i32,i32,ptr{pointer}	ptr{pointer},i32,i32,i32,ptr{pointer}	4	0.065800
sqlite3	call	direct	0	0	0	0	1	-	i32	ptr{pointer},i32,ptr{pointer},i32,ptr{pointer},i8	ptr{pointer},i32,ptr{pointer},i32,ptr{pointer},i8	4	0.065800
sqlite3	call	direct	0	0	0	0	1	-	i32	ptr{pointer},ptr{pointer},i32,i32,i32,ptr{pointer}	ptr{pointer},ptr{pointer},i32,i32,i32,ptr{pointer}	4	0.065800
sqlite3	call	direct	0	0	0	0	1	-	i32	ptr{pointer},ptr{pointer},i32,i32,ptr{pointer}	ptr{pointer},ptr{pointer},i32,i32,ptr{pointer}	4	0.065800
sqlite3	call	direct	0	0	0	0	1	-	i32	ptr{pointer},ptr{pointer},i64,i32	ptr{pointer},ptr{pointer},i64,i32	4	0.065800
sqlite3	call	direct	0	0	0	0	1	-	i32	ptr{pointer},ptr{pointer},ptr{pointer},ptr{pointer},ptr{pointer},ptr{pointer}	ptr{pointer},ptr{pointer},ptr{pointer},ptr{pointer},ptr{pointer},ptr{pointer}	4	0.065800
sqlite3	call	direct	0	0	0	0	1	-	i8	ptr{pointer},i8	ptr{pointer},i8	4	0.065800
sqlite3	call	direct	0	0	0	0	1	-	ptr{pointer}	ptr{pointer},i32,i32	ptr{pointer},i32,i32	4	0.065800
sqlite3	call	direct	0	0	0	0	1	-	ptr{pointer}	ptr{pointer},i32,ptr{pointer},i32	ptr{pointer},i32,ptr{pointer},i32	4	0.065800
sqlite3	call	direct	0	0	0	0	1	-	ptr{pointer}	ptr{pointer},ptr{pointer},ptr{pointer},ptr{pointer},ptr{pointer}	ptr{pointer},ptr{pointer},ptr{pointer},ptr{pointer},ptr{pointer}	4	0.065800
sqlite3	call	direct	0	0	0	0	1	-	void	ptr{pointer},i32,i32,ptr{pointer}	ptr{pointer},i32,i32,ptr{pointer}	4	0.065800
sqlite3	call	direct	0	0	0	0	1	-	void	ptr{pointer},ptr{pointer},i32,i32,ptr{pointer},i32,i32,i32,i32	ptr{pointer},ptr{pointer},i32,i32,ptr{pointer},i32,i32,i32,i32	4	0.065800
sqlite3	call	direct	0	0	0	0	1	-	void	ptr{pointer},ptr{pointer},ptr{pointer},ptr{pointer},ptr{pointer},i32,ptr{pointer},ptr{pointer},i32,i32	ptr{pointer},ptr{pointer},ptr{pointer},ptr{pointer},ptr{pointer},i32,ptr{pointer},ptr{pointer},i32,i32	4	0.065800
sqlite3	call	direct	0	0	0	0	1	-	void	ptr{pointer},ptr{pointer},ptr{pointer},ptr{pointer},ptr{pointer},i32	ptr{pointer},ptr{pointer},ptr{pointer},ptr{pointer},ptr{pointer},i32	4	0.065800
sqlite3	call	direct	0	1	0	0	1	-	i32	i32,i32,i32{vararg}	i32,i32,i32{vararg}	4	0.065800
sqlite3	call	direct	0	1	0	0	1	-	ptr{pointer}	i32,ptr{pointer},ptr{pointer},i32{vararg},ptr{pointer,vararg}	i32,ptr{pointer},ptr{pointer},i32{vararg},ptr{pointer,vararg}	4	0.065800
sqlite3	call	direct	0	1	0	0	1	-	ptr{pointer}	i32,ptr{pointer},ptr{pointer},i64{vararg}	i32,ptr{pointer},ptr{pointer},i64{vararg}	4	0.065800
sqlite3	call	direct	0	1	0	0	1	-	void	ptr{pointer},ptr{pointer,vararg},ptr{pointer,vararg},ptr{pointer,vararg},ptr{pointer,vararg}	ptr{pointer},ptr{pointer,vararg},ptr{pointer,vararg},ptr{pointer,vararg},ptr{pointer,vararg}	4	0.065800
sqlite3	call	direct	0	1	0	0	1	-	void	ptr{pointer},ptr{pointer},i32{vararg},ptr{pointer,vararg}	ptr{pointer},ptr{pointer},i32{vararg},ptr{pointer,vararg}	4	0.065800
sqlite3	call	direct	0	1	0	0	1	-	void	ptr{pointer},ptr{pointer},ptr{pointer},i32{vararg},i32{vararg},i32{vararg}	ptr{pointer},ptr{pointer},ptr{pointer},i32{vararg},i32{vararg},i32{vararg}	4	0.065800
sqlite3	call	direct	0	0	0	0	1	-	i32	-	-	3	0.049350
sqlite3	call	direct	0	0	0	0	1	-	i32	i64	i64	3	0.049350
sqlite3	call	direct	0	0	0	0	1	-	i32	ptr{pointer},i32,i32,ptr{pointer},i32,i32	ptr{pointer},i32,i32,ptr{pointer},i32,i32	3	0.049350
sqlite3	call	direct	0	0	0	0	1	-	i32	ptr{pointer},i32,ptr{pointer},i32,ptr{pointer},i32	ptr{pointer},i32,ptr{pointer},i32,ptr{pointer},i32	3	0.049350
sqlite3	call	direct	0	0	0	0	1	-	i32	ptr{pointer},ptr{pointer},i8,i32,i32	ptr{pointer},ptr{pointer},i8,i32,i32	3	0.049350
sqlite3	call	direct	0	0	0	0	1	-	i32	ptr{pointer},ptr{pointer},i8,i8,ptr{pointer}	ptr{pointer},ptr{pointer},i8,i8,ptr{pointer}	3	0.049350
sqlite3	call	direct	0	0	0	0	1	-	i32	ptr{pointer},ptr{pointer},ptr{pointer},i64,ptr{pointer},i32,i32,ptr{pointer}	ptr{pointer},ptr{pointer},ptr{pointer},i64,ptr{pointer},i32,i32,ptr{pointer}	3	0.049350
sqlite3	call	direct	0	0	0	0	1	-	i64	double	double	3	0.049350
sqlite3	call	direct	0	0	0	0	1	-	i64	i32,ptr{pointer},i64	i32,ptr{pointer},i64	3	0.049350
sqlite3	call	direct	0	0	0	0	1	-	ptr{pointer}	ptr{pointer},ptr{pointer},i32,i32,ptr{pointer},ptr{pointer},ptr{pointer}	ptr{pointer},ptr{pointer},i32,i32,ptr{pointer},ptr{pointer},ptr{pointer}	3	0.049350
sqlite3	call	direct	0	0	0	0	1	-	ptr{pointer}	ptr{pointer},ptr{pointer},i32,i32	ptr{pointer},ptr{pointer},i32,i32	3	0.049350
sqlite3	call	direct	0	0	0	0	1	-	ptr{pointer}	ptr{pointer},ptr{pointer},ptr{pointer},ptr{pointer},ptr{pointer},ptr{pointer},ptr{pointer},ptr{pointer}	ptr{pointer},ptr{pointer},ptr{pointer},ptr{pointer},ptr{pointer},ptr{pointer},ptr{pointer},ptr{pointer}	3	0.049350
sqlite3	call	direct	0	0	0	0	1	-	void	ptr{pointer},i32,[2 x i64],ptr{pointer}	ptr{pointer},i32,i64{consecutive},i64{consecutive,consecutive-last},ptr{pointer}	3	0.049350
sqlite3	call	direct	0	0	0	0	1	-	void	ptr{pointer},ptr{pointer},ptr{pointer},i32,i32,i32,i32	ptr{pointer},ptr{pointer},ptr{pointer},i32,i32,i32,i32	3	0.049350
sqlite3	call	direct	0	1	0	0	1	-	i32	ptr{pointer},ptr{pointer},i32{vararg},i32{vararg},ptr{pointer,vararg},ptr{pointer,vararg}	ptr{pointer},ptr{pointer},i32{vararg},i32{vararg},ptr{pointer,vararg},ptr{pointer,vararg}	3	0.049350
sqlite3	call	direct	0	1	0	0	1	-	ptr{pointer}	ptr{pointer},ptr{pointer,vararg}	ptr{pointer},ptr{pointer,vararg}	3	0.049350
sqlite3	call	direct	0	1	0	0	1	-	void	ptr{pointer},i32,ptr{pointer},ptr{pointer,vararg}	ptr{pointer},i32,ptr{pointer},ptr{pointer,vararg}	3	0.049350
sqlite3	call	direct	0	1	0	0	1	-	void	ptr{pointer},ptr{pointer},ptr{pointer,vararg},i32{vararg}	ptr{pointer},ptr{pointer},ptr{pointer,vararg},i32{vararg}	3	0.049350
sqlite3	call	indirect	0	0	0	0	1	-	i32	ptr{pointer},i32,ptr{pointer}	ptr{pointer},i32,ptr{pointer}	3	0.049350
sqlite3	call	indirect	0	0	0	0	1	-	i32	ptr{pointer},ptr{pointer},i32	ptr{pointer},ptr{pointer},i32	3	0.049350
sqlite3	call	indirect	0	0	0	0	1	-	void	ptr{pointer},i32	ptr{pointer},i32	3	0.049350
sqlite3	call	direct	0	0	0	0	1	-	i32	i32,i32,i32	i32,i32,i32	2	0.032900
sqlite3	call	direct	0	0	0	0	1	-	i32	i32,i32	i32,i32	2	0.032900
sqlite3	call	direct	0	0	0	0	1	-	i32	i32,ptr{pointer},ptr{pointer},ptr{pointer}	i32,ptr{pointer},ptr{pointer},ptr{pointer}	2	0.032900
sqlite3	call	direct	0	0	0	0	1	-	i32	ptr{pointer},i32,i64	ptr{pointer},i32,i64	2	0.032900
sqlite3	call	direct	0	0	0	0	1	-	i32	ptr{pointer},i32,ptr{pointer},i32,ptr{pointer}	ptr{pointer},i32,ptr{pointer},i32,ptr{pointer}	2	0.032900
sqlite3	call	direct	0	0	0	0	1	-	i32	ptr{pointer},i64,ptr{pointer},i32	ptr{pointer},i64,ptr{pointer},i32	2	0.032900
sqlite3	call	direct	0	0	0	0	1	-	i32	ptr{pointer},i64,ptr{pointer},ptr{pointer}	ptr{pointer},i64,ptr{pointer},ptr{pointer}	2	0.032900
sqlite3	call	direct	0	0	0	0	1	-	i32	ptr{pointer},ptr{pointer},i64,ptr{pointer},i32,i32,i32	ptr{pointer},ptr{pointer},i64,ptr{pointer},i32,i32,i32	2	0.032900
sqlite3	call	direct	0	0	0	0	1	-	i32	ptr{pointer},ptr{pointer},i8	ptr{pointer},ptr{pointer},i8	2	0.032900
sqlite3	call	direct	0	0	0	0	1	-	i32	ptr{pointer},ptr{pointer},ptr{pointer},i32,i32,ptr{pointer}	ptr{pointer},ptr{pointer},ptr{pointer},i32,i32,ptr{pointer}	2	0.032900
sqlite3	call	direct	0	0	0	0	1	-	i32	ptr{pointer},ptr{pointer},ptr{pointer},i32,i32	ptr{pointer},ptr{pointer},ptr{pointer},i32,i32	2	0.032900
sqlite3	call	direct	0	0	0	0	1	-	i32	ptr{pointer},ptr{pointer},ptr{pointer},i64,i32	ptr{pointer},ptr{pointer},ptr{pointer},i64,i32	2	0.032900
sqlite3	call	direct	0	0	0	0	1	-	i64	i32,i64,i32	i32,i64,i32	2	0.032900
sqlite3	call	direct	0	0	0	0	1	-	ptr{pointer}	ptr{pointer},i32,ptr{pointer}	ptr{pointer},i32,ptr{pointer}	2	0.032900
sqlite3	call	direct	0	0	0	0	1	-	ptr{pointer}	ptr{pointer},ptr{pointer},i64	ptr{pointer},ptr{pointer},i64	2	0.032900
sqlite3	call	direct	0	0	0	0	1	-	ptr{pointer}	ptr{pointer},ptr{pointer},ptr{pointer},i32	ptr{pointer},ptr{pointer},ptr{pointer},i32	2	0.032900
sqlite3	call	direct	0	0	0	0	1	-	ptr{pointer}	ptr{pointer},ptr{pointer},ptr{pointer},ptr{pointer},ptr{pointer},i32	ptr{pointer},ptr{pointer},ptr{pointer},ptr{pointer},ptr{pointer},i32	2	0.032900
sqlite3	call	direct	0	0	0	0	1	-	void	i8,ptr{pointer}	i8,ptr{pointer}	2	0.032900
sqlite3	call	direct	0	0	0	0	1	-	void	ptr{pointer},i32,i32,i32,ptr{pointer}	ptr{pointer},i32,i32,i32,ptr{pointer}	2	0.032900
sqlite3	call	direct	0	0	0	0	1	-	void	ptr{pointer},i32,ptr{pointer},i32,ptr{pointer},ptr{pointer},ptr{pointer},ptr{pointer}	ptr{pointer},i32,ptr{pointer},i32,ptr{pointer},ptr{pointer},ptr{pointer},ptr{pointer}	2	0.032900
sqlite3	call	direct	0	0	0	0	1	-	void	ptr{pointer},ptr{pointer},ptr{pointer},i32,i32	ptr{pointer},ptr{pointer},ptr{pointer},i32,i32	2	0.032900
sqlite3	call	direct	0	0	0	0	1	-	void	ptr{pointer},ptr{pointer},ptr{pointer},i32,ptr{pointer}	ptr{pointer},ptr{pointer},ptr{pointer},i32,ptr{pointer}	2	0.032900
sqlite3	call	direct	0	0	0	0	1	-	void	ptr{pointer},ptr{pointer},ptr{pointer},ptr{pointer},ptr{pointer},ptr{pointer},i32,ptr{pointer}	ptr{pointer},ptr{pointer},ptr{pointer},ptr{pointer},ptr{pointer},ptr{pointer},i32,ptr{pointer}	2	0.032900
sqlite3	call	direct	0	1	0	0	1	-	i32	ptr{pointer},i32,i32{vararg}	ptr{pointer},i32,i32{vararg}	2	0.032900
sqlite3	call	direct	0	1	0	0	1	-	i32	ptr{pointer},i32{vararg},i32{vararg},i32{vararg},i32{vararg},ptr{pointer,vararg},i32{vararg},i32{vararg},i32{vararg},i32{vararg},ptr{pointer,vararg}	ptr{pointer},i32{vararg},i32{vararg},i32{vararg},i32{vararg},ptr{pointer,vararg},i32{vararg},i32{vararg},i32{vararg},i32{vararg},ptr{pointer,vararg}	2	0.032900
sqlite3	call	direct	0	1	0	0	1	-	i32	ptr{pointer},ptr{pointer,vararg},ptr{pointer,vararg}	ptr{pointer},ptr{pointer,vararg},ptr{pointer,vararg}	2	0.032900
sqlite3	call	direct	0	1	0	0	1	-	i32	ptr{pointer},ptr{pointer},i32{vararg},ptr{pointer,vararg}	ptr{pointer},ptr{pointer},i32{vararg},ptr{pointer,vararg}	2	0.032900
sqlite3	call	direct	0	1	0	0	1	-	i32	ptr{pointer},ptr{pointer},i32{vararg}	ptr{pointer},ptr{pointer},i32{vararg}	2	0.032900
sqlite3	call	direct	0	1	0	0	1	-	ptr{pointer}	i32,ptr{pointer},ptr{pointer},i32{vararg},i32{vararg},i32{vararg}	i32,ptr{pointer},ptr{pointer},i32{vararg},i32{vararg},i32{vararg}	2	0.032900
sqlite3	call	direct	0	1	0	0	1	-	ptr{pointer}	ptr{pointer},ptr{pointer},i64{vararg},ptr{pointer,vararg},ptr{pointer,vararg},ptr{pointer,vararg}	ptr{pointer},ptr{pointer},i64{vararg},ptr{pointer,vararg},ptr{pointer,vararg},ptr{pointer,vararg}	2	0.032900
sqlite3	call	direct	0	1	0	0	1	-	ptr{pointer}	ptr{pointer},ptr{pointer},ptr{pointer,vararg},i32{vararg},ptr{pointer,vararg}	ptr{pointer},ptr{pointer},ptr{pointer,vararg},i32{vararg},ptr{pointer,vararg}	2	0.032900
sqlite3	call	direct	0	1	0	0	1	-	ptr{pointer}	ptr{pointer},ptr{pointer},ptr{pointer,vararg},i32{vararg}	ptr{pointer},ptr{pointer},ptr{pointer,vararg},i32{vararg}	2	0.032900
sqlite3	call	direct	0	1	0	0	1	-	void	ptr{pointer},ptr{pointer,vararg},ptr{pointer,vararg},ptr{pointer,vararg},ptr{pointer,vararg},ptr{pointer,vararg}	ptr{pointer},ptr{pointer,vararg},ptr{pointer,vararg},ptr{pointer,vararg},ptr{pointer,vararg},ptr{pointer,vararg}	2	0.032900
sqlite3	call	direct	0	1	0	0	1	-	void	ptr{pointer},ptr{pointer,vararg},ptr{pointer,vararg},ptr{pointer,vararg}	ptr{pointer},ptr{pointer,vararg},ptr{pointer,vararg},ptr{pointer,vararg}	2	0.032900
sqlite3	call	direct	0	1	0	0	1	-	void	ptr{pointer},ptr{pointer},i32{vararg},i32{vararg}	ptr{pointer},ptr{pointer},i32{vararg},i32{vararg}	2	0.032900
sqlite3	call	direct	0	1	0	0	1	-	void	ptr{pointer},ptr{pointer},ptr{pointer,vararg},ptr{pointer,vararg},ptr{pointer,vararg},ptr{pointer,vararg},ptr{pointer,vararg}	ptr{pointer},ptr{pointer},ptr{pointer,vararg},ptr{pointer,vararg},ptr{pointer,vararg},ptr{pointer,vararg},ptr{pointer,vararg}	2	0.032900
sqlite3	call	direct	0	1	0	0	1	-	void	ptr{pointer},ptr{pointer},ptr{pointer},i32{vararg},i32{vararg}	ptr{pointer},ptr{pointer},ptr{pointer},i32{vararg},i32{vararg}	2	0.032900
sqlite3	call	indirect	0	0	0	0	1	-	i32	ptr{pointer},i32,ptr{pointer},ptr{pointer},ptr{pointer},ptr{pointer}	ptr{pointer},i32,ptr{pointer},ptr{pointer},ptr{pointer},ptr{pointer}	2	0.032900
sqlite3	call	indirect	0	0	0	0	1	-	i32	ptr{pointer},i32,ptr{pointer},ptr{pointer}	ptr{pointer},i32,ptr{pointer},ptr{pointer}	2	0.032900
sqlite3	call	indirect	0	0	0	0	1	-	i32	ptr{pointer},ptr{pointer},i32,i64	ptr{pointer},ptr{pointer},i32,i64	2	0.032900
sqlite3	call	indirect	0	0	0	0	1	-	void	ptr{pointer},i32,ptr{pointer},ptr{pointer},i64	ptr{pointer},i32,ptr{pointer},ptr{pointer},i64	2	0.032900
sqlite3	call	indirect	0	0	0	0	1	-	void	ptr{pointer},i32,ptr{pointer}	ptr{pointer},i32,ptr{pointer}	2	0.032900
sqlite3	call	indirect	0	0	0	0	1	-	void	ptr{pointer},ptr{pointer},i32,ptr{pointer}	ptr{pointer},ptr{pointer},i32,ptr{pointer}	2	0.032900
sqlite3	call	direct	0	0	0	0	1	-	double	ptr{pointer},ptr{pointer},ptr{pointer},i64,ptr{pointer},i32,ptr{pointer}	ptr{pointer},ptr{pointer},ptr{pointer},i64,ptr{pointer},i32,ptr{pointer}	1	0.016450
sqlite3	call	direct	0	0	0	0	1	-	double	ptr{pointer},ptr{pointer},ptr{pointer},i64,ptr{pointer},ptr{pointer},ptr{pointer},ptr{pointer}	ptr{pointer},ptr{pointer},ptr{pointer},i64,ptr{pointer},ptr{pointer},ptr{pointer},ptr{pointer}	1	0.016450
sqlite3	call	direct	0	0	0	0	1	-	i32	i32,i32,ptr{pointer},ptr{pointer}	i32,i32,ptr{pointer},ptr{pointer}	1	0.016450
sqlite3	call	direct	0	0	0	0	1	-	i32	i32,i64	i32,i64	1	0.016450
sqlite3	call	direct	0	0	0	0	1	-	i32	i32,i8	i32,i8	1	0.016450
sqlite3	call	direct	0	0	0	0	1	-	i32	i32,ptr{pointer},ptr{pointer}	i32,ptr{pointer},ptr{pointer}	1	0.016450
sqlite3	call	direct	0	0	0	0	1	-	i32	ptr{pointer},i32,i32,i8	ptr{pointer},i32,i32,i8	1	0.016450
sqlite3	call	direct	0	0	0	0	1	-	i32	ptr{pointer},ptr{pointer},i32,i32,i32	ptr{pointer},ptr{pointer},i32,i32,i32	1	0.016450
sqlite3	call	direct	0	0	0	0	1	-	i32	ptr{pointer},ptr{pointer},ptr{pointer},i32,i32,i32	ptr{pointer},ptr{pointer},ptr{pointer},i32,i32,i32	1	0.016450
sqlite3	call	direct	0	0	0	0	1	-	i32	ptr{pointer},ptr{pointer},ptr{pointer},i32,ptr{pointer},i32,ptr{pointer}	ptr{pointer},ptr{pointer},ptr{pointer},i32,ptr{pointer},i32,ptr{pointer}	1	0.016450
sqlite3	call	direct	0	0	0	0	1	-	i64	-	-	1	0.016450
sqlite3	call	direct	0	0	0	0	1	-	i8	ptr{pointer},ptr{pointer},i32	ptr{pointer},ptr{pointer},i32	1	0.016450
sqlite3	call	direct	0	0	0	0	1	-	ptr{pointer}	i32,ptr{pointer}	i32,ptr{pointer}	1	0.016450
sqlite3	call	direct	0	0	0	0	1	-	ptr{pointer}	ptr{pointer},ptr{pointer},i32,i32,ptr{pointer}	ptr{pointer},ptr{pointer},i32,i32,ptr{pointer}	1	0.016450
sqlite3	call	direct	0	0	0	0	1	-	ptr{pointer}	ptr{pointer},ptr{pointer},ptr{pointer},ptr{pointer},i32	ptr{pointer},ptr{pointer},ptr{pointer},ptr{pointer},i32	1	0.016450
sqlite3	call	direct	0	0	0	0	1	-	void	i32,i32,i32	i32,i32,i32	1	0.016450
sqlite3	call	direct	0	0	0	0	1	-	void	ptr{pointer},ptr{pointer},ptr{pointer},i32,i32,ptr{pointer},ptr{pointer},ptr{pointer},i32,i32	ptr{pointer},ptr{pointer},ptr{pointer},i32,i32,ptr{pointer},ptr{pointer},ptr{pointer},i32,i32	1	0.016450
sqlite3	call	direct	0	0	0	0	1	-	void	ptr{pointer},ptr{pointer},ptr{pointer},ptr{pointer},ptr{pointer},i32,i32	ptr{pointer},ptr{pointer},ptr{pointer},ptr{pointer},ptr{pointer},i32,i32	1	0.016450
sqlite3	call	direct	0	0	0	0	1	-	void	ptr{pointer},ptr{pointer},ptr{pointer},ptr{pointer},ptr{pointer},ptr{pointer},ptr{pointer}	ptr{pointer},ptr{pointer},ptr{pointer},ptr{pointer},ptr{pointer},ptr{pointer},ptr{pointer}	1	0.016450
sqlite3	call	direct	0	1	0	0	1	-	i32	ptr{pointer},double{vararg},double{vararg}	ptr{pointer},double{vararg},double{vararg}	1	0.016450
sqlite3	call	direct	0	1	0	0	1	-	i32	ptr{pointer},i32	ptr{pointer},i32	1	0.016450
sqlite3	call	direct	0	1	0	0	1	-	i32	ptr{pointer},i32{vararg},i32{vararg},i32{vararg},i32{vararg},ptr{pointer,vararg},i32{vararg},i32{vararg},i32{vararg},i32{vararg},ptr{pointer,vararg},i32{vararg},i32{vararg},i32{vararg},i32{vararg},ptr{pointer,vararg}	ptr{pointer},i32{vararg},i32{vararg},i32{vararg},i32{vararg},ptr{pointer,vararg},i32{vararg},i32{vararg},i32{vararg},i32{vararg},ptr{pointer,vararg},i32{vararg},i32{vararg},i32{vararg},i32{vararg},ptr{pointer,vararg}	1	0.016450
sqlite3	call	direct	0	1	0	0	1	-	i32	ptr{pointer},i32{vararg},i32{vararg},i32{vararg},i32{vararg},ptr{pointer,vararg}	ptr{pointer},i32{vararg},i32{vararg},i32{vararg},i32{vararg},ptr{pointer,vararg}	1	0.016450
sqlite3	call	direct	0	1	0	0	1	-	i32	ptr{pointer},ptr{pointer,vararg},i32{vararg},ptr{pointer,vararg}	ptr{pointer},ptr{pointer,vararg},i32{vararg},ptr{pointer,vararg}	1	0.016450
sqlite3	call	direct	0	1	0	0	1	-	i32	ptr{pointer},ptr{pointer},i32{vararg},ptr{pointer,vararg},ptr{pointer,vararg}	ptr{pointer},ptr{pointer},i32{vararg},ptr{pointer,vararg},ptr{pointer,vararg}	1	0.016450
sqlite3	call	direct	0	1	0	0	1	-	i32	ptr{pointer},ptr{pointer},ptr{pointer,vararg},i32{vararg},i32{vararg},i32{vararg}	ptr{pointer},ptr{pointer},ptr{pointer,vararg},i32{vararg},i32{vararg},i32{vararg}	1	0.016450
sqlite3	call	direct	0	1	0	0	1	-	i32	ptr{pointer}	ptr{pointer}	1	0.016450
sqlite3	call	direct	0	1	0	0	1	-	ptr{pointer}	i32,ptr{pointer},ptr{pointer},i32{vararg},double{vararg}	i32,ptr{pointer},ptr{pointer},i32{vararg},double{vararg}	1	0.016450
sqlite3	call	direct	0	1	0	0	1	-	ptr{pointer}	i32,ptr{pointer},ptr{pointer},i32{vararg},i32{vararg},i32{vararg},i32{vararg},i32{vararg},i32{vararg}	i32,ptr{pointer},ptr{pointer},i32{vararg},i32{vararg},i32{vararg},i32{vararg},i32{vararg},i32{vararg}	1	0.016450
sqlite3	call	direct	0	1	0	0	1	-	ptr{pointer}	i32,ptr{pointer},ptr{pointer},i32{vararg},i32{vararg}	i32,ptr{pointer},ptr{pointer},i32{vararg},i32{vararg}	1	0.016450
sqlite3	call	direct	0	1	0	0	1	-	ptr{pointer}	i32,ptr{pointer},ptr{pointer},ptr{pointer,vararg},i32{vararg}	i32,ptr{pointer},ptr{pointer},ptr{pointer,vararg},i32{vararg}	1	0.016450
sqlite3	call	direct	0	1	0	0	1	-	ptr{pointer}	i32,ptr{pointer},ptr{pointer},ptr{pointer,vararg},ptr{pointer,vararg}	i32,ptr{pointer},ptr{pointer},ptr{pointer,vararg},ptr{pointer,vararg}	1	0.016450
sqlite3	call	direct	0	1	0	0	1	-	ptr{pointer}	ptr{pointer},ptr{pointer,vararg},ptr{pointer,vararg},ptr{pointer,vararg}	ptr{pointer},ptr{pointer,vararg},ptr{pointer,vararg},ptr{pointer,vararg}	1	0.016450
sqlite3	call	direct	0	1	0	0	1	-	ptr{pointer}	ptr{pointer},ptr{pointer},i32{vararg}	ptr{pointer},ptr{pointer},i32{vararg}	1	0.016450
sqlite3	call	direct	0	1	0	0	1	-	ptr{pointer}	ptr{pointer},ptr{pointer},i64{vararg}	ptr{pointer},ptr{pointer},i64{vararg}	1	0.016450
sqlite3	call	direct	0	1	0	0	1	-	ptr{pointer}	ptr{pointer},ptr{pointer},ptr{pointer,vararg},i64{vararg},ptr{pointer,vararg}	ptr{pointer},ptr{pointer},ptr{pointer,vararg},i64{vararg},ptr{pointer,vararg}	1	0.016450
sqlite3	call	direct	0	1	0	0	1	-	ptr{pointer}	ptr{pointer},ptr{pointer},ptr{pointer,vararg},ptr{pointer,vararg},ptr{pointer,vararg}	ptr{pointer},ptr{pointer},ptr{pointer,vararg},ptr{pointer,vararg},ptr{pointer,vararg}	1	0.016450
sqlite3	call	direct	0	1	0	0	1	-	ptr{pointer}	ptr{pointer}	ptr{pointer}	1	0.016450
sqlite3	call	direct	0	1	0	0	1	-	void	ptr{pointer},i32{vararg}	ptr{pointer},i32{vararg}	1	0.016450
sqlite3	call	direct	0	1	0	0	1	-	void	ptr{pointer},ptr{pointer,vararg},i32{vararg}	ptr{pointer},ptr{pointer,vararg},i32{vararg}	1	0.016450
sqlite3	call	direct	0	1	0	0	1	-	void	ptr{pointer},ptr{pointer},i32{vararg},ptr{pointer,vararg},i32{vararg}	ptr{pointer},ptr{pointer},i32{vararg},ptr{pointer,vararg},i32{vararg}	1	0.016450
sqlite3	call	direct	0	1	0	0	1	-	void	ptr{pointer},ptr{pointer},i64{vararg}	ptr{pointer},ptr{pointer},i64{vararg}	1	0.016450
sqlite3	call	direct	0	1	0	0	1	-	void	ptr{pointer},ptr{pointer},ptr{pointer,vararg},i32{vararg},i32{vararg},i32{vararg}	ptr{pointer},ptr{pointer},ptr{pointer,vararg},i32{vararg},i32{vararg},i32{vararg}	1	0.016450
sqlite3	call	direct	0	1	0	0	1	-	void	ptr{pointer},ptr{pointer},ptr{pointer,vararg},i32{vararg},ptr{pointer,vararg}	ptr{pointer},ptr{pointer},ptr{pointer,vararg},i32{vararg},ptr{pointer,vararg}	1	0.016450
sqlite3	call	direct	0	1	0	0	1	-	void	ptr{pointer},ptr{pointer},ptr{pointer,vararg},ptr{pointer,vararg},i32{vararg},i32{vararg},i32{vararg}	ptr{pointer},ptr{pointer},ptr{pointer,vararg},ptr{pointer,vararg},i32{vararg},i32{vararg},i32{vararg}	1	0.016450
sqlite3	call	direct	0	1	0	0	1	-	void	ptr{pointer},ptr{pointer},ptr{pointer,vararg},ptr{pointer,vararg},i32{vararg},ptr{pointer,vararg},i32{vararg},ptr{pointer,vararg}	ptr{pointer},ptr{pointer},ptr{pointer,vararg},ptr{pointer,vararg},i32{vararg},ptr{pointer,vararg},i32{vararg},ptr{pointer,vararg}	1	0.016450
sqlite3	call	direct	0	1	0	0	1	-	void	ptr{pointer},ptr{pointer},ptr{pointer,vararg},ptr{pointer,vararg},i32{vararg}	ptr{pointer},ptr{pointer},ptr{pointer,vararg},ptr{pointer,vararg},i32{vararg}	1	0.016450
sqlite3	call	direct	0	1	0	0	1	-	void	ptr{pointer},ptr{pointer},ptr{pointer,vararg},ptr{pointer,vararg},ptr{pointer,vararg},ptr{pointer,vararg},i32{vararg},ptr{pointer,vararg}	ptr{pointer},ptr{pointer},ptr{pointer,vararg},ptr{pointer,vararg},ptr{pointer,vararg},ptr{pointer,vararg},i32{vararg},ptr{pointer,vararg}	1	0.016450
sqlite3	call	direct	0	1	0	0	1	-	void	ptr{pointer},ptr{pointer},ptr{pointer,vararg},ptr{pointer,vararg},ptr{pointer,vararg},ptr{pointer,vararg},ptr{pointer,vararg},i32{vararg},ptr{pointer,vararg},i32{vararg}	ptr{pointer},ptr{pointer},ptr{pointer,vararg},ptr{pointer,vararg},ptr{pointer,vararg},ptr{pointer,vararg},ptr{pointer,vararg},i32{vararg},ptr{pointer,vararg},i32{vararg}	1	0.016450
sqlite3	call	direct	0	1	0	0	1	-	void	ptr{pointer},ptr{pointer},ptr{pointer,vararg},ptr{pointer,vararg},ptr{pointer,vararg},ptr{pointer,vararg},ptr{pointer,vararg},i32{vararg}	ptr{pointer},ptr{pointer},ptr{pointer,vararg},ptr{pointer,vararg},ptr{pointer,vararg},ptr{pointer,vararg},ptr{pointer,vararg},i32{vararg}	1	0.016450
sqlite3	call	direct	0	1	0	0	1	-	void	ptr{pointer},ptr{pointer},ptr{pointer,vararg},ptr{pointer,vararg},ptr{pointer,vararg},ptr{pointer,vararg},ptr{pointer,vararg},ptr{pointer,vararg},ptr{pointer,vararg},i32{vararg},ptr{pointer,vararg}	ptr{pointer},ptr{pointer},ptr{pointer,vararg},ptr{pointer,vararg},ptr{pointer,vararg},ptr{pointer,vararg},ptr{pointer,vararg},ptr{pointer,vararg},ptr{pointer,vararg},i32{vararg},ptr{pointer,vararg}	1	0.016450
sqlite3	call	direct	0	1	0	0	1	-	void	ptr{pointer},ptr{pointer},ptr{pointer,vararg},ptr{pointer,vararg},ptr{pointer,vararg},ptr{pointer,vararg}	ptr{pointer},ptr{pointer},ptr{pointer,vararg},ptr{pointer,vararg},ptr{pointer,vararg},ptr{pointer,vararg}	1	0.016450
sqlite3	call	direct	0	1	0	0	1	-	void	ptr{pointer},ptr{pointer},ptr{pointer},i32{vararg},i32{vararg},i32{vararg},i32{vararg},i32{vararg}	ptr{pointer},ptr{pointer},ptr{pointer},i32{vararg},i32{vararg},i32{vararg},i32{vararg},i32{vararg}	1	0.016450
sqlite3	call	direct	0	1	0	0	1	-	void	ptr{pointer},ptr{pointer},ptr{pointer}	ptr{pointer},ptr{pointer},ptr{pointer}	1	0.016450
sqlite3	call	indirect	0	0	0	0	1	-	i32	ptr{pointer},i32,i32,ptr{pointer}	ptr{pointer},i32,i32,ptr{pointer}	1	0.016450
sqlite3	call	indirect	0	0	0	0	1	-	i32	ptr{pointer},i32,ptr{pointer},i32	ptr{pointer},i32,ptr{pointer},i32	1	0.016450
sqlite3	call	indirect	0	0	0	0	1	-	i32	ptr{pointer},i32,ptr{pointer},ptr{pointer},ptr{pointer}	ptr{pointer},i32,ptr{pointer},ptr{pointer},ptr{pointer}	1	0.016450
sqlite3	call	indirect	0	0	0	0	1	-	i32	ptr{pointer},i64	ptr{pointer},i64	1	0.016450
sqlite3	call	indirect	0	0	0	0	1	-	i32	ptr{pointer},ptr{pointer},i32,ptr{pointer},ptr{pointer},ptr{pointer}	ptr{pointer},ptr{pointer},i32,ptr{pointer},ptr{pointer},ptr{pointer}	1	0.016450
sqlite3	call	indirect	0	0	0	0	1	-	i32	ptr{pointer},ptr{pointer},i32,ptr{pointer}	ptr{pointer},ptr{pointer},i32,ptr{pointer}	1	0.016450
sqlite3	call	indirect	0	0	0	0	1	-	i32	ptr{pointer},ptr{pointer},ptr{pointer},i32,ptr{pointer}	ptr{pointer},ptr{pointer},ptr{pointer},i32,ptr{pointer}	1	0.016450
sqlite3	call	indirect	0	0	0	0	1	-	ptr{pointer}	i64	i64	1	0.016450
sqlite3	call	indirect	0	0	0	0	1	-	ptr{pointer}	ptr{pointer}	ptr{pointer}	1	0.016450
sqlite3	call	indirect	0	0	0	0	1	-	void	ptr{pointer},i64,i32	ptr{pointer},i64,i32	1	0.016450
sqlite3	call	indirect	0	0	0	0	1	-	void	ptr{pointer},ptr{pointer},i64	ptr{pointer},ptr{pointer},i64	1	0.016450
sqlite3	call	indirect	0	0	0	0	1	-	void	ptr{pointer},ptr{pointer}	ptr{pointer},ptr{pointer}	1	0.016450
tramp3d-v4	call	direct	0	0	0	0	1	-	void	ptr{pointer}	ptr{pointer}	5890	19.599361
tramp3d-v4	call	direct	0	0	0	0	1	-	ptr{pointer}	ptr{pointer}	ptr{pointer}	4676	15.559697
tramp3d-v4	call	direct	0	0	0	0	1	-	void	ptr{pointer},ptr{pointer}	ptr{pointer},ptr{pointer}	3542	11.786237
tramp3d-v4	call	direct	0	0	0	0	1	-	ptr{pointer}	ptr{pointer},ptr{pointer}	ptr{pointer},ptr{pointer}	1289	4.289232
tramp3d-v4	call	direct	0	0	0	0	1	-	void	ptr{pointer},ptr{pointer},ptr{pointer}	ptr{pointer},ptr{pointer},ptr{pointer}	1266	4.212698
tramp3d-v4	call	direct	0	0	0	0	1	-	i32	ptr{pointer}	ptr{pointer}	1195	3.976441
tramp3d-v4	call	direct	0	0	0	0	1	-	void	ptr{pointer,sret},ptr{pointer},ptr{pointer}	ptr{pointer,sret},ptr{pointer},ptr{pointer}	1168	3.886597
tramp3d-v4	call	direct	0	0	0	0	1	-	ptr{pointer}	ptr{pointer},i32	ptr{pointer},i32	1101	3.663650
tramp3d-v4	call	direct	0	0	0	0	1	-	i64	ptr{pointer}	ptr{pointer}	789	2.625449
tramp3d-v4	call	direct	0	0	0	0	1	-	i32	ptr{pointer},ptr{pointer}	ptr{pointer},ptr{pointer}	768	2.555570
tramp3d-v4	call	direct	0	0	0	0	1	-	i32	ptr{pointer},ptr{pointer},ptr{pointer}	ptr{pointer},ptr{pointer},ptr{pointer}	514	1.710369
tramp3d-v4	call	direct	0	0	0	0	1	-	ptr{pointer}	ptr{pointer},ptr{pointer},ptr{pointer}	ptr{pointer},ptr{pointer},ptr{pointer}	508	1.690403
tramp3d-v4	call	direct	0	0	0	0	1	-	void	ptr{pointer,sret},ptr{pointer},ptr{pointer},ptr{pointer}	ptr{pointer,sret},ptr{pointer},ptr{pointer},ptr{pointer}	452	1.504060
tramp3d-v4	call	direct	0	0	0	0	1	-	void	ptr{pointer,sret},ptr{pointer}	ptr{pointer,sret},ptr{pointer}	451	1.500732
tramp3d-v4	call	direct	0	0	0	0	1	-	void	-	-	433	1.440836
tramp3d-v4	call	direct	0	0	0	0	1	-	i1	ptr{pointer}	ptr{pointer}	405	1.347664
tramp3d-v4	call	direct	0	0	0	0	1	-	i1	ptr{pointer},i64	ptr{pointer},i64	378	1.257820
tramp3d-v4	call	direct	0	0	0	0	1	-	void	ptr{pointer},ptr{pointer},ptr{pointer},ptr{pointer}	ptr{pointer},ptr{pointer},ptr{pointer},ptr{pointer}	370	1.231199
tramp3d-v4	call	direct	0	0	0	0	1	-	void	ptr{pointer},ptr{pointer},ptr{pointer},ptr{pointer},ptr{pointer}	ptr{pointer},ptr{pointer},ptr{pointer},ptr{pointer},ptr{pointer}	308	1.024890
tramp3d-v4	call	direct	0	0	0	0	1	-	void	ptr{pointer},i64	ptr{pointer},i64	299	0.994942
tramp3d-v4	call	direct	0	0	0	0	1	-	void	ptr{pointer},i32	ptr{pointer},i32	234	0.778650
tramp3d-v4	call	direct	0	0	0	0	1	-	ptr{pointer}	i64	i64	228	0.758685
tramp3d-v4	call	direct	0	0	0	0	1	-	ptr{pointer}	ptr{pointer},i64	ptr{pointer},i64	228	0.758685
tramp3d-v4	call	direct	0	0	0	0	1	-	i1	ptr{pointer},ptr{pointer}	ptr{pointer},ptr{pointer}	213	0.708771
tramp3d-v4	call	direct	0	0	0	0	1	-	double	ptr{pointer},ptr{pointer}	ptr{pointer},ptr{pointer}	197	0.655530
tramp3d-v4	call	direct	0	0	0	0	1	-	ptr{pointer}	ptr{pointer},i32,i32	ptr{pointer},i32,i32	177	0.588979
tramp3d-v4	call	direct	0	0	0	0	1	-	void	ptr{pointer,sret},ptr{pointer},i32	ptr{pointer,sret},ptr{pointer},i32	177	0.588979
tramp3d-v4	call	direct	0	0	0	0	1	-	void	ptr{pointer},ptr{pointer},i64	ptr{pointer},ptr{pointer},i64	157	0.522428
tramp3d-v4	call	direct	0	0	0	0	1	-	void	ptr{pointer},i32,i1,i1	ptr{pointer},i32,i1,i1	155	0.515773
tramp3d-v4	call	direct	0	0	0	0	1	-	void	ptr{pointer},i32,i1	ptr{pointer},i32,i1	154	0.512445
tramp3d-v4	call	direct	0	0	0	0	1	-	ptr{pointer}	ptr{pointer},ptr{pointer},ptr{pointer},ptr{pointer}	ptr{pointer},ptr{pointer},ptr{pointer},ptr{pointer}	144	0.479169
tramp3d-v4	call	direct	0	0	0	0	1	-	ptr{pointer}	-	-	140	0.465859
tramp3d-v4	call	direct	0	0	0	0	1	-	i32	-	-	117	0.389325
tramp3d-v4	call	direct	0	0	0	0	1	-	void	ptr{pointer},ptr{pointer},i32	ptr{pointer},ptr{pointer},i32	106	0.352722
tramp3d-v4	call	direct	0	0	0	0	1	-	i32	i32,i32,i64	i32,i32,i64	98	0.326101
tramp3d-v4	call	direct	0	0	0	0	1	-	double	ptr{pointer}	ptr{pointer}	93	0.309464
tramp3d-v4	call	direct	0	0	0	0	1	-	i32	ptr{pointer},i32	ptr{pointer},i32	75	0.249567
tramp3d-v4	call	direct	0	0	0	0	1	-	i64	ptr{pointer},ptr{pointer}	ptr{pointer},ptr{pointer}	73	0.242912
tramp3d-v4	call	direct	0	0	0	0	1	-	ptr{pointer}	ptr{pointer},ptr{pointer},i64	ptr{pointer},ptr{pointer},i64	73	0.242912
tramp3d-v4	call	direct	0	0	0	0	1	-	double	ptr{pointer},ptr{pointer},ptr{pointer}	ptr{pointer},ptr{pointer},ptr{pointer}	70	0.232930
tramp3d-v4	call	direct	0	0	0	0	1	-	void	ptr{pointer,sret},ptr{pointer},ptr{pointer},i32	ptr{pointer,sret},ptr{pointer},ptr{pointer},i32	67	0.222947
tramp3d-v4	call	direct	0	0	0	0	1	-	[2 x i64]	ptr{pointer},i64	ptr{pointer},i64	55	0.183016
tramp3d-v4	call	direct	0	0	0	0	1	-	void	ptr{pointer},i32,i32,i32	ptr{pointer},i32,i32,i32	55	0.183016
tramp3d-v4	call	direct	0	0	0	0	1	-	void	ptr{pointer},ptr{pointer},i1	ptr{pointer},ptr{pointer},i1	55	0.183016
tramp3d-v4	call	direct	0	0	0	0	1	-	void	ptr{pointer},i64,ptr{pointer}	ptr{pointer},i64,ptr{pointer}	51	0.169706
tramp3d-v4	call	direct	0	0	0	0	1	-	i64	ptr{pointer},i64	ptr{pointer},i64	48	0.159723
tramp3d-v4	call	direct	0	0	0	0	1	-	void	ptr{pointer,sret},ptr{pointer},i32,i32	ptr{pointer,sret},ptr{pointer},i32,i32	47	0.156396
tramp3d-v4	call	direct	0	0	0	0	1	-	ptr{pointer}	ptr{pointer},i1	ptr{pointer},i1	46	0.153068
tramp3d-v4	call	direct	0	0	0	0	1	-	void	ptr{pointer},ptr{pointer},i32,i32	ptr{pointer},ptr{pointer},i32,i32	44	0.146413
tramp3d-v4	call	direct	0	0	0	0	1	-	double	double,double	double,double	42	0.139758
tramp3d-v4	call	direct	0	0	0	0	1	-	ptr{pointer}	ptr{pointer},i64,ptr{pointer}	ptr{pointer},i64,ptr{pointer}	38	0.126447
tramp3d-v4	call	direct	0	0	0	0	1	-	i1	ptr{pointer},i64,ptr{pointer}	ptr{pointer},i64,ptr{pointer}	34	0.113137
tramp3d-v4	call	direct	0	0	0	0	1	-	i64	ptr{pointer},ptr{pointer},ptr{pointer}	ptr{pointer},ptr{pointer},ptr{pointer}	34	0.113137
tramp3d-v4	call	direct	0	0	0	0	1	-	void	ptr{pointer},double	ptr{pointer},double	33	0.109810
tramp3d-v4	call	direct	0	0	0	0	1	-	void	ptr{pointer},ptr{pointer},ptr{pointer},ptr{pointer},ptr{pointer},ptr{pointer}	ptr{pointer},ptr{pointer},ptr{pointer},ptr{pointer},ptr{pointer},ptr{pointer}	32	0.106482
tramp3d-v4	call	direct	0	0	0	0	1	-	i1	ptr{pointer},ptr{pointer},ptr{pointer}	ptr{pointer},ptr{pointer},ptr{pointer}	29	0.096499
tramp3d-v4	call	direct	0	0	0	0	1	-	double	ptr{pointer},i32,i32,i32	ptr{pointer},i32,i32,i32	26	0.086517
tramp3d-v4	call	direct	0	0	0	0	1	-	void	ptr{pointer},i64,i1	ptr{pointer},i64,i1	26	0.086517
tramp3d-v4	call	direct	0	0	0	0	1	-	void	ptr{pointer},i64,ptr{pointer},ptr{pointer}	ptr{pointer},i64,ptr{pointer},ptr{pointer}	24	0.079862
tramp3d-v4	call	direct	0	0	0	0	1	-	i64	ptr{pointer},i64,ptr{pointer}	ptr{pointer},i64,ptr{pointer}	23	0.076534
tramp3d-v4	call	direct	0	0	0	0	1	-	void	ptr{pointer},i32,i32,ptr{pointer},ptr{pointer}	ptr{pointer},i32,i32,ptr{pointer},ptr{pointer}	22	0.073206
tramp3d-v4	call	direct	0	0	0	0	1	-	void	ptr{pointer},ptr{pointer},ptr{pointer},ptr{pointer},i64	ptr{pointer},ptr{pointer},ptr{pointer},ptr{pointer},i64	22	0.073206
tramp3d-v4	call	direct	0	0	0	0	1	-	void	ptr{pointer},i32,i32	ptr{pointer},i32,i32	19	0.063224
tramp3d-v4	call	direct	0	0	0	0	1	-	double	-	-	17	0.056569
tramp3d-v4	call	direct	0	0	0	0	1	-	double	double,double,i64	double,double,i64	16	0.053241
tramp3d-v4	call	indirect	0	0	0	0	1	-	void	ptr{pointer}	ptr{pointer}	16	0.053241
tramp3d-v4	call	direct	0	0	0	0	1	-	void	i32	i32	14	0.046586
tramp3d-v4	call	direct	0	0	0	0	1	-	void	ptr{pointer},i1	ptr{pointer},i1	14	0.046586
tramp3d-v4	call	direct	0	0	0	0	1	-	void	ptr{pointer,sret},ptr{pointer},i64	ptr{pointer,sret},ptr{pointer},i64	13	0.043258
tramp3d-v4	call	direct	0	0	0	0	1	-	i32	i32,i32	i32,i32	12	0.039931
tramp3d-v4	call	direct	0	0	0	0	1	-	i64	-	-	12	0.039931
tramp3d-v4	call	direct	0	0	0	0	1	-	void	ptr{pointer},ptr{pointer},ptr{pointer},ptr{pointer},ptr{pointer},ptr{pointer},ptr{pointer}	ptr{pointer},ptr{pointer},ptr{pointer},ptr{pointer},ptr{pointer},ptr{pointer},ptr{pointer}	12	0.039931
tramp3d-v4	call	direct	0	0	0	0	1	-	double	ptr{pointer},ptr{pointer},ptr{pointer},ptr{pointer}	ptr{pointer},ptr{pointer},ptr{pointer},ptr{pointer}	11	0.036603
tramp3d-v4	call	direct	0	0	0	0	1	-	void	ptr{pointer,sret},ptr{pointer},i32,i32,i32	ptr{pointer,sret},ptr{pointer},i32,i32,i32	11	0.036603
tramp3d-v4	call	direct	0	0	0	0	1	-	void	ptr{pointer},ptr{pointer},ptr{pointer},ptr{pointer},ptr{pointer},ptr{pointer},ptr{pointer},ptr{pointer}	ptr{pointer},ptr{pointer},ptr{pointer},ptr{pointer},ptr{pointer},ptr{pointer},ptr{pointer},ptr{pointer}	10	0.033276
tramp3d-v4	call	direct	0	0	0	0	1	-	[2 x i64]	ptr{pointer},ptr{pointer}	ptr{pointer},ptr{pointer}	9	0.029948
tramp3d-v4	call	direct	0	0	0	0	1	-	[2 x i64]	ptr{pointer}	ptr{pointer}	9	0.029948
tramp3d-v4	call	direct	0	0	0	0	1	-	i64	i64,ptr{pointer}	i64,ptr{pointer}	9	0.029948
tramp3d-v4	call	direct	0	0	0	0	1	-	i64	ptr{pointer},ptr{pointer},ptr{pointer},ptr{pointer}	ptr{pointer},ptr{pointer},ptr{pointer},ptr{pointer}	9	0.029948
tramp3d-v4	call	direct	0	0	0	0	1	-	ptr{pointer}	ptr{pointer},i64,ptr{pointer},ptr{pointer}	ptr{pointer},i64,ptr{pointer},ptr{pointer}	9	0.029948
tramp3d-v4	call	direct	0	0	0	0	1	-	ptr{pointer}	ptr{pointer},ptr{pointer},ptr{pointer},ptr{pointer},i64	ptr{pointer},ptr{pointer},ptr{pointer},ptr{pointer},i64	9	0.029948
tramp3d-v4	call	direct	0	0	0	0	1	-	double	double	double	8	0.026621
tramp3d-v4	call	direct	0	0	0	0	1	-	i1	ptr{pointer},i32	ptr{pointer},i32	8	0.026621
tramp3d-v4	call	direct	0	0	0	0	1	-	i32	ptr{pointer},i32,i32,i32	ptr{pointer},i32,i32,i32	8	0.026621
tramp3d-v4	call	direct	0	0	0	0	1	-	ptr{pointer}	ptr{pointer},i32,i32,i32	ptr{pointer},i32,i32,i32	8	0.026621
tramp3d-v4	call	direct	0	0	0	0	1	-	void	i1	i1	8	0.026621
tramp3d-v4	call	direct	0	0	0	0	1	-	void	ptr{pointer},i64,i64	ptr{pointer},i64,i64	8	0.026621
tramp3d-v4	call	direct	0	0	0	0	1	-	i32	ptr{pointer},ptr{pointer},i64,ptr{pointer}	ptr{pointer},ptr{pointer},i64,ptr{pointer}	7	0.023293
tramp3d-v4	call	direct	0	0	0	0	1	-	double	ptr{pointer},i32	ptr{pointer},i32	6	0.019965
tramp3d-v4	call	direct	0	0	0	0	1	-	i1	i32,i32,i32,i32,i32,i32,ptr{pointer},ptr{pointer},ptr{pointer}	i32,i32,i32,i32,i32,i32,ptr{pointer},ptr{pointer},ptr{pointer}	6	0.019965
tramp3d-v4	call	direct	0	0	0	0	1	-	void	ptr{pointer},ptr{pointer},ptr{pointer},ptr{pointer},i32	ptr{pointer},ptr{pointer},ptr{pointer},ptr{pointer},i32	6	0.019965
tramp3d-v4	call	direct	0	0	0	0	1	-	[2 x i64]	[2 x i64],[2 x i64],[2 x i64]	i64{consecutive},i64{consecutive,consecutive-last},i64{consecutive},i64{consecutive,consecutive-last},i64{consecutive},i64{consecutive,consecutive-last}	5	0.016638
tramp3d-v4	call	direct	0	0	0	0	1	-	[2 x i64]	[2 x i64]	i64{consecutive},i64{consecutive,consecutive-last}	5	0.016638
tramp3d-v4	call	direct	0	0	0	0	1	-	i1	ptr{pointer},ptr{pointer},ptr{pointer},ptr{pointer}	ptr{pointer},ptr{pointer},ptr{pointer},ptr{pointer}	5	0.016638
tramp3d-v4	call	direct	0	0	0	0	1	-	i32	i32	i32	5	0.016638
tramp3d-v4	call	direct	0	0	0	0	1	-	i32	ptr{pointer},ptr{pointer},i32	ptr{pointer},ptr{pointer},i32	5	0.016638
tramp3d-v4	call	direct	0	0	0	0	1	-	i64	i64	i64	5	0.016638
tramp3d-v4	call	direct	0	0	0	0	1	-	void	ptr{pointer},i64,i32,ptr{pointer}	ptr{pointer},i64,i32,ptr{pointer}	5	0.016638
tramp3d-v4	call	direct	0	0	0	0	1	-	void	ptr{pointer},ptr{pointer},ptr{pointer},i32	ptr{pointer},ptr{pointer},ptr{pointer},i32	5	0.016638
tramp3d-v4	call	direct	0	1	0	0	1	-	void	ptr{pointer},ptr{pointer},i32	ptr{pointer},ptr{pointer},i32	5	0.016638
tramp3d-v4	call	direct	0	0	0	0	1	-	i1	-	-	4	0.013310
tramp3d-v4	call	direct	0	0	0	0	1	-	i1	double	double	4	0.013310
tramp3d-v4	call	direct	0	0	0	0	1	-	i32	ptr{pointer},ptr{pointer},i64	ptr{pointer},ptr{pointer},i64	4	0.013310
tramp3d-v4	call	direct	0	0	0	0	1	-	i64	ptr{pointer},i32	ptr{pointer},i32	4	0.013310
tramp3d-v4	call	direct	0	0	0	0	1	-	void	double,ptr{pointer},ptr{pointer},ptr{pointer},ptr{pointer},ptr{pointer},ptr{pointer},ptr{pointer},ptr{pointer},ptr{pointer},double,i1,i1	double,ptr{pointer},ptr{pointer},ptr{pointer},ptr{pointer},ptr{pointer},ptr{pointer},ptr{pointer},ptr{pointer},ptr{pointer},double,i1,i1	4	0.013310
tramp3d-v4	call	direct	0	0	0	0	1	-	void	ptr{pointer},ptr{pointer},i32,i1	ptr{pointer},ptr{pointer},i32,i1	4	0.013310
tramp3d-v4	call	direct	0	0	0	0	1	-	void	ptr{pointer,sret},i32,i32,i32	ptr{pointer,sret},i32,i32,i32	4	0.013310
tramp3d-v4	call	indirect	0	0	0	0	1	-	void	ptr{pointer},ptr{pointer},ptr{pointer}	ptr{pointer},ptr{pointer},ptr{pointer}	4	0.013310
tramp3d-v4	call	direct	0	0	0	0	1	-	double	ptr{pointer},i32,i32	ptr{pointer},i32,i32	3	0.009983
tramp3d-v4	call	direct	0	0	0	0	1	-	i1	i32,ptr{pointer},i32,ptr{pointer}	i32,ptr{pointer},i32,ptr{pointer}	3	0.009983
tramp3d-v4	call	direct	0	0	0	0	1	-	i1	i32	i32	3	0.009983
tramp3d-v4	call	direct	0	0	0	0	1	-	i32	i64	i64	3	0.009983
tramp3d-v4	call	direct	0	0	0	0	1	-	void	ptr{pointer},ptr{pointer},double	ptr{pointer},ptr{pointer},double	3	0.009983
tramp3d-v4	call	direct	0	0	0	0	1	-	void	ptr{pointer},ptr{pointer},i32,ptr{pointer}	ptr{pointer},ptr{pointer},i32,ptr{pointer}	3	0.009983
tramp3d-v4	call	direct	0	0	0	0	1	-	void	ptr{pointer},ptr{pointer},ptr{pointer},i64	ptr{pointer},ptr{pointer},ptr{pointer},i64	3	0.009983
tramp3d-v4	call	direct	0	0	0	0	1	-	void	ptr{pointer,sret},ptr{pointer},ptr{pointer},i32,i32,i32,i32,ptr{pointer}	ptr{pointer,sret},ptr{pointer},ptr{pointer},i32,i32,i32,i32,ptr{pointer}	3	0.009983
tramp3d-v4	call	direct	0	0	0	0	1	-	void	ptr{pointer,sret},ptr{pointer},ptr{pointer},ptr{pointer},ptr{pointer}	ptr{pointer,sret},ptr{pointer},ptr{pointer},ptr{pointer},ptr{pointer}	3	0.009983
tramp3d-v4	call	direct	0	0	0	0	1	-	double	double,i64	double,i64	2	0.006655
tramp3d-v4	call	direct	0	0	0	0	1	-	i1	ptr{pointer},i32,ptr{pointer},ptr{pointer}	ptr{pointer},i32,ptr{pointer},ptr{pointer}	2	0.006655
tramp3d-v4	call	direct	0	0	0	0	1	-	i32	ptr{pointer},i32,i32,i32,i32	ptr{pointer},i32,i32,i32,i32	2	0.006655
tramp3d-v4	call	direct	0	0	0	0	1	-	void	double,ptr{pointer},ptr{pointer},ptr{pointer},ptr{pointer},ptr{pointer},ptr{pointer},ptr{pointer},ptr{pointer},ptr{pointer},i1,i1	double,ptr{pointer},ptr{pointer},ptr{pointer},ptr{pointer},ptr{pointer},ptr{pointer},ptr{pointer},ptr{pointer},ptr{pointer},i1,i1	2	0.006655
tramp3d-v4	call	direct	0	0	0	0	1	-	void	i1,ptr{pointer},ptr{pointer},ptr{pointer}	i1,ptr{pointer},ptr{pointer},ptr{pointer}	2	0.006655
tramp3d-v4	call	direct	0	0	0	0	1	-	void	i64	i64	2	0.006655
tramp3d-v4	call	direct	0	0	0	0	1	-	void	ptr{pointer},i1,i1,ptr{pointer},ptr{pointer},ptr{pointer},ptr{pointer}	ptr{pointer},i1,i1,ptr{pointer},ptr{pointer},ptr{pointer},ptr{pointer}	2	0.006655
tramp3d-v4	call	direct	0	0	0	0	1	-	void	ptr{pointer},i32,i32,i32,i32	ptr{pointer},i32,i32,i32,i32	2	0.006655
tramp3d-v4	call	direct	0	0	0	0	1	-	void	ptr{pointer},i32,i32,ptr{pointer}	ptr{pointer},i32,i32,ptr{pointer}	2	0.006655
tramp3d-v4	call	direct	0	0	0	0	1	-	void	ptr{pointer},i32,ptr{pointer},ptr{pointer},i32,i32,i32	ptr{pointer},i32,ptr{pointer},ptr{pointer},i32,i32,i32	2	0.006655
tramp3d-v4	call	direct	0	0	0	0	1	-	void	ptr{pointer},i32,ptr{pointer},ptr{pointer}	ptr{pointer},i32,ptr{pointer},ptr{pointer}	2	0.006655
tramp3d-v4	call	direct	0	0	0	0	1	-	void	ptr{pointer},i64,i64,i32,i64	ptr{pointer},i64,i64,i32,i64	2	0.006655
tramp3d-v4	call	direct	0	0	0	0	1	-	void	ptr{pointer},ptr{pointer},i32,i32,i32	ptr{pointer},ptr{pointer},i32,i32,i32	2	0.006655
tramp3d-v4	call	direct	0	0	0	0	1	-	void	ptr{pointer},ptr{pointer},i32,i32,ptr{pointer}	ptr{pointer},ptr{pointer},i32,i32,ptr{pointer}	2	0.006655
tramp3d-v4	call	direct	0	0	0	0	1	-	void	ptr{pointer},ptr{pointer},i64,i64	ptr{pointer},ptr{pointer},i64,i64	2	0.006655
tramp3d-v4	call	direct	0	0	0	0	1	-	void	ptr{pointer},ptr{pointer},ptr{pointer},i32,i32,i32	ptr{pointer},ptr{pointer},ptr{pointer},i32,i32,i32	2	0.006655
tramp3d-v4	call	direct	0	0	0	0	1	-	void	ptr{pointer},ptr{pointer},ptr{pointer},ptr{pointer},ptr{pointer},ptr{pointer},ptr{pointer},ptr{pointer},ptr{pointer}	ptr{pointer},ptr{pointer},ptr{pointer},ptr{pointer},ptr{pointer},ptr{pointer},ptr{pointer},ptr{pointer},ptr{pointer}	2	0.006655
tramp3d-v4	call	direct	0	0	0	0	1	-	void	ptr{pointer,sret},i32	ptr{pointer,sret},i32	2	0.006655
tramp3d-v4	call	indirect	0	0	0	0	1	-	void	ptr{pointer},ptr{pointer}	ptr{pointer},ptr{pointer}	2	0.006655
tramp3d-v4	call	direct	0	0	0	0	1	-	[2 x i64]	ptr{pointer},[2 x i64],[2 x i64],[2 x i64]	ptr{pointer},i64{consecutive},i64{consecutive,consecutive-last},i64{consecutive},i64{consecutive,consecutive-last},i64{consecutive},i64{consecutive,consecutive-last}	1	0.003328
tramp3d-v4	call	direct	0	0	0	0	1	-	[2 x i64]	ptr{pointer},[2 x i64]	ptr{pointer},i64{consecutive},i64{consecutive,consecutive-last}	1	0.003328
tramp3d-v4	call	direct	0	0	0	0	1	-	double	ptr{pointer},i64	ptr{pointer},i64	1	0.003328
tramp3d-v4	call	direct	0	0	0	0	1	-	double	ptr{pointer},ptr{pointer},ptr{pointer},ptr{pointer},double,i1	ptr{pointer},ptr{pointer},ptr{pointer},ptr{pointer},double,i1	1	0.003328
tramp3d-v4	call	direct	0	0	0	0	1	-	i1	double,double,i64	double,double,i64	1	0.003328
tramp3d-v4	call	direct	0	0	0	0	1	-	i1	i1,i1	i1,i1	1	0.003328
tramp3d-v4	call	direct	0	0	0	0	1	-	i1	i32,i32,i32,i32,i32,i32,ptr{pointer}	i32,i32,i32,i32,i32,i32,ptr{pointer}	1	0.003328
tramp3d-v4	call	direct	0	0	0	0	1	-	i1	i32,ptr{pointer}	i32,ptr{pointer}	1	0.003328
tramp3d-v4	call	direct	0	0	0	0	1	-	i1	ptr{pointer},i1,i1	ptr{pointer},i1,i1	1	0.003328
tramp3d-v4	call	direct	0	0	0	0	1	-	i1	ptr{pointer},i32,i32	ptr{pointer},i32,i32	1	0.003328
tramp3d-v4	call	direct	0	0	0	0	1	-	i1	ptr{pointer},ptr{pointer},i1,i1,i1	ptr{pointer},ptr{pointer},i1,i1,i1	1	0.003328
tramp3d-v4	call	direct	0	0	0	0	1	-	i32	ptr{pointer},i32,i32	ptr{pointer},i32,i32	1	0.003328
tramp3d-v4	call	direct	0	0	0	0	1	-	i32	ptr{pointer},ptr{pointer},i32,i32	ptr{pointer},ptr{pointer},i32,i32	1	0.003328
tramp3d-v4	call	direct	0	0	0	0	1	-	i32	ptr{pointer},ptr{pointer},ptr{pointer},ptr{pointer}	ptr{pointer},ptr{pointer},ptr{pointer},ptr{pointer}	1	0.003328
tramp3d-v4	call	direct	0	0	0	0	1	-	i64	ptr{pointer},[2 x i64]	ptr{pointer},i64{consecutive},i64{consecutive,consecutive-last}	1	0.003328
tramp3d-v4	call	direct	0	0	0	0	1	-	i64	ptr{pointer},ptr{pointer},i64	ptr{pointer},ptr{pointer},i64	1	0.003328
tramp3d-v4	call	direct	0	0	0	0	1	-	i64	ptr{pointer},ptr{pointer},ptr{pointer},i64	ptr{pointer},ptr{pointer},ptr{pointer},i64	1	0.003328
tramp3d-v4	call	direct	0	0	0	0	1	-	i64	ptr{pointer},ptr{pointer},ptr{pointer},ptr{pointer},ptr{pointer}	ptr{pointer},ptr{pointer},ptr{pointer},ptr{pointer},ptr{pointer}	1	0.003328
tramp3d-v4	call	direct	0	0	0	0	1	-	ptr{pointer}	ptr{pointer},double	ptr{pointer},double	1	0.003328
tramp3d-v4	call	direct	0	0	0	0	1	-	ptr{pointer}	ptr{pointer},i64,ptr{pointer},i64	ptr{pointer},i64,ptr{pointer},i64	1	0.003328
tramp3d-v4	call	direct	0	0	0	0	1	-	ptr{pointer}	ptr{pointer},ptr{pointer},i32,i32,i32,i32,ptr{pointer}	ptr{pointer},ptr{pointer},i32,i32,i32,i32,ptr{pointer}	1	0.003328
tramp3d-v4	call	direct	0	0	0	0	1	-	ptr{pointer}	ptr{pointer},ptr{pointer},ptr{pointer},i64	ptr{pointer},ptr{pointer},ptr{pointer},i64	1	0.003328
tramp3d-v4	call	direct	0	0	0	0	1	-	void	double,ptr{pointer},ptr{pointer},double,ptr{pointer},ptr{pointer},ptr{pointer},ptr{pointer},ptr{pointer},ptr{pointer},ptr{pointer},i1,i1	double,ptr{pointer},ptr{pointer},double,ptr{pointer},ptr{pointer},ptr{pointer},ptr{pointer},ptr{pointer},ptr{pointer},ptr{pointer},i1,i1	1	0.003328
tramp3d-v4	call	direct	0	0	0	0	1	-	void	double,ptr{pointer},ptr{pointer},ptr{pointer},double,ptr{pointer},ptr{pointer},ptr{pointer},ptr{pointer},ptr{pointer},ptr{pointer},ptr{pointer},ptr{pointer},ptr{pointer},ptr{pointer},ptr{pointer},ptr{pointer},i1,double,double,i1,i1	double,ptr{pointer},ptr{pointer},ptr{pointer},double,ptr{pointer},ptr{pointer},ptr{pointer},ptr{pointer},ptr{pointer},ptr{pointer},ptr{pointer},ptr{pointer},ptr{pointer},ptr{pointer},ptr{pointer},ptr{pointer},i1,double,double,i1,i1	1	0.003328
tramp3d-v4	call	direct	0	0	0	0	1	-	void	i32,ptr{pointer}	i32,ptr{pointer}	1	0.003328
tramp3d-v4	call	direct	0	0	0	0	1	-	void	ptr{pointer},double,double	ptr{pointer},double,double	1	0.003328
tramp3d-v4	call	direct	0	0	0	0	1	-	void	ptr{pointer},double,i1	ptr{pointer},double,i1	1	0.003328
tramp3d-v4	call	direct	0	0	0	0	1	-	void	ptr{pointer},i1,ptr{pointer}	ptr{pointer},i1,ptr{pointer}	1	0.003328
tramp3d-v4	call	direct	0	0	0	0	1	-	void	ptr{pointer},i32,i32,i32,ptr{pointer}	ptr{pointer},i32,i32,i32,ptr{pointer}	1	0.003328
tramp3d-v4	call	direct	0	0	0	0	1	-	void	ptr{pointer},i32,ptr{pointer},i32,i32,i32	ptr{pointer},i32,ptr{pointer},i32,i32,i32	1	0.003328
tramp3d-v4	call	direct	0	0	0	0	1	-	void	ptr{pointer},i32,ptr{pointer},ptr{pointer},ptr{pointer}	ptr{pointer},i32,ptr{pointer},ptr{pointer},ptr{pointer}	1	0.003328
tramp3d-v4	call	direct	0	0	0	0	1	-	void	ptr{pointer},i64,i64,i32,ptr{pointer}	ptr{pointer},i64,i64,i32,ptr{pointer}	1	0.003328
tramp3d-v4	call	direct	0	0	0	0	1	-	void	ptr{pointer},ptr{pointer},double,double	ptr{pointer},ptr{pointer},double,double	1	0.003328
tramp3d-v4	call	direct	0	0	0	0	1	-	void	ptr{pointer,sret},ptr{pointer},i32,ptr{pointer}	ptr{pointer,sret},ptr{pointer},i32,ptr{pointer}	1	0.003328
tramp3d-v4	call	direct	0	0	0	0	1	-	void	ptr{pointer,sret},ptr{pointer},ptr{pointer},i64	ptr{pointer,sret},ptr{pointer},ptr{pointer},i64	1	0.003328
tramp3d-v4	call	direct	0	1	0	0	1	-	i32	ptr{pointer},ptr{pointer},i32{vararg}	ptr{pointer},ptr{pointer},i32{vararg}	1	0.003328
tramp3d-v4	call	direct	0	1	0	0	1	-	i32	ptr{pointer},ptr{pointer},ptr{pointer,vararg},i32{vararg}	ptr{pointer},ptr{pointer},ptr{pointer,vararg},i32{vararg}	1	0.003328
tramp3d-v4	call	direct	0	1	0	0	1	-	i32	ptr{pointer},ptr{pointer},ptr{pointer,vararg}	ptr{pointer},ptr{pointer},ptr{pointer,vararg}	1	0.003328
tramp3d-v4	call	indirect	0	0	0	0	1	-	i64	i64	i64	1	0.003328
tramp3d-v4	call	indirect	0	0	0	0	1	-	ptr{pointer}	ptr{pointer},ptr{pointer}	ptr{pointer},ptr{pointer}	1	0.003328
tramp3d-v4	call	indirect	0	0	0	0	1	-	ptr{pointer}	ptr{pointer}	ptr{pointer}	1	0.003328
tramp3d-v4	call	indirect	0	0	0	0	1	-	void	-	-	1	0.003328
