workload	opcode	result_type	operand_types	count	share_percent
TOTAL	load	ptr	ptr	330114	17.509038
TOTAL	getelementptr	ptr	ptr,i32,i32	174707	9.266349
TOTAL	load	i32	ptr	153943	8.165039
TOTAL	alloca	ptr	i32	151232	8.021250
TOTAL	store	void	ptr,ptr	136797	7.255626
TOTAL	br	void	label	116603	6.184549
TOTAL	store	void	i32,ptr	85298	4.524152
TOTAL	br	void	i1,label,label	72078	3.822972
TOTAL	icmp	i1	i32,i32	49435	2.622001
TOTAL	getelementptr	ptr	ptr,i64	48707	2.583388
TOTAL	getelementptr	ptr	ptr,i64,i64	47122	2.499321
TOTAL	sext	i64	i32	32925	1.746321
TOTAL	call	void	ptr,ptr	30004	1.591393
TOTAL	add	i32	i32,i32	25390	1.346670
TOTAL	call	ptr	ptr,ptr	22401	1.188135
TOTAL	ret	void	-	21217	1.125336
TOTAL	load	i8	ptr	17910	0.949935
TOTAL	load	float	ptr	17155	0.909890
TOTAL	icmp	i1	ptr,ptr	15476	0.820837
TOTAL	call	i32	ptr,ptr	14042	0.744779
TOTAL	store	void	float,ptr	12665	0.671744
TOTAL	zext	i32	i8	11355	0.602262
TOTAL	load	i64	ptr	11245	0.596428
TOTAL	ret	void	ptr	10055	0.533311
TOTAL	load	i16	ptr	9593	0.508807
TOTAL	store	void	i8,ptr	8883	0.471149
TOTAL	sub	i32	i32,i32	8192	0.434499
TOTAL	call	void	ptr,ptr,ptr	8134	0.431422
TOTAL	call	void	ptr,ptr,ptr,ptr	7761	0.411639
TOTAL	ret	void	i32	7125	0.377905
TOTAL	store	void	i64,ptr	6570	0.348469
TOTAL	zext	i64	i32	6245	0.331231
TOTAL	call	ptr	ptr,ptr,ptr	6107	0.323911
TOTAL	zext	i32	i16	4817	0.255491
TOTAL	call	ptr	ptr,i32,ptr	4767	0.252839
TOTAL	extractvalue	ptr	{ ptr, i32 }	4684	0.248436
TOTAL	and	i32	i32,i32	4669	0.247641
TOTAL	call	i32	ptr,ptr,ptr	4493	0.238306
TOTAL	store	void	i16,ptr	4431	0.235017
TOTAL	unreachable	void	-	4180	0.221705
TOTAL	phi	ptr	ptr,ptr	3888	0.206217
TOTAL	call	void	ptr,ptr,i64,i1,ptr	3707	0.196617
TOTAL	extractvalue	i32	{ ptr, i32 }	3657	0.193965
TOTAL	shl	i32	i32,i32	3487	0.184948
TOTAL	icmp	i1	i8,i8	3365	0.178477
TOTAL	landingpad	{ ptr, i32 }	-	3267	0.173280
TOTAL	getelementptr	ptr	ptr,i32	3193	0.169355
TOTAL	invoke	void	ptr,label,label,ptr	3188	0.169090
TOTAL	icmp	i1	i64,i64	3181	0.168718
TOTAL	mul	i32	i32,i32	3005	0.159383
TOTAL	call	void	ptr,i32,ptr	2886	0.153072
TOTAL	call	ptr	ptr	2742	0.145434
TOTAL	load	double	ptr	2607	0.138274
TOTAL	extractvalue	[4 x float]	%class.btVector3	2566	0.136099
TOTAL	store	void	[4 x float],ptr	2566	0.136099
TOTAL	call	void	ptr	2562	0.135887
TOTAL	or	i32	i32,i32	2554	0.135463
TOTAL	call	void	ptr,ptr,ptr,ptr,ptr	2544	0.134932
TOTAL	fmul	float	float,float	2443	0.129575
TOTAL	add	i64	i64,i64	2384	0.126446
TOTAL	sext	i32	i16	2283	0.121089
TOTAL	call	%class.btVector3	ptr,ptr,ptr	2142	0.113610
TOTAL	store	void	double,ptr	2112	0.112019
TOTAL	call	void	ptr,i64,ptr	2027	0.107511
TOTAL	phi	i32	i32,i32	1978	0.104912
TOTAL	sub	i64	i64,i64	1923	0.101995
TOTAL	trunc	i16	i32	1881	0.099767
TOTAL	call	i64	ptr,ptr	1840	0.097592
TOTAL	call	i32	i32,ptr	1723	0.091387
TOTAL	lshr	i32	i32,i32	1719	0.091175
TOTAL	ptrtoint	i64	ptr	1682	0.089212
TOTAL	zext	i32	i1	1670	0.088576
TOTAL	trunc	i32	i64	1669	0.088523
TOTAL	trunc	i8	i32	1642	0.087091
TOTAL	fcmp	i1	float,float	1526	0.080938
TOTAL	call	ptr	i64,ptr	1507	0.079930
TOTAL	ashr	i32	i32,i32	1475	0.078233
TOTAL	call	i32	ptr,i32,ptr	1449	0.076854
TOTAL	and	i16	i16,i16	1423	0.075475
TOTAL	phi	i1	i1,i1	1422	0.075422
TOTAL	fadd	float	float,float	1410	0.074786
TOTAL	call	i32	ptr	1356	0.071921
TOTAL	xor	i1	i1,i1	1355	0.071868
TOTAL	call	i32	ptr,ptr,ptr,ptr	1346	0.071391
TOTAL	store	void	i1,ptr	1327	0.070383
TOTAL	call	float	float,float,float,ptr	1290	0.068421
TOTAL	invoke	ptr	ptr,label,label,ptr	1204	0.063859
TOTAL	zext	i64	i8	1194	0.063329
TOTAL	ret	void	i1	1180	0.062586
TOTAL	call	ptr	ptr,ptr,ptr,ptr	1128	0.059828
TOTAL	landingpad	{ ptr, i32 }	ptr	1090	0.057813
TOTAL	call	i1	ptr,ptr	1088	0.057707
TOTAL	call	i32	i32,i32,ptr	1059	0.056169
TOTAL	call	ptr	i32,ptr	1057	0.056063
TOTAL	xor	i32	i32,i32	1051	0.055744
TOTAL	call	float	ptr,ptr,ptr	1049	0.055638
TOTAL	call	ptr	ptr,ptr,ptr,i64,ptr	1010	0.053570
TOTAL	mul	i64	i64,i64	997	0.052880
TOTAL	zext	i8	i1	958	0.050812
TOTAL	invoke	i32	ptr,label,label,ptr	950	0.050387
TOTAL	zext	i64	i1	928	0.049221
TOTAL	invoke	void	ptr,ptr,label,label,ptr	871	0.046197
TOTAL	and	i8	i8,i8	867	0.045985
TOTAL	invoke	ptr	ptr,i32,label,label,ptr	858	0.045508
TOTAL	call	void	ptr,i32,i32,ptr	835	0.044288
TOTAL	fsub	float	float,float	834	0.044235
TOTAL	fneg	float	float	831	0.044076
TOTAL	inttoptr	ptr	i64	814	0.043174
TOTAL	ret	void	float	790	0.041901
TOTAL	fmul	double	double,double	778	0.041265
TOTAL	fpext	double	float	772	0.040946
TOTAL	call	ptr	i32,i32,ptr,i32,ptr,ptr	770	0.040840
TOTAL	sdiv	i32	i32,i32	762	0.040416
TOTAL	call	ptr	i32,ptr,ptr	748	0.039673
TOTAL	call	ptr	i32,i32,ptr,i32,ptr,ptr,ptr	745	0.039514
TOTAL	ret	void	i64	734	0.038931
TOTAL	select	i32	i1,i32,i32	730	0.038719
TOTAL	invoke	ptr	ptr,ptr,label,label,ptr	703	0.037287
TOTAL	fdiv	float	float,float	664	0.035218
TOTAL	call	float	ptr,ptr	649	0.034423
TOTAL	call	void	ptr,i32,ptr,ptr	620	0.032884
TOTAL	call	void	ptr,ptr,i32,ptr	619	0.032831
TOTAL	call	float	float,ptr	602	0.031930
TOTAL	or	i16	i16,i16	602	0.031930
TOTAL	load	%class.btVector3	ptr	597	0.031665
TOTAL	ret	void	%class.btVector3	597	0.031665
TOTAL	invoke	void	ptr,ptr,ptr,label,label,ptr	595	0.031558
TOTAL	lshr	i16	i16,i16	591	0.031346
TOTAL	call	void	i32,ptr	573	0.030392
TOTAL	call	i32	ptr,ptr,i32,ptr	563	0.029861
TOTAL	sitofp	double	i32	553	0.029331
TOTAL	load	i1	ptr	510	0.027050
TOTAL	call	i1	ptr,ptr,ptr	480	0.025459
TOTAL	sitofp	float	i32	478	0.025353
TOTAL	call	ptr	ptr,i64,ptr	464	0.024610
TOTAL	call	void	ptr,ptr,ptr,ptr,ptr,ptr	464	0.024610
TOTAL	sext	i64	i16	461	0.024451
TOTAL	call	i32	ptr,ptr,i64,ptr	452	0.023974
TOTAL	switch	void	i32,label,label,label	451	0.023921
TOTAL	sdiv	i64	i64,i64	411	0.021799
TOTAL	switch	void	i32,label,label	407	0.021587
TOTAL	call	ptr	ptr,ptr,ptr,ptr,ptr	394	0.020898
TOTAL	call	i32	ptr,i32,i32,i32,ptr	392	0.020791
TOTAL	call	ptr	ptr,ptr,i32,ptr	392	0.020791
TOTAL	call	i1	ptr,i64,ptr	386	0.020473
TOTAL	fsub	double	double,double	386	0.020473
TOTAL	call	ptr	ptr,i32,ptr,ptr	368	0.019518
TOTAL	or	i8	i8,i8	364	0.019306
TOTAL	fadd	double	double,double	358	0.018988
TOTAL	fdiv	double	double,double	354	0.018776
TOTAL	sext	i32	i8	354	0.018776
TOTAL	call	double	double,double,double,ptr	336	0.017821
TOTAL	invoke	i32	ptr,ptr,label,label,ptr	335	0.017768
TOTAL	call	void	ptr,ptr,i64,ptr	324	0.017185
TOTAL	call	void	ptr,i8,i64,i1,ptr	317	0.016813
TOTAL	landingpad	{ ptr, i32 }	ptr,ptr	315	0.016707
TOTAL	call	i32	i32,ptr,ptr	313	0.016601
TOTAL	zext	i64	i16	311	0.016495
TOTAL	call	ptr	i64,i64,ptr	303	0.016071
TOTAL	srem	i32	i32,i32	295	0.015647
TOTAL	fptrunc	float	double	294	0.015594
TOTAL	call	ptr	ptr,i32,i32,ptr	292	0.015487
TOTAL	fcmp	i1	double,double	292	0.015487
TOTAL	invoke	i1	ptr,label,label,ptr	287	0.015222
TOTAL	shl	i16	i16,i16	287	0.015222
TOTAL	call	ptr	i32,i32,ptr	275	0.014586
TOTAL	trunc	i8	i64	267	0.014162
TOTAL	and	i64	i64,i64	264	0.014002
TOTAL	call	i32	ptr,i32,i32,ptr	262	0.013896
TOTAL	fptosi	i32	double	261	0.013843
TOTAL	call	i32	ptr,i32,ptr,ptr	259	0.013737
TOTAL	switch	void	i32,label,label,label,label	253	0.013419
TOTAL	call	void	ptr,ptr,i32,i32,ptr	252	0.013366
TOTAL	urem	i32	i32,i32	249	0.013207
TOTAL	call	i32	ptr,ptr,ptr,ptr,ptr	248	0.013154
TOTAL	call	i32	i32,ptr,i32,ptr	245	0.012995
TOTAL	call	i32	i32,i32,i32,ptr	242	0.012836
TOTAL	invoke	void	ptr,ptr,ptr,ptr,label,label,ptr	238	0.012623
TOTAL	call	double	ptr,ptr,ptr	231	0.012252
TOTAL	shl	i64	i64,i64	224	0.011881
TOTAL	call	ptr	i32,ptr,ptr,ptr	223	0.011828
TOTAL	call	i32	ptr,ptr,ptr,i32,ptr	197	0.010449
TOTAL	ret	void	double	196	0.010396
TOTAL	call	i64	i32,i64,i32,ptr	193	0.010237
TOTAL	lshr	i8	i8,i8	191	0.010131
TOTAL	invoke	void	ptr,i32,label,label,ptr	183	0.009706
TOTAL	udiv	i64	i64,i64	180	0.009547
TOTAL	phi	i64	i64,i64	179	0.009494
TOTAL	lshr	i64	i64,i64	175	0.009282
TOTAL	ptrtoint	i32	ptr	172	0.009123
TOTAL	phi	i1	i1,i1,i1	170	0.009017
TOTAL	phi	float	float,float	169	0.008964
TOTAL	udiv	i32	i32,i32	165	0.008751
TOTAL	call	%class.btVector3	ptr,ptr	162	0.008592
TOTAL	call	void	ptr,i32,i1,ptr	162	0.008592
TOTAL	call	void	ptr,ptr,ptr,i32,ptr	162	0.008592
TOTAL	icmp	i1	i16,i16	161	0.008539
TOTAL	call	void	ptr,ptr,ptr,ptr,ptr,ptr,ptr,ptr,ptr,ptr,ptr	160	0.008486
TOTAL	call	void	ptr,i32,i1,i1,ptr	155	0.008221
TOTAL	add	i16	i16,i16	153	0.008115
TOTAL	call	ptr	i64,i32,ptr	153	0.008115
TOTAL	call	i32	ptr,i64,ptr	150	0.007956
TOTAL	call	void	ptr,i32,i32,ptr,ptr	150	0.007956
TOTAL	call	i32	ptr,i32,i32,i32,i32,ptr	149	0.007903
TOTAL	invoke	void	ptr,ptr,i32,label,label,ptr	149	0.007903
TOTAL	store	void	[2 x i64],ptr	149	0.007903
TOTAL	shl	i8	i8,i8	148	0.007850
TOTAL	call	ptr	ptr,ptr,i64,ptr	144	0.007638
TOTAL	select	ptr	i1,ptr,ptr	143	0.007585
TOTAL	call	void	i32,ptr,ptr,ptr	139	0.007372
TOTAL	or	i64	i64,i64	138	0.007319
TOTAL	switch	void	i32,label,label,label,label,label	136	0.007213
TOTAL	invoke	i32	ptr,i32,label,label,ptr	135	0.007160
TOTAL	call	i32	ptr,ptr,i32,ptr,ptr	132	0.007001
TOTAL	call	i64	ptr,ptr,ptr	132	0.007001
TOTAL	call	void	i32,ptr,ptr	132	0.007001
TOTAL	call	void	ptr,i32,i32,i32,ptr	132	0.007001
TOTAL	call	double	ptr,ptr	126	0.006683
TOTAL	invoke	ptr	i64,label,label,ptr	126	0.006683
TOTAL	invoke	i32	ptr,ptr,ptr,label,label,ptr	125	0.006630
TOTAL	call	void	ptr,i16,ptr,ptr	123	0.006524
TOTAL	call	i32	ptr,ptr,i32,i32,ptr	119	0.006312
TOTAL	call	ptr	ptr,i32,i32,i32,i32,i8,ptr	114	0.006046
TOTAL	invoke	%class.btVector3	ptr,ptr,label,label,ptr	114	0.006046
TOTAL	invoke	i64	ptr,label,label,ptr	113	0.005993
TOTAL	call	double	double,ptr	110	0.005834
TOTAL	invoke	void	label,label,ptr	110	0.005834
TOTAL	call	i32	ptr,ptr,double,ptr	107	0.005675
TOTAL	call	void	ptr,i8,ptr	105	0.005569
TOTAL	invoke	i1	ptr,ptr,label,label,ptr	104	0.005516
TOTAL	invoke	void	ptr,i32,ptr,label,label,ptr	103	0.005463
TOTAL	call	i1	ptr,ptr,ptr,ptr	100	0.005304
TOTAL	call	i32	i32,i32,i64,ptr	100	0.005304
TOTAL	call	ptr	i32,i32,ptr,i32,ptr,ptr,ptr,ptr	100	0.005304
TOTAL	call	void	i1,ptr	100	0.005304
TOTAL	call	void	ptr,i32,ptr,ptr,i32,ptr	98	0.005198
TOTAL	call	void	i32,i32,ptr,i32,i32,i32,ptr	96	0.005092
TOTAL	call	i1	ptr,i32,ptr	95	0.005039
TOTAL	call	void	i32,i32,ptr	94	0.004986
TOTAL	call	void	ptr,ptr,i32,ptr,ptr	94	0.004986
TOTAL	fptosi	i32	float	94	0.004986
TOTAL	call	{ i64, i1 }	i64,i64,ptr	93	0.004933
TOTAL	extractvalue	i1	{ i64, i1 }	93	0.004933
TOTAL	extractvalue	i64	{ i64, i1 }	93	0.004933
TOTAL	load	[2 x i64]	ptr	92	0.004880
TOTAL	call	i32	ptr,i32,ptr,ptr,ptr	91	0.004827
TOTAL	call	i8	ptr,ptr	87	0.004614
TOTAL	select	i64	i1,i64,i64	87	0.004614
TOTAL	call	i32	ptr,ptr,ptr,ptr,ptr,ptr	86	0.004561
TOTAL	call	ptr	ptr,ptr,ptr,ptr,ptr,ptr,ptr,i32,i32,ptr,i32,ptr	84	0.004455
TOTAL	call	void	ptr,ptr,i8,ptr	84	0.004455
TOTAL	call	void	ptr,float,ptr	83	0.004402
TOTAL	call	void	ptr,ptr,i1,ptr	82	0.004349
TOTAL	zext	i16	i8	82	0.004349
TOTAL	call	ptr	ptr,ptr,ptr,i32,ptr	79	0.004190
TOTAL	call	void	ptr,i32,ptr,ptr,ptr	78	0.004137
TOTAL	call	%class.btVector3	ptr,i32,ptr	77	0.004084
TOTAL	call	ptr	i16,ptr	77	0.004084
TOTAL	call	i32	ptr,i32,i32,i32,i32,ptr,i32,ptr	76	0.004031
TOTAL	call	i32	ptr,i64,ptr,ptr	75	0.003978
TOTAL	call	void	ptr,i16,ptr	74	0.003925
TOTAL	call	void	ptr,ptr,ptr,float,ptr	74	0.003925
TOTAL	extractvalue	%class.btQuadWord	%class.btQuaternion	73	0.003872
TOTAL	store	void	%class.btQuadWord,ptr	73	0.003872
TOTAL	call	float	ptr,i32,i32,i32,i32,ptr	72	0.003819
TOTAL	invoke	ptr	ptr,i64,label,label,ptr	72	0.003819
TOTAL	call	void	ptr,i64,i64,ptr	71	0.003766
TOTAL	call	double	ptr,ptr,ptr,ptr	70	0.003713
TOTAL	sitofp	float	i64	70	0.003713
TOTAL	call	i64	i64,ptr	69	0.003660
TOTAL	fneg	double	double	67	0.003554
TOTAL	add	i8	i8,i8	66	0.003501
TOTAL	phi	i1	i1,i1,i1,i1	65	0.003448
TOTAL	call	ptr	ptr,i32,ptr,ptr,ptr,ptr	64	0.003395
TOTAL	call	ptr	ptr,i64,ptr,ptr	64	0.003395
TOTAL	invoke	float	ptr,label,label,ptr	64	0.003395
TOTAL	sitofp	double	i64	64	0.003395
TOTAL	switch	void	i32,label,label,label,label,label,label	64	0.003395
TOTAL	call	i16	ptr,ptr	61	0.003235
TOTAL	call	void	ptr,ptr,ptr,ptr,ptr,ptr,ptr	61	0.003235
TOTAL	urem	i64	i64,i64	61	0.003235
TOTAL	call	void	ptr,i1,ptr	60	0.003182
TOTAL	ret	void	i8	60	0.003182
TOTAL	call	double	double,double,ptr	59	0.003129
TOTAL	call	i64	ptr,i64,ptr	58	0.003076
TOTAL	call	i32	ptr,i32,i32,i32,i32,i32,ptr	57	0.003023
TOTAL	call	i64	ptr	57	0.003023
TOTAL	call	i32	ptr,i32,ptr,i32,ptr	56	0.002970
TOTAL	call	[2 x i64]	ptr,i64,ptr	55	0.002917
TOTAL	invoke	i32	ptr,i64,label,label,ptr	55	0.002917
TOTAL	call	i32	ptr,i32,i32,ptr,i32,ptr	53	0.002811
TOTAL	call	void	ptr,i64,ptr,ptr	53	0.002811
TOTAL	invoke	i32	ptr,i32,i32,ptr,label,label,ptr	53	0.002811
TOTAL	call	ptr	ptr,ptr,ptr,ptr,ptr,ptr	52	0.002758
TOTAL	call	void	ptr,ptr,ptr,i32,i32,ptr	52	0.002758
TOTAL	invoke	void	ptr,float,label,label,ptr	52	0.002758
TOTAL	call	ptr	ptr,i32,i32,i32,i32,i32,i32,i32,ptr,ptr,ptr	51	0.002705
TOTAL	phi	double	double,double	51	0.002705
TOTAL	invoke	void	ptr,i64,label,label,ptr	50	0.002652
TOTAL	call	i32	ptr,i64,ptr,ptr,ptr	49	0.002599
TOTAL	switch	void	i32,label,label,label,label,label,label,label	49	0.002599
TOTAL	call	ptr	i64,ptr,ptr	48	0.002546
TOTAL	call	ptr	ptr,i1,ptr	48	0.002546
TOTAL	call	void	ptr,i32,ptr,i32,ptr	48	0.002546
TOTAL	call	void	ptr,ptr,ptr,i32,i32,ptr,ptr,i32,ptr	48	0.002546
TOTAL	ret	void	[2 x i64]	48	0.002546
TOTAL	call	i32	ptr,i64,i32,ptr,ptr	47	0.002493
TOTAL	call	i32	ptr,i32,i32,ptr,ptr	46	0.002440
TOTAL	invoke	ptr	i64,i32,label,label,ptr	46	0.002440
TOTAL	sext	i16	i8	46	0.002440
TOTAL	trunc	i8	i16	46	0.002440
TOTAL	call	i64	i32,ptr,i64,ptr	45	0.002387
TOTAL	call	i64	ptr,i64,i64,ptr,ptr	45	0.002387
TOTAL	call	void	i32,i32,ptr,ptr	44	0.002334
TOTAL	call	i1	i32,ptr	42	0.002228
TOTAL	call	void	ptr,double,ptr	42	0.002228
TOTAL	call	void	i32,i32,i32,ptr,ptr	41	0.002175
TOTAL	call	i32	ptr,i32,i32,i32,i32,i32,i32,i32,ptr	40	0.002122
TOTAL	call	i32	ptr,ptr,ptr,ptr,ptr,ptr,ptr	40	0.002122
TOTAL	call	void	ptr,i32,ptr,ptr,i32,ptr,ptr,ptr	40	0.002122
TOTAL	call	void	ptr,i64,i1,ptr	38	0.002015
TOTAL	call	void	ptr,i32,i32,ptr,ptr,ptr	37	0.001962
TOTAL	load	fp128	ptr	37	0.001962
TOTAL	call	i1	ptr,i64,ptr,ptr	36	0.001909
TOTAL	call	i32	ptr,i32,ptr,ptr,ptr,ptr	36	0.001909
TOTAL	call	%class.btQuaternion	ptr,ptr	35	0.001856
TOTAL	call	i64	ptr,ptr,ptr,ptr	34	0.001803
TOTAL	invoke	i32	ptr,i64,i32,ptr,label,label,ptr	34	0.001803
TOTAL	load	%class.btQuaternion	ptr	34	0.001803
TOTAL	ret	void	%class.btQuaternion	34	0.001803
TOTAL	call	float	float,float,ptr	33	0.001750
TOTAL	call	i32	ptr,ptr,i32,i32,i32,ptr	33	0.001750
TOTAL	call	i64	i64,ptr,i32,ptr	33	0.001750
TOTAL	call	void	ptr,i64,i32,i32,ptr	33	0.001750
TOTAL	call	i16	i16,ptr	32	0.001697
TOTAL	call	i32	i32,ptr,ptr,ptr	32	0.001697
TOTAL	call	ptr	ptr,i8,ptr	32	0.001697
TOTAL	call	ptr	ptr,ptr,ptr,i64,i64,ptr	32	0.001697
TOTAL	invoke	i32	ptr,i32,ptr,label,label,ptr	32	0.001697
TOTAL	invoke	ptr	ptr,i8,label,label,ptr	32	0.001697
TOTAL	invoke	void	ptr,i8,label,label,ptr	32	0.001697
TOTAL	invoke	float	ptr,ptr,label,label,ptr	31	0.001644
TOTAL	call	ptr	i32,ptr,ptr,ptr,ptr	30	0.001591
TOTAL	call	ptr	ptr,ptr,i32,ptr,ptr	30	0.001591
TOTAL	call	void	i32,i8,ptr	30	0.001591
TOTAL	call	void	ptr,ptr,i32,i32,i32,ptr	30	0.001591
TOTAL	switch	void	i32,label,label,label,label,label,label,label,label	30	0.001591
TOTAL	call	%class.btQuaternion	ptr,ptr,ptr	29	0.001538
TOTAL	call	i64	i64,i64,ptr	29	0.001538
TOTAL	invoke	i32	ptr,ptr,ptr,ptr,ptr,ptr,label,label,ptr	29	0.001538
TOTAL	invoke	void	ptr,i1,label,label,ptr	29	0.001538
TOTAL	invoke	void	ptr,ptr,ptr,ptr,ptr,label,label,ptr	29	0.001538
TOTAL	call	void	ptr,i32,ptr,ptr,i32,ptr,ptr	28	0.001485
TOTAL	call	void	ptr,ptr,float,ptr	28	0.001485
TOTAL	ret	void	i16	28	0.001485
TOTAL	trunc	i16	i64	28	0.001485
TOTAL	call	[2 x i64]	ptr,ptr,ptr	27	0.001432
TOTAL	call	float	ptr,ptr,ptr,ptr	27	0.001432
TOTAL	call	i32	i32,i32,i32,ptr,ptr	27	0.001432
TOTAL	call	i64	ptr,ptr,i64,ptr	27	0.001432
TOTAL	call	ptr	ptr,i32,ptr,i32,ptr	27	0.001432
TOTAL	call	ptr	ptr,ptr,i32,i32,ptr	27	0.001432
TOTAL	call	void	i32,i32,i32,i32,ptr,ptr	27	0.001432
TOTAL	call	double	ptr,i32,i32,i32,ptr	26	0.001379
TOTAL	call	i32	i32,i8,ptr	26	0.001379
TOTAL	call	ptr	ptr,i32,ptr,ptr,ptr	26	0.001379
TOTAL	invoke	void	ptr,i32,i32,label,label,ptr	26	0.001379
TOTAL	xor	i64	i64,i64	26	0.001379
TOTAL	call	i32	i32,ptr,i32,ptr,ptr	25	0.001326
TOTAL	call	i32	ptr,i64,ptr,i32,ptr	25	0.001326
TOTAL	call	i64	ptr,i64,ptr,ptr	25	0.001326
TOTAL	call	void	ptr,float,float,float,ptr	25	0.001326
TOTAL	call	void	ptr,i64,ptr,ptr,ptr	25	0.001326
TOTAL	invoke	i1	ptr,i32,label,label,ptr	25	0.001326
TOTAL	store	void	fp128,ptr	25	0.001326
TOTAL	call	ptr	ptr,ptr,ptr,i64,i64,i64,i32,ptr	24	0.001273
TOTAL	call	void	ptr,i32,i64,ptr	24	0.001273
TOTAL	fptoui	i16	float	24	0.001273
TOTAL	call	void	i32,i32,i32,ptr,ptr,ptr,ptr	23	0.001220
TOTAL	invoke	i32	ptr,i1,label,label,ptr	23	0.001220
TOTAL	call	i32	ptr,ptr,i32,i64,ptr	22	0.001167
TOTAL	call	i32	ptr,ptr,ptr,ptr,ptr,i32,ptr	22	0.001167
TOTAL	call	ptr	i32,i32,ptr,i32,ptr,i32,ptr	22	0.001167
TOTAL	call	ptr	i32,i32,ptr,i32,ptr,ptr,i32,ptr	22	0.001167
TOTAL	call	ptr	i32,i32,ptr,i32,ptr,ptr,ptr,ptr,ptr	22	0.001167
TOTAL	call	void	ptr,i32,i32,i32,i32,ptr	22	0.001167
TOTAL	call	void	ptr,ptr,ptr,ptr,i32,ptr	22	0.001167
TOTAL	call	void	ptr,ptr,ptr,ptr,i64,ptr	22	0.001167
TOTAL	invoke	%class.btVector3	ptr,label,label,ptr	22	0.001167
TOTAL	invoke	i32	ptr,ptr,i32,label,label,ptr	22	0.001167
TOTAL	call	%class.btVector3	ptr,ptr,ptr,ptr	21	0.001114
TOTAL	call	i16	i16,i32,ptr	21	0.001114
TOTAL	call	i32	ptr,i64,i32,ptr	21	0.001114
TOTAL	call	i32	ptr,ptr,ptr,ptr,i32,ptr	21	0.001114
TOTAL	call	ptr	ptr,float,ptr,ptr,ptr	21	0.001114
TOTAL	call	ptr	ptr,i16,ptr	21	0.001114
TOTAL	call	ptr	ptr,i8,ptr,i8,i32,i32,i32,ptr,ptr,ptr	21	0.001114
TOTAL	call	void	ptr,i32,i32,i32,ptr,ptr	21	0.001114
TOTAL	call	void	ptr,i32,i32,ptr,i1,ptr	21	0.001114
TOTAL	call	void	i32,ptr,i32,ptr	20	0.001061
TOTAL	call	void	ptr,float,ptr,ptr	20	0.001061
TOTAL	invoke	void	ptr,ptr,i1,label,label,ptr	20	0.001061
TOTAL	phi	i1	i1,i1,i1,i1,i1,i1	20	0.001061
TOTAL	call	double	ptr	19	0.001008
TOTAL	call	float	ptr,i32,ptr	19	0.001008
TOTAL	call	i16	ptr,ptr,ptr,i32,i32,ptr	19	0.001008
TOTAL	call	i32	i32,i32,ptr,ptr	19	0.001008
TOTAL	call	i32	i32,ptr,i64,ptr	19	0.001008
TOTAL	call	i32	ptr,ptr,ptr,i32,ptr,ptr	19	0.001008
TOTAL	call	ptr	ptr,ptr,ptr,ptr,ptr,ptr,ptr	19	0.001008
TOTAL	call	void	i32,i32,ptr,ptr,ptr	19	0.001008
TOTAL	invoke	i1	i32,label,label,ptr	19	0.001008
TOTAL	switch	void	i32,label,label,label,label,label,label,label,label,label	19	0.001008
TOTAL	call	i16	ptr,ptr,ptr	18	0.000955
TOTAL	call	i32	ptr,ptr,i32,ptr,ptr,ptr	18	0.000955
TOTAL	call	ptr	i32,ptr,ptr,i32,ptr	18	0.000955
TOTAL	call	ptr	ptr,i32,i32,i32,ptr	18	0.000955
TOTAL	call	void	metadata,ptr	18	0.000955
TOTAL	call	void	ptr,i64,i64,ptr,ptr	18	0.000955
TOTAL	call	void	ptr,ptr,ptr,ptr,i32,i32,i1,ptr	18	0.000955
TOTAL	call	void	ptr,ptr,ptr,ptr,ptr,ptr,ptr,ptr	18	0.000955
TOTAL	invoke	i32	ptr,i32,i32,label,label,ptr	18	0.000955
TOTAL	phi	i1	i1,i1,i1,i1,i1	18	0.000955
TOTAL	call	i32	ptr,ptr,i32,i8,ptr,ptr	17	0.000902
TOTAL	call	ptr	ptr,ptr,ptr,ptr,i1,ptr	17	0.000902
TOTAL	call	void	ptr,i32,ptr,i16,ptr	17	0.000902
TOTAL	call	void	ptr,ptr,i64,i32,ptr	17	0.000902
TOTAL	call	void	ptr,ptr,ptr,ptr,ptr,ptr,ptr,ptr,ptr	17	0.000902
TOTAL	invoke	i1	ptr,ptr,ptr,label,label,ptr	17	0.000902
TOTAL	invoke	ptr	label,label,ptr	17	0.000902
TOTAL	ashr	i64	i64,i64	16	0.000849
TOTAL	call	double	double,double,i64,ptr	16	0.000849
TOTAL	call	i1	ptr,i32,ptr,ptr	16	0.000849
TOTAL	call	i32	ptr,i32,i8,ptr	16	0.000849
TOTAL	call	i32	ptr,ptr,double,double,double,ptr	16	0.000849
TOTAL	call	i8	i8,ptr	16	0.000849
TOTAL	call	ptr	i8,ptr,i8,i8,i8,ptr,ptr	16	0.000849
TOTAL	call	void	ptr,ptr,float,float,float,ptr	16	0.000849
TOTAL	invoke	i32	ptr,ptr,ptr,ptr,label,label,ptr	16	0.000849
TOTAL	call	float	ptr,ptr,i32,ptr	15	0.000796
TOTAL	call	i32	ptr,ptr,i32,i32,ptr,ptr,ptr	15	0.000796
TOTAL	call	i32	ptr,ptr,i32,i32,ptr,ptr,ptr,ptr,ptr	15	0.000796
TOTAL	call	i32	ptr,ptr,ptr,ptr,i32,ptr,ptr,ptr	15	0.000796
TOTAL	call	i64	ptr,i64,i32,i32,ptr	15	0.000796
TOTAL	call	i8	ptr,i32,ptr	15	0.000796
TOTAL	call	ptr	ptr,i32,i32,i64,i16,ptr,ptr	15	0.000796
TOTAL	call	void	ptr,i32,float,ptr	15	0.000796
TOTAL	invoke	i32	label,label,ptr	15	0.000796
TOTAL	invoke	ptr	ptr,i1,label,label,ptr	15	0.000796
TOTAL	invoke	void	ptr,ptr,ptr,ptr,ptr,ptr,ptr,ptr,ptr,ptr,label,label,ptr	15	0.000796
TOTAL	call	[2 x i64]	ptr,ptr	14	0.000743
TOTAL	call	i1	ptr	14	0.000743
TOTAL	call	i1	ptr,ptr,ptr,ptr,ptr	14	0.000743
TOTAL	call	i32	ptr,i32,ptr,ptr,i32,i32,i32,ptr	14	0.000743
TOTAL	call	i32	ptr,i64,ptr,ptr,ptr,ptr	14	0.000743
TOTAL	call	i32	ptr,ptr,double,double,ptr	14	0.000743
TOTAL	call	ptr	ptr,ptr,i8,ptr	14	0.000743
TOTAL	call	void	ptr,float,float,float,float,ptr	14	0.000743
TOTAL	call	void	ptr,ptr,ptr,ptr,ptr,float,ptr	14	0.000743
TOTAL	invoke	i1	ptr,ptr,i1,label,label,ptr	14	0.000743
TOTAL	switch	void	i32,label,label,label,label,label,label,label,label,label,label	14	0.000743
TOTAL	uitofp	float	i32	14	0.000743
TOTAL	call	i1	ptr,ptr,i32,ptr	13	0.000690
TOTAL	call	i32	ptr,i8,ptr	13	0.000690
TOTAL	call	ptr	i32,ptr,ptr,ptr,ptr,ptr,ptr,ptr,ptr	13	0.000690
TOTAL	call	ptr	ptr,i8,ptr,i32,i32,ptr	13	0.000690
TOTAL	call	ptr	ptr,ptr,i32,ptr,ptr,ptr	13	0.000690
TOTAL	call	ptr	ptr,ptr,ptr,ptr,ptr,ptr,ptr,ptr	13	0.000690
TOTAL	call	void	i32,i32,i32,i32,i32,ptr	13	0.000690
TOTAL	call	void	i64,ptr,ptr	13	0.000690
TOTAL	call	void	ptr,i64,i64,i64,ptr	13	0.000690
TOTAL	call	void	ptr,ptr,ptr,ptr,ptr,i1,ptr	13	0.000690
TOTAL	fmul	fp128	fp128,fp128	13	0.000690
TOTAL	invoke	i32	ptr,i32,ptr,i32,label,label,ptr	13	0.000690
TOTAL	invoke	ptr	ptr,ptr,ptr,label,label,ptr	13	0.000690
TOTAL	invoke	void	ptr,float,float,label,label,ptr	13	0.000690
TOTAL	select	float	i1,float,float	13	0.000690
TOTAL	call	float	i32,i32,i32,i32,i32,ptr	12	0.000636
TOTAL	call	i16	i16,i8,ptr	12	0.000636
TOTAL	call	i32	ptr,i32,i8,i32,ptr	12	0.000636
TOTAL	call	i32	ptr,ptr,i64,ptr,ptr	12	0.000636
TOTAL	call	i64	ptr,i32,ptr	12	0.000636
TOTAL	call	i64	ptr,ptr,ptr,ptr,ptr	12	0.000636
TOTAL	call	ptr	ptr,ptr,i32,i32,i8,i32,ptr	12	0.000636
TOTAL	call	void	ptr,double,ptr,ptr	12	0.000636
TOTAL	call	void	ptr,float,float,ptr	12	0.000636
TOTAL	call	void	ptr,i32,i16,ptr,i1,ptr	12	0.000636
TOTAL	getelementptr	ptr	ptr,i32,i32,i32	12	0.000636
TOTAL	invoke	ptr	ptr,i64,ptr,label,label,ptr	12	0.000636
TOTAL	invoke	void	ptr,ptr,ptr,ptr,i1,label,label,ptr	12	0.000636
TOTAL	invoke	void	ptr,ptr,ptr,ptr,ptr,ptr,label,label,ptr	12	0.000636
TOTAL	select	i8	i1,i8,i8	12	0.000636
TOTAL	uitofp	float	i16	12	0.000636
TOTAL	ashr	i8	i8,i8	11	0.000583
TOTAL	call	double	ptr,ptr,ptr,ptr,ptr	11	0.000583
TOTAL	call	float	i32,i32,ptr	11	0.000583
TOTAL	call	i32	i8,ptr,ptr,ptr,ptr,ptr,i32,ptr	11	0.000583
TOTAL	call	i32	ptr,i32,i32,ptr,i32,i32,ptr	11	0.000583
TOTAL	call	i32	ptr,ptr,i64,i32,ptr	11	0.000583
TOTAL	call	i32	ptr,ptr,ptr,i32,i16,ptr	11	0.000583
TOTAL	call	i64	i32,ptr,ptr	11	0.000583
TOTAL	call	ptr	i32,i32,i32,i32,i32,ptr	11	0.000583
TOTAL	call	ptr	i32,i32,ptr,i32,ptr,ptr,ptr,ptr,ptr,ptr	11	0.000583
TOTAL	call	ptr	ptr,ptr,ptr,i32,ptr,ptr,ptr	11	0.000583
TOTAL	call	ptr	ptr,ptr,ptr,ptr,i64,ptr	11	0.000583
TOTAL	call	void	ptr,i32,i32,ptr,i32,ptr	11	0.000583
TOTAL	call	void	ptr,ptr,ptr,ptr,ptr,ptr,ptr,float,ptr,float,ptr	11	0.000583
TOTAL	invoke	i1	ptr,ptr,ptr,ptr,ptr,ptr,label,label,ptr	11	0.000583
TOTAL	invoke	i32	ptr,ptr,i32,ptr,label,label,ptr	11	0.000583
TOTAL	invoke	i32	ptr,ptr,i64,label,label,ptr	11	0.000583
TOTAL	invoke	i32	ptr,ptr,ptr,i32,label,label,ptr	11	0.000583
TOTAL	invoke	void	ptr,i32,i32,ptr,i1,label,label,ptr	11	0.000583
TOTAL	landingpad	{ ptr, i32 }	ptr,ptr,ptr	11	0.000583
TOTAL	switch	void	i32,label,label,label,label,label,label,label,label,label,label,label,label,label	11	0.000583
TOTAL	call	float	ptr,ptr,ptr,ptr,ptr,ptr,ptr,ptr,ptr,i32,i32,ptr	10	0.000530
TOTAL	call	i32	i32,i32,ptr,ptr,ptr	10	0.000530
TOTAL	call	i32	i64,ptr	10	0.000530
TOTAL	call	i32	ptr,ptr,i32,ptr,ptr,ptr,ptr	10	0.000530
TOTAL	call	i32	ptr,ptr,i64,double,ptr	10	0.000530
TOTAL	call	i32	ptr,ptr,i64,i32,ptr,ptr	10	0.000530
TOTAL	call	i32	ptr,ptr,i64,ptr,i32,ptr	10	0.000530
TOTAL	call	i64	i64,ptr,ptr	10	0.000530
TOTAL	call	ptr	i16,i32,i32,ptr	10	0.000530
TOTAL	call	ptr	i32,ptr,ptr,ptr,ptr,ptr	10	0.000530
TOTAL	call	ptr	ptr,i64,ptr,i64,ptr	10	0.000530
TOTAL	call	ptr	ptr,i64,ptr,ptr,ptr	10	0.000530
TOTAL	call	void	i32,ptr,ptr,i32,ptr,i32,ptr,ptr,ptr	10	0.000530
TOTAL	call	void	ptr,i32,ptr,ptr,ptr,ptr,i16,i64,i32,i32,ptr	10	0.000530
TOTAL	call	void	ptr,i8,i8,ptr	10	0.000530
TOTAL	call	void	ptr,ptr,float,float,ptr,ptr,ptr	10	0.000530
TOTAL	invoke	i1	ptr,i32,ptr,label,label,ptr	10	0.000530
TOTAL	invoke	ptr	ptr,i32,i32,label,label,ptr	10	0.000530
TOTAL	invoke	void	ptr,i32,ptr,ptr,label,label,ptr	10	0.000530
TOTAL	call	i16	ptr,i32,ptr	9	0.000477
TOTAL	call	i32	i32,ptr,i8,i32,i8,ptr,ptr	9	0.000477
TOTAL	call	i32	i32,ptr,ptr,i32,ptr	9	0.000477
TOTAL	call	i32	ptr,i1,ptr	9	0.000477
TOTAL	call	i32	ptr,i32,i32,i32,ptr,ptr	9	0.000477
TOTAL	call	i32	ptr,ptr,i32,i32,i32,i32,i32,i32,ptr	9	0.000477
TOTAL	call	ptr	ptr,i32,i32,ptr,ptr	9	0.000477
TOTAL	call	void	ptr,float,ptr,ptr,ptr	9	0.000477
TOTAL	call	void	ptr,float,ptr,ptr,ptr,ptr	9	0.000477
TOTAL	call	void	ptr,i32,ptr,i8,ptr,ptr	9	0.000477
TOTAL	call	void	ptr,i64,i32,ptr	9	0.000477
TOTAL	call	void	ptr,ptr,i64,i64,ptr	9	0.000477
TOTAL	call	void	ptr,ptr,ptr,i64,ptr	9	0.000477
TOTAL	call	void	ptr,ptr,ptr,ptr,i1,ptr	9	0.000477
TOTAL	fcmp	i1	fp128,fp128	9	0.000477
TOTAL	invoke	i1	i32,ptr,label,label,ptr	9	0.000477
TOTAL	invoke	i8	ptr,label,label,ptr	9	0.000477
TOTAL	invoke	void	ptr,ptr,i64,label,label,ptr	9	0.000477
TOTAL	invoke	void	ptr,ptr,ptr,ptr,ptr,float,label,label,ptr	9	0.000477
TOTAL	srem	i64	i64,i64	9	0.000477
TOTAL	switch	void	i32,label,label,label,label,label,label,label,label,label,label,label,label	9	0.000477
TOTAL	uitofp	double	i32	9	0.000477
TOTAL	call	i1	ptr,ptr,ptr,i32,i32,ptr	8	0.000424
TOTAL	call	i1	ptr,ptr,ptr,ptr,ptr,ptr,ptr	8	0.000424
TOTAL	call	i32	double,ptr	8	0.000424
TOTAL	call	i32	i1,ptr	8	0.000424
TOTAL	call	i32	i32,i32,i32,i32,ptr	8	0.000424
TOTAL	call	i32	i32,i32,i32,ptr,i32,i32,ptr	8	0.000424
TOTAL	call	i32	i32,ptr,ptr,ptr,ptr,ptr	8	0.000424
TOTAL	call	i32	ptr,i32,i32,ptr,i32,ptr,ptr,ptr	8	0.000424
TOTAL	call	i32	ptr,i32,ptr,i32,ptr,ptr	8	0.000424
TOTAL	call	i32	ptr,i32,ptr,ptr,ptr,i8,i32,i32,i32,ptr,ptr	8	0.000424
TOTAL	call	i32	ptr,i64,ptr,ptr,i32,ptr,ptr	8	0.000424
TOTAL	call	i32	ptr,ptr,i1,ptr	8	0.000424
TOTAL	call	i32	ptr,ptr,ptr,i32,i8,ptr	8	0.000424
TOTAL	call	i64	i32,ptr	8	0.000424
TOTAL	call	i64	ptr,i64,i64,i64,i32,i64,ptr	8	0.000424
TOTAL	call	i8	ptr,ptr,ptr	8	0.000424
TOTAL	call	ptr	ptr,i32,i32,ptr,ptr,ptr	8	0.000424
TOTAL	call	ptr	ptr,i32,i32,ptr,ptr,ptr,ptr	8	0.000424
TOTAL	call	ptr	ptr,i64,i64,ptr,i32,ptr,ptr	8	0.000424
TOTAL	call	ptr	ptr,ptr,ptr,ptr,ptr,ptr,ptr,ptr,ptr	8	0.000424
TOTAL	call	void	i1,ptr,ptr,ptr,ptr	8	0.000424
TOTAL	call	void	i32,i64,ptr	8	0.000424
TOTAL	call	void	i32,ptr,ptr,ptr,ptr,ptr,ptr	8	0.000424
TOTAL	call	void	ptr,i32,i32,i32,i32,i32,i32,i32,ptr	8	0.000424
TOTAL	call	void	ptr,ptr,i32,i32,i32,i32,i32,ptr	8	0.000424
TOTAL	call	void	ptr,ptr,i32,ptr,ptr,ptr	8	0.000424
TOTAL	call	void	ptr,ptr,ptr,i32,i32,i32,i32,ptr	8	0.000424
TOTAL	call	void	ptr,ptr,ptr,ptr,ptr,i16,i32,ptr,ptr,ptr,i32,ptr	8	0.000424
TOTAL	fptosi	i64	double	8	0.000424
TOTAL	invoke	float	float,label,label,ptr	8	0.000424
TOTAL	invoke	ptr	ptr,ptr,ptr,ptr,label,label,ptr	8	0.000424
TOTAL	invoke	void	i32,ptr,label,label,ptr	8	0.000424
TOTAL	invoke	void	ptr,ptr,ptr,float,label,label,ptr	8	0.000424
TOTAL	switch	void	i32,label,label,label,label,label,label,label,label,label,label,label	8	0.000424
TOTAL	switch	void	i32,label,label,label,label,label,label,label,label,label,label,label,label,label,label	8	0.000424
TOTAL	uitofp	double	i16	8	0.000424
TOTAL	uitofp	float	i64	8	0.000424
TOTAL	call	float	ptr,ptr,i32,ptr,ptr,ptr	7	0.000371
TOTAL	call	i1	float,ptr	7	0.000371
TOTAL	call	i32	i32,i32,ptr,i32,ptr	7	0.000371
TOTAL	call	i32	i32,ptr,i16,ptr,i64,i32,ptr	7	0.000371
TOTAL	call	i32	i32,ptr,i64,i64,ptr,i64,ptr	7	0.000371
TOTAL	call	i32	i32,ptr,i64,ptr,ptr	7	0.000371
TOTAL	call	i32	ptr,i32,i32,i32,double,double,double,i32,i32,ptr,i32,ptr	7	0.000371
TOTAL	call	i32	ptr,i32,i64,ptr	7	0.000371
TOTAL	call	i32	ptr,i32,ptr,ptr,i32,ptr,ptr,ptr,ptr	7	0.000371
TOTAL	call	i32	ptr,ptr,i32,i32,ptr,ptr	7	0.000371
TOTAL	call	i64	i64,i64,i64,ptr	7	0.000371
TOTAL	call	i64	ptr,i64,i64,ptr	7	0.000371
TOTAL	call	i64	ptr,ptr,ptr,ptr,ptr,ptr	7	0.000371
TOTAL	call	ptr	i32,i32,i32,ptr	7	0.000371
TOTAL	call	ptr	i32,i32,i32,ptr,ptr,i32,i32,i32,ptr,i32,ptr	7	0.000371
TOTAL	call	ptr	ptr,i32,i32,i32,ptr,ptr,ptr	7	0.000371
TOTAL	call	ptr	ptr,i64,i32,i32,i32,i64,ptr	7	0.000371
TOTAL	call	void	ptr,i1,i1,ptr	7	0.000371
TOTAL	call	void	ptr,i32,i8,i32,ptr,ptr	7	0.000371
TOTAL	call	void	ptr,i32,ptr,ptr,ptr,ptr	7	0.000371
TOTAL	call	void	ptr,ptr,ptr,i32,i32,i32,ptr	7	0.000371
TOTAL	call	void	ptr,ptr,ptr,i32,ptr,ptr,ptr,i32,ptr,i32,ptr	7	0.000371
TOTAL	call	void	ptr,ptr,ptr,ptr,float,ptr	7	0.000371
TOTAL	call	void	ptr,ptr,ptr,ptr,ptr,ptr,ptr,ptr,ptr,i32,ptr	7	0.000371
TOTAL	invoke	i16	ptr,label,label,ptr	7	0.000371
TOTAL	invoke	i1	ptr,ptr,ptr,ptr,label,label,ptr	7	0.000371
TOTAL	invoke	i32	ptr,ptr,i1,label,label,ptr	7	0.000371
TOTAL	invoke	i32	ptr,ptr,ptr,ptr,ptr,label,label,ptr	7	0.000371
TOTAL	invoke	i32	ptr,ptr,ptr,ptr,ptr,ptr,ptr,ptr,label,label,ptr	7	0.000371
TOTAL	invoke	void	i32,i32,ptr,label,label,ptr	7	0.000371
TOTAL	invoke	void	ptr,ptr,float,label,label,ptr	7	0.000371
TOTAL	invoke	void	ptr,ptr,ptr,i32,label,label,ptr	7	0.000371
TOTAL	or	i1	i1,i1	7	0.000371
TOTAL	select	i1	i1,i1,i1	7	0.000371
TOTAL	alloca	ptr	i64	6	0.000318
TOTAL	call	double	ptr,i32,ptr	6	0.000318
TOTAL	call	float	i32,ptr	6	0.000318
TOTAL	call	float	ptr,ptr,i1,ptr	6	0.000318
TOTAL	call	float	ptr,ptr,ptr,ptr,i32,i32,i32,ptr,ptr,ptr,ptr,ptr,ptr,ptr	6	0.000318
TOTAL	call	float	ptr,ptr,ptr,ptr,ptr,ptr	6	0.000318
TOTAL	call	i1	i32,i32,i32,i32,i32,i32,ptr,ptr,ptr,ptr	6	0.000318
TOTAL	call	i1	ptr,ptr,i1,ptr	6	0.000318
TOTAL	call	i1	ptr,ptr,ptr,i32,ptr	6	0.000318
TOTAL	call	i32	i16,ptr	6	0.000318
TOTAL	call	i32	i32,ptr,i32,ptr,ptr,ptr,ptr	6	0.000318
TOTAL	call	i32	i64,i64,ptr	6	0.000318
TOTAL	call	i32	ptr,i32,i32,ptr,ptr,ptr	6	0.000318
TOTAL	call	i32	ptr,i32,i32,ptr,ptr,ptr,ptr	6	0.000318
TOTAL	call	i32	ptr,i32,i32,ptr,ptr,ptr,ptr,ptr	6	0.000318
TOTAL	call	i32	ptr,i32,ptr,i32,ptr,i32,i32,i32,i32,ptr,ptr,ptr	6	0.000318
TOTAL	call	i32	ptr,i32,ptr,ptr,ptr,ptr,ptr,ptr	6	0.000318
TOTAL	call	i32	ptr,i64,i64,ptr	6	0.000318
TOTAL	call	i32	ptr,i64,ptr,i32,i32,ptr	6	0.000318
TOTAL	call	i32	ptr,i64,ptr,ptr,i32,ptr	6	0.000318
TOTAL	call	i32	ptr,i8,ptr,ptr	6	0.000318
TOTAL	call	i32	ptr,ptr,ptr,double,ptr,double,ptr	6	0.000318
TOTAL	call	i32	ptr,ptr,ptr,i32,i32,i32,i32,i32,ptr	6	0.000318
TOTAL	call	i32	ptr,ptr,ptr,i64,ptr	6	0.000318
TOTAL	call	i64	i64,ptr,i64,ptr	6	0.000318
TOTAL	call	ptr	i16,i64,i32,ptr	6	0.000318
TOTAL	call	ptr	i32,i32,ptr,i32,ptr,ptr,ptr,i32,ptr	6	0.000318
TOTAL	call	ptr	ptr,i32,ptr,ptr,i32,ptr,ptr,i32,i32,i32,ptr,ptr,ptr	6	0.000318
TOTAL	call	ptr	ptr,ptr,i32,i32,i32,i32,ptr	6	0.000318
TOTAL	call	ptr	ptr,ptr,i32,i32,i32,ptr,ptr,ptr	6	0.000318
TOTAL	call	ptr	ptr,ptr,i32,i32,i32,ptr,ptr,ptr,ptr,ptr,float,ptr	6	0.000318
TOTAL	call	void	i32,i32,i32,i32,i32,i16,i16,ptr	6	0.000318
TOTAL	call	void	i32,i32,i32,ptr,ptr,i32,i32,i32,ptr	6	0.000318
TOTAL	call	void	i32,ptr,i32,ptr,ptr,i32,ptr	6	0.000318
TOTAL	call	void	i32,ptr,ptr,ptr,ptr,i32,i16,ptr,ptr	6	0.000318
TOTAL	call	void	i64,i64,ptr	6	0.000318
TOTAL	call	void	i64,ptr,i32,ptr	6	0.000318
TOTAL	call	void	ptr,float,float,float,float,float,float,ptr	6	0.000318
TOTAL	call	void	ptr,float,i32,ptr	6	0.000318
TOTAL	call	void	ptr,i32,i32,i32,float,ptr	6	0.000318
TOTAL	call	void	ptr,i32,i32,i64,ptr	6	0.000318
TOTAL	call	void	ptr,i32,i32,i8,ptr,ptr	6	0.000318
TOTAL	call	void	ptr,i32,i32,ptr,i16,ptr,ptr	6	0.000318
TOTAL	call	void	ptr,i32,ptr,i32,i32,ptr	6	0.000318
TOTAL	call	void	ptr,i32,ptr,ptr,ptr,ptr,ptr,ptr	6	0.000318
TOTAL	call	void	ptr,ptr,float,ptr,ptr	6	0.000318
TOTAL	call	void	ptr,ptr,float,ptr,ptr,ptr	6	0.000318
TOTAL	call	void	ptr,ptr,i32,i32,i32,i32,ptr,ptr,ptr,ptr,ptr,ptr,ptr,ptr	6	0.000318
TOTAL	call	void	ptr,ptr,ptr,double,ptr,ptr	6	0.000318
TOTAL	call	void	ptr,ptr,ptr,i16,i32,i32,i32,i32,i32,ptr	6	0.000318
TOTAL	call	void	ptr,ptr,ptr,i32,i32,i32,i32,i32,i32,i32,i32,ptr	6	0.000318
TOTAL	call	void	ptr,ptr,ptr,ptr,ptr,i32,ptr	6	0.000318
TOTAL	invoke	%class.btQuaternion	ptr,ptr,label,label,ptr	6	0.000318
TOTAL	invoke	i32	ptr,i32,ptr,ptr,ptr,label,label,ptr	6	0.000318
TOTAL	invoke	void	ptr,ptr,i32,ptr,ptr,label,label,ptr	6	0.000318
TOTAL	invoke	void	ptr,ptr,ptr,ptr,ptr,i1,label,label,ptr	6	0.000318
TOTAL	phi	i16	i16,i16	6	0.000318
TOTAL	phi	i1	i1,i1,i1,i1,i1,i1,i1,i1	6	0.000318
TOTAL	select	double	i1,double,double	6	0.000318
TOTAL	switch	void	i32,label,label,label,label,label,label,label,label,label,label,label,label,label,label,label,label,label	6	0.000318
TOTAL	call	[2 x i64]	[2 x i64],[2 x i64],[2 x i64],ptr	5	0.000265
TOTAL	call	[2 x i64]	[2 x i64],ptr	5	0.000265
TOTAL	call	float	ptr,ptr,ptr,ptr,ptr	5	0.000265
TOTAL	call	i16	i32,ptr	5	0.000265
TOTAL	call	i1	ptr,i32,i32,ptr	5	0.000265
TOTAL	call	i1	ptr,ptr,i32,ptr,ptr	5	0.000265
TOTAL	call	i32	i8,ptr	5	0.000265
TOTAL	call	i32	ptr,i32,i32,i32,i32,double,double,double,i32,i32,ptr,i32,i32,i32,i32,i32,ptr	5	0.000265
TOTAL	call	i32	ptr,i32,i32,ptr,ptr,ptr,ptr,i32,ptr	5	0.000265
TOTAL	call	i32	ptr,i32,i32,ptr,ptr,ptr,ptr,ptr,ptr,ptr	5	0.000265
TOTAL	call	i32	ptr,i32,ptr,i32,ptr,i32,ptr	5	0.000265
TOTAL	call	i32	ptr,i32,ptr,ptr,ptr,ptr,ptr	5	0.000265
TOTAL	call	i32	ptr,i32,ptr,ptr,ptr,ptr,ptr,ptr,ptr,ptr	5	0.000265
TOTAL	call	i32	ptr,ptr,i32,i32,i32,ptr,ptr	5	0.000265
TOTAL	call	i32	ptr,ptr,ptr,i32,i32,ptr	5	0.000265
TOTAL	call	i32	ptr,ptr,ptr,i8,i32,ptr	5	0.000265
TOTAL	call	i32	ptr,ptr,ptr,ptr,ptr,i32,ptr,ptr	5	0.000265
TOTAL	call	i32	ptr,ptr,ptr,ptr,ptr,ptr,ptr,ptr,ptr	5	0.000265
TOTAL	call	i8	ptr,i32,ptr,ptr	5	0.000265
TOTAL	call	ptr	i32,ptr,ptr,double,ptr	5	0.000265
TOTAL	call	ptr	ptr,ptr,ptr,ptr,i8,ptr	5	0.000265
TOTAL	call	ptr	ptr,ptr,ptr,ptr,ptr,ptr,ptr,i32,ptr,ptr,ptr	5	0.000265
TOTAL	call	void	i16,i32,i32,i32,i32,ptr	5	0.000265
TOTAL	call	void	ptr,float,float,float,float,float,ptr	5	0.000265
TOTAL	call	void	ptr,i16,ptr,ptr,ptr	5	0.000265
TOTAL	call	void	ptr,i32,i32,i32,i32,i32,ptr	5	0.000265
TOTAL	call	void	ptr,i32,i8,ptr	5	0.000265
TOTAL	call	void	ptr,i64,i32,ptr,ptr	5	0.000265
TOTAL	call	void	ptr,ptr,i16,i16,ptr	5	0.000265
TOTAL	call	void	ptr,ptr,i32,ptr,ptr,i32,i32,ptr	5	0.000265
TOTAL	call	void	ptr,ptr,i8,i8,ptr	5	0.000265
TOTAL	call	void	ptr,ptr,ptr,float,ptr,ptr	5	0.000265
TOTAL	call	void	ptr,ptr,ptr,i32,i32,ptr,i32,ptr,i32,i32,ptr,ptr	5	0.000265
TOTAL	call	void	ptr,ptr,ptr,i32,ptr,ptr	5	0.000265
TOTAL	call	void	ptr,ptr,ptr,ptr,float,float,float,float,ptr,i1,float,ptr	5	0.000265
TOTAL	call	void	ptr,ptr,ptr,ptr,i32,i32,ptr	5	0.000265
TOTAL	invoke	%class.btVector3	ptr,i32,label,label,ptr	5	0.000265
TOTAL	invoke	i1	ptr,ptr,i32,ptr,label,label,ptr	5	0.000265
TOTAL	invoke	i32	i32,label,label,ptr	5	0.000265
TOTAL	invoke	i32	i64,ptr,i1,label,label,ptr	5	0.000265
TOTAL	invoke	i32	ptr,[2 x i64],label,label,ptr	5	0.000265
TOTAL	invoke	i32	ptr,ptr,ptr,i1,ptr,ptr,ptr,label,label,ptr	5	0.000265
TOTAL	invoke	i64	ptr,i32,label,label,ptr	5	0.000265
TOTAL	invoke	void	ptr,ptr,i32,i32,label,label,ptr	5	0.000265
TOTAL	invoke	void	ptr,ptr,ptr,ptr,ptr,ptr,ptr,label,label,ptr	5	0.000265
TOTAL	switch	void	i32,label,label,label,label,label,label,label,label,label,label,label,label,label,label,label,label	5	0.000265
TOTAL	switch	void	i32,label,label,label,label,label,label,label,label,label,label,label,label,label,label,label,label,label,label,label,label	5	0.000265
TOTAL	call	%class.btVector3	ptr,ptr,float,ptr	4	0.000212
TOTAL	call	double	i32,ptr	4	0.000212
TOTAL	call	double	ptr,i32,ptr,i32,ptr	4	0.000212
TOTAL	call	float	ptr,float,float,float,float,float,ptr	4	0.000212
TOTAL	call	float	ptr,float,ptr,i32,i32,ptr	4	0.000212
TOTAL	call	float	ptr,ptr,ptr,ptr,i32,i32,i32,ptr,ptr,ptr,ptr,ptr	4	0.000212
TOTAL	call	i1	double,ptr	4	0.000212
TOTAL	call	i1	ptr,i1,ptr,i1,ptr	4	0.000212
TOTAL	call	i1	ptr,i64,i32,ptr,ptr	4	0.000212
TOTAL	call	i1	ptr,i8,ptr	4	0.000212
TOTAL	call	i32	double,ptr,ptr	4	0.000212
TOTAL	call	i32	i16,i16,ptr	4	0.000212
TOTAL	call	i32	i32,i32,i32,i32,i32,i32,i32,ptr	4	0.000212
TOTAL	call	i32	i32,i32,i32,i32,i32,ptr	4	0.000212
TOTAL	call	i32	i32,i32,ptr,ptr,ptr,ptr,ptr,ptr	4	0.000212
TOTAL	call	i32	i32,ptr,ptr,ptr,ptr	4	0.000212
TOTAL	call	i32	ptr,[2 x i64],ptr	4	0.000212
TOTAL	call	i32	ptr,i16,i32,i32,i32,i32,i16,i16,ptr,ptr,i32,i32,i32,ptr	4	0.000212
TOTAL	call	i32	ptr,i32,i32,i32,i32,ptr,ptr	4	0.000212
TOTAL	call	i32	ptr,i32,ptr,i32,i32,ptr,ptr,ptr	4	0.000212
TOTAL	call	i32	ptr,i32,ptr,i32,ptr,i8,ptr	4	0.000212
TOTAL	call	i32	ptr,i32,ptr,ptr,i32,ptr	4	0.000212
TOTAL	call	i32	ptr,i64,ptr,i64,ptr	4	0.000212
TOTAL	call	i32	ptr,ptr,i32,i16,i32,i32,i16,i16,ptr	4	0.000212
TOTAL	call	i32	ptr,ptr,i32,i32,i32,i32,i32,ptr	4	0.000212
TOTAL	call	i32	ptr,ptr,i32,i32,i32,i32,ptr	4	0.000212
TOTAL	call	i32	ptr,ptr,i32,i32,ptr,ptr,ptr,ptr	4	0.000212
TOTAL	call	i32	ptr,ptr,i32,ptr,i32,ptr	4	0.000212
TOTAL	call	i32	ptr,ptr,ptr,i16,i32,ptr	4	0.000212
TOTAL	call	i32	ptr,ptr,ptr,i32,i32,i32,ptr	4	0.000212
TOTAL	call	i32	ptr,ptr,ptr,ptr,ptr,i32,i32,ptr	4	0.000212
TOTAL	call	i32	ptr,ptr,ptr,ptr,ptr,ptr,ptr,ptr	4	0.000212
TOTAL	call	i64	ptr,i64,ptr,ptr,ptr	4	0.000212
TOTAL	call	i8	ptr,i8,ptr	4	0.000212
TOTAL	call	i8	ptr,ptr,i8,ptr	4	0.000212
TOTAL	call	ptr	i32,ptr,ptr,i32,ptr,ptr	4	0.000212
TOTAL	call	ptr	i32,ptr,ptr,i64,ptr	4	0.000212
TOTAL	call	ptr	ptr,i32,i32,ptr,i32,i32,i32,ptr,ptr,ptr	4	0.000212
TOTAL	call	ptr	ptr,i32,i64,ptr	4	0.000212
TOTAL	call	ptr	ptr,ptr,i32,i32,ptr,ptr,ptr	4	0.000212
TOTAL	call	ptr	ptr,ptr,ptr,i32,i32,ptr	4	0.000212
TOTAL	call	ptr	ptr,ptr,ptr,i32,i32,ptr,ptr,ptr,ptr	4	0.000212
TOTAL	call	ptr	ptr,ptr,ptr,i32,ptr,i16,i16,ptr,ptr,ptr	4	0.000212
TOTAL	call	ptr	ptr,ptr,ptr,i32,ptr,i32,i32,ptr,ptr,ptr	4	0.000212
TOTAL	call	ptr	ptr,ptr,ptr,i32,ptr,ptr	4	0.000212
TOTAL	call	ptr	ptr,ptr,ptr,ptr,i32,ptr	4	0.000212
TOTAL	call	void	double,ptr,ptr,ptr,ptr,ptr,ptr,ptr,ptr,ptr,double,i1,i1,ptr	4	0.000212
TOTAL	call	void	float,float,ptr	4	0.000212
TOTAL	call	void	i32,i32,i32,ptr	4	0.000212
TOTAL	call	void	i32,i32,i32,ptr,ptr,ptr,ptr,ptr	4	0.000212
TOTAL	call	void	i32,i32,ptr,ptr,ptr,ptr,ptr,ptr,ptr,ptr,ptr,ptr,ptr	4	0.000212
TOTAL	call	void	i32,i8,i32,i32,i32,i32,i32,ptr	4	0.000212
TOTAL	call	void	i32,ptr,ptr,i32,ptr	4	0.000212
TOTAL	call	void	i32,ptr,ptr,ptr,ptr,i32,ptr	4	0.000212
TOTAL	call	void	i32,ptr,ptr,ptr,ptr,ptr	4	0.000212
TOTAL	call	void	i64,ptr	4	0.000212
TOTAL	call	void	ptr,i1,ptr,ptr	4	0.000212
TOTAL	call	void	ptr,i32,i1,i64,ptr	4	0.000212
TOTAL	call	void	ptr,i32,i32,float,ptr,ptr	4	0.000212
TOTAL	call	void	ptr,i32,i32,i32,i32,i32,i32,i32,i32,i32,i32,ptr	4	0.000212
TOTAL	call	void	ptr,i32,ptr,i64,ptr	4	0.000212
TOTAL	call	void	ptr,ptr,double,ptr,ptr	4	0.000212
TOTAL	call	void	ptr,ptr,float,ptr,i32,ptr	4	0.000212
TOTAL	call	void	ptr,ptr,float,ptr,ptr,ptr,ptr	4	0.000212
TOTAL	call	void	ptr,ptr,i32,i1,ptr	4	0.000212
TOTAL	call	void	ptr,ptr,i32,i32,i32,i32,i32,i32,i32,ptr	4	0.000212
TOTAL	call	void	ptr,ptr,i32,i32,ptr,i32,i32,i32,i32,ptr	4	0.000212
TOTAL	call	void	ptr,ptr,ptr,i1,ptr	4	0.000212
TOTAL	call	void	ptr,ptr,ptr,ptr,ptr,i32,ptr,ptr,i32,i32,ptr	4	0.000212
TOTAL	call	void	ptr,ptr,ptr,ptr,ptr,ptr,ptr,ptr,ptr,ptr,i32,i32,ptr	4	0.000212
TOTAL	extractvalue	i64	{ i64, i64 }	4	0.000212
TOTAL	invoke	i32	ptr,i32,ptr,ptr,label,label,ptr	4	0.000212
TOTAL	invoke	i32	ptr,i64,ptr,label,label,ptr	4	0.000212
TOTAL	invoke	i32	ptr,ptr,ptr,i32,ptr,ptr,i32,ptr,label,label,ptr	4	0.000212
TOTAL	invoke	i64	label,label,ptr	4	0.000212
TOTAL	invoke	i64	ptr,i32,i32,label,label,ptr	4	0.000212
TOTAL	invoke	i64	ptr,ptr,label,label,ptr	4	0.000212
TOTAL	invoke	ptr	ptr,i32,i32,i32,label,label,ptr	4	0.000212
TOTAL	invoke	ptr	ptr,ptr,i32,label,label,ptr	4	0.000212
TOTAL	invoke	void	i32,i32,ptr,ptr,label,label,ptr	4	0.000212
TOTAL	invoke	void	i64,ptr,i32,label,label,ptr	4	0.000212
TOTAL	invoke	void	ptr,i32,i32,i32,label,label,ptr	4	0.000212
TOTAL	invoke	void	ptr,ptr,i1,i32,i32,label,label,ptr	4	0.000212
TOTAL	invoke	void	ptr,ptr,i1,i32,label,label,ptr	4	0.000212
TOTAL	sext	i64	i8	4	0.000212
TOTAL	switch	void	i32,label	4	0.000212
TOTAL	switch	void	i64,label,label,label,label,label,label,label,label,label,label,label,label,label,label,label,label,label,label,label,label,label	4	0.000212
TOTAL	call	%class.btVector3	ptr,ptr,i32,ptr	3	0.000159
TOTAL	call	%class.btVector3	ptr,ptr,ptr,ptr,ptr	3	0.000159
TOTAL	call	[2 x i64]	float,ptr	3	0.000159
TOTAL	call	double	ptr,i32,i32,ptr	3	0.000159
TOTAL	call	float	i32,i32,ptr,ptr,ptr,ptr,ptr,ptr,i32,i32,i32,i32,i32,ptr,ptr,i32,ptr,ptr	3	0.000159
TOTAL	call	float	ptr	3	0.000159
TOTAL	call	float	ptr,i32,i32,ptr,ptr,i32,ptr	3	0.000159
TOTAL	call	float	ptr,ptr,i32,ptr,i32,ptr,i32,ptr,ptr,ptr,ptr,ptr	3	0.000159
TOTAL	call	float	ptr,ptr,ptr,ptr,i32,i32,i32,ptr	3	0.000159
TOTAL	call	i1	i32,ptr,i32,ptr,ptr	3	0.000159
TOTAL	call	i1	i32,ptr,ptr	3	0.000159
TOTAL	call	i1	ptr,i32,ptr,ptr,i32,ptr,ptr	3	0.000159
TOTAL	call	i1	ptr,i32,ptr,ptr,ptr	3	0.000159
TOTAL	call	i1	ptr,ptr,i32,i32,i32,i32,i1,ptr	3	0.000159
TOTAL	call	i1	ptr,ptr,ptr,ptr,float,ptr	3	0.000159
TOTAL	call	i32	float,ptr	3	0.000159
TOTAL	call	i32	i32,i32,i32,i32,i32,ptr,i32,i32,ptr	3	0.000159
TOTAL	call	i32	i32,ptr,ptr,i32,ptr,ptr	3	0.000159
TOTAL	call	i32	i32,ptr,ptr,ptr,ptr,i32,ptr	3	0.000159
TOTAL	call	i32	i8,ptr,ptr	3	0.000159
TOTAL	call	i32	ptr,i16,i32,i32,i32,i32,i16,i16,i16,i16,ptr,ptr,ptr,ptr,i32,i32,i32,ptr	3	0.000159
TOTAL	call	i32	ptr,i16,i32,i32,i32,i32,i16,i16,ptr,ptr,i32,i32,i32,i32,ptr	3	0.000159
TOTAL	call	i32	ptr,i16,ptr	3	0.000159
TOTAL	call	i32	ptr,i32,i32,i32,i32,i32,ptr,i32,ptr	3	0.000159
TOTAL	call	i32	ptr,i32,i32,i32,ptr,i32,i32,i32,ptr	3	0.000159
TOTAL	call	i32	ptr,i32,i32,ptr,ptr,i32,ptr,ptr,ptr	3	0.000159
TOTAL	call	i32	ptr,i32,ptr,ptr,i32,i32,i32,ptr,i32,ptr	3	0.000159
TOTAL	call	i32	ptr,i64,i64,ptr,ptr	3	0.000159
TOTAL	call	i32	ptr,i8,i8,ptr	3	0.000159
TOTAL	call	i32	ptr,ptr,i32,double,ptr	3	0.000159
TOTAL	call	i32	ptr,ptr,i32,i32,i32,double,ptr	3	0.000159
TOTAL	call	i32	ptr,ptr,i64,i64,ptr	3	0.000159
TOTAL	call	i32	ptr,ptr,i64,i64,ptr,ptr	3	0.000159
TOTAL	call	i32	ptr,ptr,i8,i32,i32,ptr	3	0.000159
TOTAL	call	i32	ptr,ptr,i8,i8,ptr,ptr	3	0.000159
TOTAL	call	i32	ptr,ptr,ptr,i16,ptr,i16,ptr	3	0.000159
TOTAL	call	i32	ptr,ptr,ptr,i32,i16,i16,i16,i32,i32,ptr,i8,ptr	3	0.000159
TOTAL	call	i32	ptr,ptr,ptr,i64,i32,ptr	3	0.000159
TOTAL	call	i32	ptr,ptr,ptr,i64,ptr,i32,i32,ptr,ptr	3	0.000159
TOTAL	call	i32	ptr,ptr,ptr,ptr,i32,ptr,ptr	3	0.000159
TOTAL	call	i64	double,ptr	3	0.000159
TOTAL	call	i64	i32,ptr,i64,i32,ptr	3	0.000159
TOTAL	call	i64	ptr,i64,i32,ptr,i32,ptr	3	0.000159
TOTAL	call	i64	ptr,ptr,i32,ptr	3	0.000159
TOTAL	call	ptr	i32,i32,i32,i32,i32,i64,ptr,ptr,ptr	3	0.000159
TOTAL	call	ptr	i32,i32,i32,i32,ptr,ptr,ptr	3	0.000159
TOTAL	call	ptr	i32,i32,ptr,i32,ptr,i32,i32,ptr	3	0.000159
TOTAL	call	ptr	i32,i32,ptr,i32,ptr,ptr,double,ptr	3	0.000159
TOTAL	call	ptr	i32,i32,ptr,i32,ptr,ptr,i32,i32,ptr	3	0.000159
TOTAL	call	ptr	i32,i32,ptr,i32,ptr,ptr,ptr,ptr,ptr,ptr,ptr	3	0.000159
TOTAL	call	ptr	ptr,i32,i32,i1,ptr	3	0.000159
TOTAL	call	ptr	ptr,i32,ptr,ptr,i64,ptr	3	0.000159
TOTAL	call	ptr	ptr,i32,ptr,ptr,ptr,ptr,ptr	3	0.000159
TOTAL	call	ptr	ptr,i64,i64,ptr	3	0.000159
TOTAL	call	ptr	ptr,ptr,i32,i32,ptr,ptr,ptr,ptr	3	0.000159
TOTAL	call	ptr	ptr,ptr,i32,i32,ptr,ptr,ptr,ptr,ptr,ptr,ptr,ptr,ptr	3	0.000159
TOTAL	call	ptr	ptr,ptr,ptr,i32,ptr,i32,ptr,ptr,ptr,ptr	3	0.000159
TOTAL	call	void	i32,i32,i32,i32,i32,i32,i32,ptr	3	0.000159
TOTAL	call	void	i32,ptr,ptr,ptr,ptr	3	0.000159
TOTAL	call	void	ptr,i32,[2 x i64],ptr,ptr	3	0.000159
TOTAL	call	void	ptr,i32,i16,ptr	3	0.000159
TOTAL	call	void	ptr,i32,i32,i32,i32,ptr,ptr	3	0.000159
TOTAL	call	void	ptr,i32,ptr,i32,ptr,ptr,ptr	3	0.000159
TOTAL	call	void	ptr,ptr,double,ptr	3	0.000159
TOTAL	call	void	ptr,ptr,i32,i32,i32,ptr,ptr	3	0.000159
TOTAL	call	void	ptr,ptr,i32,i32,ptr,ptr	3	0.000159
TOTAL	call	void	ptr,ptr,i32,ptr,i32,ptr	3	0.000159
TOTAL	call	void	ptr,ptr,i32,ptr,i32,ptr,ptr,ptr	3	0.000159
TOTAL	call	void	ptr,ptr,i32,ptr,ptr,i32,ptr	3	0.000159
TOTAL	call	void	ptr,ptr,i32,ptr,ptr,ptr,ptr	3	0.000159
TOTAL	call	void	ptr,ptr,i64,ptr,i32,ptr	3	0.000159
TOTAL	call	void	ptr,ptr,i64,ptr,ptr	3	0.000159
TOTAL	call	void	ptr,ptr,ptr,i32,i32,i32,i32,ptr,ptr	3	0.000159
TOTAL	call	void	ptr,ptr,ptr,ptr,float,ptr,ptr,ptr	3	0.000159
TOTAL	call	void	ptr,ptr,ptr,ptr,i16,i16,ptr,ptr	3	0.000159
TOTAL	call	void	ptr,ptr,ptr,ptr,i32,i32,i32,i32,ptr	3	0.000159
TOTAL	call	void	ptr,ptr,ptr,ptr,ptr,i32,i32,ptr	3	0.000159
TOTAL	call	void	ptr,ptr,ptr,ptr,ptr,ptr,i32,ptr,ptr	3	0.000159
TOTAL	fpext	fp128	double	3	0.000159
TOTAL	fptoui	i32	float	3	0.000159
TOTAL	fptoui	i64	float	3	0.000159
TOTAL	invoke	%class.btQuaternion	ptr,label,label,ptr	3	0.000159
TOTAL	invoke	%class.btVector3	ptr,ptr,float,label,label,ptr	3	0.000159
TOTAL	invoke	i1	i8,i8,label,label,ptr	3	0.000159
TOTAL	invoke	i1	i8,label,label,ptr	3	0.000159
TOTAL	invoke	i1	label,label,ptr	3	0.000159
TOTAL	invoke	i1	ptr,i1,ptr,i1,label,label,ptr	3	0.000159
TOTAL	invoke	i1	ptr,i64,label,label,ptr	3	0.000159
TOTAL	invoke	i1	ptr,ptr,i32,label,label,ptr	3	0.000159
TOTAL	invoke	i32	i64,ptr,ptr,i1,label,label,ptr	3	0.000159
TOTAL	invoke	i32	ptr,i32,i1,i32,ptr,ptr,label,label,ptr	3	0.000159
TOTAL	invoke	i32	ptr,i32,i32,ptr,ptr,label,label,ptr	3	0.000159
TOTAL	invoke	i32	ptr,i32,i32,ptr,ptr,ptr,ptr,i1,ptr,ptr,ptr,label,label,ptr	3	0.000159
TOTAL	invoke	i32	ptr,ptr,i64,ptr,ptr,ptr,ptr,ptr,ptr,i1,i32,label,label,ptr	3	0.000159
TOTAL	invoke	ptr	i64,ptr,label,label,ptr	3	0.000159
TOTAL	invoke	void	ptr,float,ptr,label,label,ptr	3	0.000159
TOTAL	invoke	void	ptr,i1,i8,ptr,label,label,ptr	3	0.000159
TOTAL	invoke	void	ptr,i32,i1,label,label,ptr	3	0.000159
TOTAL	invoke	void	ptr,ptr,i32,i1,label,label,ptr	3	0.000159
TOTAL	invoke	void	ptr,ptr,i64,ptr,i64,ptr,label,label,ptr	3	0.000159
TOTAL	load	{ i64, i64 }	ptr	3	0.000159
TOTAL	phi	i8	i8,i8	3	0.000159
TOTAL	select	i16	i1,i16,i16	3	0.000159
TOTAL	sitofp	fp128	i32	3	0.000159
TOTAL	store	void	{ i64, i64 },ptr	3	0.000159
TOTAL	switch	void	i32,label,label,label,label,label,label,label,label,label,label,label,label,label,label,label,label,label,label,label,label,label,label	3	0.000159
TOTAL	switch	void	i32,label,label,label,label,label,label,label,label,label,label,label,label,label,label,label,label,label,label,label,label,label,label,label,label,label,label,label,label,label	3	0.000159
TOTAL	switch	void	i32,label,label,label,label,label,label,label,label,label,label,label,label,label,label,label,label,label,label,label,label,label,label,label,label,label,label,label,label,label,label	3	0.000159
TOTAL	switch	void	i32,label,label,label,label,label,label,label,label,label,label,label,label,label,label,label,label,label,label,label,label,label,label,label,label,label,label,label,label,label,label,label,label,label,label,label,label,label,label,label,label,label,label,label,label	3	0.000159
TOTAL	call	%class.btVector3	ptr,float,float,ptr	2	0.000106
TOTAL	call	%class.btVector3	ptr,float,ptr	2	0.000106
TOTAL	call	%class.btVector3	ptr,ptr,i32,ptr,ptr	2	0.000106
TOTAL	call	double	double,i32,ptr	2	0.000106
TOTAL	call	double	double,i64,ptr	2	0.000106
TOTAL	call	float	float,float,float,ptr,ptr	2	0.000106
TOTAL	call	float	i32,i32,ptr,ptr,ptr,ptr,i32,i32,i32,i32,ptr	2	0.000106
TOTAL	call	float	i32,i32,ptr,ptr,ptr,ptr,ptr,ptr,i32,i32,i32,i32,i32,ptr,ptr,i32,ptr,ptr,ptr	2	0.000106
TOTAL	call	float	ptr,ptr,float,float,ptr	2	0.000106
TOTAL	call	float	ptr,ptr,float,i32,i32,ptr	2	0.000106
TOTAL	call	float	ptr,ptr,float,ptr	2	0.000106
TOTAL	call	float	ptr,ptr,ptr,ptr,ptr,ptr,float,ptr	2	0.000106
TOTAL	call	fp128	fp128,fp128,fp128,ptr	2	0.000106
TOTAL	call	i16	ptr,ptr,ptr,ptr,i32,i32,i16,ptr,ptr,ptr,ptr	2	0.000106
TOTAL	call	i1	double,i32,ptr	2	0.000106
TOTAL	call	i1	ptr,ptr,float,ptr	2	0.000106
TOTAL	call	i1	ptr,ptr,i1,i1,ptr	2	0.000106
TOTAL	call	i1	ptr,ptr,i1,ptr,ptr	2	0.000106
TOTAL	call	i1	ptr,ptr,i32,i32,ptr	2	0.000106
TOTAL	call	i1	ptr,ptr,ptr,i1,ptr	2	0.000106
TOTAL	call	i1	ptr,ptr,ptr,i32,i32,i1,ptr	2	0.000106
TOTAL	call	i1	ptr,ptr,ptr,ptr,ptr,float,float,ptr	2	0.000106
TOTAL	call	i1	ptr,ptr,ptr,ptr,ptr,ptr,i1,ptr	2	0.000106
TOTAL	call	i32	double,i32,ptr,ptr,i32,ptr	2	0.000106
TOTAL	call	i32	i16,ptr,ptr	2	0.000106
TOTAL	call	i32	i32,double,ptr,ptr	2	0.000106
TOTAL	call	i32	i32,i32,i16,i16,i32,ptr	2	0.000106
TOTAL	call	i32	i32,i64,ptr	2	0.000106
TOTAL	call	i32	i32,ptr,i16,i8,ptr,ptr	2	0.000106
TOTAL	call	i32	i32,ptr,i32,i32,i16,i8,ptr,ptr,ptr,ptr	2	0.000106
TOTAL	call	i32	i32,ptr,i32,i32,ptr	2	0.000106
TOTAL	call	i32	i32,ptr,i32,i8,ptr	2	0.000106
TOTAL	call	i32	i32,ptr,i64,ptr,i32,ptr,ptr	2	0.000106
TOTAL	call	i32	i32,ptr,ptr,i64,ptr	2	0.000106
TOTAL	call	i32	i32,ptr,ptr,ptr,ptr,ptr,i32,ptr	2	0.000106
TOTAL	call	i32	i64,ptr,ptr	2	0.000106
TOTAL	call	i32	i8,i8,ptr	2	0.000106
TOTAL	call	i32	ptr,double,ptr	2	0.000106
TOTAL	call	i32	ptr,i16,i32,i32,i32,i32,i16,i16,ptr,ptr,i32,i32,i32,ptr,ptr	2	0.000106
TOTAL	call	i32	ptr,i16,i32,i32,i32,i32,i16,i16,ptr,ptr,ptr,ptr,i32,i32,i32,ptr,ptr	2	0.000106
TOTAL	call	i32	ptr,i16,i32,i32,i32,i32,ptr,ptr,ptr,ptr,i32,i32,i32,ptr,ptr	2	0.000106
TOTAL	call	i32	ptr,i16,ptr,ptr	2	0.000106
TOTAL	call	i32	ptr,i32,i32,i32,i32,ptr,i32,i32,i32,i32,ptr,ptr	2	0.000106
TOTAL	call	i32	ptr,i32,i32,ptr,i32,ptr,ptr,i32,ptr,ptr	2	0.000106
TOTAL	call	i32	ptr,i32,ptr,i32,ptr,ptr,ptr,ptr,ptr	2	0.000106
TOTAL	call	i32	ptr,i32,ptr,ptr,ptr,ptr,i32,ptr	2	0.000106
TOTAL	call	i32	ptr,i64,i64,i32,ptr,ptr	2	0.000106
TOTAL	call	i32	ptr,i64,ptr,i32,ptr,ptr	2	0.000106
TOTAL	call	i32	ptr,i64,ptr,ptr,i32,i32,ptr	2	0.000106
TOTAL	call	i32	ptr,ptr,double,i32,ptr	2	0.000106
TOTAL	call	i32	ptr,ptr,i1,i1,ptr	2	0.000106
TOTAL	call	i32	ptr,ptr,i32,i32,double,ptr	2	0.000106
TOTAL	call	i32	ptr,ptr,i32,i32,ptr,i32,i32,i32,i32,ptr	2	0.000106
TOTAL	call	i32	ptr,ptr,i32,ptr,i1,ptr	2	0.000106
TOTAL	call	i32	ptr,ptr,i32,ptr,ptr,i32,i32,ptr,ptr	2	0.000106
TOTAL	call	i32	ptr,ptr,i64,i32,ptr,ptr,ptr	2	0.000106
TOTAL	call	i32	ptr,ptr,i64,i64,i64,i32,ptr	2	0.000106
TOTAL	call	i32	ptr,ptr,i64,ptr,i32,i32,i32,ptr	2	0.000106
TOTAL	call	i32	ptr,ptr,i8,ptr	2	0.000106
TOTAL	call	i32	ptr,ptr,i8,ptr,ptr,ptr	2	0.000106
TOTAL	call	i32	ptr,ptr,ptr,float,ptr	2	0.000106
TOTAL	call	i32	ptr,ptr,ptr,i32,i32,ptr,ptr	2	0.000106
TOTAL	call	i32	ptr,ptr,ptr,ptr,i32,i32,ptr	2	0.000106
TOTAL	call	i32	ptr,ptr,ptr,ptr,i32,ptr,i32,ptr	2	0.000106
TOTAL	call	i32	ptr,ptr,ptr,ptr,ptr,i32,i32,ptr,ptr	2	0.000106
TOTAL	call	i32	ptr,ptr,ptr,ptr,ptr,ptr,ptr,ptr,ptr,i32,ptr,i32,ptr	2	0.000106
TOTAL	call	i32	ptr,ptr,ptr,ptr,ptr,ptr,ptr,ptr,ptr,ptr	2	0.000106
TOTAL	call	i32	ptr,ptr,ptr,ptr,ptr,ptr,ptr,ptr,ptr,ptr,ptr	2	0.000106
TOTAL	call	i64	i32,i32,ptr	2	0.000106
TOTAL	call	i64	i32,ptr,ptr,i64,ptr	2	0.000106
TOTAL	call	i64	ptr,[2 x i64],ptr	2	0.000106
TOTAL	call	i8	i32,ptr	2	0.000106
TOTAL	call	i8	i8,i8,ptr,ptr,ptr	2	0.000106
TOTAL	call	ptr	i32,i32,ptr,i32,ptr,ptr,double,ptr,ptr	2	0.000106
TOTAL	call	ptr	i32,i32,ptr,i32,ptr,ptr,ptr,ptr,i32,ptr	2	0.000106
TOTAL	call	ptr	i32,i32,ptr,i32,ptr,ptr,ptr,ptr,ptr,ptr,ptr,ptr	2	0.000106
TOTAL	call	ptr	i32,i32,ptr,ptr	2	0.000106
TOTAL	call	ptr	i32,ptr,i32,i32,i32,i32,i32,i32,ptr	2	0.000106
TOTAL	call	ptr	i32,ptr,ptr,i32,i32,i32,ptr	2	0.000106
TOTAL	call	ptr	i32,ptr,ptr,ptr,i32,ptr,ptr,ptr,ptr	2	0.000106
TOTAL	call	ptr	i32,ptr,ptr,ptr,i64,ptr	2	0.000106
TOTAL	call	ptr	ptr,i16,ptr,ptr	2	0.000106
TOTAL	call	ptr	ptr,i32,i32,ptr,i32,ptr	2	0.000106
TOTAL	call	ptr	ptr,i32,ptr,i32,i32,i32,ptr,ptr,ptr	2	0.000106
TOTAL	call	ptr	ptr,i32,ptr,ptr,i32,i32,i32,ptr,ptr,ptr	2	0.000106
TOTAL	call	ptr	ptr,i32,ptr,ptr,i32,ptr,ptr,ptr,ptr	2	0.000106
TOTAL	call	ptr	ptr,i32,ptr,ptr,ptr,i32,ptr,ptr,ptr,ptr	2	0.000106
TOTAL	call	ptr	ptr,i8,i64,ptr	2	0.000106
TOTAL	call	ptr	ptr,i8,ptr,ptr,ptr,ptr	2	0.000106
TOTAL	call	ptr	ptr,ptr,i16,ptr	2	0.000106
TOTAL	call	ptr	ptr,ptr,i32,i32,i32,ptr,ptr	2	0.000106
TOTAL	call	ptr	ptr,ptr,i32,i32,i32,ptr,ptr,ptr,ptr,ptr,ptr,ptr,ptr,ptr,ptr	2	0.000106
TOTAL	call	ptr	ptr,ptr,i32,i32,ptr,ptr,ptr,ptr,ptr	2	0.000106
TOTAL	call	ptr	ptr,ptr,i32,ptr,ptr,ptr,ptr,i32,ptr	2	0.000106
TOTAL	call	ptr	ptr,ptr,i64,i64,ptr,ptr	2	0.000106
TOTAL	call	ptr	ptr,ptr,i64,ptr,ptr,ptr,ptr	2	0.000106
TOTAL	call	ptr	ptr,ptr,ptr,i32,i32,i32,ptr,ptr	2	0.000106
TOTAL	call	ptr	ptr,ptr,ptr,ptr,ptr,i32,i32,ptr,ptr	2	0.000106
TOTAL	call	ptr	ptr,ptr,ptr,ptr,ptr,i32,ptr	2	0.000106
TOTAL	call	ptr	ptr,ptr,ptr,ptr,ptr,ptr,ptr,ptr,i32,ptr	2	0.000106
TOTAL	call	ptr	ptr,ptr,ptr,ptr,ptr,ptr,ptr,ptr,ptr,ptr,ptr	2	0.000106
TOTAL	call	void	double,ptr,ptr,ptr,ptr,ptr,ptr,ptr,ptr,ptr,i1,i1,ptr	2	0.000106
TOTAL	call	void	i16,i32,i32,i32,i32,ptr,ptr	2	0.000106
TOTAL	call	void	i16,i32,ptr	2	0.000106
TOTAL	call	void	i16,i32,ptr,ptr	2	0.000106
TOTAL	call	void	i16,ptr	2	0.000106
TOTAL	call	void	i16,ptr,i16,ptr	2	0.000106
TOTAL	call	void	i32,float,float,float,ptr	2	0.000106
TOTAL	call	void	i32,i32,i32,ptr,i32,ptr,ptr	2	0.000106
TOTAL	call	void	i32,i32,ptr,ptr,ptr,ptr	2	0.000106
TOTAL	call	void	i8,ptr,ptr	2	0.000106
TOTAL	call	void	ptr,float,float,float,ptr,ptr,ptr	2	0.000106
TOTAL	call	void	ptr,float,ptr,ptr,float,ptr,ptr,ptr	2	0.000106
TOTAL	call	void	ptr,i1,i1,ptr,ptr,ptr,ptr,ptr	2	0.000106
TOTAL	call	void	ptr,i16,i1,i1,ptr	2	0.000106
TOTAL	call	void	ptr,i32,i32,i32,i32,i32,i32,ptr	2	0.000106
TOTAL	call	void	ptr,i32,i32,ptr,i32,i16,i32,i32,ptr	2	0.000106
TOTAL	call	void	ptr,i32,i32,ptr,ptr,i16,ptr,ptr,ptr,ptr	2	0.000106
TOTAL	call	void	ptr,i32,ptr,i32,ptr,ptr,ptr,ptr,ptr	2	0.000106
TOTAL	call	void	ptr,i32,ptr,ptr,i32,i32,i32,ptr	2	0.000106
TOTAL	call	void	ptr,i32,ptr,ptr,i64,ptr	2	0.000106
TOTAL	call	void	ptr,i32,ptr,ptr,ptr,i32,ptr	2	0.000106
TOTAL	call	void	ptr,i32,ptr,ptr,ptr,ptr,ptr,ptr,ptr,ptr,ptr	2	0.000106
TOTAL	call	void	ptr,i64,i64,i32,i64,ptr	2	0.000106
TOTAL	call	void	ptr,i64,i64,i64,ptr,ptr	2	0.000106
TOTAL	call	void	ptr,i8,ptr,ptr	2	0.000106
TOTAL	call	void	ptr,ptr,i1,i1,ptr	2	0.000106
TOTAL	call	void	ptr,ptr,i1,i32,i32,ptr	2	0.000106
TOTAL	call	void	ptr,ptr,i32,i32,i32,i32,double,i32,i32,ptr	2	0.000106
TOTAL	call	void	ptr,ptr,i32,i32,i32,i32,ptr	2	0.000106
TOTAL	call	void	ptr,ptr,i32,i64,ptr	2	0.000106
TOTAL	call	void	ptr,ptr,i32,ptr,ptr,ptr,ptr,ptr	2	0.000106
TOTAL	call	void	ptr,ptr,ptr,float,float,ptr	2	0.000106
TOTAL	call	void	ptr,ptr,ptr,i16,i32,i32,i32,i32,i32,ptr,ptr	2	0.000106
TOTAL	call	void	ptr,ptr,ptr,i32,ptr,ptr,ptr	2	0.000106
TOTAL	call	void	ptr,ptr,ptr,ptr,i32,i32,i32,ptr	2	0.000106
TOTAL	call	void	ptr,ptr,ptr,ptr,i32,ptr,ptr,ptr	2	0.000106
TOTAL	call	void	ptr,ptr,ptr,ptr,ptr,i1,i32,i32,ptr	2	0.000106
TOTAL	call	void	ptr,ptr,ptr,ptr,ptr,ptr,i1,ptr	2	0.000106
TOTAL	call	void	ptr,ptr,ptr,ptr,ptr,ptr,i32,i32,ptr	2	0.000106
TOTAL	call	void	ptr,ptr,ptr,ptr,ptr,ptr,ptr,float,ptr	2	0.000106
TOTAL	call	void	ptr,ptr,ptr,ptr,ptr,ptr,ptr,i32,i32,ptr	2	0.000106
TOTAL	call	void	ptr,ptr,ptr,ptr,ptr,ptr,ptr,i32,ptr	2	0.000106
TOTAL	call	void	ptr,ptr,ptr,ptr,ptr,ptr,ptr,ptr,ptr,ptr	2	0.000106
TOTAL	call	void	ptr,ptr,ptr,ptr,ptr,ptr,ptr,ptr,ptr,ptr,i32,i32,i32,i32,i32,i32,ptr,ptr,ptr	2	0.000106
TOTAL	call	void	ptr,ptr,ptr,ptr,ptr,ptr,ptr,ptr,ptr,ptr,i32,i32,ptr,ptr,ptr	2	0.000106
TOTAL	fadd	fp128	fp128,fp128	2	0.000106
TOTAL	fdiv	fp128	fp128,fp128	2	0.000106
TOTAL	fneg	fp128	fp128	2	0.000106
TOTAL	fptoui	i32	double	2	0.000106
TOTAL	invoke	%class.btVector3	ptr,ptr,i32,label,label,ptr	2	0.000106
TOTAL	invoke	%class.btVector3	ptr,ptr,ptr,label,label,ptr	2	0.000106
TOTAL	invoke	float	ptr,ptr,i1,label,label,ptr	2	0.000106
TOTAL	invoke	float	ptr,ptr,i32,ptr,i32,ptr,i32,ptr,ptr,ptr,label,label,ptr	2	0.000106
TOTAL	invoke	i1	[2 x i64],i16,ptr,label,label,ptr	2	0.000106
TOTAL	invoke	i1	i64,ptr,label,label,ptr	2	0.000106
TOTAL	invoke	i1	ptr,i32,i32,ptr,label,label,ptr	2	0.000106
TOTAL	invoke	i1	ptr,ptr,i1,ptr,label,label,ptr	2	0.000106
TOTAL	invoke	i1	ptr,ptr,i64,label,label,ptr	2	0.000106
TOTAL	invoke	i1	ptr,ptr,ptr,ptr,ptr,float,float,label,label,ptr	2	0.000106
TOTAL	invoke	i1	ptr,ptr,ptr,ptr,ptr,label,label,ptr	2	0.000106
TOTAL	invoke	i32	i1,i32,label,label,ptr	2	0.000106
TOTAL	invoke	i32	i1,label,label,ptr	2	0.000106
TOTAL	invoke	i32	i32,i32,label,label,ptr	2	0.000106
TOTAL	invoke	i32	i32,ptr,ptr,label,label,ptr	2	0.000106
TOTAL	invoke	i32	i64,ptr,ptr,ptr,i1,i1,label,label,ptr	2	0.000106
TOTAL	invoke	i32	i8,i8,label,label,ptr	2	0.000106
TOTAL	invoke	i32	ptr,i32,i1,label,label,ptr	2	0.000106
TOTAL	invoke	i32	ptr,i32,i32,i32,label,label,ptr	2	0.000106
TOTAL	invoke	i32	ptr,i32,i32,ptr,ptr,ptr,i1,ptr,ptr,ptr,label,label,ptr	2	0.000106
TOTAL	invoke	i32	ptr,i64,i64,ptr,label,label,ptr	2	0.000106
TOTAL	invoke	i32	ptr,i64,i64,ptr,ptr,label,label,ptr	2	0.000106
TOTAL	invoke	i32	ptr,i64,ptr,ptr,ptr,ptr,label,label,ptr	2	0.000106
TOTAL	invoke	i32	ptr,i8,label,label,ptr	2	0.000106
TOTAL	invoke	i32	ptr,ptr,i32,i1,label,label,ptr	2	0.000106
TOTAL	invoke	i32	ptr,ptr,i32,i32,ptr,label,label,ptr	2	0.000106
TOTAL	invoke	i32	ptr,ptr,i32,ptr,ptr,ptr,label,label,ptr	2	0.000106
TOTAL	invoke	i32	ptr,ptr,i32,ptr,ptr,ptr,ptr,ptr,label,label,ptr	2	0.000106
TOTAL	invoke	i32	ptr,ptr,ptr,float,label,label,ptr	2	0.000106
TOTAL	invoke	i64	i64,i64,i64,label,label,ptr	2	0.000106
TOTAL	invoke	i64	i64,label,label,ptr	2	0.000106
TOTAL	invoke	i8	i8,label,label,ptr	2	0.000106
TOTAL	invoke	i8	ptr,ptr,label,label,ptr	2	0.000106
TOTAL	invoke	ptr	ptr,i64,i64,label,label,ptr	2	0.000106
TOTAL	invoke	ptr	ptr,i64,ptr,ptr,label,label,ptr	2	0.000106
TOTAL	invoke	ptr	ptr,ptr,i64,label,label,ptr	2	0.000106
TOTAL	invoke	void	i64,ptr,label,label,ptr	2	0.000106
TOTAL	invoke	void	ptr,float,ptr,ptr,ptr,label,label,ptr	2	0.000106
TOTAL	invoke	void	ptr,i1,ptr,label,label,ptr	2	0.000106
TOTAL	invoke	void	ptr,i16,i64,i1,label,label,ptr	2	0.000106
TOTAL	invoke	void	ptr,i16,label,label,ptr	2	0.000106
TOTAL	invoke	void	ptr,i32,float,label,label,ptr	2	0.000106
TOTAL	invoke	void	ptr,i32,i32,i32,ptr,label,label,ptr	2	0.000106
TOTAL	invoke	void	ptr,i32,i32,ptr,float,float,float,i32,i32,i1,label,label,ptr	2	0.000106
TOTAL	invoke	void	ptr,i32,i32,ptr,ptr,ptr,label,label,ptr	2	0.000106
TOTAL	invoke	void	ptr,i64,i32,label,label,ptr	2	0.000106
TOTAL	invoke	void	ptr,i64,ptr,ptr,ptr,label,label,ptr	2	0.000106
TOTAL	invoke	void	ptr,ptr,float,ptr,label,label,ptr	2	0.000106
TOTAL	invoke	void	ptr,ptr,float,ptr,ptr,label,label,ptr	2	0.000106
TOTAL	invoke	void	ptr,ptr,i1,ptr,ptr,label,label,ptr	2	0.000106
TOTAL	invoke	void	ptr,ptr,i32,ptr,i32,i32,label,label,ptr	2	0.000106
TOTAL	invoke	void	ptr,ptr,i64,ptr,label,label,ptr	2	0.000106
TOTAL	invoke	void	ptr,ptr,i8,label,label,ptr	2	0.000106
TOTAL	invoke	void	ptr,ptr,ptr,float,ptr,label,label,ptr	2	0.000106
TOTAL	invoke	void	ptr,ptr,ptr,ptr,ptr,ptr,float,ptr,ptr,ptr,label,label,ptr	2	0.000106
TOTAL	invoke	void	ptr,ptr,ptr,ptr,ptr,ptr,ptr,ptr,ptr,ptr,ptr,label,label,ptr	2	0.000106
TOTAL	load	[2 x ptr]	ptr	2	0.000106
TOTAL	phi	i1	i1,i1,i1,i1,i1,i1,i1,i1,i1	2	0.000106
TOTAL	phi	i1	i1,i1,i1,i1,i1,i1,i1,i1,i1,i1,i1,i1,i1	2	0.000106
TOTAL	sitofp	float	i16	2	0.000106
TOTAL	store	void	[2 x ptr],ptr	2	0.000106
TOTAL	switch	void	i32,label,label,label,label,label,label,label,label,label,label,label,label,label,label,label,label,label,label	2	0.000106
TOTAL	switch	void	i32,label,label,label,label,label,label,label,label,label,label,label,label,label,label,label,label,label,label,label,label,label,label,label,label,label,label,label,label,label,label,label	2	0.000106
TOTAL	switch	void	i32,label,label,label,label,label,label,label,label,label,label,label,label,label,label,label,label,label,label,label,label,label,label,label,label,label,label,label,label,label,label,label,label,label,label,label,label	2	0.000106
TOTAL	switch	void	i32,label,label,label,label,label,label,label,label,label,label,label,label,label,label,label,label,label,label,label,label,label,label,label,label,label,label,label,label,label,label,label,label,label,label,label,label,label,label,label	2	0.000106
TOTAL	switch	void	i32,label,label,label,label,label,label,label,label,label,label,label,label,label,label,label,label,label,label,label,label,label,label,label,label,label,label,label,label,label,label,label,label,label,label,label,label,label,label,label,label,label,label,label,label,label,label,label,label,label,label,label,label,label	2	0.000106
TOTAL	switch	void	i32,label,label,label,label,label,label,label,label,label,label,label,label,label,label,label,label,label,label,label,label,label,label,label,label,label,label,label,label,label,label,label,label,label,label,label,label,label,label,label,label,label,label,label,label,label,label,label,label,label,label,label,label,label,label,label,label,label,label,label,label,label	2	0.000106
TOTAL	switch	void	i64,label,label,label	2	0.000106
TOTAL	switch	void	i64,label,label,label,label	2	0.000106
TOTAL	switch	void	i64,label,label,label,label,label,label,label,label	2	0.000106
TOTAL	switch	void	i64,label,label,label,label,label,label,label,label,label,label	2	0.000106
TOTAL	uitofp	double	i64	2	0.000106
TOTAL	call	%class.btVector4	ptr,ptr	1	0.000053
TOTAL	call	[2 x i64]	ptr,[2 x i64],[2 x i64],[2 x i64],ptr	1	0.000053
TOTAL	call	[2 x i64]	ptr,[2 x i64],ptr	1	0.000053
TOTAL	call	double	ptr,i32,i32,double,double,i32,ptr	1	0.000053
TOTAL	call	double	ptr,i32,i32,i32,double,double,i32,ptr	1	0.000053
TOTAL	call	double	ptr,i64,ptr	1	0.000053
TOTAL	call	double	ptr,ptr,double,i32,i32,i16,i16,i16,ptr	1	0.000053
TOTAL	call	double	ptr,ptr,ptr,i64,ptr,i32,ptr,ptr	1	0.000053
TOTAL	call	double	ptr,ptr,ptr,i64,ptr,ptr,ptr,ptr,ptr	1	0.000053
TOTAL	call	double	ptr,ptr,ptr,ptr,double,i1,ptr	1	0.000053
TOTAL	call	float	i32,i32,ptr,ptr,ptr,ptr,i32,i32,ptr	1	0.000053
TOTAL	call	float	i32,i32,ptr,ptr,ptr,ptr,ptr,ptr,i32,i32,i32,i32,i32,ptr,ptr,ptr,ptr	1	0.000053
TOTAL	call	float	ptr,float,float,ptr	1	0.000053
TOTAL	call	float	ptr,float,float,ptr,ptr,ptr,ptr,ptr,ptr,i32,ptr,ptr,ptr	1	0.000053
TOTAL	call	float	ptr,float,ptr,float,ptr,ptr,ptr,ptr,ptr	1	0.000053
TOTAL	call	float	ptr,float,ptr,ptr,ptr,ptr	1	0.000053
TOTAL	call	float	ptr,i32,i32,ptr	1	0.000053
TOTAL	call	float	ptr,ptr,float,float,float,float,i32,i32,ptr,ptr,float,ptr	1	0.000053
TOTAL	call	float	ptr,ptr,i32,i32,ptr,ptr,i32,ptr	1	0.000053
TOTAL	call	float	ptr,ptr,ptr,ptr,float,ptr	1	0.000053
TOTAL	call	float	ptr,ptr,ptr,ptr,i32,i32,i32,ptr,ptr	1	0.000053
TOTAL	call	float	ptr,ptr,ptr,ptr,i32,i32,i32,ptr,ptr,ptr,ptr,ptr,ptr	1	0.000053
TOTAL	call	float	ptr,ptr,ptr,ptr,i32,ptr	1	0.000053
TOTAL	call	float	ptr,ptr,ptr,ptr,ptr,float,ptr	1	0.000053
TOTAL	call	float	ptr,ptr,ptr,ptr,ptr,float,ptr,ptr,ptr	1	0.000053
TOTAL	call	float	ptr,ptr,ptr,ptr,ptr,i32,i32,i32,i32,i32,i32,ptr	1	0.000053
TOTAL	call	float	ptr,ptr,ptr,ptr,ptr,ptr,ptr	1	0.000053
TOTAL	call	float	ptr,ptr,ptr,ptr,ptr,ptr,ptr,ptr	1	0.000053
TOTAL	call	float	ptr,ptr,ptr,ptr,ptr,ptr,ptr,ptr,ptr,ptr	1	0.000053
TOTAL	call	float	ptr,ptr,ptr,ptr,ptr,ptr,ptr,ptr,ptr,ptr,ptr	1	0.000053
TOTAL	call	float	ptr,ptr,ptr,ptr,ptr,ptr,ptr,ptr,ptr,ptr,ptr,i32,i32,ptr	1	0.000053
TOTAL	call	float	ptr,ptr,ptr,ptr,ptr,ptr,ptr,ptr,ptr,ptr,ptr,ptr,i32,i32,ptr	1	0.000053
TOTAL	call	i16	ptr,ptr,ptr,ptr,i16,i16,ptr,ptr,ptr	1	0.000053
TOTAL	call	i1	double,double,i64,ptr	1	0.000053
TOTAL	call	i1	i1,i1,ptr	1	0.000053
TOTAL	call	i1	i16,ptr	1	0.000053
TOTAL	call	i1	i32,i32,i32,i32,i32,i32,ptr,ptr	1	0.000053
TOTAL	call	i1	i8,i8,ptr	1	0.000053
TOTAL	call	i1	ptr,[2 x i64],[2 x i64],ptr	1	0.000053
TOTAL	call	i1	ptr,i1,i1,ptr	1	0.000053
TOTAL	call	i1	ptr,i32,i32,float,ptr	1	0.000053
TOTAL	call	i1	ptr,i32,i32,i32,ptr	1	0.000053
TOTAL	call	i1	ptr,ptr,i1,i1,i1,ptr	1	0.000053
TOTAL	call	i1	ptr,ptr,i32,i1,ptr	1	0.000053
TOTAL	call	i1	ptr,ptr,i32,i32,i32,ptr	1	0.000053
TOTAL	call	i1	ptr,ptr,i32,i32,ptr,i32,i32,ptr	1	0.000053
TOTAL	call	i1	ptr,ptr,ptr,float,ptr,ptr	1	0.000053
TOTAL	call	i1	ptr,ptr,ptr,ptr,float,ptr,ptr,ptr,float,ptr,ptr	1	0.000053
TOTAL	call	i1	ptr,ptr,ptr,ptr,ptr,ptr,float,ptr	1	0.000053
TOTAL	call	i1	ptr,ptr,ptr,ptr,ptr,ptr,ptr,ptr	1	0.000053
TOTAL	call	i1	ptr,ptr,ptr,ptr,ptr,ptr,ptr,ptr,ptr,ptr,ptr,ptr	1	0.000053
TOTAL	call	i32	double,double,i32,i32,double,ptr	1	0.000053
TOTAL	call	i32	float,float,i32,i32,double,ptr	1	0.000053
TOTAL	call	i32	i16,i16,ptr,ptr	1	0.000053
TOTAL	call	i32	i16,i32,i32,i32,i32,i32,ptr,ptr	1	0.000053
TOTAL	call	i32	i16,i32,ptr,ptr	1	0.000053
TOTAL	call	i32	i16,i64,ptr,ptr	1	0.000053
TOTAL	call	i32	i32,i1,ptr	1	0.000053
TOTAL	call	i32	i32,i32,double,ptr,ptr	1	0.000053
TOTAL	call	i32	i32,i32,i16,i16,i32,i32,ptr	1	0.000053
TOTAL	call	i32	i32,i32,i32,ptr,ptr,ptr	1	0.000053
TOTAL	call	i32	i32,i64,i32,ptr,i64,ptr,ptr,ptr	1	0.000053
TOTAL	call	i32	i32,i64,ptr,ptr	1	0.000053
TOTAL	call	i32	i32,i64,ptr,ptr,ptr	1	0.000053
TOTAL	call	i32	i32,i8,i8,ptr	1	0.000053
TOTAL	call	i32	i32,ptr,i16,ptr	1	0.000053
TOTAL	call	i32	i32,ptr,i32,i32,i32,i32,i32,i32,ptr,ptr,i32,ptr	1	0.000053
TOTAL	call	i32	i32,ptr,i32,ptr,i32,i32,i32,i32,i32,ptr	1	0.000053
TOTAL	call	i32	i32,ptr,i64,ptr,i64,ptr	1	0.000053
TOTAL	call	i32	i32,ptr,ptr,ptr,ptr,ptr,i64,ptr	1	0.000053
TOTAL	call	i32	i64,ptr,i32,i32,i32,i32,ptr,ptr	1	0.000053
TOTAL	call	i32	i8,i32,ptr	1	0.000053
TOTAL	call	i32	i8,ptr,ptr,ptr,ptr,i32,ptr	1	0.000053
TOTAL	call	i32	ptr,double,double,ptr	1	0.000053
TOTAL	call	i32	ptr,float,i32,float,ptr	1	0.000053
TOTAL	call	i32	ptr,float,ptr	1	0.000053
TOTAL	call	i32	ptr,i16,i16,i32,i64,ptr	1	0.000053
TOTAL	call	i32	ptr,i16,i16,i32,ptr,ptr,i64,ptr	1	0.000053
TOTAL	call	i32	ptr,i16,i32,i32,i32,i32,ptr,ptr,i32,i32,i32,ptr,ptr	1	0.000053
TOTAL	call	i32	ptr,i16,i32,i32,ptr,ptr,i32,i32,i32,ptr,ptr,i32,i32,i32,ptr	1	0.000053
TOTAL	call	i32	ptr,i16,i32,i32,ptr,ptr,i32,i32,i32,ptr,ptr,ptr,ptr,i32,i32,i32,ptr	1	0.000053
TOTAL	call	i32	ptr,i16,ptr,ptr,ptr	1	0.000053
TOTAL	call	i32	ptr,i32,float,ptr	1	0.000053
TOTAL	call	i32	ptr,i32,i16,ptr,ptr,ptr	1	0.000053
TOTAL	call	i32	ptr,i32,i32,double,double,double,i32,i32,ptr,i32,ptr	1	0.000053
TOTAL	call	i32	ptr,i32,i32,i32,i32,double,double,double,i32,i32,ptr,i32,i32,i32,i32,i32,i32,ptr	1	0.000053
TOTAL	call	i32	ptr,i32,i32,i32,i32,i32,i32,ptr	1	0.000053
TOTAL	call	i32	ptr,i32,i32,i32,i32,i32,ptr,i32,i16,ptr	1	0.000053
TOTAL	call	i32	ptr,i32,i32,i32,i32,ptr,i32,i32,i32,i32,ptr,i32,i32,i32,i32,ptr,ptr	1	0.000053
TOTAL	call	i32	ptr,i32,i32,i32,i32,ptr,i32,ptr,i32,ptr	1	0.000053
TOTAL	call	i32	ptr,i32,i32,i8,ptr	1	0.000053
TOTAL	call	i32	ptr,i32,i32,ptr,i32,i32,i32,i32,i32,i32,i32,ptr	1	0.000053
TOTAL	call	i32	ptr,i32,i64,i64,ptr	1	0.000053
TOTAL	call	i32	ptr,i32,ptr,double,double,i32,ptr	1	0.000053
TOTAL	call	i32	ptr,i32,ptr,i16,i32,i32,i32,ptr	1	0.000053
TOTAL	call	i32	ptr,i32,ptr,i32,i32,i32,ptr	1	0.000053
TOTAL	call	i32	ptr,i32,ptr,i32,i32,i32,ptr,ptr	1	0.000053
TOTAL	call	i32	ptr,i32,ptr,ptr,i32,ptr,ptr	1	0.000053
TOTAL	call	i32	ptr,i32,ptr,ptr,ptr,i64,i32,ptr	1	0.000053
TOTAL	call	i32	ptr,i64,ptr,double,ptr	1	0.000053
TOTAL	call	i32	ptr,i64,ptr,i32,i32,i32,ptr	1	0.000053
TOTAL	call	i32	ptr,i64,ptr,i64,ptr,ptr	1	0.000053
TOTAL	call	i32	ptr,i64,ptr,ptr,double,double,ptr	1	0.000053
TOTAL	call	i32	ptr,i64,ptr,ptr,double,ptr	1	0.000053
TOTAL	call	i32	ptr,i64,ptr,ptr,i32,i64,ptr	1	0.000053
TOTAL	call	i32	ptr,i64,ptr,ptr,i64,ptr	1	0.000053
TOTAL	call	i32	ptr,i64,ptr,ptr,ptr,ptr,ptr	1	0.000053
TOTAL	call	i32	ptr,i8,i32,ptr	1	0.000053
TOTAL	call	i32	ptr,ptr,double,double,double,double,ptr	1	0.000053
TOTAL	call	i32	ptr,ptr,double,i32,i32,i32,i32,ptr	1	0.000053
TOTAL	call	i32	ptr,ptr,double,i32,i32,ptr	1	0.000053
TOTAL	call	i32	ptr,ptr,i32,double,double,double,ptr	1	0.000053
TOTAL	call	i32	ptr,ptr,i32,i32,i32,double,double,double,i64,double,double,double,i32,double,double,double,i64,i32,double,ptr	1	0.000053
TOTAL	call	i32	ptr,ptr,i32,i32,i32,double,double,double,i64,double,double,double,i32,double,double,double,i64,i64,double,ptr	1	0.000053
TOTAL	call	i32	ptr,ptr,i32,i32,i32,double,i32,i32,i32,i32,ptr	1	0.000053
TOTAL	call	i32	ptr,ptr,i32,i32,i32,i32,double,double,double,ptr	1	0.000053
TOTAL	call	i32	ptr,ptr,i32,i32,i32,i32,double,double,ptr	1	0.000053
TOTAL	call	i32	ptr,ptr,i32,i32,i32,i32,i32,i32,i32,i32,i32,ptr	1	0.000053
TOTAL	call	i32	ptr,ptr,i32,i32,i32,i32,i32,i32,i32,ptr	1	0.000053
TOTAL	call	i32	ptr,ptr,i32,i32,i32,i32,ptr,ptr	1	0.000053
TOTAL	call	i32	ptr,ptr,i32,i32,ptr,i32,ptr	1	0.000053
TOTAL	call	i32	ptr,ptr,i32,ptr,i64,ptr	1	0.000053
TOTAL	call	i32	ptr,ptr,i32,ptr,ptr,i32,ptr	1	0.000053
TOTAL	call	i32	ptr,ptr,i32,ptr,ptr,ptr,ptr,ptr,ptr	1	0.000053
TOTAL	call	i32	ptr,ptr,i32,ptr,ptr,ptr,ptr,ptr,ptr,ptr	1	0.000053
TOTAL	call	i32	ptr,ptr,i64,i64,i64,i64,i32,ptr	1	0.000053
TOTAL	call	i32	ptr,ptr,i64,i64,i64,ptr	1	0.000053
TOTAL	call	i32	ptr,ptr,ptr,double,ptr	1	0.000053
TOTAL	call	i32	ptr,ptr,ptr,i32,double,double,ptr	1	0.000053
TOTAL	call	i32	ptr,ptr,ptr,i32,i32,double,double,double,double,ptr	1	0.000053
TOTAL	call	i32	ptr,ptr,ptr,i32,i32,i32,i32,ptr	1	0.000053
TOTAL	call	i32	ptr,ptr,ptr,i32,ptr,i32,ptr,ptr	1	0.000053
TOTAL	call	i32	ptr,ptr,ptr,i32,ptr,ptr,i32,ptr,ptr	1	0.000053
TOTAL	call	i32	ptr,ptr,ptr,i32,ptr,ptr,ptr	1	0.000053
TOTAL	call	i32	ptr,ptr,ptr,i32,ptr,ptr,ptr,i32,ptr	1	0.000053
TOTAL	call	i32	ptr,ptr,ptr,i32,ptr,ptr,ptr,i64,i32,ptr,ptr	1	0.000053
TOTAL	call	i32	ptr,ptr,ptr,i32,ptr,ptr,ptr,ptr,i32,ptr,ptr	1	0.000053
TOTAL	call	i32	ptr,ptr,ptr,ptr,i16,i16,ptr,ptr,ptr	1	0.000053
TOTAL	call	i32	ptr,ptr,ptr,ptr,i64,i32,ptr,ptr,ptr,ptr	1	0.000053
TOTAL	call	i32	ptr,ptr,ptr,ptr,ptr,i64,ptr	1	0.000053
TOTAL	call	i32	ptr,ptr,ptr,ptr,ptr,ptr,i1,i1,i1,ptr,i1,ptr,ptr,ptr,ptr,ptr,ptr	1	0.000053
TOTAL	call	i32	ptr,ptr,ptr,ptr,ptr,ptr,i1,ptr	1	0.000053
TOTAL	call	i32	ptr,ptr,ptr,ptr,ptr,ptr,ptr,ptr,ptr,i32,ptr,i32,ptr,ptr	1	0.000053
TOTAL	call	i64	i1,i32,ptr	1	0.000053
TOTAL	call	i64	i32,i32,i64,ptr	1	0.000053
TOTAL	call	i64	i32,i64,i64,i64,ptr	1	0.000053
TOTAL	call	i64	i64,i1,ptr	1	0.000053
TOTAL	call	i64	i64,i64,i64,i64,i32,ptr	1	0.000053
TOTAL	call	i64	ptr,i64,i32,ptr	1	0.000053
TOTAL	call	i64	ptr,ptr,i32,i32,ptr,ptr,ptr	1	0.000053
TOTAL	call	i64	ptr,ptr,i32,ptr,ptr	1	0.000053
TOTAL	call	i64	ptr,ptr,i64,ptr,ptr	1	0.000053
TOTAL	call	i64	ptr,ptr,ptr,i64,ptr	1	0.000053
TOTAL	call	i8	ptr,i32,i32,ptr	1	0.000053
TOTAL	call	i8	ptr,ptr,i32,ptr	1	0.000053
TOTAL	call	ptr	[2 x ptr],[2 x ptr],ptr,ptr	1	0.000053
TOTAL	call	ptr	double,ptr	1	0.000053
TOTAL	call	ptr	i32,i32,i32,i8,ptr	1	0.000053
TOTAL	call	ptr	i32,i32,ptr,i32,ptr,double,ptr	1	0.000053
TOTAL	call	ptr	i32,i32,ptr,i32,ptr,i32,i32,i32,ptr	1	0.000053
TOTAL	call	ptr	i32,i32,ptr,i32,ptr,ptr,i32,ptr,ptr	1	0.000053
TOTAL	call	ptr	i32,i64,ptr,ptr	1	0.000053
TOTAL	call	ptr	i32,ptr,ptr,i32,double,ptr	1	0.000053
TOTAL	call	ptr	i32,ptr,ptr,i32,i32,i32,i32,i32,i32,ptr	1	0.000053
TOTAL	call	ptr	i32,ptr,ptr,i32,i32,ptr	1	0.000053
TOTAL	call	ptr	i32,ptr,ptr,ptr,i32,ptr	1	0.000053
TOTAL	call	ptr	ptr,double,ptr	1	0.000053
TOTAL	call	ptr	ptr,i32,i1,ptr	1	0.000053
TOTAL	call	ptr	ptr,i64,i64,ptr,ptr	1	0.000053
TOTAL	call	ptr	ptr,i8,i32,ptr	1	0.000053
TOTAL	call	ptr	ptr,i8,ptr,ptr	1	0.000053
TOTAL	call	ptr	ptr,ptr,i32,i32,i32,i32,ptr,ptr	1	0.000053
TOTAL	call	ptr	ptr,ptr,i32,i32,ptr,ptr	1	0.000053
TOTAL	call	ptr	ptr,ptr,i32,ptr,i32,ptr,i32,ptr	1	0.000053
TOTAL	call	ptr	ptr,ptr,i32,ptr,ptr,ptr,ptr,ptr	1	0.000053
TOTAL	call	ptr	ptr,ptr,ptr,i32,i32,ptr,ptr	1	0.000053
TOTAL	call	ptr	ptr,ptr,ptr,i64,ptr,ptr	1	0.000053
TOTAL	call	ptr	ptr,ptr,ptr,ptr,i32,i32,ptr	1	0.000053
TOTAL	call	ptr	ptr,ptr,ptr,ptr,ptr,ptr,ptr,ptr,ptr,ptr	1	0.000053
TOTAL	call	void	[2 x i64],ptr	1	0.000053
TOTAL	call	void	double,ptr,ptr,double,ptr,ptr,ptr,ptr,ptr,ptr,ptr,i1,i1,ptr	1	0.000053
TOTAL	call	void	double,ptr,ptr,ptr	1	0.000053
TOTAL	call	void	double,ptr,ptr,ptr,double,ptr,ptr,ptr,ptr,ptr,ptr,ptr,ptr,ptr,ptr,ptr,ptr,i1,double,double,i1,i1,ptr	1	0.000053
TOTAL	call	void	i32,i16,i32,i32,i32,i32,i32,ptr,i32,ptr,ptr	1	0.000053
TOTAL	call	void	i32,i32,i16,i32,i32,ptr,ptr,i32,i32,i32,i32,i32,i32,i32,i32,ptr	1	0.000053
TOTAL	call	void	i32,i32,i32,i32,i16,i16,i32,ptr	1	0.000053
TOTAL	call	void	i32,i32,i32,i32,i32,i32,i16,i16,ptr	1	0.000053
TOTAL	call	void	i32,i32,i32,i32,i32,i32,i32,i32,ptr	1	0.000053
TOTAL	call	void	i32,i32,i32,i32,i32,i32,ptr	1	0.000053
TOTAL	call	void	i32,i32,i32,i32,i32,ptr,ptr,ptr	1	0.000053
TOTAL	call	void	i32,i32,i32,i32,ptr	1	0.000053
TOTAL	call	void	i32,i32,ptr,i32,ptr	1	0.000053
TOTAL	call	void	i32,ptr,i32,i32,ptr,ptr	1	0.000053
TOTAL	call	void	i32,ptr,ptr,i32,i1,i32,ptr	1	0.000053
TOTAL	call	void	i64,ptr,ptr,ptr,ptr	1	0.000053
TOTAL	call	void	i8,i8,ptr	1	0.000053
TOTAL	call	void	ptr,double,double,ptr	1	0.000053
TOTAL	call	void	ptr,double,i1,ptr	1	0.000053
TOTAL	call	void	ptr,float,i1,ptr	1	0.000053
TOTAL	call	void	ptr,float,ptr,ptr,i32,i32,i32,ptr,ptr,ptr,ptr,ptr,i32,i32,ptr,ptr,ptr,ptr,ptr	1	0.000053
TOTAL	call	void	ptr,i1,i32,ptr	1	0.000053
TOTAL	call	void	ptr,i1,ptr,i1,ptr	1	0.000053
TOTAL	call	void	ptr,i16,i32,i32,ptr	1	0.000053
TOTAL	call	void	ptr,i16,i64,i1,ptr	1	0.000053
TOTAL	call	void	ptr,i16,i64,i64,i1,ptr	1	0.000053
TOTAL	call	void	ptr,i16,ptr,ptr,ptr,ptr	1	0.000053
TOTAL	call	void	ptr,i32,i32,i1,ptr	1	0.000053
TOTAL	call	void	ptr,i32,i32,ptr,ptr,ptr,ptr	1	0.000053
TOTAL	call	void	ptr,i32,i32,ptr,ptr,ptr,ptr,ptr,ptr	1	0.000053
TOTAL	call	void	ptr,i32,ptr,i32,i32,i32,ptr	1	0.000053
TOTAL	call	void	ptr,i32,ptr,i32,i32,ptr,i32,ptr	1	0.000053
TOTAL	call	void	ptr,i32,ptr,i32,ptr,i32,ptr,ptr	1	0.000053
TOTAL	call	void	ptr,i32,ptr,i32,ptr,ptr,ptr,ptr	1	0.000053
TOTAL	call	void	ptr,i32,ptr,ptr,ptr,ptr,ptr	1	0.000053
TOTAL	call	void	ptr,i64,i64,i32,i32,ptr	1	0.000053
TOTAL	call	void	ptr,i64,i64,i32,ptr,ptr	1	0.000053
TOTAL	call	void	ptr,i64,i64,i64,i32,ptr	1	0.000053
TOTAL	call	void	ptr,i64,i64,i64,ptr,ptr,ptr	1	0.000053
TOTAL	call	void	ptr,i64,ptr,i64,i32,ptr,i64,ptr	1	0.000053
TOTAL	call	void	ptr,i64,ptr,ptr,ptr,ptr	1	0.000053
TOTAL	call	void	ptr,i8,i64,ptr,ptr	1	0.000053
TOTAL	call	void	ptr,ptr,double,double,ptr	1	0.000053
TOTAL	call	void	ptr,ptr,float,float,ptr	1	0.000053
TOTAL	call	void	ptr,ptr,float,i32,ptr	1	0.000053
TOTAL	call	void	ptr,ptr,float,ptr,i32,i64,ptr	1	0.000053
TOTAL	call	void	ptr,ptr,i1,i32,ptr	1	0.000053
TOTAL	call	void	ptr,ptr,i1,ptr,ptr,ptr	1	0.000053
TOTAL	call	void	ptr,ptr,i16,ptr,ptr	1	0.000053
TOTAL	call	void	ptr,ptr,i16,ptr,ptr,ptr,ptr,ptr,ptr	1	0.000053
TOTAL	call	void	ptr,ptr,i32,i32,i32,i32,i32,i32,i32,i32,ptr	1	0.000053
TOTAL	call	void	ptr,ptr,i32,i8,i32,ptr	1	0.000053
TOTAL	call	void	ptr,ptr,i32,i8,ptr	1	0.000053
TOTAL	call	void	ptr,ptr,i32,ptr,i32,i32,ptr,i32,ptr,i32,i32,ptr	1	0.000053
TOTAL	call	void	ptr,ptr,i32,ptr,i32,ptr,ptr	1	0.000053
TOTAL	call	void	ptr,ptr,i64,i64,i64,i64,ptr	1	0.000053
TOTAL	call	void	ptr,ptr,i64,ptr,i64,ptr	1	0.000053
TOTAL	call	void	ptr,ptr,ptr,i16,i16,i16,ptr,i1,ptr	1	0.000053
TOTAL	call	void	ptr,ptr,ptr,i32,i32,i32,i32,i32,ptr	1	0.000053
TOTAL	call	void	ptr,ptr,ptr,i32,i32,i32,ptr,i1,ptr	1	0.000053
TOTAL	call	void	ptr,ptr,ptr,i32,i32,ptr,ptr,ptr,i32,i32,ptr	1	0.000053
TOTAL	call	void	ptr,ptr,ptr,i32,ptr,i32,ptr	1	0.000053
TOTAL	call	void	ptr,ptr,ptr,i32,ptr,ptr,ptr,i32,ptr,ptr	1	0.000053
TOTAL	call	void	ptr,ptr,ptr,i64,i64,ptr	1	0.000053
TOTAL	call	void	ptr,ptr,ptr,ptr,float,float,float,float,float,ptr,float,ptr	1	0.000053
TOTAL	call	void	ptr,ptr,ptr,ptr,float,ptr,ptr,float,ptr	1	0.000053
TOTAL	call	void	ptr,ptr,ptr,ptr,i16,ptr,ptr	1	0.000053
TOTAL	call	void	ptr,ptr,ptr,ptr,i32,ptr,i32,ptr,ptr	1	0.000053
TOTAL	call	void	ptr,ptr,ptr,ptr,ptr,i32,i32,ptr,ptr,i32,ptr	1	0.000053
TOTAL	call	void	ptr,ptr,ptr,ptr,ptr,ptr,float,float,ptr	1	0.000053
TOTAL	call	void	ptr,ptr,ptr,ptr,ptr,ptr,ptr,i32,ptr,i32,ptr	1	0.000053
TOTAL	call	void	ptr,ptr,ptr,ptr,ptr,ptr,ptr,ptr,ptr,i32,ptr,ptr	1	0.000053
TOTAL	extractvalue	%class.btVector3	%class.btVector4	1	0.000053
TOTAL	fptosi	i16	double	1	0.000053
TOTAL	fptosi	i32	fp128	1	0.000053
TOTAL	fptosi	i64	float	1	0.000053
TOTAL	fptoui	i64	double	1	0.000053
TOTAL	fptoui	i8	double	1	0.000053
TOTAL	fptrunc	double	fp128	1	0.000053
TOTAL	fsub	fp128	fp128,fp128	1	0.000053
TOTAL	invoke	[2 x i64]	ptr,ptr,i32,ptr,label,label,ptr	1	0.000053
TOTAL	invoke	[2 x i64]	ptr,ptr,ptr,label,label,ptr	1	0.000053
TOTAL	invoke	float	label,label,ptr	1	0.000053
TOTAL	invoke	float	ptr,i32,label,label,ptr	1	0.000053
TOTAL	invoke	float	ptr,ptr,float,label,label,ptr	1	0.000053
TOTAL	invoke	float	ptr,ptr,ptr,float,i32,i32,label,label,ptr	1	0.000053
TOTAL	invoke	float	ptr,ptr,ptr,float,i32,label,label,ptr	1	0.000053
TOTAL	invoke	float	ptr,ptr,ptr,ptr,ptr,label,label,ptr	1	0.000053
TOTAL	invoke	i1	float,label,label,ptr	1	0.000053
TOTAL	invoke	i1	i16,label,label,ptr	1	0.000053
TOTAL	invoke	i1	ptr,i32,i32,i32,label,label,ptr	1	0.000053
TOTAL	invoke	i1	ptr,i32,i32,label,label,ptr	1	0.000053
TOTAL	invoke	i1	ptr,i32,ptr,i32,ptr,ptr,float,ptr,label,label,ptr	1	0.000053
TOTAL	invoke	i1	ptr,i32,ptr,ptr,i32,label,label,ptr	1	0.000053
TOTAL	invoke	i1	ptr,ptr,i32,i32,i32,i32,i1,label,label,ptr	1	0.000053
TOTAL	invoke	i1	ptr,ptr,ptr,ptr,float,label,label,ptr	1	0.000053
TOTAL	invoke	i1	ptr,ptr,ptr,ptr,ptr,ptr,i1,label,label,ptr	1	0.000053
TOTAL	invoke	i32	i32,i32,ptr,label,label,ptr	1	0.000053
TOTAL	invoke	i32	i32,ptr,i32,i32,label,label,ptr	1	0.000053
TOTAL	invoke	i32	i32,ptr,i64,label,label,ptr	1	0.000053
TOTAL	invoke	i32	i32,ptr,label,label,ptr	1	0.000053
TOTAL	invoke	i32	i32,ptr,ptr,ptr,label,label,ptr	1	0.000053
TOTAL	invoke	i32	ptr,i1,ptr,label,label,ptr	1	0.000053
TOTAL	invoke	i32	ptr,i32,i32,i32,i32,ptr,label,label,ptr	1	0.000053
TOTAL	invoke	i32	ptr,i64,i64,label,label,ptr	1	0.000053
TOTAL	invoke	i32	ptr,i64,ptr,ptr,ptr,label,label,ptr	1	0.000053
TOTAL	invoke	i32	ptr,i64,ptr,ptr,ptr,ptr,ptr,ptr,label,label,ptr	1	0.000053
TOTAL	invoke	i32	ptr,ptr,i1,i32,ptr,label,label,ptr	1	0.000053
TOTAL	invoke	i32	ptr,ptr,i1,ptr,ptr,ptr,i1,i1,ptr,ptr,ptr,label,label,ptr	1	0.000053
TOTAL	invoke	i32	ptr,ptr,i32,i1,ptr,ptr,label,label,ptr	1	0.000053
TOTAL	invoke	i32	ptr,ptr,i32,i32,ptr,ptr,i1,i1,label,label,ptr	1	0.000053
TOTAL	invoke	i32	ptr,ptr,i32,i64,label,label,ptr	1	0.000053
TOTAL	invoke	i32	ptr,ptr,i32,ptr,ptr,label,label,ptr	1	0.000053
TOTAL	invoke	i32	ptr,ptr,i64,i64,label,label,ptr	1	0.000053
TOTAL	invoke	i32	ptr,ptr,i64,i64,ptr,label,label,ptr	1	0.000053
TOTAL	invoke	i32	ptr,ptr,ptr,i32,ptr,label,label,ptr	1	0.000053
TOTAL	invoke	i32	ptr,ptr,ptr,ptr,ptr,i32,ptr,label,label,ptr	1	0.000053
TOTAL	invoke	i32	ptr,ptr,ptr,ptr,ptr,ptr,i32,ptr,label,label,ptr	1	0.000053
TOTAL	invoke	i32	ptr,ptr,ptr,ptr,ptr,ptr,ptr,ptr,ptr,label,label,ptr	1	0.000053
TOTAL	invoke	i32	ptr,ptr,ptr,ptr,ptr,ptr,ptr,ptr,ptr,ptr,label,label,ptr	1	0.000053
TOTAL	invoke	i64	ptr,[2 x i64],label,label,ptr	1	0.000053
TOTAL	invoke	i64	ptr,ptr,i64,label,label,ptr	1	0.000053
TOTAL	invoke	ptr	ptr,float,label,label,ptr	1	0.000053
TOTAL	invoke	void	i32,i1,ptr,label,label,ptr	1	0.000053
TOTAL	invoke	void	i32,label,label,ptr	1	0.000053
TOTAL	invoke	void	i32,ptr,ptr,label,label,ptr	1	0.000053
TOTAL	invoke	void	ptr,double,label,label,ptr	1	0.000053
TOTAL	invoke	void	ptr,float,i1,label,label,ptr	1	0.000053
TOTAL	invoke	void	ptr,i1,i32,i32,label,label,ptr	1	0.000053
TOTAL	invoke	void	ptr,i1,ptr,i1,i1,i1,label,label,ptr	1	0.000053
TOTAL	invoke	void	ptr,i32,i32,i32,i32,ptr,label,label,ptr	1	0.000053
TOTAL	invoke	void	ptr,i32,i32,ptr,i32,label,label,ptr	1	0.000053
TOTAL	invoke	void	ptr,i32,i64,label,label,ptr	1	0.000053
TOTAL	invoke	void	ptr,i32,ptr,i1,label,label,ptr	1	0.000053
TOTAL	invoke	void	ptr,i64,i1,label,label,ptr	1	0.000053
TOTAL	invoke	void	ptr,i64,ptr,i64,label,label,ptr	1	0.000053
TOTAL	invoke	void	ptr,i64,ptr,label,label,ptr	1	0.000053
TOTAL	invoke	void	ptr,i64,ptr,ptr,label,label,ptr	1	0.000053
TOTAL	invoke	void	ptr,ptr,float,float,label,label,ptr	1	0.000053
TOTAL	invoke	void	ptr,ptr,float,i32,label,label,ptr	1	0.000053
TOTAL	invoke	void	ptr,ptr,i1,i1,label,label,ptr	1	0.000053
TOTAL	invoke	void	ptr,ptr,i32,i32,i32,i32,label,label,ptr	1	0.000053
TOTAL	invoke	void	ptr,ptr,i32,i8,i32,label,label,ptr	1	0.000053
TOTAL	invoke	void	ptr,ptr,i32,ptr,label,label,ptr	1	0.000053
TOTAL	invoke	void	ptr,ptr,i32,ptr,ptr,ptr,i32,label,label,ptr	1	0.000053
TOTAL	invoke	void	ptr,ptr,ptr,float,i32,ptr,label,label,ptr	1	0.000053
TOTAL	invoke	void	ptr,ptr,ptr,i16,ptr,i1,label,label,ptr	1	0.000053
TOTAL	invoke	void	ptr,ptr,ptr,i32,float,float,label,label,ptr	1	0.000053
TOTAL	invoke	void	ptr,ptr,ptr,i32,i32,float,float,ptr,ptr,label,label,ptr	1	0.000053
TOTAL	invoke	void	ptr,ptr,ptr,i32,i64,ptr,i1,label,label,ptr	1	0.000053
TOTAL	invoke	void	ptr,ptr,ptr,i32,ptr,i16,i16,label,label,ptr	1	0.000053
TOTAL	invoke	void	ptr,ptr,ptr,i32,ptr,i16,i16,ptr,label,label,ptr	1	0.000053
TOTAL	invoke	void	ptr,ptr,ptr,ptr,float,label,label,ptr	1	0.000053
TOTAL	invoke	void	ptr,ptr,ptr,ptr,float,ptr,ptr,label,label,ptr	1	0.000053
TOTAL	invoke	void	ptr,ptr,ptr,ptr,i1,i1,i1,ptr,ptr,i64,label,label,ptr	1	0.000053
TOTAL	invoke	void	ptr,ptr,ptr,ptr,i16,i16,label,label,ptr	1	0.000053
TOTAL	invoke	void	ptr,ptr,ptr,ptr,i32,ptr,ptr,ptr,label,label,ptr	1	0.000053
TOTAL	invoke	void	ptr,ptr,ptr,ptr,ptr,i1,ptr,label,label,ptr	1	0.000053
TOTAL	invoke	void	ptr,ptr,ptr,ptr,ptr,ptr,float,label,label,ptr	1	0.000053
TOTAL	invoke	void	ptr,ptr,ptr,ptr,ptr,ptr,i1,label,label,ptr	1	0.000053
TOTAL	invoke	void	ptr,ptr,ptr,ptr,ptr,ptr,i32,label,label,ptr	1	0.000053
TOTAL	invoke	void	ptr,ptr,ptr,ptr,ptr,ptr,ptr,float,label,label,ptr	1	0.000053
TOTAL	invoke	void	ptr,ptr,ptr,ptr,ptr,ptr,ptr,ptr,label,label,ptr	1	0.000053
TOTAL	landingpad	{ ptr, i32 }	ptr,ptr,ptr,ptr,ptr,ptr,ptr,ptr,ptr,ptr	1	0.000053
TOTAL	load	%class.btVector4	ptr	1	0.000053
TOTAL	phi	fp128	fp128,fp128	1	0.000053
TOTAL	ret	void	%class.btVector4	1	0.000053
TOTAL	store	void	%class.btVector3,ptr	1	0.000053
TOTAL	switch	void	i32,label,label,label,label,label,label,label,label,label,label,label,label,label,label,label,label,label,label,label	1	0.000053
TOTAL	switch	void	i32,label,label,label,label,label,label,label,label,label,label,label,label,label,label,label,label,label,label,label,label,label	1	0.000053
TOTAL	switch	void	i32,label,label,label,label,label,label,label,label,label,label,label,label,label,label,label,label,label,label,label,label,label,label,label,label,label	1	0.000053
TOTAL	switch	void	i32,label,label,label,label,label,label,label,label,label,label,label,label,label,label,label,label,label,label,label,label,label,label,label,label,label,label	1	0.000053
TOTAL	switch	void	i32,label,label,label,label,label,label,label,label,label,label,label,label,label,label,label,label,label,label,label,label,label,label,label,label,label,label,label	1	0.000053
TOTAL	switch	void	i32,label,label,label,label,label,label,label,label,label,label,label,label,label,label,label,label,label,label,label,label,label,label,label,label,label,label,label,label	1	0.000053
TOTAL	switch	void	i32,label,label,label,label,label,label,label,label,label,label,label,label,label,label,label,label,label,label,label,label,label,label,label,label,label,label,label,label,label,label,label,label,label	1	0.000053
TOTAL	switch	void	i32,label,label,label,label,label,label,label,label,label,label,label,label,label,label,label,label,label,label,label,label,label,label,label,label,label,label,label,label,label,label,label,label,label,label,label	1	0.000053
TOTAL	switch	void	i32,label,label,label,label,label,label,label,label,label,label,label,label,label,label,label,label,label,label,label,label,label,label,label,label,label,label,label,label,label,label,label,label,label,label,label,label,label	1	0.000053
TOTAL	switch	void	i32,label,label,label,label,label,label,label,label,label,label,label,label,label,label,label,label,label,label,label,label,label,label,label,label,label,label,label,label,label,label,label,label,label,label,label,label,label,label,label,label,label,label	1	0.000053
TOTAL	switch	void	i32,label,label,label,label,label,label,label,label,label,label,label,label,label,label,label,label,label,label,label,label,label,label,label,label,label,label,label,label,label,label,label,label,label,label,label,label,label,label,label,label,label,label,label,label,label,label	1	0.000053
TOTAL	switch	void	i32,label,label,label,label,label,label,label,label,label,label,label,label,label,label,label,label,label,label,label,label,label,label,label,label,label,label,label,label,label,label,label,label,label,label,label,label,label,label,label,label,label,label,label,label,label,label,label	1	0.000053
TOTAL	switch	void	i32,label,label,label,label,label,label,label,label,label,label,label,label,label,label,label,label,label,label,label,label,label,label,label,label,label,label,label,label,label,label,label,label,label,label,label,label,label,label,label,label,label,label,label,label,label,label,label,label,label,label	1	0.000053
TOTAL	switch	void	i32,label,label,label,label,label,label,label,label,label,label,label,label,label,label,label,label,label,label,label,label,label,label,label,label,label,label,label,label,label,label,label,label,label,label,label,label,label,label,label,label,label,label,label,label,label,label,label,label,label,label,label,label	1	0.000053
TOTAL	switch	void	i32,label,label,label,label,label,label,label,label,label,label,label,label,label,label,label,label,label,label,label,label,label,label,label,label,label,label,label,label,label,label,label,label,label,label,label,label,label,label,label,label,label,label,label,label,label,label,label,label,label,label,label,label,label,label,label,label,label,label,label,label,label,label,label,label,label	1	0.000053
TOTAL	switch	void	i32,label,label,label,label,label,label,label,label,label,label,label,label,label,label,label,label,label,label,label,label,label,label,label,label,label,label,label,label,label,label,label,label,label,label,label,label,label,label,label,label,label,label,label,label,label,label,label,label,label,label,label,label,label,label,label,label,label,label,label,label,label,label,label,label,label,label	1	0.000053
TOTAL	switch	void	i32,label,label,label,label,label,label,label,label,label,label,label,label,label,label,label,label,label,label,label,label,label,label,label,label,label,label,label,label,label,label,label,label,label,label,label,label,label,label,label,label,label,label,label,label,label,label,label,label,label,label,label,label,label,label,label,label,label,label,label,label,label,label,label,label,label,label,label,label,label,label,label,label,label	1	0.000053
TOTAL	switch	void	i32,label,label,label,label,label,label,label,label,label,label,label,label,label,label,label,label,label,label,label,label,label,label,label,label,label,label,label,label,label,label,label,label,label,label,label,label,label,label,label,label,label,label,label,label,label,label,label,label,label,label,label,label,label,label,label,label,label,label,label,label,label,label,label,label,label,label,label,label,label,label,label,label,label,label,label,label,label,label,label,label	1	0.000053
TOTAL	switch	void	i32,label,label,label,label,label,label,label,label,label,label,label,label,label,label,label,label,label,label,label,label,label,label,label,label,label,label,label,label,label,label,label,label,label,label,label,label,label,label,label,label,label,label,label,label,label,label,label,label,label,label,label,label,label,label,label,label,label,label,label,label,label,label,label,label,label,label,label,label,label,label,label,label,label,label,label,label,label,label,label,label,label	1	0.000053
TOTAL	switch	void	i32,label,label,label,label,label,label,label,label,label,label,label,label,label,label,label,label,label,label,label,label,label,label,label,label,label,label,label,label,label,label,label,label,label,label,label,label,label,label,label,label,label,label,label,label,label,label,label,label,label,label,label,label,label,label,label,label,label,label,label,label,label,label,label,label,label,label,label,label,label,label,label,label,label,label,label,label,label,label,label,label,label,label,label,label	1	0.000053
TOTAL	switch	void	i32,label,label,label,label,label,label,label,label,label,label,label,label,label,label,label,label,label,label,label,label,label,label,label,label,label,label,label,label,label,label,label,label,label,label,label,label,label,label,label,label,label,label,label,label,label,label,label,label,label,label,label,label,label,label,label,label,label,label,label,label,label,label,label,label,label,label,label,label,label,label,label,label,label,label,label,label,label,label,label,label,label,label,label,label,label,label,label	1	0.000053
TOTAL	switch	void	i32,label,label,label,label,label,label,label,label,label,label,label,label,label,label,label,label,label,label,label,label,label,label,label,label,label,label,label,label,label,label,label,label,label,label,label,label,label,label,label,label,label,label,label,label,label,label,label,label,label,label,label,label,label,label,label,label,label,label,label,label,label,label,label,label,label,label,label,label,label,label,label,label,label,label,label,label,label,label,label,label,label,label,label,label,label,label,label,label,label,label,label,label,label	1	0.000053
TOTAL	switch	void	i32,label,label,label,label,label,label,label,label,label,label,label,label,label,label,label,label,label,label,label,label,label,label,label,label,label,label,label,label,label,label,label,label,label,label,label,label,label,label,label,label,label,label,label,label,label,label,label,label,label,label,label,label,label,label,label,label,label,label,label,label,label,label,label,label,label,label,label,label,label,label,label,label,label,label,label,label,label,label,label,label,label,label,label,label,label,label,label,label,label,label,label,label,label,label,label,label,label,label	1	0.000053
TOTAL	switch	void	i32,label,label,label,label,label,label,label,label,label,label,label,label,label,label,label,label,label,label,label,label,label,label,label,label,label,label,label,label,label,label,label,label,label,label,label,label,label,label,label,label,label,label,label,label,label,label,label,label,label,label,label,label,label,label,label,label,label,label,label,label,label,label,label,label,label,label,label,label,label,label,label,label,label,label,label,label,label,label,label,label,label,label,label,label,label,label,label,label,label,label,label,label,label,label,label,label,label,label,label,label,label,label,label,label,label	1	0.000053
TOTAL	switch	void	i32,label,label,label,label,label,label,label,label,label,label,label,label,label,label,label,label,label,label,label,label,label,label,label,label,label,label,label,label,label,label,label,label,label,label,label,label,label,label,label,label,label,label,label,label,label,label,label,label,label,label,label,label,label,label,label,label,label,label,label,label,label,label,label,label,label,label,label,label,label,label,label,label,label,label,label,label,label,label,label,label,label,label,label,label,label,label,label,label,label,label,label,label,label,label,label,label,label,label,label,label,label,label,label,label,label,label,label,label,label,label,label,label,label,label,label,label,label,label,label,label,label,label,label,label,label,label,label,label	1	0.000053
TOTAL	switch	void	i32,label,label,label,label,label,label,label,label,label,label,label,label,label,label,label,label,label,label,label,label,label,label,label,label,label,label,label,label,label,label,label,label,label,label,label,label,label,label,label,label,label,label,label,label,label,label,label,label,label,label,label,label,label,label,label,label,label,label,label,label,label,label,label,label,label,label,label,label,label,label,label,label,label,label,label,label,label,label,label,label,label,label,label,label,label,label,label,label,label,label,label,label,label,label,label,label,label,label,label,label,label,label,label,label,label,label,label,label,label,label,label,label,label,label,label,label,label,label,label,label,label,label,label,label,label,label,label,label,label,label,label,label,label,label,label,label,label,label	1	0.000053
TOTAL	switch	void	i32,label,label,label,label,label,label,label,label,label,label,label,label,label,label,label,label,label,label,label,label,label,label,label,label,label,label,label,label,label,label,label,label,label,label,label,label,label,label,label,label,label,label,label,label,label,label,label,label,label,label,label,label,label,label,label,label,label,label,label,label,label,label,label,label,label,label,label,label,label,label,label,label,label,label,label,label,label,label,label,label,label,label,label,label,label,label,label,label,label,label,label,label,label,label,label,label,label,label,label,label,label,label,label,label,label,label,label,label,label,label,label,label,label,label,label,label,label,label,label,label,label,label,label,label,label,label,label,label,label,label,label,label,label,label,label,label,label,label,label,label,label,label,label,label,label,label,label,label,label,label,label,label,label,label,label,label,label,label,label	1	0.000053
TOTAL	switch	void	i32,label,label,label,label,label,label,label,label,label,label,label,label,label,label,label,label,label,label,label,label,label,label,label,label,label,label,label,label,label,label,label,label,label,label,label,label,label,label,label,label,label,label,label,label,label,label,label,label,label,label,label,label,label,label,label,label,label,label,label,label,label,label,label,label,label,label,label,label,label,label,label,label,label,label,label,label,label,label,label,label,label,label,label,label,label,label,label,label,label,label,label,label,label,label,label,label,label,label,label,label,label,label,label,label,label,label,label,label,label,label,label,label,label,label,label,label,label,label,label,label,label,label,label,label,label,label,label,label,label,label,label,label,label,label,label,label,label,label,label,label,label,label,label,label,label,label,label,label,label,label,label,label,label,label,label,label,label,label,label,label,label,label,label,label,label,label,label,label,label,label,label,label,label,label,label,label,label,label,label,label,label,label,label,label,label,label,label,label,label,label,label,label,label,label,label,label,label,label,label,label,label,label,label,label,label,label,label,label,label,label,label,label,label,label,label,label,label,label,label,label,label,label,label,label,label,label,label,label,label,label,label,label,label,label,label,label,label,label,label,label,label,label,label,label,label,label,label,label,label,label,label,label,label,label,label,label,label,label,label,label,label,label,label,label,label,label,label,label,label,label,label,label,label,label,label,label,label,label,label,label,label,label,label,label,label,label,label,label,label,label,label,label,label,label,label,label,label,label,label,label,label,label,label,label,label,label,label,label,label,label,label,label,label	1	0.000053
TOTAL	switch	void	i32,label,label,label,label,label,label,label,label,label,label,label,label,label,label,label,label,label,label,label,label,label,label,label,label,label,label,label,label,label,label,label,label,label,label,label,label,label,label,label,label,label,label,label,label,label,label,label,label,label,label,label,label,label,label,label,label,label,label,label,label,label,label,label,label,label,label,label,label,label,label,label,label,label,label,label,label,label,label,label,label,label,label,label,label,label,label,label,label,label,label,label,label,label,label,label,label,label,label,label,label,label,label,label,label,label,label,label,label,label,label,label,label,label,label,label,label,label,label,label,label,label,label,label,label,label,label,label,label,label,label,label,label,label,label,label,label,label,label,label,label,label,label,label,label,label,label,label,label,label,label,label,label,label,label,label,label,label,label,label,label,label,label,label,label,label,label,label,label,label,label,label,label,label,label,label,label,label,label,label,label,label,label,label,label,label,label,label,label,label,label,label,label,label,label,label,label,label,label,label,label,label,label,label,label,label,label,label,label,label,label,label,label,label,label,label,label,label,label,label,label,label,label,label,label,label,label,label,label,label,label,label,label,label,label,label,label,label,label,label,label,label,label,label,label,label,label,label,label,label,label,label,label,label,label,label,label,label,label,label,label,label,label,label,label,label,label,label,label,label,label,label,label,label,label,label,label,label,label,label,label,label,label,label,label,label,label,label,label,label,label,label,label,label,label,label,label,label,label,label,label,label,label,label,label,label,label,label,label,label,label,label,label,label,label,label,label,label,label,label,label,label,label,label,label,label,label,label,label,label,label,label,label,label,label,label,label,label,label,label	1	0.000053
TOTAL	switch	void	i32,label,label,label,label,label,label,label,label,label,label,label,label,label,label,label,label,label,label,label,label,label,label,label,label,label,label,label,label,label,label,label,label,label,label,label,label,label,label,label,label,label,label,label,label,label,label,label,label,label,label,label,label,label,label,label,label,label,label,label,label,label,label,label,label,label,label,label,label,label,label,label,label,label,label,label,label,label,label,label,label,label,label,label,label,label,label,label,label,label,label,label,label,label,label,label,label,label,label,label,label,label,label,label,label,label,label,label,label,label,label,label,label,label,label,label,label,label,label,label,label,label,label,label,label,label,label,label,label,label,label,label,label,label,label,label,label,label,label,label,label,label,label,label,label,label,label,label,label,label,label,label,label,label,label,label,label,label,label,label,label,label,label,label,label,label,label,label,label,label,label,label,label,label,label,label,label,label,label,label,label,label,label,label,label,label,label,label,label,label,label,label,label,label,label,label,label,label,label,label,label,label,label,label,label,label,label,label,label,label,label,label,label,label,label,label,label,label,label,label,label,label,label,label,label,label,label,label,label,label,label,label,label,label,label,label,label,label,label,label,label,label,label,label,label,label,label,label,label,label,label,label,label,label,label,label,label,label,label,label,label,label,label,label,label,label,label,label,label,label,label,label,label,label,label,label,label,label,label,label,label,label,label,label,label,label,label,label,label,label,label,label,label,label,label,label,label,label,label,label,label,label,label,label,label,label,label,label,label,label,label,label,label,label,label,label,label,label,label,label,label,label,label,label,label,label,label,label,label,label,label,label,label,label,label,label,label,label,label,label,label,label,label,label,label,label,label,label,label,label,label,label,label,label,label,label,label,label,label,label,label,label,label,label,label,label,label,label,label,label,label	1	0.000053
TOTAL	switch	void	i64,label,label	1	0.000053
TOTAL	switch	void	i64,label,label,label,label,label,label,label	1	0.000053
TOTAL	switch	void	i64,label,label,label,label,label,label,label,label,label	1	0.000053
7zip	load	ptr	ptr	36777	12.455633
7zip	alloca	ptr	i32	28048	9.499296
7zip	load	i32	ptr	25997	8.804663
7zip	getelementptr	ptr	ptr,i32,i32	25672	8.694592
7zip	store	void	ptr,ptr	21850	7.400157
7zip	store	void	i32,ptr	20983	7.106522
7zip	br	void	label	19930	6.749892
7zip	br	void	i1,label,label	10942	3.705836
7zip	call	void	ptr,ptr	9291	3.146676
7zip	getelementptr	ptr	ptr,i64	8241	2.791062
7zip	icmp	i1	i32,i32	7254	2.456784
7zip	ret	void	-	5382	1.822776
7zip	add	i32	i32,i32	4367	1.479015
7zip	load	i64	ptr	3662	1.240246
7zip	load	i8	ptr	3508	1.188089
7zip	extractvalue	ptr	{ ptr, i32 }	2750	0.931370
7zip	getelementptr	ptr	ptr,i64,i64	2713	0.918839
7zip	zext	i64	i32	2482	0.840604
7zip	store	void	i64,ptr	2422	0.820283
7zip	extractvalue	i32	{ ptr, i32 }	2222	0.752547
7zip	sext	i64	i32	2174	0.736290
7zip	store	void	i8,ptr	2173	0.735952
7zip	call	i32	ptr,ptr	2029	0.687182
7zip	ret	void	i32	2016	0.682779
7zip	unreachable	void	-	1963	0.664829
7zip	icmp	i1	ptr,ptr	1915	0.648572
7zip	landingpad	{ ptr, i32 }	-	1860	0.629945
7zip	zext	i32	i8	1849	0.626219
7zip	ret	void	ptr	1531	0.518519
7zip	sub	i32	i32,i32	1472	0.498537
7zip	invoke	void	ptr,label,label,ptr	1413	0.478555
7zip	icmp	i1	i8,i8	1153	0.390498
7zip	call	void	ptr,i64,ptr	984	0.333261
7zip	shl	i32	i32,i32	966	0.327165
7zip	icmp	i1	i64,i64	820	0.277718
7zip	invoke	ptr	ptr,label,label,ptr	781	0.264509
7zip	or	i32	i32,i32	759	0.257058
7zip	invoke	i32	ptr,label,label,ptr	710	0.240463
7zip	call	ptr	ptr,ptr	703	0.238092
7zip	load	i16	ptr	700	0.237076
7zip	call	i32	ptr,ptr,ptr	676	0.228948
7zip	call	void	ptr	661	0.223867
7zip	add	i64	i64,i64	648	0.219465
7zip	call	void	ptr,i32,ptr	644	0.218110
7zip	store	void	i1,ptr	644	0.218110
7zip	and	i32	i32,i32	643	0.217771
7zip	zext	i32	i16	611	0.206933
7zip	call	ptr	ptr,i32,ptr	608	0.205917
7zip	call	ptr	ptr,ptr,ptr	606	0.205240
7zip	lshr	i32	i32,i32	606	0.205240
7zip	invoke	ptr	ptr,ptr,label,label,ptr	603	0.204224
7zip	landingpad	{ ptr, i32 }	ptr	563	0.190677
7zip	call	void	ptr,ptr,ptr	489	0.165615
7zip	invoke	void	ptr,ptr,label,label,ptr	480	0.162566
7zip	ret	void	i1	475	0.160873
7zip	call	ptr	i64,ptr	468	0.158502
7zip	zext	i8	i1	449	0.152067
7zip	xor	i32	i32,i32	413	0.139875
7zip	getelementptr	ptr	ptr,i32	404	0.136827
7zip	call	void	ptr,ptr,i64,i1,ptr	403	0.136488
7zip	store	void	i16,ptr	399	0.135133
7zip	trunc	i8	i32	391	0.132424
7zip	invoke	ptr	ptr,i32,label,label,ptr	388	0.131408
7zip	sub	i64	i64,i64	387	0.131069
7zip	trunc	i32	i64	321	0.108716
7zip	invoke	i32	ptr,ptr,label,label,ptr	319	0.108039
7zip	landingpad	{ ptr, i32 }	ptr,ptr	315	0.106684
7zip	call	i32	ptr,ptr,ptr,ptr	251	0.085009
7zip	load	i1	ptr	250	0.084670
7zip	mul	i32	i32,i32	245	0.082977
7zip	invoke	i1	ptr,label,label,ptr	244	0.082638
7zip	ptrtoint	i64	ptr	226	0.076542
7zip	call	i1	ptr,ptr	215	0.072816
7zip	zext	i64	i1	212	0.071800
7zip	call	void	ptr,i32,i32,ptr	202	0.068413
7zip	select	i32	i1,i32,i32	192	0.065027
7zip	trunc	i16	i32	186	0.062994
7zip	phi	i32	i32,i32	176	0.059608
7zip	call	i32	ptr,i32,ptr	174	0.058930
7zip	invoke	void	ptr,ptr,ptr,label,label,ptr	171	0.057914
7zip	phi	i1	i1,i1	164	0.055544
7zip	ret	void	i64	156	0.052834
7zip	invoke	void	ptr,i32,label,label,ptr	143	0.048431
7zip	invoke	void	ptr,ptr,i32,label,label,ptr	137	0.046399
7zip	call	void	ptr,ptr,i32,ptr	133	0.045044
7zip	call	void	ptr,i32,ptr,ptr	132	0.044706
7zip	invoke	i32	ptr,i32,label,label,ptr	130	0.044028
7zip	mul	i64	i64,i64	122	0.041319
7zip	invoke	i32	ptr,ptr,ptr,label,label,ptr	120	0.040642
7zip	invoke	ptr	i64,label,label,ptr	120	0.040642
7zip	call	i64	ptr,ptr	119	0.040303
7zip	invoke	i64	ptr,label,label,ptr	113	0.038271
7zip	phi	ptr	ptr,ptr	110	0.037255
7zip	switch	void	i32,label,label	109	0.036916
7zip	zext	i32	i1	100	0.033868
7zip	ashr	i32	i32,i32	96	0.032513
7zip	call	i32	ptr,ptr,i32,ptr	95	0.032175
7zip	invoke	i1	ptr,ptr,label,label,ptr	93	0.031497
7zip	switch	void	i32,label,label,label	87	0.029465
7zip	call	i32	ptr,i64,ptr	84	0.028449
7zip	call	void	ptr,i8,ptr	84	0.028449
7zip	zext	i64	i8	84	0.028449
7zip	call	void	ptr,ptr,ptr,ptr	82	0.027772
7zip	call	{ i64, i1 }	i64,i64,ptr	75	0.025401
7zip	extractvalue	i1	{ i64, i1 }	75	0.025401
7zip	extractvalue	i64	{ i64, i1 }	75	0.025401
7zip	sdiv	i32	i32,i32	72	0.024385
7zip	select	i64	i1,i64,i64	68	0.023030
7zip	shl	i64	i64,i64	68	0.023030
7zip	call	i1	ptr,ptr,ptr	67	0.022692
7zip	call	i32	ptr,ptr,i32,ptr,ptr	67	0.022692
7zip	call	void	ptr,ptr,i64,ptr	66	0.022353
7zip	call	void	ptr,ptr,i32,i32,ptr	65	0.022014
7zip	call	ptr	ptr,i64,ptr	63	0.021337
7zip	invoke	ptr	ptr,i64,label,label,ptr	63	0.021337
7zip	udiv	i32	i32,i32	63	0.021337
7zip	call	i8	ptr,ptr	61	0.020659
7zip	call	i1	ptr,i32,ptr	59	0.019982
7zip	call	i32	ptr,ptr,i64,ptr	55	0.018627
7zip	invoke	i32	ptr,i64,label,label,ptr	55	0.018627
7zip	invoke	void	label,label,ptr	55	0.018627
7zip	call	i32	i32,ptr	53	0.017950
7zip	invoke	i32	ptr,i32,i32,ptr,label,label,ptr	53	0.017950
7zip	sdiv	i64	i64,i64	51	0.017273
7zip	zext	i16	i8	51	0.017273
7zip	xor	i1	i1,i1	50	0.016934
7zip	lshr	i64	i64,i64	49	0.016595
7zip	call	i32	ptr,i64,i32,ptr,ptr	45	0.015241
7zip	switch	void	i32,label,label,label,label	45	0.015241
7zip	udiv	i64	i64,i64	40	0.013547
7zip	phi	i64	i64,i64	38	0.012870
7zip	sext	i32	i16	38	0.012870
7zip	call	i32	ptr,i32,i32,ptr	37	0.012531
7zip	call	void	ptr,i8,i64,i1,ptr	36	0.012192
7zip	ret	void	i8	35	0.011854
7zip	invoke	i32	ptr,i64,i32,ptr,label,label,ptr	34	0.011515
7zip	invoke	void	ptr,i32,ptr,label,label,ptr	34	0.011515
7zip	call	i32	i32,i32,ptr	33	0.011176
7zip	invoke	i32	ptr,i32,ptr,label,label,ptr	32	0.010838
7zip	invoke	void	ptr,i8,label,label,ptr	32	0.010838
7zip	invoke	void	ptr,i64,label,label,ptr	31	0.010499
7zip	or	i64	i64,i64	31	0.010499
7zip	and	i64	i64,i64	30	0.010160
7zip	invoke	i32	ptr,ptr,ptr,ptr,ptr,ptr,label,label,ptr	29	0.009822
7zip	invoke	ptr	ptr,i8,label,label,ptr	29	0.009822
7zip	call	void	ptr,i16,ptr	28	0.009483
7zip	call	i32	ptr	27	0.009144
7zip	call	i64	i64,i64,ptr	27	0.009144
7zip	call	void	i32,ptr	27	0.009144
7zip	call	ptr	ptr	26	0.008806
7zip	invoke	void	ptr,i1,label,label,ptr	26	0.008806
7zip	invoke	i32	ptr,i1,label,label,ptr	23	0.007790
7zip	call	i32	ptr,ptr,ptr,i32,ptr	22	0.007451
7zip	call	void	ptr,i1,ptr	22	0.007451
7zip	invoke	i1	ptr,i32,label,label,ptr	22	0.007451
7zip	invoke	i32	ptr,ptr,i32,label,label,ptr	21	0.007112
7zip	invoke	i1	i32,label,label,ptr	19	0.006435
7zip	invoke	void	ptr,ptr,i1,label,label,ptr	19	0.006435
7zip	invoke	i32	ptr,i32,i32,label,label,ptr	18	0.006096
7zip	invoke	void	ptr,i32,i32,label,label,ptr	18	0.006096
7zip	call	i32	ptr,i32,i32,ptr,ptr	17	0.005758
7zip	call	i1	ptr,i32,ptr,ptr	16	0.005419
7zip	call	i32	ptr,i64,ptr,ptr	16	0.005419
7zip	invoke	i32	ptr,ptr,ptr,ptr,label,label,ptr	16	0.005419
7zip	trunc	i8	i64	16	0.005419
7zip	add	i8	i8,i8	15	0.005080
7zip	call	i32	ptr,ptr,ptr,ptr,ptr	15	0.005080
7zip	call	i64	ptr,i64,i32,i32,ptr	15	0.005080
7zip	invoke	ptr	ptr,i1,label,label,ptr	15	0.005080
7zip	call	i32	ptr,i32,ptr,ptr	14	0.004742
7zip	invoke	i1	ptr,ptr,i1,label,label,ptr	14	0.004742
7zip	invoke	i32	label,label,ptr	14	0.004742
7zip	zext	i64	i16	14	0.004742
7zip	call	i1	ptr,ptr,i32,ptr	13	0.004403
7zip	call	i32	i32,ptr,i64,ptr	13	0.004403
7zip	call	void	i32,ptr,ptr	13	0.004403
7zip	invoke	i32	ptr,i32,ptr,i32,label,label,ptr	13	0.004403
7zip	phi	i1	i1,i1,i1	13	0.004403
7zip	srem	i32	i32,i32	13	0.004403
7zip	switch	void	i32,label,label,label,label,label	13	0.004403
7zip	trunc	i16	i64	13	0.004403
7zip	call	i64	ptr	12	0.004064
7zip	call	void	ptr,ptr,i1,ptr	12	0.004064
7zip	select	i8	i1,i8,i8	12	0.004064
7zip	call	i16	ptr,ptr	11	0.003725
7zip	call	i1	i32,ptr	11	0.003725
7zip	call	ptr	ptr,i8,ptr	11	0.003725
7zip	call	void	ptr,i32,i32,i32,ptr	11	0.003725
7zip	call	void	ptr,i32,i32,ptr,ptr,ptr	11	0.003725
7zip	invoke	i1	ptr,ptr,ptr,label,label,ptr	11	0.003725
7zip	invoke	i32	ptr,ptr,i32,ptr,label,label,ptr	11	0.003725
7zip	invoke	i32	ptr,ptr,i64,label,label,ptr	11	0.003725
7zip	invoke	i32	ptr,ptr,ptr,i32,label,label,ptr	11	0.003725
7zip	invoke	void	ptr,ptr,ptr,ptr,label,label,ptr	11	0.003725
7zip	landingpad	{ ptr, i32 }	ptr,ptr,ptr	11	0.003725
7zip	load	[2 x i64]	ptr	11	0.003725
7zip	call	i1	ptr	10	0.003387
7zip	call	i64	ptr,ptr,i64,ptr	10	0.003387
7zip	invoke	i1	ptr,i32,ptr,label,label,ptr	10	0.003387
7zip	invoke	void	ptr,i32,ptr,ptr,label,label,ptr	10	0.003387
7zip	call	i32	ptr,i1,ptr	9	0.003048
7zip	invoke	i1	i32,ptr,label,label,ptr	9	0.003048
7zip	invoke	i8	ptr,label,label,ptr	9	0.003048
7zip	switch	void	i32,label,label,label,label,label,label	9	0.003048
7zip	call	i1	ptr,i64,ptr	8	0.002709
7zip	call	i32	i1,ptr	8	0.002709
7zip	call	i32	ptr,i32,ptr,ptr,ptr	8	0.002709
7zip	call	ptr	i32,ptr,ptr	8	0.002709
7zip	invoke	void	i32,ptr,label,label,ptr	8	0.002709
7zip	switch	void	i32,label,label,label,label,label,label,label	8	0.002709
7zip	urem	i32	i32,i32	8	0.002709
7zip	call	i32	ptr,i64,ptr,ptr,i32,ptr,ptr	7	0.002371
7zip	call	i32	ptr,i8,ptr	7	0.002371
7zip	call	i32	ptr,ptr,i64,i32,ptr	7	0.002371
7zip	call	i32	ptr,ptr,ptr,ptr,ptr,ptr,ptr	7	0.002371
7zip	call	i64	ptr,ptr,ptr	7	0.002371
7zip	call	ptr	i32,i32,i32,ptr,ptr,i32,i32,i32,ptr,i32,ptr	7	0.002371
7zip	call	ptr	ptr,i32,ptr,ptr	7	0.002371
7zip	call	void	i64,ptr,ptr	7	0.002371
7zip	call	void	ptr,i32,ptr,ptr,ptr	7	0.002371
7zip	invoke	i16	ptr,label,label,ptr	7	0.002371
7zip	invoke	i32	ptr,ptr,i1,label,label,ptr	7	0.002371
7zip	invoke	i32	ptr,ptr,ptr,ptr,ptr,label,label,ptr	7	0.002371
7zip	invoke	i32	ptr,ptr,ptr,ptr,ptr,ptr,ptr,ptr,label,label,ptr	7	0.002371
7zip	invoke	void	i32,i32,ptr,label,label,ptr	7	0.002371
7zip	or	i1	i1,i1	7	0.002371
7zip	store	void	[2 x i64],ptr	7	0.002371
7zip	xor	i64	i64,i64	7	0.002371
7zip	call	i1	ptr,ptr,i1,ptr	6	0.002032
7zip	call	i1	ptr,ptr,ptr,i32,ptr	6	0.002032
7zip	call	i1	ptr,ptr,ptr,ptr	6	0.002032
7zip	call	i32	i64,i64,ptr	6	0.002032
7zip	call	i32	ptr,i64,i64,ptr	6	0.002032
7zip	call	i32	ptr,ptr,ptr,ptr,ptr,ptr	6	0.002032
7zip	call	i64	i32,ptr,i64,ptr	6	0.002032
7zip	call	void	i32,i32,i32,ptr,ptr,i32,i32,i32,ptr	6	0.002032
7zip	call	void	i64,ptr,i32,ptr	6	0.002032
7zip	invoke	i32	ptr,i32,ptr,ptr,ptr,label,label,ptr	6	0.002032
7zip	invoke	void	ptr,ptr,i64,label,label,ptr	6	0.002032
7zip	ret	void	i16	6	0.002032
7zip	sext	i32	i8	6	0.002032
7zip	call	i1	ptr,ptr,i32,ptr,ptr	5	0.001693
7zip	call	i32	ptr,i32,i32,i32,ptr	5	0.001693
7zip	call	i32	ptr,ptr,i1,ptr	5	0.001693
7zip	call	i64	i32,i64,i32,ptr	5	0.001693
7zip	call	i8	ptr,i32,ptr	5	0.001693
7zip	call	i8	ptr,ptr,ptr	5	0.001693
7zip	call	void	ptr,i32,i1,ptr	5	0.001693
7zip	call	void	ptr,i32,i8,ptr	5	0.001693
7zip	invoke	i1	ptr,ptr,i32,ptr,label,label,ptr	5	0.001693
7zip	invoke	i1	ptr,ptr,ptr,ptr,label,label,ptr	5	0.001693
7zip	invoke	i32	i32,label,label,ptr	5	0.001693
7zip	invoke	i32	i64,ptr,i1,label,label,ptr	5	0.001693
7zip	invoke	i32	ptr,[2 x i64],label,label,ptr	5	0.001693
7zip	invoke	i32	ptr,ptr,ptr,i1,ptr,ptr,ptr,label,label,ptr	5	0.001693
7zip	invoke	i64	ptr,i32,label,label,ptr	5	0.001693
7zip	invoke	void	ptr,ptr,ptr,i32,label,label,ptr	5	0.001693
7zip	sext	i64	i16	5	0.001693
7zip	switch	void	i32,label,label,label,label,label,label,label,label	5	0.001693
7zip	trunc	i8	i16	5	0.001693
7zip	ashr	i64	i64,i64	4	0.001355
7zip	call	i1	ptr,i1,ptr,i1,ptr	4	0.001355
7zip	call	i1	ptr,i32,i32,ptr	4	0.001355
7zip	call	i1	ptr,i64,i32,ptr,ptr	4	0.001355
7zip	call	i1	ptr,i8,ptr	4	0.001355
7zip	call	i32	i16,i16,ptr	4	0.001355
7zip	call	i32	i64,ptr	4	0.001355
7zip	call	i32	i8,ptr	4	0.001355
7zip	call	i32	ptr,[2 x i64],ptr	4	0.001355
7zip	call	i32	ptr,ptr,ptr,i64,ptr	4	0.001355
7zip	call	i32	ptr,ptr,ptr,ptr,ptr,i32,ptr,ptr	4	0.001355
7zip	call	void	i32,ptr,i32,ptr	4	0.001355
7zip	call	void	ptr,i1,i1,ptr	4	0.001355
7zip	call	void	ptr,i32,i1,i64,ptr	4	0.001355
7zip	call	void	ptr,i32,ptr,i64,ptr	4	0.001355
7zip	call	void	ptr,i64,i32,ptr	4	0.001355
7zip	call	void	ptr,ptr,i8,ptr	4	0.001355
7zip	call	void	ptr,ptr,ptr,i1,ptr	4	0.001355
7zip	call	void	ptr,ptr,ptr,i32,i32,ptr	4	0.001355
7zip	call	void	ptr,ptr,ptr,i32,ptr	4	0.001355
7zip	invoke	i32	ptr,i64,ptr,label,label,ptr	4	0.001355
7zip	invoke	i32	ptr,ptr,ptr,i32,ptr,ptr,i32,ptr,label,label,ptr	4	0.001355
7zip	invoke	i64	label,label,ptr	4	0.001355
7zip	invoke	i64	ptr,i32,i32,label,label,ptr	4	0.001355
7zip	invoke	void	i32,i32,ptr,ptr,label,label,ptr	4	0.001355
7zip	invoke	void	i64,ptr,i32,label,label,ptr	4	0.001355
7zip	invoke	void	ptr,ptr,i1,i32,i32,label,label,ptr	4	0.001355
7zip	invoke	void	ptr,ptr,i1,i32,label,label,ptr	4	0.001355
7zip	call	i1	ptr,ptr,i32,i32,i32,i32,i1,ptr	3	0.001016
7zip	call	i32	i16,ptr	3	0.001016
7zip	call	i32	i32,i32,i32,i32,i32,ptr,i32,i32,ptr	3	0.001016
7zip	call	i32	i32,ptr,i64,ptr,ptr	3	0.001016
7zip	call	i32	i32,ptr,ptr,ptr	3	0.001016
7zip	call	i32	i8,ptr,ptr	3	0.001016
7zip	call	i32	ptr,i32,i32,i32,i32,ptr	3	0.001016
7zip	call	i32	ptr,i32,i32,i32,i32,ptr,ptr	3	0.001016
7zip	call	i32	ptr,i32,ptr,ptr,ptr,ptr	3	0.001016
7zip	call	i32	ptr,i64,i64,ptr,ptr	3	0.001016
7zip	call	i32	ptr,ptr,i32,ptr,i32,ptr	3	0.001016
7zip	call	i32	ptr,ptr,i64,i64,ptr,ptr	3	0.001016
7zip	call	i32	ptr,ptr,i64,ptr,ptr	3	0.001016
7zip	call	i64	i64,i64,i64,ptr	3	0.001016
7zip	call	i64	ptr,i64,i32,ptr,i32,ptr	3	0.001016
7zip	call	i8	i8,ptr	3	0.001016
7zip	call	ptr	i32,ptr	3	0.001016
7zip	call	ptr	i64,i32,ptr	3	0.001016
7zip	call	ptr	ptr,i32,ptr,ptr,ptr	3	0.001016
7zip	call	ptr	ptr,ptr,i32,i32,ptr	3	0.001016
7zip	call	void	ptr,i1,ptr,ptr	3	0.001016
7zip	call	void	ptr,ptr,i32,i32,i32,ptr,ptr	3	0.001016
7zip	call	void	ptr,ptr,i64,ptr,i32,ptr	3	0.001016
7zip	call	void	ptr,ptr,ptr,ptr,ptr	3	0.001016
7zip	invoke	i1	i8,i8,label,label,ptr	3	0.001016
7zip	invoke	i1	i8,label,label,ptr	3	0.001016
7zip	invoke	i1	label,label,ptr	3	0.001016
7zip	invoke	i1	ptr,i1,ptr,i1,label,label,ptr	3	0.001016
7zip	invoke	i1	ptr,i64,label,label,ptr	3	0.001016
7zip	invoke	i1	ptr,ptr,i32,label,label,ptr	3	0.001016
7zip	invoke	i32	i64,ptr,ptr,i1,label,label,ptr	3	0.001016
7zip	invoke	i32	ptr,i32,i1,i32,ptr,ptr,label,label,ptr	3	0.001016
7zip	invoke	i32	ptr,i32,i32,ptr,ptr,label,label,ptr	3	0.001016
7zip	invoke	i32	ptr,i32,i32,ptr,ptr,ptr,ptr,i1,ptr,ptr,ptr,label,label,ptr	3	0.001016
7zip	invoke	i32	ptr,ptr,i64,ptr,ptr,ptr,ptr,ptr,ptr,i1,i32,label,label,ptr	3	0.001016
7zip	invoke	i64	ptr,ptr,label,label,ptr	3	0.001016
7zip	invoke	void	ptr,i1,i8,ptr,label,label,ptr	3	0.001016
7zip	invoke	void	ptr,ptr,i32,i1,label,label,ptr	3	0.001016
7zip	phi	i1	i1,i1,i1,i1	3	0.001016
7zip	phi	i8	i8,i8	3	0.001016
7zip	select	i1	i1,i1,i1	3	0.001016
7zip	select	ptr	i1,ptr,ptr	3	0.001016
7zip	srem	i64	i64,i64	3	0.001016
7zip	switch	void	i32,label,label,label,label,label,label,label,label,label,label,label,label	3	0.001016
7zip	urem	i64	i64,i64	3	0.001016
7zip	call	i1	ptr,i64,ptr,ptr	2	0.000677
7zip	call	i1	ptr,ptr,i1,i1,ptr	2	0.000677
7zip	call	i1	ptr,ptr,i1,ptr,ptr	2	0.000677
7zip	call	i1	ptr,ptr,ptr,ptr,ptr	2	0.000677
7zip	call	i32	i16,ptr,ptr	2	0.000677
7zip	call	i32	i32,ptr,i32,i32,ptr	2	0.000677
7zip	call	i32	i8,i8,ptr	2	0.000677
7zip	call	i32	ptr,i8,ptr,ptr	2	0.000677
7zip	call	i32	ptr,ptr,i1,i1,ptr	2	0.000677
7zip	call	i32	ptr,ptr,i32,i32,ptr	2	0.000677
7zip	call	i32	ptr,ptr,i32,ptr,i1,ptr	2	0.000677
7zip	call	i32	ptr,ptr,i32,ptr,ptr,ptr	2	0.000677
7zip	call	i32	ptr,ptr,i64,i32,ptr,ptr,ptr	2	0.000677
7zip	call	i32	ptr,ptr,ptr,ptr,ptr,i32,i32,ptr,ptr	2	0.000677
7zip	call	i64	i32,i32,ptr	2	0.000677
7zip	call	i64	i64,ptr,i64,ptr	2	0.000677
7zip	call	void	ptr,i16,i1,i1,ptr	2	0.000677
7zip	call	void	ptr,i32,i64,ptr	2	0.000677
7zip	call	void	ptr,i32,ptr,ptr,ptr,ptr,ptr,ptr	2	0.000677
7zip	call	void	ptr,i64,i64,i64,ptr	2	0.000677
7zip	call	void	ptr,i64,i64,ptr	2	0.000677
7zip	call	void	ptr,i8,ptr,ptr	2	0.000677
7zip	call	void	ptr,ptr,i1,i1,ptr	2	0.000677
7zip	call	void	ptr,ptr,i1,i32,i32,ptr	2	0.000677
7zip	call	void	ptr,ptr,i32,ptr,ptr	2	0.000677
7zip	call	void	ptr,ptr,i32,ptr,ptr,ptr	2	0.000677
7zip	call	void	ptr,ptr,i64,ptr,ptr	2	0.000677
7zip	call	void	ptr,ptr,ptr,i32,ptr,ptr	2	0.000677
7zip	invoke	i1	[2 x i64],i16,ptr,label,label,ptr	2	0.000677
7zip	invoke	i1	i64,ptr,label,label,ptr	2	0.000677
7zip	invoke	i1	ptr,i32,i32,ptr,label,label,ptr	2	0.000677
7zip	invoke	i1	ptr,ptr,i1,ptr,label,label,ptr	2	0.000677
7zip	invoke	i1	ptr,ptr,i64,label,label,ptr	2	0.000677
7zip	invoke	i32	i1,i32,label,label,ptr	2	0.000677
7zip	invoke	i32	i1,label,label,ptr	2	0.000677
7zip	invoke	i32	i32,i32,label,label,ptr	2	0.000677
7zip	invoke	i32	i32,ptr,ptr,label,label,ptr	2	0.000677
7zip	invoke	i32	i64,ptr,ptr,ptr,i1,i1,label,label,ptr	2	0.000677
7zip	invoke	i32	i8,i8,label,label,ptr	2	0.000677
7zip	invoke	i32	ptr,i32,i1,label,label,ptr	2	0.000677
7zip	invoke	i32	ptr,i32,i32,i32,label,label,ptr	2	0.000677
7zip	invoke	i32	ptr,i32,i32,ptr,ptr,ptr,i1,ptr,ptr,ptr,label,label,ptr	2	0.000677
7zip	invoke	i32	ptr,i32,ptr,ptr,label,label,ptr	2	0.000677
7zip	invoke	i32	ptr,i64,i64,ptr,label,label,ptr	2	0.000677
7zip	invoke	i32	ptr,i64,i64,ptr,ptr,label,label,ptr	2	0.000677
7zip	invoke	i32	ptr,i64,ptr,ptr,ptr,ptr,label,label,ptr	2	0.000677
7zip	invoke	i32	ptr,i8,label,label,ptr	2	0.000677
7zip	invoke	i32	ptr,ptr,i32,i1,label,label,ptr	2	0.000677
7zip	invoke	i32	ptr,ptr,i32,i32,ptr,label,label,ptr	2	0.000677
7zip	invoke	i32	ptr,ptr,i32,ptr,ptr,ptr,label,label,ptr	2	0.000677
7zip	invoke	i32	ptr,ptr,i32,ptr,ptr,ptr,ptr,ptr,label,label,ptr	2	0.000677
7zip	invoke	i64	i64,i64,i64,label,label,ptr	2	0.000677
7zip	invoke	i8	i8,label,label,ptr	2	0.000677
7zip	invoke	i8	ptr,ptr,label,label,ptr	2	0.000677
7zip	invoke	ptr	ptr,i64,i64,label,label,ptr	2	0.000677
7zip	invoke	void	i64,ptr,label,label,ptr	2	0.000677
7zip	invoke	void	ptr,i1,ptr,label,label,ptr	2	0.000677
7zip	invoke	void	ptr,i16,i64,i1,label,label,ptr	2	0.000677
7zip	invoke	void	ptr,i32,i32,ptr,ptr,ptr,label,label,ptr	2	0.000677
7zip	invoke	void	ptr,i64,i32,label,label,ptr	2	0.000677
7zip	invoke	void	ptr,ptr,i64,ptr,label,label,ptr	2	0.000677
7zip	invoke	void	ptr,ptr,i8,label,label,ptr	2	0.000677
7zip	invoke	void	ptr,ptr,ptr,ptr,ptr,ptr,ptr,ptr,ptr,ptr,ptr,label,label,ptr	2	0.000677
7zip	switch	void	i32,label,label,label,label,label,label,label,label,label	2	0.000677
7zip	switch	void	i32,label,label,label,label,label,label,label,label,label,label,label,label,label,label,label,label,label	2	0.000677
7zip	add	i16	i16,i16	1	0.000339
7zip	alloca	ptr	i64	1	0.000339
7zip	call	i1	i16,ptr	1	0.000339
7zip	call	i1	i8,i8,ptr	1	0.000339
7zip	call	i1	ptr,i32,i32,i32,ptr	1	0.000339
7zip	call	i1	ptr,ptr,i32,i32,i32,ptr	1	0.000339
7zip	call	i32	i16,i16,ptr,ptr	1	0.000339
7zip	call	i32	i16,i64,ptr,ptr	1	0.000339
7zip	call	i32	i32,i32,ptr,ptr	1	0.000339
7zip	call	i32	i32,i64,ptr	1	0.000339
7zip	call	i32	i32,ptr,ptr	1	0.000339
7zip	call	i32	i64,ptr,i32,i32,i32,i32,ptr,ptr	1	0.000339
7zip	call	i32	i64,ptr,ptr	1	0.000339
7zip	call	i32	ptr,i32,i64,i64,ptr	1	0.000339
7zip	call	i32	ptr,i32,i64,ptr	1	0.000339
7zip	call	i32	ptr,i32,ptr,i32,ptr	1	0.000339
7zip	call	i32	ptr,i32,ptr,ptr,i32,ptr,ptr	1	0.000339
7zip	call	i32	ptr,i32,ptr,ptr,ptr,i64,i32,ptr	1	0.000339
7zip	call	i32	ptr,i64,ptr,i32,ptr	1	0.000339
7zip	call	i32	ptr,i64,ptr,i32,ptr,ptr	1	0.000339
7zip	call	i32	ptr,i64,ptr,i64,ptr	1	0.000339
7zip	call	i32	ptr,i64,ptr,ptr,ptr	1	0.000339
7zip	call	i32	ptr,i8,i32,ptr	1	0.000339
7zip	call	i32	ptr,ptr,i32,i32,i32,ptr	1	0.000339
7zip	call	i32	ptr,ptr,i32,ptr,ptr,ptr,ptr,ptr,ptr	1	0.000339
7zip	call	i32	ptr,ptr,i64,i64,ptr	1	0.000339
7zip	call	i32	ptr,ptr,ptr,i32,ptr,ptr,i32,ptr,ptr	1	0.000339
7zip	call	i32	ptr,ptr,ptr,ptr,i64,i32,ptr,ptr,ptr,ptr	1	0.000339
7zip	call	i32	ptr,ptr,ptr,ptr,ptr,ptr,i1,i1,i1,ptr,i1,ptr,ptr,ptr,ptr,ptr,ptr	1	0.000339
7zip	call	i64	i1,i32,ptr	1	0.000339
7zip	call	i64	i32,i64,i64,i64,ptr	1	0.000339
7zip	call	i64	i64,i64,i64,i64,i32,ptr	1	0.000339
7zip	call	i64	ptr,i32,ptr	1	0.000339
7zip	call	i64	ptr,i64,ptr	1	0.000339
7zip	call	ptr	ptr,i1,ptr	1	0.000339
7zip	call	ptr	ptr,i64,i32,i32,i32,i64,ptr	1	0.000339
7zip	call	ptr	ptr,ptr,i32,ptr	1	0.000339
7zip	call	ptr	ptr,ptr,ptr,ptr	1	0.000339
7zip	call	void	i32,i32,ptr,ptr	1	0.000339
7zip	call	void	i32,ptr,ptr,i32,i1,i32,ptr	1	0.000339
7zip	call	void	i32,ptr,ptr,ptr	1	0.000339
7zip	call	void	ptr,i1,i32,ptr	1	0.000339
7zip	call	void	ptr,i1,ptr,i1,ptr	1	0.000339
7zip	call	void	ptr,i16,i64,i1,ptr	1	0.000339
7zip	call	void	ptr,i16,i64,i64,i1,ptr	1	0.000339
7zip	call	void	ptr,i32,i32,i1,ptr	1	0.000339
7zip	call	void	ptr,i32,ptr,i32,ptr,i32,ptr,ptr	1	0.000339
7zip	call	void	ptr,i64,ptr,i64,i32,ptr,i64,ptr	1	0.000339
7zip	call	void	ptr,i64,ptr,ptr,ptr,ptr	1	0.000339
7zip	call	void	ptr,ptr,i1,i32,ptr	1	0.000339
7zip	call	void	ptr,ptr,i32,i8,i32,ptr	1	0.000339
7zip	call	void	ptr,ptr,i32,i8,ptr	1	0.000339
7zip	call	void	ptr,ptr,ptr,i64,ptr	1	0.000339
7zip	call	void	ptr,ptr,ptr,ptr,ptr,ptr	1	0.000339
7zip	call	void	ptr,ptr,ptr,ptr,ptr,ptr,ptr	1	0.000339
7zip	inttoptr	ptr	i64	1	0.000339
7zip	invoke	i1	i16,label,label,ptr	1	0.000339
7zip	invoke	i1	ptr,i32,i32,i32,label,label,ptr	1	0.000339
7zip	invoke	i1	ptr,i32,i32,label,label,ptr	1	0.000339
7zip	invoke	i1	ptr,ptr,i32,i32,i32,i32,i1,label,label,ptr	1	0.000339
7zip	invoke	i32	i32,i32,ptr,label,label,ptr	1	0.000339
7zip	invoke	i32	i32,ptr,i32,i32,label,label,ptr	1	0.000339
7zip	invoke	i32	i32,ptr,i64,label,label,ptr	1	0.000339
7zip	invoke	i32	i32,ptr,label,label,ptr	1	0.000339
7zip	invoke	i32	i32,ptr,ptr,ptr,label,label,ptr	1	0.000339
7zip	invoke	i32	ptr,i1,ptr,label,label,ptr	1	0.000339
7zip	invoke	i32	ptr,i32,i32,i32,i32,ptr,label,label,ptr	1	0.000339
7zip	invoke	i32	ptr,i64,i64,label,label,ptr	1	0.000339
7zip	invoke	i32	ptr,i64,ptr,ptr,ptr,label,label,ptr	1	0.000339
7zip	invoke	i32	ptr,i64,ptr,ptr,ptr,ptr,ptr,ptr,label,label,ptr	1	0.000339
7zip	invoke	i32	ptr,ptr,i1,i32,ptr,label,label,ptr	1	0.000339
7zip	invoke	i32	ptr,ptr,i1,ptr,ptr,ptr,i1,i1,ptr,ptr,ptr,label,label,ptr	1	0.000339
7zip	invoke	i32	ptr,ptr,i32,i1,ptr,ptr,label,label,ptr	1	0.000339
7zip	invoke	i32	ptr,ptr,i32,i32,ptr,ptr,i1,i1,label,label,ptr	1	0.000339
7zip	invoke	i32	ptr,ptr,i32,i64,label,label,ptr	1	0.000339
7zip	invoke	i32	ptr,ptr,i32,ptr,ptr,label,label,ptr	1	0.000339
7zip	invoke	i32	ptr,ptr,i64,i64,label,label,ptr	1	0.000339
7zip	invoke	i32	ptr,ptr,i64,i64,ptr,label,label,ptr	1	0.000339
7zip	invoke	i32	ptr,ptr,ptr,i32,ptr,label,label,ptr	1	0.000339
7zip	invoke	i32	ptr,ptr,ptr,ptr,ptr,i32,ptr,label,label,ptr	1	0.000339
7zip	invoke	i32	ptr,ptr,ptr,ptr,ptr,ptr,i32,ptr,label,label,ptr	1	0.000339
7zip	invoke	i32	ptr,ptr,ptr,ptr,ptr,ptr,ptr,ptr,ptr,label,label,ptr	1	0.000339
7zip	invoke	i32	ptr,ptr,ptr,ptr,ptr,ptr,ptr,ptr,ptr,ptr,label,label,ptr	1	0.000339
7zip	invoke	void	i32,i1,ptr,label,label,ptr	1	0.000339
7zip	invoke	void	i32,label,label,ptr	1	0.000339
7zip	invoke	void	i32,ptr,ptr,label,label,ptr	1	0.000339
7zip	invoke	void	ptr,i1,i32,i32,label,label,ptr	1	0.000339
7zip	invoke	void	ptr,i1,ptr,i1,i1,i1,label,label,ptr	1	0.000339
7zip	invoke	void	ptr,i32,i1,label,label,ptr	1	0.000339
7zip	invoke	void	ptr,i32,ptr,i1,label,label,ptr	1	0.000339
7zip	invoke	void	ptr,i64,i1,label,label,ptr	1	0.000339
7zip	invoke	void	ptr,i64,ptr,ptr,ptr,label,label,ptr	1	0.000339
7zip	invoke	void	ptr,ptr,i32,i8,i32,label,label,ptr	1	0.000339
7zip	invoke	void	ptr,ptr,i32,ptr,label,label,ptr	1	0.000339
7zip	invoke	void	ptr,ptr,ptr,i32,i64,ptr,i1,label,label,ptr	1	0.000339
7zip	invoke	void	ptr,ptr,ptr,ptr,i1,i1,i1,ptr,ptr,i64,label,label,ptr	1	0.000339
7zip	invoke	void	ptr,ptr,ptr,ptr,ptr,ptr,label,label,ptr	1	0.000339
7zip	landingpad	{ ptr, i32 }	ptr,ptr,ptr,ptr,ptr,ptr,ptr,ptr,ptr,ptr	1	0.000339
7zip	phi	i1	i1,i1,i1,i1,i1	1	0.000339
7zip	phi	i1	i1,i1,i1,i1,i1,i1	1	0.000339
7zip	select	i16	i1,i16,i16	1	0.000339
7zip	switch	void	i32,label,label,label,label,label,label,label,label,label,label	1	0.000339
7zip	switch	void	i32,label,label,label,label,label,label,label,label,label,label,label	1	0.000339
7zip	switch	void	i32,label,label,label,label,label,label,label,label,label,label,label,label,label,label,label,label	1	0.000339
7zip	switch	void	i32,label,label,label,label,label,label,label,label,label,label,label,label,label,label,label,label,label,label,label,label	1	0.000339
7zip	switch	void	i64,label,label	1	0.000339
Bullet	alloca	ptr	i32	35155	12.987853
Bullet	load	ptr	ptr	34775	12.847463
Bullet	getelementptr	ptr	ptr,i32,i32	27771	10.259868
Bullet	store	void	ptr,ptr	19693	7.275488
Bullet	load	float	ptr	14364	5.306714
Bullet	load	i32	ptr	12758	4.713384
Bullet	store	void	float,ptr	10960	4.049121
Bullet	br	void	label	10141	3.746546
Bullet	getelementptr	ptr	ptr,i64,i64	8849	3.269222
Bullet	store	void	i32,ptr	8379	3.095583
Bullet	call	ptr	ptr,ptr	6424	2.373317
Bullet	getelementptr	ptr	ptr,i64	6015	2.222214
Bullet	br	void	i1,label,label	5571	2.058180
Bullet	ret	void	-	4844	1.789593
Bullet	call	void	ptr,ptr	4572	1.689104
Bullet	sext	i64	i32	2827	1.044422
Bullet	icmp	i1	i32,i32	2640	0.975336
Bullet	extractvalue	[4 x float]	%class.btVector3	2566	0.947997
Bullet	store	void	[4 x float],ptr	2566	0.947997
Bullet	fmul	float	float,float	2287	0.844922
Bullet	call	%class.btVector3	ptr,ptr,ptr	2142	0.791352
Bullet	add	i32	i32,i32	2002	0.739630
Bullet	ret	void	ptr	1895	0.700099
Bullet	call	void	ptr,ptr,i64,i1,ptr	1809	0.668327
Bullet	call	ptr	ptr,i32,ptr	1747	0.645421
Bullet	invoke	void	ptr,label,label,ptr	1706	0.630274
Bullet	call	void	ptr,ptr,ptr,ptr,ptr	1625	0.600349
Bullet	call	i32	ptr,ptr	1553	0.573749
Bullet	extractvalue	ptr	{ ptr, i32 }	1294	0.478062
Bullet	fcmp	i1	float,float	1281	0.473260
Bullet	call	float	float,float,float,ptr	1199	0.442965
Bullet	unreachable	void	-	1178	0.435207
Bullet	call	void	ptr,ptr,ptr	1087	0.401587
Bullet	call	float	ptr,ptr,ptr	1048	0.387179
Bullet	fadd	float	float,float	976	0.360579
Bullet	icmp	i1	ptr,ptr	952	0.351712
Bullet	store	void	i8,ptr	934	0.345062
Bullet	load	i8	ptr	900	0.332501
Bullet	extractvalue	i32	{ ptr, i32 }	886	0.327329
Bullet	landingpad	{ ptr, i32 }	-	886	0.327329
Bullet	fsub	float	float,float	817	0.301837
Bullet	fneg	float	float	806	0.297773
Bullet	icmp	i1	i8,i8	738	0.272651
Bullet	ret	void	float	716	0.264523
Bullet	ret	void	i32	686	0.253440
Bullet	call	float	ptr,ptr	646	0.238662
Bullet	call	float	float,ptr	602	0.222406
Bullet	load	%class.btVector3	ptr	597	0.220559
Bullet	ret	void	%class.btVector3	597	0.220559
Bullet	call	ptr	ptr,ptr,ptr	540	0.199501
Bullet	fdiv	float	float,float	505	0.186570
Bullet	invoke	ptr	ptr,i32,label,label,ptr	461	0.170314
Bullet	landingpad	{ ptr, i32 }	ptr	408	0.150734
Bullet	invoke	ptr	ptr,label,label,ptr	387	0.142975
Bullet	load	i16	ptr	385	0.142236
Bullet	phi	ptr	ptr,ptr	373	0.137803
Bullet	call	void	ptr,ptr,ptr,ptr	358	0.132261
Bullet	mul	i32	i32,i32	305	0.112681
Bullet	call	void	ptr,i32,i32,ptr	279	0.103075
Bullet	sub	i32	i32,i32	278	0.102706
Bullet	zext	i8	i1	270	0.099750
Bullet	ret	void	i1	265	0.097903
Bullet	invoke	void	ptr,ptr,label,label,ptr	255	0.094209
Bullet	store	void	i1,ptr	243	0.089775
Bullet	zext	i64	i32	240	0.088667
Bullet	invoke	i32	ptr,label,label,ptr	237	0.087559
Bullet	store	void	i16,ptr	220	0.081278
Bullet	call	void	ptr,i32,ptr	216	0.079800
Bullet	and	i32	i32,i32	205	0.075736
Bullet	invoke	void	ptr,ptr,ptr,ptr,label,label,ptr	185	0.068347
Bullet	load	i64	ptr	183	0.067609
Bullet	call	void	ptr	169	0.062436
Bullet	call	%class.btVector3	ptr,ptr	162	0.059850
Bullet	call	void	ptr,ptr,ptr,ptr,ptr,ptr,ptr,ptr,ptr,ptr,ptr	160	0.059111
Bullet	mul	i64	i64,i64	154	0.056895
Bullet	phi	float	float,float	154	0.056895
Bullet	call	ptr	i64,i32,ptr	150	0.055417
Bullet	phi	i32	i32,i32	148	0.054678
Bullet	zext	i32	i16	145	0.053570
Bullet	sitofp	float	i32	144	0.053200
Bullet	call	i1	ptr,ptr	143	0.052831
Bullet	call	i32	ptr,i32,ptr	142	0.052461
Bullet	store	void	i64,ptr	134	0.049506
Bullet	and	i8	i8,i8	132	0.048767
Bullet	call	void	ptr,i32,i32,ptr,ptr	132	0.048767
Bullet	call	void	ptr,ptr,ptr,ptr,ptr,ptr	123	0.045442
Bullet	call	void	ptr,i32,ptr,ptr	121	0.044703
Bullet	call	ptr	ptr,i32,ptr,ptr	116	0.042856
Bullet	invoke	%class.btVector3	ptr,ptr,label,label,ptr	114	0.042117
Bullet	ptrtoint	i64	ptr	106	0.039161
Bullet	zext	i64	i1	85	0.031403
Bullet	call	void	ptr,float,ptr	82	0.030295
Bullet	phi	i1	i1,i1	82	0.030295
Bullet	load	i1	ptr	79	0.029186
Bullet	call	%class.btVector3	ptr,i32,ptr	77	0.028447
Bullet	invoke	void	ptr,ptr,ptr,label,label,ptr	75	0.027708
Bullet	call	void	ptr,ptr,ptr,float,ptr	74	0.027339
Bullet	zext	i32	i1	74	0.027339
Bullet	extractvalue	%class.btQuadWord	%class.btQuaternion	73	0.026970
Bullet	invoke	ptr	ptr,ptr,label,label,ptr	73	0.026970
Bullet	store	void	%class.btQuadWord,ptr	73	0.026970
Bullet	call	float	ptr,i32,i32,i32,i32,ptr	72	0.026600
Bullet	call	ptr	i64,ptr	72	0.026600
Bullet	or	i8	i8,i8	71	0.026231
Bullet	select	i32	i1,i32,i32	71	0.026231
Bullet	fpext	double	float	70	0.025861
Bullet	srem	i32	i32,i32	69	0.025492
Bullet	sub	i64	i64,i64	69	0.025492
Bullet	invoke	void	ptr,i32,ptr,label,label,ptr	68	0.025122
Bullet	invoke	float	ptr,label,label,ptr	64	0.023645
Bullet	call	i1	ptr,ptr,ptr	54	0.019950
Bullet	invoke	void	ptr,float,label,label,ptr	52	0.019211
Bullet	call	ptr	i64,ptr,ptr	48	0.017733
Bullet	zext	i64	i8	48	0.017733
Bullet	invoke	ptr	i64,i32,label,label,ptr	46	0.016994
Bullet	trunc	i32	i64	46	0.016994
Bullet	fcmp	i1	double,double	45	0.016625
Bullet	sdiv	i64	i64,i64	45	0.016625
Bullet	shl	i32	i32,i32	45	0.016625
Bullet	invoke	i1	ptr,label,label,ptr	43	0.015886
Bullet	fptrunc	float	double	42	0.015517
Bullet	or	i32	i32,i32	42	0.015517
Bullet	call	void	ptr,ptr,i32,i32,ptr	41	0.015147
Bullet	invoke	void	ptr,i32,label,label,ptr	39	0.014408
Bullet	trunc	i16	i32	39	0.014408
Bullet	call	i1	ptr,ptr,ptr,ptr	38	0.014039
Bullet	call	void	ptr,i8,i64,i1,ptr	38	0.014039
Bullet	sdiv	i32	i32,i32	38	0.014039
Bullet	call	void	ptr,ptr,ptr,i32,ptr	37	0.013669
Bullet	load	double	ptr	36	0.013300
Bullet	call	%class.btQuaternion	ptr,ptr	35	0.012931
Bullet	getelementptr	ptr	ptr,i32	35	0.012931
Bullet	load	%class.btQuaternion	ptr	34	0.012561
Bullet	ret	void	%class.btQuaternion	34	0.012561
Bullet	call	i32	ptr,ptr,ptr	33	0.012192
Bullet	icmp	i1	i64,i64	32	0.011822
Bullet	sext	i32	i16	32	0.011822
Bullet	call	ptr	ptr,ptr,ptr,ptr	31	0.011453
Bullet	invoke	float	ptr,ptr,label,label,ptr	31	0.011453
Bullet	call	float	float,float,ptr	30	0.011083
Bullet	call	ptr	ptr,i64,ptr	30	0.011083
Bullet	call	%class.btQuaternion	ptr,ptr,ptr	29	0.010714
Bullet	call	i1	i32,ptr	28	0.010344
Bullet	call	i1	ptr,i32,ptr	28	0.010344
Bullet	call	void	ptr,ptr,float,ptr	28	0.010344
Bullet	add	i64	i64,i64	27	0.009975
Bullet	call	float	ptr,ptr,ptr,ptr	27	0.009975
Bullet	call	void	ptr,i64,i32,i32,ptr	27	0.009975
Bullet	zext	i64	i16	27	0.009975
Bullet	call	void	ptr,float,float,float,ptr	25	0.009236
Bullet	call	i16	i16,ptr	24	0.008867
Bullet	fptoui	i16	float	24	0.008867
Bullet	call	ptr	ptr,ptr,ptr,ptr,ptr	23	0.008497
Bullet	trunc	i8	i64	23	0.008497
Bullet	invoke	%class.btVector3	ptr,label,label,ptr	22	0.008128
Bullet	call	%class.btVector3	ptr,ptr,ptr,ptr	21	0.007758
Bullet	call	ptr	ptr,float,ptr,ptr,ptr	21	0.007758
Bullet	call	ptr	ptr,i16,ptr	21	0.007758
Bullet	call	void	ptr,i32,i32,ptr,i1,ptr	21	0.007758
Bullet	call	void	ptr,float,ptr,ptr	20	0.007389
Bullet	lshr	i32	i32,i32	20	0.007389
Bullet	shl	i8	i8,i8	20	0.007389
Bullet	zext	i16	i8	20	0.007389
Bullet	call	i32	i32,ptr	19	0.007019
Bullet	call	void	ptr,i32,ptr,ptr,ptr	19	0.007019
Bullet	invoke	void	ptr,ptr,ptr,ptr,ptr,label,label,ptr	19	0.007019
Bullet	add	i16	i16,i16	18	0.006650
Bullet	call	i32	ptr,ptr,ptr,ptr	18	0.006650
Bullet	call	void	ptr,ptr,ptr,ptr,i32,i32,i1,ptr	18	0.006650
Bullet	switch	void	i32,label,label,label	18	0.006650
Bullet	xor	i32	i32,i32	18	0.006650
Bullet	ashr	i32	i32,i32	17	0.006281
Bullet	call	void	ptr,ptr,float,float,float,ptr	16	0.005911
Bullet	call	void	ptr,ptr,ptr,ptr,ptr,ptr,ptr	16	0.005911
Bullet	call	void	ptr,i32,float,ptr	15	0.005542
Bullet	icmp	i1	i16,i16	15	0.005542
Bullet	invoke	i32	ptr,ptr,label,label,ptr	15	0.005542
Bullet	invoke	void	ptr,ptr,ptr,ptr,ptr,ptr,ptr,ptr,ptr,ptr,label,label,ptr	15	0.005542
Bullet	call	float	ptr,i32,ptr	14	0.005172
Bullet	call	void	ptr,float,float,float,float,ptr	14	0.005172
Bullet	call	void	ptr,ptr,ptr,ptr,ptr,float,ptr	14	0.005172
Bullet	fptosi	i32	float	14	0.005172
Bullet	lshr	i8	i8,i8	14	0.005172
Bullet	call	void	ptr,ptr,i1,ptr	13	0.004803
Bullet	call	void	ptr,ptr,ptr,ptr,ptr,i1,ptr	13	0.004803
Bullet	invoke	ptr	label,label,ptr	13	0.004803
Bullet	invoke	void	ptr,float,float,label,label,ptr	13	0.004803
Bullet	phi	i1	i1,i1,i1	13	0.004803
Bullet	call	float	i32,i32,i32,i32,i32,ptr	12	0.004433
Bullet	call	void	ptr,i32,i16,ptr,i1,ptr	12	0.004433
Bullet	call	{ i64, i1 }	i64,i64,ptr	12	0.004433
Bullet	extractvalue	i1	{ i64, i1 }	12	0.004433
Bullet	extractvalue	i64	{ i64, i1 }	12	0.004433
Bullet	invoke	ptr	ptr,ptr,ptr,label,label,ptr	12	0.004433
Bullet	invoke	void	ptr,ptr,ptr,ptr,i1,label,label,ptr	12	0.004433
Bullet	select	i64	i1,i64,i64	12	0.004433
Bullet	trunc	i8	i16	12	0.004433
Bullet	uitofp	float	i16	12	0.004433
Bullet	uitofp	float	i32	12	0.004433
Bullet	xor	i1	i1,i1	12	0.004433
Bullet	ashr	i8	i8,i8	11	0.004064
Bullet	call	void	ptr,i64,ptr	11	0.004064
Bullet	call	void	ptr,ptr,ptr,ptr,ptr,ptr,ptr,float,ptr,float,ptr	11	0.004064
Bullet	fmul	double	double,double	11	0.004064
Bullet	invoke	i1	ptr,ptr,ptr,ptr,ptr,ptr,label,label,ptr	11	0.004064
Bullet	invoke	void	ptr,i32,i32,ptr,i1,label,label,ptr	11	0.004064
Bullet	invoke	void	ptr,ptr,i32,label,label,ptr	11	0.004064
Bullet	select	float	i1,float,float	11	0.004064
Bullet	sext	i32	i8	11	0.004064
Bullet	call	ptr	ptr,i32,i32,ptr	10	0.003694
Bullet	call	void	ptr,float,float,ptr	10	0.003694
Bullet	call	void	ptr,ptr,float,float,ptr,ptr,ptr	10	0.003694
Bullet	call	void	ptr,ptr,i32,ptr	10	0.003694
Bullet	inttoptr	ptr	i64	10	0.003694
Bullet	invoke	ptr	ptr,i32,i32,label,label,ptr	10	0.003694
Bullet	switch	void	i32,label,label,label,label	10	0.003694
Bullet	call	i32	ptr,i32,i32,ptr	9	0.003325
Bullet	call	i32	ptr,i32,ptr,ptr,ptr	9	0.003325
Bullet	call	void	ptr,float,ptr,ptr,ptr	9	0.003325
Bullet	call	void	ptr,float,ptr,ptr,ptr,ptr	9	0.003325
Bullet	call	void	ptr,i32,ptr,i32,ptr	9	0.003325
Bullet	call	void	ptr,ptr,ptr,ptr,i1,ptr	9	0.003325
Bullet	invoke	ptr	ptr,i64,label,label,ptr	9	0.003325
Bullet	invoke	void	ptr,ptr,ptr,ptr,ptr,float,label,label,ptr	9	0.003325
Bullet	phi	i1	i1,i1,i1,i1,i1,i1	9	0.003325
Bullet	and	i64	i64,i64	8	0.002956
Bullet	call	i1	ptr,ptr,ptr,i32,i32,ptr	8	0.002956
Bullet	call	i1	ptr,ptr,ptr,ptr,ptr,ptr,ptr	8	0.002956
Bullet	invoke	float	float,label,label,ptr	8	0.002956
Bullet	invoke	void	ptr,i32,i32,label,label,ptr	8	0.002956
Bullet	invoke	void	ptr,ptr,ptr,float,label,label,ptr	8	0.002956
Bullet	invoke	void	ptr,ptr,ptr,ptr,ptr,ptr,label,label,ptr	8	0.002956
Bullet	call	i16	ptr,ptr	7	0.002586
Bullet	call	i1	float,ptr	7	0.002586
Bullet	call	i32	ptr,ptr,ptr,ptr,ptr	7	0.002586
Bullet	call	i32	ptr,ptr,ptr,ptr,ptr,ptr,ptr	7	0.002586
Bullet	call	void	ptr,ptr,ptr,ptr,float,ptr	7	0.002586
Bullet	call	void	ptr,ptr,ptr,ptr,ptr,ptr,ptr,ptr,ptr	7	0.002586
Bullet	call	void	ptr,ptr,ptr,ptr,ptr,ptr,ptr,ptr,ptr,i32,ptr	7	0.002586
Bullet	invoke	void	ptr,ptr,float,label,label,ptr	7	0.002586
Bullet	ret	void	i64	7	0.002586
Bullet	zext	i32	i8	7	0.002586
Bullet	call	float	ptr,ptr,i1,ptr	6	0.002217
Bullet	call	float	ptr,ptr,ptr,ptr,ptr,ptr	6	0.002217
Bullet	call	i1	ptr,ptr,ptr,ptr,ptr	6	0.002217
Bullet	call	i32	ptr	6	0.002217
Bullet	call	ptr	ptr	6	0.002217
Bullet	call	ptr	ptr,ptr,i32,i32,i32,ptr,ptr,ptr,ptr,ptr,float,ptr	6	0.002217
Bullet	call	void	ptr,float,float,float,float,float,float,ptr	6	0.002217
Bullet	call	void	ptr,i1,ptr	6	0.002217
Bullet	call	void	ptr,i32,i32,i32,ptr	6	0.002217
Bullet	call	void	ptr,i32,i32,i32,ptr,ptr	6	0.002217
Bullet	call	void	ptr,ptr,float,ptr,ptr	6	0.002217
Bullet	call	void	ptr,ptr,float,ptr,ptr,ptr	6	0.002217
Bullet	invoke	%class.btQuaternion	ptr,ptr,label,label,ptr	6	0.002217
Bullet	invoke	i1	ptr,ptr,ptr,label,label,ptr	6	0.002217
Bullet	invoke	ptr	i64,label,label,ptr	6	0.002217
Bullet	invoke	void	ptr,ptr,i32,ptr,ptr,label,label,ptr	6	0.002217
Bullet	invoke	void	ptr,ptr,ptr,ptr,ptr,i1,label,label,ptr	6	0.002217
Bullet	phi	i16	i16,i16	6	0.002217
Bullet	switch	void	i32,label,label,label,label,label,label,label	6	0.002217
Bullet	udiv	i32	i32,i32	6	0.002217
Bullet	call	float	ptr,ptr,ptr,ptr,ptr	5	0.001847
Bullet	call	i32	ptr,ptr,ptr,ptr,ptr,ptr	5	0.001847
Bullet	call	i64	ptr,ptr	5	0.001847
Bullet	call	ptr	ptr,ptr,ptr,ptr,i1,ptr	5	0.001847
Bullet	call	void	ptr,float,float,float,float,float,ptr	5	0.001847
Bullet	call	void	ptr,i32,ptr,ptr,ptr,ptr	5	0.001847
Bullet	call	void	ptr,ptr,i16,i16,ptr	5	0.001847
Bullet	call	void	ptr,ptr,i32,ptr,ptr,i32,i32,ptr	5	0.001847
Bullet	call	void	ptr,ptr,ptr,float,ptr,ptr	5	0.001847
Bullet	call	void	ptr,ptr,ptr,ptr,float,float,float,float,ptr,i1,float,ptr	5	0.001847
Bullet	fdiv	double	double,double	5	0.001847
Bullet	invoke	%class.btVector3	ptr,i32,label,label,ptr	5	0.001847
Bullet	invoke	i1	ptr,ptr,label,label,ptr	5	0.001847
Bullet	invoke	i32	ptr,i32,label,label,ptr	5	0.001847
Bullet	invoke	i32	ptr,ptr,ptr,label,label,ptr	5	0.001847
Bullet	invoke	void	ptr,ptr,i32,i32,label,label,ptr	5	0.001847
Bullet	lshr	i64	i64,i64	5	0.001847
Bullet	phi	i1	i1,i1,i1,i1	5	0.001847
Bullet	ret	void	i16	5	0.001847
Bullet	switch	void	i32,label,label,label,label,label,label	5	0.001847
Bullet	xor	i64	i64,i64	5	0.001847
Bullet	call	%class.btVector3	ptr,ptr,float,ptr	4	0.001478
Bullet	call	float	ptr,float,float,float,float,float,ptr	4	0.001478
Bullet	call	float	ptr,ptr,i32,ptr	4	0.001478
Bullet	call	float	ptr,ptr,i32,ptr,ptr,ptr	4	0.001478
Bullet	call	i32	ptr,ptr,i32,i32,ptr	4	0.001478
Bullet	call	i32	ptr,ptr,i32,ptr,ptr	4	0.001478
Bullet	call	ptr	i32,ptr	4	0.001478
Bullet	call	ptr	ptr,ptr,ptr,i32,ptr,i16,i16,ptr,ptr,ptr	4	0.001478
Bullet	call	void	ptr,float,i32,ptr	4	0.001478
Bullet	call	void	ptr,i16,ptr	4	0.001478
Bullet	call	void	ptr,i32,i32,i32,i32,ptr	4	0.001478
Bullet	call	void	ptr,i64,i64,ptr	4	0.001478
Bullet	call	void	ptr,ptr,float,ptr,i32,ptr	4	0.001478
Bullet	call	void	ptr,ptr,float,ptr,ptr,ptr,ptr	4	0.001478
Bullet	call	void	ptr,ptr,i32,ptr,ptr	4	0.001478
Bullet	extractvalue	i64	{ i64, i64 }	4	0.001478
Bullet	invoke	ptr	ptr,i32,i32,i32,label,label,ptr	4	0.001478
Bullet	invoke	ptr	ptr,ptr,i32,label,label,ptr	4	0.001478
Bullet	invoke	ptr	ptr,ptr,ptr,ptr,label,label,ptr	4	0.001478
Bullet	invoke	void	ptr,i32,i32,i32,label,label,ptr	4	0.001478
Bullet	invoke	void	ptr,i64,label,label,ptr	4	0.001478
Bullet	store	void	[2 x i64],ptr	4	0.001478
Bullet	switch	void	i32,label,label,label,label,label,label,label,label	4	0.001478
Bullet	trunc	i8	i32	4	0.001478
Bullet	urem	i64	i64,i64	4	0.001478
Bullet	call	%class.btVector3	ptr,ptr,i32,ptr	3	0.001108
Bullet	call	%class.btVector3	ptr,ptr,ptr,ptr,ptr	3	0.001108
Bullet	call	[2 x i64]	float,ptr	3	0.001108
Bullet	call	float	ptr	3	0.001108
Bullet	call	float	ptr,ptr,i32,ptr,i32,ptr,i32,ptr,ptr,ptr,ptr,ptr	3	0.001108
Bullet	call	i1	ptr,i32,ptr,ptr,i32,ptr,ptr	3	0.001108
Bullet	call	i1	ptr,ptr,ptr,ptr,float,ptr	3	0.001108
Bullet	call	i32	float,ptr	3	0.001108
Bullet	call	i32	ptr,ptr,double,ptr	3	0.001108
Bullet	call	i32	ptr,ptr,i1,ptr	3	0.001108
Bullet	call	i32	ptr,ptr,i32,i32,i32,ptr	3	0.001108
Bullet	call	ptr	ptr,i32,i32,i32,ptr	3	0.001108
Bullet	call	ptr	ptr,i64,i64,ptr	3	0.001108
Bullet	call	void	ptr,i32,i1,ptr	3	0.001108
Bullet	call	void	ptr,ptr,ptr,ptr,float,ptr,ptr,ptr	3	0.001108
Bullet	call	void	ptr,ptr,ptr,ptr,i16,i16,ptr,ptr	3	0.001108
Bullet	fptoui	i32	float	3	0.001108
Bullet	invoke	%class.btQuaternion	ptr,label,label,ptr	3	0.001108
Bullet	invoke	%class.btVector3	ptr,ptr,float,label,label,ptr	3	0.001108
Bullet	invoke	i1	ptr,i32,label,label,ptr	3	0.001108
Bullet	invoke	ptr	i64,ptr,label,label,ptr	3	0.001108
Bullet	invoke	void	ptr,float,ptr,label,label,ptr	3	0.001108
Bullet	load	{ i64, i64 }	ptr	3	0.001108
Bullet	store	void	{ i64, i64 },ptr	3	0.001108
Bullet	switch	void	i32,label,label	3	0.001108
Bullet	ashr	i64	i64,i64	2	0.000739
Bullet	call	%class.btVector3	ptr,float,float,ptr	2	0.000739
Bullet	call	%class.btVector3	ptr,float,ptr	2	0.000739
Bullet	call	%class.btVector3	ptr,ptr,i32,ptr,ptr	2	0.000739
Bullet	call	float	float,float,float,ptr,ptr	2	0.000739
Bullet	call	float	ptr,ptr,float,float,ptr	2	0.000739
Bullet	call	float	ptr,ptr,float,i32,i32,ptr	2	0.000739
Bullet	call	float	ptr,ptr,float,ptr	2	0.000739
Bullet	call	float	ptr,ptr,ptr,ptr,ptr,ptr,float,ptr	2	0.000739
Bullet	call	i1	ptr,ptr,float,ptr	2	0.000739
Bullet	call	i1	ptr,ptr,i32,i32,ptr	2	0.000739
Bullet	call	i1	ptr,ptr,ptr,i1,ptr	2	0.000739
Bullet	call	i1	ptr,ptr,ptr,i32,i32,i1,ptr	2	0.000739
Bullet	call	i1	ptr,ptr,ptr,ptr,ptr,float,float,ptr	2	0.000739
Bullet	call	i1	ptr,ptr,ptr,ptr,ptr,ptr,i1,ptr	2	0.000739
Bullet	call	i32	i32,i32,i32,ptr	2	0.000739
Bullet	call	i32	ptr,ptr,ptr,float,ptr	2	0.000739
Bullet	call	i32	ptr,ptr,ptr,ptr,ptr,ptr,ptr,ptr,ptr,i32,ptr,i32,ptr	2	0.000739
Bullet	call	i64	ptr,i64,ptr	2	0.000739
Bullet	call	ptr	ptr,ptr,ptr,i32,ptr	2	0.000739
Bullet	call	ptr	ptr,ptr,ptr,ptr,ptr,ptr	2	0.000739
Bullet	call	void	ptr,float,float,float,ptr,ptr,ptr	2	0.000739
Bullet	call	void	ptr,float,ptr,ptr,float,ptr,ptr,ptr	2	0.000739
Bullet	call	void	ptr,i32,i32,i64,ptr	2	0.000739
Bullet	call	void	ptr,ptr,i32,i32,i32,ptr	2	0.000739
Bullet	call	void	ptr,ptr,ptr,float,float,ptr	2	0.000739
Bullet	call	void	ptr,ptr,ptr,ptr,i32,i32,ptr	2	0.000739
Bullet	call	void	ptr,ptr,ptr,ptr,ptr,i1,i32,i32,ptr	2	0.000739
Bullet	call	void	ptr,ptr,ptr,ptr,ptr,ptr,i1,ptr	2	0.000739
Bullet	call	void	ptr,ptr,ptr,ptr,ptr,ptr,i32,i32,ptr	2	0.000739
Bullet	call	void	ptr,ptr,ptr,ptr,ptr,ptr,ptr,float,ptr	2	0.000739
Bullet	call	void	ptr,ptr,ptr,ptr,ptr,ptr,ptr,i32,i32,ptr	2	0.000739
Bullet	fptosi	i32	double	2	0.000739
Bullet	invoke	%class.btVector3	ptr,ptr,i32,label,label,ptr	2	0.000739
Bullet	invoke	%class.btVector3	ptr,ptr,ptr,label,label,ptr	2	0.000739
Bullet	invoke	float	ptr,ptr,i1,label,label,ptr	2	0.000739
Bullet	invoke	float	ptr,ptr,i32,ptr,i32,ptr,i32,ptr,ptr,ptr,label,label,ptr	2	0.000739
Bullet	invoke	i1	ptr,ptr,ptr,ptr,label,label,ptr	2	0.000739
Bullet	invoke	i1	ptr,ptr,ptr,ptr,ptr,float,float,label,label,ptr	2	0.000739
Bullet	invoke	i1	ptr,ptr,ptr,ptr,ptr,label,label,ptr	2	0.000739
Bullet	invoke	i32	ptr,i32,ptr,ptr,label,label,ptr	2	0.000739
Bullet	invoke	i32	ptr,ptr,ptr,float,label,label,ptr	2	0.000739
Bullet	invoke	void	ptr,float,ptr,ptr,ptr,label,label,ptr	2	0.000739
Bullet	invoke	void	ptr,i1,label,label,ptr	2	0.000739
Bullet	invoke	void	ptr,i16,label,label,ptr	2	0.000739
Bullet	invoke	void	ptr,i32,float,label,label,ptr	2	0.000739
Bullet	invoke	void	ptr,i32,i1,label,label,ptr	2	0.000739
Bullet	invoke	void	ptr,i32,i32,i32,ptr,label,label,ptr	2	0.000739
Bullet	invoke	void	ptr,i32,i32,ptr,float,float,float,i32,i32,i1,label,label,ptr	2	0.000739
Bullet	invoke	void	ptr,ptr,float,ptr,label,label,ptr	2	0.000739
Bullet	invoke	void	ptr,ptr,float,ptr,ptr,label,label,ptr	2	0.000739
Bullet	invoke	void	ptr,ptr,i1,ptr,ptr,label,label,ptr	2	0.000739
Bullet	invoke	void	ptr,ptr,i32,ptr,i32,i32,label,label,ptr	2	0.000739
Bullet	invoke	void	ptr,ptr,ptr,float,ptr,label,label,ptr	2	0.000739
Bullet	invoke	void	ptr,ptr,ptr,i32,label,label,ptr	2	0.000739
Bullet	invoke	void	ptr,ptr,ptr,ptr,ptr,ptr,float,ptr,ptr,ptr,label,label,ptr	2	0.000739
Bullet	invoke	void	ptr,ptr,ptr,ptr,ptr,ptr,ptr,label,label,ptr	2	0.000739
Bullet	load	[2 x i64]	ptr	2	0.000739
Bullet	phi	i64	i64,i64	2	0.000739
Bullet	ret	void	[2 x i64]	2	0.000739
Bullet	select	i16	i1,i16,i16	2	0.000739
Bullet	switch	void	i32,label,label,label,label,label	2	0.000739
Bullet	switch	void	i32,label,label,label,label,label,label,label,label,label,label,label,label,label	2	0.000739
Bullet	udiv	i64	i64,i64	2	0.000739
Bullet	uitofp	float	i64	2	0.000739
Bullet	call	%class.btVector4	ptr,ptr	1	0.000369
Bullet	call	float	ptr,float,float,ptr	1	0.000369
Bullet	call	float	ptr,float,float,ptr,ptr,ptr,ptr,ptr,ptr,i32,ptr,ptr,ptr	1	0.000369
Bullet	call	float	ptr,float,ptr,float,ptr,ptr,ptr,ptr,ptr	1	0.000369
Bullet	call	float	ptr,float,ptr,ptr,ptr,ptr	1	0.000369
Bullet	call	float	ptr,i32,i32,ptr	1	0.000369
Bullet	call	float	ptr,ptr,float,float,float,float,i32,i32,ptr,ptr,float,ptr	1	0.000369
Bullet	call	float	ptr,ptr,ptr,ptr,float,ptr	1	0.000369
Bullet	call	float	ptr,ptr,ptr,ptr,ptr,float,ptr	1	0.000369
Bullet	call	float	ptr,ptr,ptr,ptr,ptr,float,ptr,ptr,ptr	1	0.000369
Bullet	call	float	ptr,ptr,ptr,ptr,ptr,ptr,ptr	1	0.000369
Bullet	call	i16	ptr,ptr,ptr,ptr,i16,i16,ptr,ptr,ptr	1	0.000369
Bullet	call	i1	ptr,i32,i32,float,ptr	1	0.000369
Bullet	call	i1	ptr,i32,ptr,ptr,ptr	1	0.000369
Bullet	call	i1	ptr,ptr,i32,i1,ptr	1	0.000369
Bullet	call	i1	ptr,ptr,i32,i32,ptr,i32,i32,ptr	1	0.000369
Bullet	call	i1	ptr,ptr,ptr,float,ptr,ptr	1	0.000369
Bullet	call	i1	ptr,ptr,ptr,ptr,float,ptr,ptr,ptr,float,ptr,ptr	1	0.000369
Bullet	call	i1	ptr,ptr,ptr,ptr,ptr,ptr,float,ptr	1	0.000369
Bullet	call	i1	ptr,ptr,ptr,ptr,ptr,ptr,ptr,ptr	1	0.000369
Bullet	call	i1	ptr,ptr,ptr,ptr,ptr,ptr,ptr,ptr,ptr,ptr,ptr,ptr	1	0.000369
Bullet	call	i32	i32,i32,i32,ptr,ptr	1	0.000369
Bullet	call	i32	ptr,double,ptr	1	0.000369
Bullet	call	i32	ptr,float,i32,float,ptr	1	0.000369
Bullet	call	i32	ptr,float,ptr	1	0.000369
Bullet	call	i32	ptr,i32,float,ptr	1	0.000369
Bullet	call	i32	ptr,i32,i32,i32,ptr	1	0.000369
Bullet	call	i32	ptr,i32,ptr,double,double,i32,ptr	1	0.000369
Bullet	call	i32	ptr,ptr,double,double,ptr	1	0.000369
Bullet	call	i32	ptr,ptr,i32,ptr,i64,ptr	1	0.000369
Bullet	call	i32	ptr,ptr,i32,ptr,ptr,i32,ptr	1	0.000369
Bullet	call	i32	ptr,ptr,i32,ptr,ptr,ptr,ptr,ptr,ptr,ptr	1	0.000369
Bullet	call	i32	ptr,ptr,ptr,ptr,i16,i16,ptr,ptr,ptr	1	0.000369
Bullet	call	i32	ptr,ptr,ptr,ptr,ptr,i64,ptr	1	0.000369
Bullet	call	i32	ptr,ptr,ptr,ptr,ptr,ptr,i1,ptr	1	0.000369
Bullet	call	i32	ptr,ptr,ptr,ptr,ptr,ptr,ptr,ptr	1	0.000369
Bullet	call	i32	ptr,ptr,ptr,ptr,ptr,ptr,ptr,ptr,ptr	1	0.000369
Bullet	call	i32	ptr,ptr,ptr,ptr,ptr,ptr,ptr,ptr,ptr,i32,ptr,i32,ptr,ptr	1	0.000369
Bullet	call	ptr	ptr,i32,i1,ptr	1	0.000369
Bullet	call	void	i32,ptr	1	0.000369
Bullet	call	void	i32,ptr,i32,i32,ptr,ptr	1	0.000369
Bullet	call	void	ptr,float,i1,ptr	1	0.000369
Bullet	call	void	ptr,i16,ptr,ptr	1	0.000369
Bullet	call	void	ptr,i16,ptr,ptr,ptr,ptr	1	0.000369
Bullet	call	void	ptr,i32,i32,ptr,i32,ptr	1	0.000369
Bullet	call	void	ptr,i32,ptr,i32,i32,ptr,i32,ptr	1	0.000369
Bullet	call	void	ptr,ptr,float,float,ptr	1	0.000369
Bullet	call	void	ptr,ptr,float,i32,ptr	1	0.000369
Bullet	call	void	ptr,ptr,float,ptr,i32,i64,ptr	1	0.000369
Bullet	call	void	ptr,ptr,i1,ptr,ptr,ptr	1	0.000369
Bullet	call	void	ptr,ptr,i32,i32,ptr,ptr	1	0.000369
Bullet	call	void	ptr,ptr,i64,ptr	1	0.000369
Bullet	call	void	ptr,ptr,ptr,i16,i16,i16,ptr,i1,ptr	1	0.000369
Bullet	call	void	ptr,ptr,ptr,i32,i32,i32,ptr,i1,ptr	1	0.000369
Bullet	call	void	ptr,ptr,ptr,i32,ptr,ptr,ptr	1	0.000369
Bullet	call	void	ptr,ptr,ptr,ptr,float,float,float,float,float,ptr,float,ptr	1	0.000369
Bullet	call	void	ptr,ptr,ptr,ptr,float,ptr,ptr,float,ptr	1	0.000369
Bullet	call	void	ptr,ptr,ptr,ptr,ptr,ptr,float,float,ptr	1	0.000369
Bullet	extractvalue	%class.btVector3	%class.btVector4	1	0.000369
Bullet	fadd	double	double,double	1	0.000369
Bullet	fsub	double	double,double	1	0.000369
Bullet	invoke	[2 x i64]	ptr,ptr,i32,ptr,label,label,ptr	1	0.000369
Bullet	invoke	float	label,label,ptr	1	0.000369
Bullet	invoke	float	ptr,i32,label,label,ptr	1	0.000369
Bullet	invoke	float	ptr,ptr,float,label,label,ptr	1	0.000369
Bullet	invoke	float	ptr,ptr,ptr,float,i32,i32,label,label,ptr	1	0.000369
Bullet	invoke	float	ptr,ptr,ptr,float,i32,label,label,ptr	1	0.000369
Bullet	invoke	float	ptr,ptr,ptr,ptr,ptr,label,label,ptr	1	0.000369
Bullet	invoke	i1	float,label,label,ptr	1	0.000369
Bullet	invoke	i1	ptr,i32,ptr,i32,ptr,ptr,float,ptr,label,label,ptr	1	0.000369
Bullet	invoke	i1	ptr,i32,ptr,ptr,i32,label,label,ptr	1	0.000369
Bullet	invoke	i1	ptr,ptr,ptr,ptr,float,label,label,ptr	1	0.000369
Bullet	invoke	i1	ptr,ptr,ptr,ptr,ptr,ptr,i1,label,label,ptr	1	0.000369
Bullet	invoke	i32	ptr,ptr,i32,label,label,ptr	1	0.000369
Bullet	invoke	ptr	ptr,float,label,label,ptr	1	0.000369
Bullet	invoke	void	label,label,ptr	1	0.000369
Bullet	invoke	void	ptr,float,i1,label,label,ptr	1	0.000369
Bullet	invoke	void	ptr,i32,i32,i32,i32,ptr,label,label,ptr	1	0.000369
Bullet	invoke	void	ptr,i32,i32,ptr,i32,label,label,ptr	1	0.000369
Bullet	invoke	void	ptr,i32,i64,label,label,ptr	1	0.000369
Bullet	invoke	void	ptr,ptr,float,float,label,label,ptr	1	0.000369
Bullet	invoke	void	ptr,ptr,float,i32,label,label,ptr	1	0.000369
Bullet	invoke	void	ptr,ptr,i1,i1,label,label,ptr	1	0.000369
Bullet	invoke	void	ptr,ptr,i1,label,label,ptr	1	0.000369
Bullet	invoke	void	ptr,ptr,i32,i32,i32,i32,label,label,ptr	1	0.000369
Bullet	invoke	void	ptr,ptr,i32,ptr,ptr,ptr,i32,label,label,ptr	1	0.000369
Bullet	invoke	void	ptr,ptr,ptr,float,i32,ptr,label,label,ptr	1	0.000369
Bullet	invoke	void	ptr,ptr,ptr,i16,ptr,i1,label,label,ptr	1	0.000369
Bullet	invoke	void	ptr,ptr,ptr,i32,float,float,label,label,ptr	1	0.000369
Bullet	invoke	void	ptr,ptr,ptr,i32,i32,float,float,ptr,ptr,label,label,ptr	1	0.000369
Bullet	invoke	void	ptr,ptr,ptr,i32,ptr,i16,i16,label,label,ptr	1	0.000369
Bullet	invoke	void	ptr,ptr,ptr,i32,ptr,i16,i16,ptr,label,label,ptr	1	0.000369
Bullet	invoke	void	ptr,ptr,ptr,ptr,float,label,label,ptr	1	0.000369
Bullet	invoke	void	ptr,ptr,ptr,ptr,float,ptr,ptr,label,label,ptr	1	0.000369
Bullet	invoke	void	ptr,ptr,ptr,ptr,i16,i16,label,label,ptr	1	0.000369
Bullet	invoke	void	ptr,ptr,ptr,ptr,i32,ptr,ptr,ptr,label,label,ptr	1	0.000369
Bullet	invoke	void	ptr,ptr,ptr,ptr,ptr,i1,ptr,label,label,ptr	1	0.000369
Bullet	invoke	void	ptr,ptr,ptr,ptr,ptr,ptr,float,label,label,ptr	1	0.000369
Bullet	invoke	void	ptr,ptr,ptr,ptr,ptr,ptr,i1,label,label,ptr	1	0.000369
Bullet	invoke	void	ptr,ptr,ptr,ptr,ptr,ptr,i32,label,label,ptr	1	0.000369
Bullet	invoke	void	ptr,ptr,ptr,ptr,ptr,ptr,ptr,float,label,label,ptr	1	0.000369
Bullet	load	%class.btVector4	ptr	1	0.000369
Bullet	ret	void	%class.btVector4	1	0.000369
Bullet	select	i1	i1,i1,i1	1	0.000369
Bullet	sitofp	double	i32	1	0.000369
Bullet	store	void	%class.btVector3,ptr	1	0.000369
Bullet	switch	void	i32,label,label,label,label,label,label,label,label,label,label	1	0.000369
Bullet	urem	i32	i32,i32	1	0.000369
ClamAV	load	ptr	ptr	28814	16.536391
ClamAV	load	i32	ptr	18306	10.505837
ClamAV	getelementptr	ptr	ptr,i32,i32	14850	8.522434
ClamAV	br	void	label	13775	7.905490
ClamAV	br	void	i1,label,label	10860	6.232568
ClamAV	store	void	i32,ptr	10579	6.071301
ClamAV	icmp	i1	i32,i32	7029	4.033952
ClamAV	alloca	ptr	i32	6655	3.819313
ClamAV	store	void	ptr,ptr	6198	3.557040
ClamAV	getelementptr	ptr	ptr,i64	4734	2.716849
ClamAV	load	i64	ptr	3620	2.077523
ClamAV	load	i8	ptr	2944	1.689565
ClamAV	add	i32	i32,i32	2919	1.675218
ClamAV	call	void	ptr,ptr	2852	1.636766
ClamAV	icmp	i1	ptr,ptr	2745	1.575359
ClamAV	zext	i64	i32	2268	1.301608
ClamAV	getelementptr	ptr	ptr,i64,i64	2048	1.175350
ClamAV	zext	i32	i8	2044	1.173054
ClamAV	load	i16	ptr	1983	1.138046
ClamAV	store	void	i64,ptr	1729	0.992275
ClamAV	sext	i64	i32	1638	0.940050
ClamAV	zext	i32	i16	1408	0.808053
ClamAV	and	i32	i32,i32	1384	0.794279
ClamAV	store	void	i8,ptr	1358	0.779358
ClamAV	sub	i32	i32,i32	1211	0.694994
ClamAV	shl	i32	i32,i32	974	0.558980
ClamAV	call	i32	ptr,ptr	965	0.553815
ClamAV	icmp	i1	i64,i64	909	0.521676
ClamAV	add	i64	i64,i64	854	0.490112
ClamAV	or	i32	i32,i32	814	0.467156
ClamAV	store	void	i16,ptr	779	0.447069
ClamAV	sub	i64	i64,i64	669	0.383940
ClamAV	getelementptr	ptr	ptr,i32	664	0.381070
ClamAV	lshr	i32	i32,i32	631	0.362132
ClamAV	call	i32	ptr,ptr,ptr	583	0.334584
ClamAV	xor	i32	i32,i32	563	0.323106
ClamAV	ret	void	i32	510	0.292690
ClamAV	trunc	i8	i32	488	0.280064
ClamAV	call	void	ptr,i32,ptr	482	0.276620
ClamAV	trunc	i32	i64	423	0.242760
ClamAV	call	void	ptr,ptr,ptr	392	0.224969
ClamAV	trunc	i16	i32	387	0.222100
ClamAV	call	i32	i32,ptr	300	0.172170
ClamAV	ptrtoint	i64	ptr	299	0.171596
ClamAV	icmp	i1	i8,i8	293	0.168153
ClamAV	call	ptr	ptr,ptr	286	0.164136
ClamAV	mul	i32	i32,i32	270	0.154953
ClamAV	zext	i64	i8	265	0.152084
ClamAV	call	i64	ptr,ptr	242	0.138884
ClamAV	call	i32	i32,ptr,i32,ptr	229	0.131423
ClamAV	ret	void	-	216	0.123963
ClamAV	call	ptr	ptr	215	0.123389
ClamAV	call	void	ptr,ptr,i64,i1,ptr	213	0.122241
ClamAV	call	ptr	i64,ptr	209	0.119945
ClamAV	call	i32	ptr,i32,ptr	205	0.117650
ClamAV	zext	i64	i16	197	0.113059
ClamAV	phi	i32	i32,i32	195	0.111911
ClamAV	ashr	i32	i32,i32	185	0.106172
ClamAV	and	i64	i64,i64	180	0.103302
ClamAV	call	i64	i32,i64,i32,ptr	180	0.103302
ClamAV	call	i32	ptr,ptr,i64,ptr	177	0.101581
ClamAV	call	ptr	ptr,ptr,ptr	171	0.098137
ClamAV	ret	void	ptr	153	0.087807
ClamAV	phi	i1	i1,i1	151	0.086659
ClamAV	mul	i64	i64,i64	114	0.065425
ClamAV	zext	i32	i1	113	0.064851
ClamAV	zext	i64	i1	111	0.063703
ClamAV	lshr	i64	i64,i64	108	0.061981
ClamAV	call	i32	i32,ptr,ptr	103	0.059112
ClamAV	shl	i64	i64,i64	103	0.059112
ClamAV	add	i16	i16,i16	102	0.058538
ClamAV	call	i32	ptr,ptr,ptr,i32,ptr	99	0.056816
ClamAV	call	ptr	i64,i64,ptr	94	0.053947
ClamAV	sext	i32	i16	92	0.052799
ClamAV	select	i32	i1,i32,i32	86	0.049356
ClamAV	call	ptr	ptr,i32,ptr	79	0.045338
ClamAV	call	void	ptr,ptr,ptr,ptr	78	0.044764
ClamAV	call	void	ptr,ptr,i8,ptr	77	0.044190
ClamAV	call	i32	ptr,ptr,i32,ptr	71	0.040747
ClamAV	icmp	i1	i16,i16	67	0.038451
ClamAV	phi	ptr	ptr,ptr	62	0.035582
ClamAV	call	i32	ptr,ptr,ptr,ptr	61	0.035008
ClamAV	call	void	ptr,i8,i64,i1,ptr	60	0.034434
ClamAV	call	i32	ptr,i64,ptr	58	0.033286
ClamAV	call	void	ptr,i64,i64,ptr	56	0.032138
ClamAV	udiv	i32	i32,i32	56	0.032138
ClamAV	call	ptr	ptr,i32,ptr,ptr	55	0.031565
ClamAV	call	ptr	ptr,i64,ptr	54	0.030991
ClamAV	call	void	ptr,ptr,i32,ptr	54	0.030991
ClamAV	call	void	ptr,i32,i32,ptr	51	0.029269
ClamAV	call	void	ptr,i64,ptr	50	0.028695
ClamAV	ret	void	i64	48	0.027547
ClamAV	or	i64	i64,i64	47	0.026973
ClamAV	urem	i32	i32,i32	47	0.026973
ClamAV	trunc	i8	i64	46	0.026399
ClamAV	call	i32	ptr,i32,i32,ptr	45	0.025826
ClamAV	phi	i64	i64,i64	45	0.025826
ClamAV	call	ptr	i32,ptr	41	0.023530
ClamAV	xor	i1	i1,i1	41	0.023530
ClamAV	call	ptr	ptr,ptr,i64,ptr	40	0.022956
ClamAV	udiv	i64	i64,i64	40	0.022956
ClamAV	call	ptr	ptr,i32,i32,ptr	37	0.021234
ClamAV	add	i8	i8,i8	34	0.019513
ClamAV	call	void	ptr,i32,ptr,ptr	34	0.019513
ClamAV	switch	void	i32,label,label,label,label	34	0.019513
ClamAV	call	i64	i64,ptr,i32,ptr	33	0.018939
ClamAV	call	ptr	ptr,ptr,ptr,i64,i64,ptr	32	0.018365
ClamAV	call	i64	i32,ptr,i64,ptr	29	0.016643
ClamAV	switch	void	i32,label,label,label	29	0.016643
ClamAV	call	i32	ptr,i64,ptr,ptr,ptr	28	0.016069
ClamAV	sdiv	i32	i32,i32	28	0.016069
ClamAV	call	i64	ptr,i64,i64,ptr,ptr	27	0.015495
ClamAV	urem	i64	i64,i64	26	0.014921
ClamAV	call	i32	i32,i8,ptr	25	0.014348
ClamAV	call	i32	ptr,ptr,ptr,ptr,ptr	25	0.014348
ClamAV	select	ptr	i1,ptr,ptr	25	0.014348
ClamAV	call	i32	ptr,ptr,ptr,ptr,ptr,ptr	24	0.013774
ClamAV	call	ptr	ptr,ptr,ptr,i64,i64,i64,i32,ptr	24	0.013774
ClamAV	srem	i32	i32,i32	24	0.013774
ClamAV	call	ptr	ptr,ptr,i32,ptr	23	0.013200
ClamAV	call	void	i32,ptr	23	0.013200
ClamAV	call	i32	i32,i32,ptr	22	0.012626
ClamAV	call	void	ptr,i32,i64,ptr	22	0.012626
ClamAV	phi	i1	i1,i1,i1	22	0.012626
ClamAV	store	void	i1,ptr	22	0.012626
ClamAV	unreachable	void	-	22	0.012626
ClamAV	call	i16	i16,i32,ptr	21	0.012052
ClamAV	call	i32	ptr	21	0.012052
ClamAV	call	void	ptr,ptr,ptr,i32,ptr	18	0.010330
ClamAV	call	void	ptr,i32,i32,i32,ptr	17	0.009756
ClamAV	call	void	ptr,ptr,i64,i32,ptr	17	0.009756
ClamAV	trunc	i8	i16	17	0.009756
ClamAV	call	ptr	i32,ptr,ptr	16	0.009182
ClamAV	ret	void	i8	16	0.009182
ClamAV	call	i32	ptr,ptr,i32,ptr,ptr	15	0.008609
ClamAV	call	i32	ptr,i32,ptr,ptr,i32,i32,i32,ptr	14	0.008035
ClamAV	call	i32	ptr,i32,ptr,ptr	13	0.007461
ClamAV	call	i64	ptr,ptr,i64,ptr	13	0.007461
ClamAV	call	i64	ptr,ptr,ptr	13	0.007461
ClamAV	call	i8	i8,ptr	13	0.007461
ClamAV	switch	void	i32,label,label,label,label,label	13	0.007461
ClamAV	trunc	i16	i64	13	0.007461
ClamAV	call	i16	i16,i8,ptr	12	0.006887
ClamAV	call	i32	ptr,ptr,ptr,ptr,ptr,i32,ptr	12	0.006887
ClamAV	call	void	ptr,ptr,i64,ptr	12	0.006887
ClamAV	sdiv	i64	i64,i64	12	0.006887
ClamAV	sext	i64	i16	12	0.006887
ClamAV	call	i32	i8,ptr,ptr,ptr,ptr,ptr,i32,ptr	11	0.006313
ClamAV	call	i32	ptr,ptr,ptr,i32,i16,ptr	11	0.006313
ClamAV	call	i64	i32,ptr,ptr	11	0.006313
ClamAV	call	i8	ptr,ptr	11	0.006313
ClamAV	call	void	ptr,i64,i64,i64,ptr	11	0.006313
ClamAV	call	void	ptr,ptr,i32,i32,ptr	11	0.006313
ClamAV	call	i32	ptr,i32,i8,ptr	10	0.005739
ClamAV	call	i32	ptr,i64,ptr,ptr,ptr,ptr	10	0.005739
ClamAV	call	i32	ptr,ptr,i64,ptr,i32,ptr	10	0.005739
ClamAV	call	ptr	ptr,i32,ptr,i32,ptr	10	0.005739
ClamAV	call	void	i32,ptr,ptr,i32,ptr,i32,ptr,ptr,ptr	10	0.005739
ClamAV	call	void	ptr,i32,ptr,ptr,ptr	10	0.005739
ClamAV	sext	i32	i8	10	0.005739
ClamAV	and	i8	i8,i8	9	0.005165
ClamAV	call	i16	ptr,i32,ptr	9	0.005165
ClamAV	call	i32	i32,ptr,i8,i32,i8,ptr,ptr	9	0.005165
ClamAV	call	i32	i32,ptr,ptr,i32,ptr	9	0.005165
ClamAV	call	i32	ptr,i64,ptr,i32,ptr	9	0.005165
ClamAV	call	i32	ptr,ptr,i32,i32,i32,i32,i32,i32,ptr	9	0.005165
ClamAV	call	i32	ptr,ptr,ptr,ptr,i32,ptr	9	0.005165
ClamAV	switch	void	i32,label,label	9	0.005165
ClamAV	switch	void	i32,label,label,label,label,label,label	9	0.005165
ClamAV	zext	i16	i8	9	0.005165
ClamAV	call	i32	ptr,i32,ptr,ptr,ptr,i8,i32,i32,i32,ptr,ptr	8	0.004591
ClamAV	call	i64	ptr,i64,i64,i64,i32,i64,ptr	8	0.004591
ClamAV	call	ptr	ptr,i32,ptr,ptr,ptr	8	0.004591
ClamAV	call	ptr	ptr,i64,i64,ptr,i32,ptr,ptr	8	0.004591
ClamAV	call	ptr	ptr,i64,ptr,i64,ptr	8	0.004591
ClamAV	call	void	ptr	8	0.004591
ClamAV	switch	void	i32,label,label,label,label,label,label,label,label	8	0.004591
ClamAV	call	i1	ptr,ptr	7	0.004017
ClamAV	call	i32	i32,i32,ptr,ptr,ptr	7	0.004017
ClamAV	call	i32	i32,ptr,i16,ptr,i64,i32,ptr	7	0.004017
ClamAV	call	i32	i32,ptr,i64,i64,ptr,i64,ptr	7	0.004017
ClamAV	call	i32	i32,ptr,ptr,ptr,ptr,ptr	7	0.004017
ClamAV	call	i32	ptr,ptr,i32,i32,ptr	7	0.004017
ClamAV	call	i64	ptr,i64,i64,ptr	7	0.004017
ClamAV	phi	i1	i1,i1,i1,i1	7	0.004017
ClamAV	phi	i1	i1,i1,i1,i1,i1,i1	7	0.004017
ClamAV	ret	void	i16	7	0.004017
ClamAV	switch	void	i32,label,label,label,label,label,label,label	7	0.004017
ClamAV	xor	i64	i64,i64	7	0.004017
ClamAV	call	i32	i32,i32,i32,ptr	6	0.003443
ClamAV	call	i32	i32,ptr,i32,ptr,ptr,ptr,ptr	6	0.003443
ClamAV	call	i32	i32,ptr,i64,ptr	6	0.003443
ClamAV	call	i32	i32,ptr,ptr,ptr	6	0.003443
ClamAV	call	ptr	ptr,i64,i32,i32,i32,i64,ptr	6	0.003443
ClamAV	call	ptr	ptr,ptr,ptr,ptr	6	0.003443
ClamAV	call	void	ptr,i32,i32,i32,i32,ptr	6	0.003443
ClamAV	call	void	ptr,i64,i32,i32,ptr	6	0.003443
ClamAV	call	i32	ptr,i32,i32,ptr,ptr,ptr,ptr,i32,ptr	5	0.002870
ClamAV	call	i32	ptr,i32,i32,ptr,ptr,ptr,ptr,ptr,ptr,ptr	5	0.002870
ClamAV	call	i32	ptr,i64,ptr,ptr,i32,ptr	5	0.002870
ClamAV	call	i32	ptr,ptr,i32,i32,ptr,ptr,ptr	5	0.002870
ClamAV	call	i32	ptr,ptr,ptr,i8,i32,ptr	5	0.002870
ClamAV	call	i8	ptr,i32,ptr,ptr	5	0.002870
ClamAV	call	ptr	ptr,i8,ptr	5	0.002870
ClamAV	call	void	ptr,ptr,i8,i8,ptr	5	0.002870
ClamAV	load	double	ptr	5	0.002870
ClamAV	ret	void	i1	5	0.002870
ClamAV	zext	i8	i1	5	0.002870
ClamAV	call	i16	ptr,ptr	4	0.002296
ClamAV	call	i32	i32,ptr,i64,ptr,ptr	4	0.002296
ClamAV	call	i32	ptr,i32,ptr,i32,ptr	4	0.002296
ClamAV	call	i32	ptr,i32,ptr,ptr,i32,ptr	4	0.002296
ClamAV	call	i32	ptr,i64,i32,ptr	4	0.002296
ClamAV	call	i32	ptr,i8,ptr,ptr	4	0.002296
ClamAV	call	i32	ptr,ptr,ptr,i16,i32,ptr	4	0.002296
ClamAV	call	i32	ptr,ptr,ptr,ptr,ptr,i32,i32,ptr	4	0.002296
ClamAV	call	i64	i64,i64,i64,ptr	4	0.002296
ClamAV	call	i64	i64,ptr,i64,ptr	4	0.002296
ClamAV	call	i8	ptr,ptr,i8,ptr	4	0.002296
ClamAV	call	ptr	ptr,i32,i64,ptr	4	0.002296
ClamAV	call	ptr	ptr,ptr,ptr,ptr,i1,ptr	4	0.002296
ClamAV	call	void	ptr,i32,i32,i64,ptr	4	0.002296
ClamAV	call	void	ptr,i64,i32,ptr	4	0.002296
ClamAV	call	void	ptr,ptr,ptr,i64,ptr	4	0.002296
ClamAV	call	void	ptr,ptr,ptr,ptr,i32,ptr	4	0.002296
ClamAV	load	i1	ptr	4	0.002296
ClamAV	or	i8	i8,i8	4	0.002296
ClamAV	phi	i1	i1,i1,i1,i1,i1,i1,i1,i1	4	0.002296
ClamAV	switch	void	i32,label,label,label,label,label,label,label,label,label	4	0.002296
ClamAV	switch	void	i32,label,label,label,label,label,label,label,label,label,label,label,label,label,label	4	0.002296
ClamAV	switch	void	i64,label,label,label,label,label,label,label,label,label,label,label,label,label,label,label,label,label,label,label,label,label	4	0.002296
ClamAV	call	double	ptr,ptr	3	0.001722
ClamAV	call	i1	ptr,ptr,ptr	3	0.001722
ClamAV	call	i32	ptr,i16,ptr	3	0.001722
ClamAV	call	i32	ptr,i32,i64,ptr	3	0.001722
ClamAV	call	i32	ptr,i32,ptr,ptr,i32,i32,i32,ptr,i32,ptr	3	0.001722
ClamAV	call	i32	ptr,i64,ptr,i64,ptr	3	0.001722
ClamAV	call	i32	ptr,i64,ptr,ptr	3	0.001722
ClamAV	call	i32	ptr,i8,i8,ptr	3	0.001722
ClamAV	call	i32	ptr,ptr,ptr,i16,ptr,i16,ptr	3	0.001722
ClamAV	call	i32	ptr,ptr,ptr,i32,i16,i16,i16,i32,i32,ptr,i8,ptr	3	0.001722
ClamAV	call	i32	ptr,ptr,ptr,i32,ptr,ptr	3	0.001722
ClamAV	call	i64	i32,ptr,i64,i32,ptr	3	0.001722
ClamAV	call	i64	i64,ptr	3	0.001722
ClamAV	call	i64	ptr,i64,ptr	3	0.001722
ClamAV	call	ptr	i32,i32,i32,i32,i32,i64,ptr,ptr,ptr	3	0.001722
ClamAV	call	ptr	i32,i32,i32,i32,ptr,ptr,ptr	3	0.001722
ClamAV	call	ptr	ptr,i32,ptr,ptr,i64,ptr	3	0.001722
ClamAV	call	ptr	ptr,ptr,ptr,i32,ptr	3	0.001722
ClamAV	call	ptr	ptr,ptr,ptr,i64,ptr	3	0.001722
ClamAV	call	void	ptr,i32,i16,ptr	3	0.001722
ClamAV	call	void	ptr,i32,i32,i32,i32,i32,ptr	3	0.001722
ClamAV	call	void	ptr,i64,i64,ptr,ptr	3	0.001722
ClamAV	call	void	ptr,ptr,i32,ptr,ptr,ptr	3	0.001722
ClamAV	lshr	i8	i8,i8	3	0.001722
ClamAV	phi	i1	i1,i1,i1,i1,i1	3	0.001722
ClamAV	sext	i64	i8	3	0.001722
ClamAV	switch	void	i32,label,label,label,label,label,label,label,label,label,label,label,label	3	0.001722
ClamAV	switch	void	i32,label,label,label,label,label,label,label,label,label,label,label,label,label	3	0.001722
ClamAV	ashr	i64	i64,i64	2	0.001148
ClamAV	call	i16	i16,ptr	2	0.001148
ClamAV	call	i1	i32,ptr,ptr	2	0.001148
ClamAV	call	i32	i32,i32,i64,ptr	2	0.001148
ClamAV	call	i32	i32,ptr,i16,i8,ptr,ptr	2	0.001148
ClamAV	call	i32	i32,ptr,i32,i32,i16,i8,ptr,ptr,ptr,ptr	2	0.001148
ClamAV	call	i32	i32,ptr,i32,i8,ptr	2	0.001148
ClamAV	call	i32	i32,ptr,i64,ptr,i32,ptr,ptr	2	0.001148
ClamAV	call	i32	i32,ptr,ptr,i64,ptr	2	0.001148
ClamAV	call	i32	i32,ptr,ptr,ptr,ptr	2	0.001148
ClamAV	call	i32	i32,ptr,ptr,ptr,ptr,i32,ptr	2	0.001148
ClamAV	call	i32	i32,ptr,ptr,ptr,ptr,ptr,i32,ptr	2	0.001148
ClamAV	call	i32	ptr,i32,i32,i32,i32,i32,ptr,i32,ptr	2	0.001148
ClamAV	call	i32	ptr,i32,i32,ptr,i32,ptr,ptr,i32,ptr,ptr	2	0.001148
ClamAV	call	i32	ptr,i32,ptr,i32,ptr,i32,ptr	2	0.001148
ClamAV	call	i32	ptr,i32,ptr,ptr,ptr,ptr,i32,ptr	2	0.001148
ClamAV	call	i32	ptr,i64,i32,ptr,ptr	2	0.001148
ClamAV	call	i32	ptr,i64,i64,i32,ptr,ptr	2	0.001148
ClamAV	call	i32	ptr,ptr,i32,i32,ptr,i32,i32,i32,i32,ptr	2	0.001148
ClamAV	call	i32	ptr,ptr,i64,i64,ptr	2	0.001148
ClamAV	call	i32	ptr,ptr,i64,ptr,ptr	2	0.001148
ClamAV	call	i32	ptr,ptr,i8,ptr,ptr,ptr	2	0.001148
ClamAV	call	i32	ptr,ptr,ptr,i32,i32,ptr	2	0.001148
ClamAV	call	i32	ptr,ptr,ptr,i64,ptr	2	0.001148
ClamAV	call	i32	ptr,ptr,ptr,ptr,i32,ptr,i32,ptr	2	0.001148
ClamAV	call	i32	ptr,ptr,ptr,ptr,i32,ptr,ptr	2	0.001148
ClamAV	call	i64	i32,ptr,ptr,i64,ptr	2	0.001148
ClamAV	call	i8	i32,ptr	2	0.001148
ClamAV	call	i8	i8,i8,ptr,ptr,ptr	2	0.001148
ClamAV	call	i8	ptr,i32,ptr	2	0.001148
ClamAV	call	ptr	i32,ptr,ptr,ptr,i64,ptr	2	0.001148
ClamAV	call	ptr	ptr,i32,ptr,ptr,ptr,ptr	2	0.001148
ClamAV	call	ptr	ptr,i64,ptr,ptr	2	0.001148
ClamAV	call	ptr	ptr,i8,i64,ptr	2	0.001148
ClamAV	call	ptr	ptr,ptr,i32,ptr,ptr,ptr,ptr,i32,ptr	2	0.001148
ClamAV	call	ptr	ptr,ptr,ptr,ptr,ptr,ptr,ptr,ptr,i32,ptr	2	0.001148
ClamAV	call	void	ptr,i16,ptr	2	0.001148
ClamAV	call	void	ptr,i32,i32,ptr,ptr	2	0.001148
ClamAV	call	void	ptr,i64,i64,i64,ptr,ptr	2	0.001148
ClamAV	call	void	ptr,ptr,i32,i64,ptr	2	0.001148
ClamAV	call	void	ptr,ptr,i64,i64,ptr	2	0.001148
ClamAV	call	void	ptr,ptr,ptr,ptr,ptr	2	0.001148
ClamAV	phi	i1	i1,i1,i1,i1,i1,i1,i1,i1,i1	2	0.001148
ClamAV	srem	i64	i64,i64	2	0.001148
ClamAV	store	void	double,ptr	2	0.001148
ClamAV	switch	void	i32,label,label,label,label,label,label,label,label,label,label	2	0.001148
ClamAV	switch	void	i32,label,label,label,label,label,label,label,label,label,label,label,label,label,label,label,label	2	0.001148
ClamAV	switch	void	i32,label,label,label,label,label,label,label,label,label,label,label,label,label,label,label,label,label,label,label,label	2	0.001148
ClamAV	switch	void	i32,label,label,label,label,label,label,label,label,label,label,label,label,label,label,label,label,label,label,label,label,label,label	2	0.001148
ClamAV	switch	void	i32,label,label,label,label,label,label,label,label,label,label,label,label,label,label,label,label,label,label,label,label,label,label,label,label,label,label,label,label,label,label	2	0.001148
ClamAV	switch	void	i64,label,label,label	2	0.001148
ClamAV	switch	void	i64,label,label,label,label	2	0.001148
ClamAV	switch	void	i64,label,label,label,label,label,label,label,label	2	0.001148
ClamAV	switch	void	i64,label,label,label,label,label,label,label,label,label,label	2	0.001148
ClamAV	alloca	ptr	i64	1	0.000574
ClamAV	call	i32	i32,i32,i32,ptr,ptr,ptr	1	0.000574
ClamAV	call	i32	i32,i32,ptr,ptr	1	0.000574
ClamAV	call	i32	i32,i64,i32,ptr,i64,ptr,ptr,ptr	1	0.000574
ClamAV	call	i32	i32,i64,ptr,ptr	1	0.000574
ClamAV	call	i32	i32,i64,ptr,ptr,ptr	1	0.000574
ClamAV	call	i32	i32,ptr,i16,ptr	1	0.000574
ClamAV	call	i32	i32,ptr,i32,i32,i32,i32,i32,i32,ptr,ptr,i32,ptr	1	0.000574
ClamAV	call	i32	i32,ptr,i32,ptr,i32,i32,i32,i32,i32,ptr	1	0.000574
ClamAV	call	i32	i32,ptr,i64,ptr,i64,ptr	1	0.000574
ClamAV	call	i32	i32,ptr,ptr,ptr,ptr,ptr,i64,ptr	1	0.000574
ClamAV	call	i32	i8,ptr,ptr,ptr,ptr,i32,ptr	1	0.000574
ClamAV	call	i32	ptr,double,ptr	1	0.000574
ClamAV	call	i32	ptr,i16,i16,i32,i64,ptr	1	0.000574
ClamAV	call	i32	ptr,i16,i16,i32,ptr,ptr,i64,ptr	1	0.000574
ClamAV	call	i32	ptr,i32,i16,ptr,ptr,ptr	1	0.000574
ClamAV	call	i32	ptr,i32,i32,i32,i32,i32,ptr,i32,i16,ptr	1	0.000574
ClamAV	call	i32	ptr,i32,i32,i32,i32,ptr,i32,ptr,i32,ptr	1	0.000574
ClamAV	call	i32	ptr,i32,i32,ptr,i32,i32,i32,i32,i32,i32,i32,ptr	1	0.000574
ClamAV	call	i32	ptr,i32,i32,ptr,ptr	1	0.000574
ClamAV	call	i32	ptr,i32,i32,ptr,ptr,ptr	1	0.000574
ClamAV	call	i32	ptr,i32,ptr,i16,i32,i32,i32,ptr	1	0.000574
ClamAV	call	i32	ptr,i32,ptr,i32,i32,i32,ptr	1	0.000574
ClamAV	call	i32	ptr,i32,ptr,i32,i32,i32,ptr,ptr	1	0.000574
ClamAV	call	i32	ptr,i32,ptr,ptr,ptr	1	0.000574
ClamAV	call	i32	ptr,i64,ptr,double,ptr	1	0.000574
ClamAV	call	i32	ptr,i64,ptr,ptr,i32,i64,ptr	1	0.000574
ClamAV	call	i32	ptr,i64,ptr,ptr,i32,ptr,ptr	1	0.000574
ClamAV	call	i32	ptr,i64,ptr,ptr,i64,ptr	1	0.000574
ClamAV	call	i32	ptr,i64,ptr,ptr,ptr,ptr,ptr	1	0.000574
ClamAV	call	i32	ptr,ptr,i32,i32,i32,ptr	1	0.000574
ClamAV	call	i32	ptr,ptr,i32,ptr,i32,ptr	1	0.000574
ClamAV	call	i32	ptr,ptr,i32,ptr,ptr,ptr,ptr	1	0.000574
ClamAV	call	i32	ptr,ptr,i64,i64,i64,ptr	1	0.000574
ClamAV	call	i32	ptr,ptr,ptr,i32,i32,i32,i32,ptr	1	0.000574
ClamAV	call	i32	ptr,ptr,ptr,i64,i32,ptr	1	0.000574
ClamAV	call	i32	ptr,ptr,ptr,ptr,ptr,ptr,ptr,ptr	1	0.000574
ClamAV	call	i64	i32,i32,i64,ptr	1	0.000574
ClamAV	call	i64	ptr	1	0.000574
ClamAV	call	i64	ptr,i32,ptr	1	0.000574
ClamAV	call	i64	ptr,i64,i32,ptr	1	0.000574
ClamAV	call	i64	ptr,ptr,i32,i32,ptr,ptr,ptr	1	0.000574
ClamAV	call	i64	ptr,ptr,i32,ptr,ptr	1	0.000574
ClamAV	call	ptr	i32,i32,i32,i8,ptr	1	0.000574
ClamAV	call	ptr	i32,i32,ptr,ptr	1	0.000574
ClamAV	call	ptr	i32,i64,ptr,ptr	1	0.000574
ClamAV	call	ptr	i32,ptr,ptr,ptr	1	0.000574
ClamAV	call	ptr	i32,ptr,ptr,ptr,ptr,ptr	1	0.000574
ClamAV	call	ptr	ptr,i8,i32,ptr	1	0.000574
ClamAV	call	ptr	ptr,i8,ptr,ptr	1	0.000574
ClamAV	call	ptr	ptr,ptr,ptr,ptr,ptr	1	0.000574
ClamAV	call	void	i64,ptr,ptr	1	0.000574
ClamAV	call	void	i8,i8,ptr	1	0.000574
ClamAV	call	void	ptr,i64,i64,i32,i32,ptr	1	0.000574
ClamAV	call	void	ptr,i64,i64,i64,i32,ptr	1	0.000574
ClamAV	call	void	ptr,i64,i64,i64,ptr,ptr,ptr	1	0.000574
ClamAV	call	void	ptr,i64,ptr,ptr	1	0.000574
ClamAV	call	void	ptr,i64,ptr,ptr,ptr	1	0.000574
ClamAV	call	void	ptr,i8,i64,ptr,ptr	1	0.000574
ClamAV	call	void	ptr,ptr,i32,i32,i32,i32,i32,i32,i32,i32,ptr	1	0.000574
ClamAV	call	void	ptr,ptr,i32,i32,i32,ptr	1	0.000574
ClamAV	call	void	ptr,ptr,i32,ptr,i32,i32,ptr,i32,ptr,i32,i32,ptr	1	0.000574
ClamAV	call	void	ptr,ptr,i32,ptr,i32,ptr	1	0.000574
ClamAV	call	void	ptr,ptr,i32,ptr,ptr	1	0.000574
ClamAV	call	void	ptr,ptr,i64,i64,i64,i64,ptr	1	0.000574
ClamAV	call	void	ptr,ptr,i64,ptr,i64,ptr	1	0.000574
ClamAV	call	void	ptr,ptr,ptr,i32,i32,ptr	1	0.000574
ClamAV	call	void	ptr,ptr,ptr,i32,ptr,ptr,ptr,i32,ptr,ptr	1	0.000574
ClamAV	call	void	ptr,ptr,ptr,ptr,i32,i32,i32,ptr	1	0.000574
ClamAV	fdiv	double	double,double	1	0.000574
ClamAV	fmul	double	double,double	1	0.000574
ClamAV	fptosi	i32	double	1	0.000574
ClamAV	fptoui	i8	double	1	0.000574
ClamAV	fsub	double	double,double	1	0.000574
ClamAV	ret	void	double	1	0.000574
ClamAV	switch	void	i32,label,label,label,label,label,label,label,label,label,label,label	1	0.000574
ClamAV	switch	void	i32,label,label,label,label,label,label,label,label,label,label,label,label,label,label,label,label,label	1	0.000574
ClamAV	switch	void	i32,label,label,label,label,label,label,label,label,label,label,label,label,label,label,label,label,label,label	1	0.000574
ClamAV	switch	void	i32,label,label,label,label,label,label,label,label,label,label,label,label,label,label,label,label,label,label,label,label,label	1	0.000574
ClamAV	switch	void	i32,label,label,label,label,label,label,label,label,label,label,label,label,label,label,label,label,label,label,label,label,label,label,label,label,label	1	0.000574
ClamAV	switch	void	i32,label,label,label,label,label,label,label,label,label,label,label,label,label,label,label,label,label,label,label,label,label,label,label,label,label,label,label,label,label	1	0.000574
ClamAV	switch	void	i32,label,label,label,label,label,label,label,label,label,label,label,label,label,label,label,label,label,label,label,label,label,label,label,label,label,label,label,label,label,label,label	1	0.000574
ClamAV	switch	void	i32,label,label,label,label,label,label,label,label,label,label,label,label,label,label,label,label,label,label,label,label,label,label,label,label,label,label,label,label,label,label,label,label,label	1	0.000574
ClamAV	switch	void	i32,label,label,label,label,label,label,label,label,label,label,label,label,label,label,label,label,label,label,label,label,label,label,label,label,label,label,label,label,label,label,label,label,label,label,label,label	1	0.000574
ClamAV	switch	void	i64,label,label,label,label,label,label,label	1	0.000574
ClamAV	uitofp	double	i64	1	0.000574
consumer-typeset	load	ptr	ptr	54195	22.411020
consumer-typeset	getelementptr	ptr	ptr,i32,i32	49911	20.639476
consumer-typeset	getelementptr	ptr	ptr,i64,i64	20762	8.585618
consumer-typeset	store	void	ptr,ptr	19912	8.234122
consumer-typeset	br	void	label	16246	6.718137
consumer-typeset	load	i32	ptr	11133	4.603780
consumer-typeset	br	void	i1,label,label	9830	4.064957
consumer-typeset	load	i8	ptr	5504	2.276045
consumer-typeset	icmp	i1	i32,i32	5318	2.199129
consumer-typeset	store	void	i32,ptr	4772	1.973344
consumer-typeset	zext	i32	i8	4743	1.961352
consumer-typeset	sext	i64	i32	4475	1.850527
consumer-typeset	icmp	i1	ptr,ptr	4076	1.685530
consumer-typeset	alloca	ptr	i32	3286	1.358845
consumer-typeset	phi	ptr	ptr,ptr	2079	0.859720
consumer-typeset	load	i16	ptr	1845	0.762955
consumer-typeset	and	i32	i32,i32	1471	0.608296
consumer-typeset	store	void	i8,ptr	1451	0.600026
consumer-typeset	and	i16	i16,i16	1423	0.588447
consumer-typeset	add	i32	i32,i32	1005	0.415593
consumer-typeset	zext	i32	i16	991	0.409804
consumer-typeset	store	void	i16,ptr	988	0.408563
consumer-typeset	call	ptr	i32,i32,ptr,i32,ptr,ptr	770	0.318415
consumer-typeset	call	ptr	i32,i32,ptr,i32,ptr,ptr,ptr	745	0.308077
consumer-typeset	and	i8	i8,i8	709	0.293190
consumer-typeset	or	i16	i16,i16	602	0.248942
consumer-typeset	getelementptr	ptr	ptr,i64	599	0.247702
consumer-typeset	lshr	i16	i16,i16	591	0.244394
consumer-typeset	icmp	i1	i64,i64	590	0.243980
consumer-typeset	call	i32	ptr,ptr,ptr	569	0.235296
consumer-typeset	call	ptr	i32,ptr,ptr	558	0.230747
consumer-typeset	phi	i32	i32,i32	551	0.227853
consumer-typeset	or	i32	i32,i32	528	0.218342
consumer-typeset	sub	i32	i32,i32	473	0.195598
consumer-typeset	zext	i64	i8	435	0.179884
consumer-typeset	trunc	i16	i32	367	0.151764
consumer-typeset	lshr	i32	i32,i32	359	0.148456
consumer-typeset	call	i32	ptr,ptr	314	0.129847
consumer-typeset	shl	i32	i32,i32	305	0.126125
consumer-typeset	trunc	i8	i32	291	0.120336
consumer-typeset	or	i8	i8,i8	289	0.119509
consumer-typeset	shl	i16	i16,i16	287	0.118682
consumer-typeset	ret	void	-	251	0.103795
consumer-typeset	call	ptr	ptr,ptr,ptr	238	0.098419
consumer-typeset	phi	i1	i1,i1	199	0.082292
consumer-typeset	getelementptr	ptr	ptr,i32	192	0.079397
consumer-typeset	zext	i32	i1	175	0.072367
consumer-typeset	lshr	i8	i8,i8	174	0.071953
consumer-typeset	call	void	ptr,ptr	167	0.069059
consumer-typeset	zext	i64	i32	164	0.067818
consumer-typeset	call	ptr	i32,ptr,ptr,ptr	158	0.065337
consumer-typeset	call	ptr	ptr,ptr	151	0.062442
consumer-typeset	sext	i32	i16	148	0.061202
consumer-typeset	load	float	ptr	144	0.059548
consumer-typeset	ret	void	ptr	135	0.055826
consumer-typeset	shl	i8	i8,i8	128	0.052931
consumer-typeset	mul	i32	i32,i32	120	0.049623
consumer-typeset	call	ptr	i32,ptr	117	0.048382
consumer-typeset	call	i64	ptr,ptr	116	0.047969
consumer-typeset	call	ptr	ptr,i32,i32,i32,i32,i8,ptr	114	0.047142
consumer-typeset	call	void	ptr,ptr,ptr	110	0.045488
consumer-typeset	call	i32	ptr,ptr,ptr,ptr	106	0.043834
consumer-typeset	call	ptr	ptr	106	0.043834
consumer-typeset	sitofp	float	i32	102	0.042180
consumer-typeset	call	ptr	i32,i32,ptr,i32,ptr,ptr,ptr,ptr	100	0.041353
consumer-typeset	sdiv	i32	i32,i32	94	0.038871
consumer-typeset	call	ptr	ptr,ptr,ptr,ptr,ptr,ptr,ptr,i32,i32,ptr,i32,ptr	84	0.034736
consumer-typeset	call	void	ptr	84	0.034736
consumer-typeset	add	i64	i64,i64	81	0.033496
consumer-typeset	fpext	double	float	79	0.032669
consumer-typeset	call	ptr	i16,ptr	77	0.031841
consumer-typeset	trunc	i32	i64	74	0.030601
consumer-typeset	zext	i64	i1	69	0.028533
consumer-typeset	call	ptr	ptr,i32,ptr,ptr	68	0.028120
consumer-typeset	call	void	i32,ptr,ptr	68	0.028120
consumer-typeset	call	ptr	ptr,i32,ptr	60	0.024812
consumer-typeset	call	i32	i32,ptr,ptr	59	0.024398
consumer-typeset	store	void	float,ptr	59	0.024398
consumer-typeset	ptrtoint	i64	ptr	58	0.023984
consumer-typeset	sub	i64	i64,i64	58	0.023984
consumer-typeset	ret	void	i32	55	0.022744
consumer-typeset	call	ptr	ptr,ptr,ptr,ptr	54	0.022330
consumer-typeset	fptosi	i32	float	53	0.021917
consumer-typeset	call	i32	ptr	52	0.021503
consumer-typeset	call	i32	ptr,ptr,i32,ptr	52	0.021503
consumer-typeset	call	ptr	ptr,i32,i32,i32,i32,i32,i32,i32,ptr,ptr,ptr	51	0.021090
consumer-typeset	fdiv	float	float,float	49	0.020263
consumer-typeset	call	ptr	i64,ptr	48	0.019849
consumer-typeset	icmp	i1	i8,i8	39	0.016127
consumer-typeset	fmul	float	float,float	36	0.014887
consumer-typeset	load	i64	ptr	36	0.014887
consumer-typeset	mul	i64	i64,i64	36	0.014887
consumer-typeset	srem	i32	i32,i32	35	0.014473
consumer-typeset	load	double	ptr	34	0.014060
consumer-typeset	select	i32	i1,i32,i32	34	0.014060
consumer-typeset	select	ptr	i1,ptr,ptr	34	0.014060
consumer-typeset	call	void	ptr,i32,ptr	33	0.013646
consumer-typeset	call	void	i32,ptr	31	0.012819
consumer-typeset	call	void	ptr,i32,i32,ptr	31	0.012819
consumer-typeset	call	void	ptr,ptr,i32,ptr,ptr	30	0.012406
consumer-typeset	call	void	ptr,i32,i32,i32,ptr	27	0.011165
consumer-typeset	call	i32	i32,i32,i32,ptr,ptr	26	0.010752
consumer-typeset	fcmp	i1	double,double	26	0.010752
consumer-typeset	call	i32	ptr,ptr,ptr,ptr,ptr	24	0.009925
consumer-typeset	store	void	double,ptr	24	0.009925
consumer-typeset	store	void	i64,ptr	23	0.009511
consumer-typeset	switch	void	i32,label,label,label,label	23	0.009511
consumer-typeset	call	ptr	i32,i32,ptr,i32,ptr,i32,ptr	22	0.009098
consumer-typeset	call	ptr	i32,i32,ptr,i32,ptr,ptr,i32,ptr	22	0.009098
consumer-typeset	call	ptr	i32,i32,ptr,i32,ptr,ptr,ptr,ptr,ptr	22	0.009098
consumer-typeset	call	ptr	ptr,i8,ptr,i8,i32,i32,i32,ptr,ptr,ptr	21	0.008684
consumer-typeset	call	ptr	ptr,ptr,i32,i32,ptr	21	0.008684
consumer-typeset	phi	i1	i1,i1,i1	20	0.008271
consumer-typeset	zext	i64	i16	20	0.008271
consumer-typeset	call	i16	ptr,ptr,ptr,i32,i32,ptr	19	0.007857
consumer-typeset	call	i32	ptr,ptr,double,ptr	19	0.007857
consumer-typeset	call	void	ptr,i32,ptr,i16,ptr	17	0.007030
consumer-typeset	call	ptr	i8,ptr,i8,i8,i8,ptr,ptr	16	0.006616
consumer-typeset	fmul	double	double,double	16	0.006616
consumer-typeset	fptrunc	float	double	16	0.006616
consumer-typeset	fneg	float	float	15	0.006203
consumer-typeset	fcmp	i1	float,float	14	0.005789
consumer-typeset	fptosi	i32	double	14	0.005789
consumer-typeset	sitofp	double	i32	14	0.005789
consumer-typeset	switch	void	i32,label,label,label,label,label	14	0.005789
consumer-typeset	xor	i1	i1,i1	14	0.005789
consumer-typeset	call	double	double,ptr	13	0.005376
consumer-typeset	call	void	ptr,ptr,ptr,ptr,ptr	12	0.004962
consumer-typeset	udiv	i64	i64,i64	12	0.004962
consumer-typeset	call	i32	ptr,ptr,ptr,ptr,ptr,ptr,ptr	11	0.004549
consumer-typeset	call	ptr	i32,i32,ptr,i32,ptr,ptr,ptr,ptr,ptr,ptr	11	0.004549
consumer-typeset	call	ptr	ptr,i32,ptr,i32,ptr	11	0.004549
consumer-typeset	call	i32	i32,ptr	10	0.004135
consumer-typeset	call	ptr	i16,i32,i32,ptr	10	0.004135
consumer-typeset	call	void	i32,i32,ptr	10	0.004135
consumer-typeset	call	void	ptr,i32,ptr,ptr,ptr,ptr,i16,i64,i32,i32,ptr	10	0.004135
consumer-typeset	call	void	ptr,ptr,ptr,ptr	10	0.004135
consumer-typeset	call	i32	i32,ptr,ptr,ptr	9	0.003722
consumer-typeset	call	ptr	ptr,i32,i32,ptr,ptr	9	0.003722
consumer-typeset	call	void	ptr,ptr,ptr,i32,ptr	9	0.003722
consumer-typeset	phi	float	float,float	9	0.003722
consumer-typeset	call	float	float,float,float,ptr	8	0.003308
consumer-typeset	call	i32	i32,i32,i32,ptr,i32,i32,ptr	8	0.003308
consumer-typeset	call	i32	ptr,i64,i32,ptr	8	0.003308
consumer-typeset	call	i8	ptr,i32,ptr	8	0.003308
consumer-typeset	call	ptr	i32,ptr,ptr,ptr,ptr	8	0.003308
consumer-typeset	call	void	ptr,i32,ptr,ptr,ptr	8	0.003308
consumer-typeset	fsub	double	double,double	8	0.003308
consumer-typeset	switch	void	i32,label,label,label,label,label,label	8	0.003308
consumer-typeset	call	i16	ptr,ptr,ptr	7	0.002895
consumer-typeset	call	i32	ptr,ptr,ptr,ptr,ptr,ptr	7	0.002895
consumer-typeset	call	ptr	ptr,ptr,ptr,i32,ptr	7	0.002895
consumer-typeset	call	void	ptr,i32,ptr,ptr	7	0.002895
consumer-typeset	call	void	ptr,ptr,i64,i1,ptr	7	0.002895
consumer-typeset	switch	void	i32,label,label,label,label,label,label,label	7	0.002895
consumer-typeset	switch	void	i32,label,label,label,label,label,label,label,label,label	7	0.002895
consumer-typeset	unreachable	void	-	7	0.002895
consumer-typeset	call	i32	ptr,ptr,i32,i32,ptr	6	0.002481
consumer-typeset	call	i32	ptr,ptr,ptr,i32,ptr	6	0.002481
consumer-typeset	call	ptr	i16,i64,i32,ptr	6	0.002481
consumer-typeset	call	ptr	i32,i32,ptr,i32,ptr,ptr,ptr,i32,ptr	6	0.002481
consumer-typeset	call	ptr	ptr,ptr,i32,i32,i32,i32,ptr	6	0.002481
consumer-typeset	call	ptr	ptr,ptr,i32,ptr	6	0.002481
consumer-typeset	call	void	i32,ptr,i32,ptr	6	0.002481
consumer-typeset	call	void	ptr,ptr,i32,i32,i32,i32,ptr,ptr,ptr,ptr,ptr,ptr,ptr,ptr	6	0.002481
consumer-typeset	call	void	ptr,ptr,i32,ptr	6	0.002481
consumer-typeset	fadd	double	double,double	6	0.002481
consumer-typeset	ptrtoint	i32	ptr	6	0.002481
consumer-typeset	ret	void	i16	6	0.002481
consumer-typeset	urem	i32	i32,i32	6	0.002481
consumer-typeset	call	i16	i16,ptr	5	0.002068
consumer-typeset	call	i16	i32,ptr	5	0.002068
consumer-typeset	call	i16	ptr,ptr	5	0.002068
consumer-typeset	call	i32	i32,i32,ptr,ptr	5	0.002068
consumer-typeset	call	i32	ptr,i32,ptr,ptr,ptr,ptr,ptr,ptr,ptr,ptr	5	0.002068
consumer-typeset	call	ptr	ptr,i64,ptr	5	0.002068
consumer-typeset	call	void	i16,i32,i32,i32,i32,ptr	5	0.002068
consumer-typeset	call	void	ptr,i16,ptr,ptr,ptr	5	0.002068
consumer-typeset	fdiv	double	double,double	5	0.002068
consumer-typeset	urem	i64	i64,i64	5	0.002068
consumer-typeset	call	i32	i32,i32,ptr,i32,ptr	4	0.001654
consumer-typeset	call	i32	ptr,i32,ptr	4	0.001654
consumer-typeset	call	i32	ptr,ptr,double,double,ptr	4	0.001654
consumer-typeset	call	i32	ptr,ptr,i32,ptr,ptr	4	0.001654
consumer-typeset	call	ptr	ptr,i32,i32,ptr	4	0.001654
consumer-typeset	call	void	float,float,ptr	4	0.001654
consumer-typeset	call	void	ptr,i32,i32,float,ptr,ptr	4	0.001654
consumer-typeset	call	void	ptr,i32,ptr,ptr,ptr,ptr,ptr,ptr	4	0.001654
consumer-typeset	call	void	ptr,ptr,ptr,ptr,ptr,ptr	4	0.001654
consumer-typeset	call	void	ptr,ptr,ptr,ptr,ptr,ptr,ptr	4	0.001654
consumer-typeset	fadd	float	float,float	4	0.001654
consumer-typeset	phi	double	double,double	4	0.001654
consumer-typeset	phi	i1	i1,i1,i1,i1,i1	4	0.001654
consumer-typeset	switch	void	i32,label,label,label	4	0.001654
consumer-typeset	call	float	i32,i32,ptr	3	0.001241
consumer-typeset	call	float	ptr,ptr	3	0.001241
consumer-typeset	call	i32	i16,ptr	3	0.001241
consumer-typeset	call	i32	ptr,ptr,i32,i32,i32,i32,ptr	3	0.001241
consumer-typeset	call	i64	ptr	3	0.001241
consumer-typeset	call	i8	ptr,ptr,ptr	3	0.001241
consumer-typeset	call	ptr	i32,i32,ptr,i32,ptr,i32,i32,ptr	3	0.001241
consumer-typeset	call	ptr	i32,i32,ptr,i32,ptr,ptr,double,ptr	3	0.001241
consumer-typeset	call	ptr	i32,i32,ptr,i32,ptr,ptr,i32,i32,ptr	3	0.001241
consumer-typeset	call	ptr	i32,i32,ptr,i32,ptr,ptr,ptr,ptr,ptr,ptr,ptr	3	0.001241
consumer-typeset	call	ptr	ptr,ptr,ptr,ptr,ptr,ptr	3	0.001241
consumer-typeset	call	void	ptr,i32,i32,i32,i32,ptr	3	0.001241
consumer-typeset	call	void	ptr,ptr,i32,ptr,ptr,i32,ptr	3	0.001241
consumer-typeset	call	void	ptr,ptr,i8,ptr	3	0.001241
consumer-typeset	icmp	i1	i16,i16	3	0.001241
consumer-typeset	switch	void	i32,label,label,label,label,label,label,label,label	3	0.001241
consumer-typeset	switch	void	i32,label,label,label,label,label,label,label,label,label,label,label	3	0.001241
consumer-typeset	udiv	i32	i32,i32	3	0.001241
consumer-typeset	add	i16	i16,i16	2	0.000827
consumer-typeset	add	i8	i8,i8	2	0.000827
consumer-typeset	ashr	i32	i32,i32	2	0.000827
consumer-typeset	call	i32	ptr,i16,ptr,ptr	2	0.000827
consumer-typeset	call	i32	ptr,i32,i32,ptr,ptr,ptr	2	0.000827
consumer-typeset	call	i32	ptr,ptr,double,i32,ptr	2	0.000827
consumer-typeset	call	i32	ptr,ptr,i64,ptr	2	0.000827
consumer-typeset	call	i32	ptr,ptr,ptr,i32,ptr,ptr	2	0.000827
consumer-typeset	call	i32	ptr,ptr,ptr,ptr,i32,ptr	2	0.000827
consumer-typeset	call	i32	ptr,ptr,ptr,ptr,ptr,ptr,ptr,ptr,ptr	2	0.000827
consumer-typeset	call	i32	ptr,ptr,ptr,ptr,ptr,ptr,ptr,ptr,ptr,ptr	2	0.000827
consumer-typeset	call	ptr	i32,i32,ptr	2	0.000827
consumer-typeset	call	ptr	i32,i32,ptr,i32,ptr,ptr,double,ptr,ptr	2	0.000827
consumer-typeset	call	ptr	i32,i32,ptr,i32,ptr,ptr,ptr,ptr,i32,ptr	2	0.000827
consumer-typeset	call	ptr	i32,i32,ptr,i32,ptr,ptr,ptr,ptr,ptr,ptr,ptr,ptr	2	0.000827
consumer-typeset	call	ptr	i32,ptr,i32,i32,i32,i32,i32,i32,ptr	2	0.000827
consumer-typeset	call	ptr	ptr,i32,i32,ptr,i32,ptr	2	0.000827
consumer-typeset	call	ptr	ptr,i8,ptr,ptr,ptr,ptr	2	0.000827
consumer-typeset	call	ptr	ptr,ptr,i32,i32,ptr,ptr,ptr,ptr,ptr	2	0.000827
consumer-typeset	call	ptr	ptr,ptr,i32,ptr,ptr,ptr	2	0.000827
consumer-typeset	call	ptr	ptr,ptr,ptr,i32,i32,i32,ptr,ptr	2	0.000827
consumer-typeset	call	ptr	ptr,ptr,ptr,ptr,ptr	2	0.000827
consumer-typeset	call	void	i16,i32,ptr,ptr	2	0.000827
consumer-typeset	call	void	i32,i32,ptr,ptr	2	0.000827
consumer-typeset	call	void	ptr,float,float,ptr	2	0.000827
consumer-typeset	call	void	ptr,float,i32,ptr	2	0.000827
consumer-typeset	call	void	ptr,i32,i32,i32,i32,i32,i32,ptr	2	0.000827
consumer-typeset	call	void	ptr,i32,i32,ptr,ptr	2	0.000827
consumer-typeset	call	void	ptr,i32,i32,ptr,ptr,i16,ptr,ptr,ptr,ptr	2	0.000827
consumer-typeset	call	void	ptr,ptr,ptr,ptr,ptr,i32,ptr	2	0.000827
consumer-typeset	fsub	float	float,float	2	0.000827
consumer-typeset	phi	i1	i1,i1,i1,i1	2	0.000827
consumer-typeset	ret	void	float	2	0.000827
consumer-typeset	ret	void	i8	2	0.000827
consumer-typeset	switch	void	i32,label,label,label,label,label,label,label,label,label,label,label,label,label,label	2	0.000827
consumer-typeset	switch	void	i32,label,label,label,label,label,label,label,label,label,label,label,label,label,label,label,label,label,label,label,label,label,label,label,label,label,label,label,label,label,label,label,label,label,label,label,label,label,label,label,label,label,label,label,label,label,label,label,label,label,label,label,label,label	2	0.000827
consumer-typeset	trunc	i8	i16	2	0.000827
consumer-typeset	call	double	double,double,double,ptr	1	0.000414
consumer-typeset	call	double	double,double,ptr	1	0.000414
consumer-typeset	call	i32	i16,i32,ptr,ptr	1	0.000414
consumer-typeset	call	i32	i32,i8,i8,ptr	1	0.000414
consumer-typeset	call	i32	i8,i32,ptr	1	0.000414
consumer-typeset	call	i32	ptr,i16,ptr,ptr,ptr	1	0.000414
consumer-typeset	call	i32	ptr,i32,i32,ptr	1	0.000414
consumer-typeset	call	i32	ptr,i32,i32,ptr,ptr	1	0.000414
consumer-typeset	call	i32	ptr,ptr,double,double,double,double,ptr	1	0.000414
consumer-typeset	call	i32	ptr,ptr,i32,i32,i32,i32,i32,i32,i32,i32,i32,ptr	1	0.000414
consumer-typeset	call	i32	ptr,ptr,i32,i32,i32,i32,i32,i32,i32,ptr	1	0.000414
consumer-typeset	call	i32	ptr,ptr,i32,i32,i32,i32,i32,ptr	1	0.000414
consumer-typeset	call	i32	ptr,ptr,i32,i32,i32,i32,ptr,ptr	1	0.000414
consumer-typeset	call	i32	ptr,ptr,i32,i32,i32,ptr,ptr	1	0.000414
consumer-typeset	call	i32	ptr,ptr,i32,i32,ptr,i32,ptr	1	0.000414
consumer-typeset	call	i32	ptr,ptr,ptr,i32,i32,ptr	1	0.000414
consumer-typeset	call	i32	ptr,ptr,ptr,i32,ptr,ptr,ptr,i64,i32,ptr,ptr	1	0.000414
consumer-typeset	call	i64	ptr,i64,i64,ptr,ptr	1	0.000414
consumer-typeset	call	ptr	i32,i32,i32,ptr	1	0.000414
consumer-typeset	call	ptr	i32,i32,ptr,i32,ptr,double,ptr	1	0.000414
consumer-typeset	call	ptr	i32,i32,ptr,i32,ptr,i32,i32,i32,ptr	1	0.000414
consumer-typeset	call	ptr	i32,i32,ptr,i32,ptr,ptr,i32,ptr,ptr	1	0.000414
consumer-typeset	call	ptr	i64,i64,ptr	1	0.000414
consumer-typeset	call	ptr	ptr,i8,ptr	1	0.000414
consumer-typeset	call	void	i16,i32,ptr	1	0.000414
consumer-typeset	call	void	i32,i32,i32,i32,i32,i32,i32,ptr	1	0.000414
consumer-typeset	call	void	i32,i32,i32,i32,i32,ptr	1	0.000414
consumer-typeset	call	void	ptr,float,ptr	1	0.000414
consumer-typeset	call	void	ptr,i16,i32,i32,ptr	1	0.000414
consumer-typeset	call	void	ptr,i64,i64,ptr,ptr	1	0.000414
consumer-typeset	call	void	ptr,i8,i64,i1,ptr	1	0.000414
consumer-typeset	call	void	ptr,ptr,i16,ptr,ptr	1	0.000414
consumer-typeset	call	void	ptr,ptr,i16,ptr,ptr,ptr,ptr,ptr,ptr	1	0.000414
consumer-typeset	call	void	ptr,ptr,i32,ptr,i32,ptr,ptr	1	0.000414
consumer-typeset	call	void	ptr,ptr,ptr,i32,ptr,i32,ptr	1	0.000414
consumer-typeset	fptosi	i16	double	1	0.000414
consumer-typeset	inttoptr	ptr	i64	1	0.000414
consumer-typeset	or	i64	i64,i64	1	0.000414
consumer-typeset	phi	i1	i1,i1,i1,i1,i1,i1	1	0.000414
consumer-typeset	phi	i1	i1,i1,i1,i1,i1,i1,i1,i1,i1,i1,i1,i1,i1	1	0.000414
consumer-typeset	phi	i64	i64,i64	1	0.000414
consumer-typeset	ret	void	i64	1	0.000414
consumer-typeset	sdiv	i64	i64,i64	1	0.000414
consumer-typeset	select	i64	i1,i64,i64	1	0.000414
consumer-typeset	sext	i64	i16	1	0.000414
consumer-typeset	shl	i64	i64,i64	1	0.000414
consumer-typeset	switch	void	i32,label,label,label,label,label,label,label,label,label,label	1	0.000414
consumer-typeset	switch	void	i32,label,label,label,label,label,label,label,label,label,label,label,label,label,label,label,label	1	0.000414
consumer-typeset	switch	void	i32,label,label,label,label,label,label,label,label,label,label,label,label,label,label,label,label,label,label,label,label	1	0.000414
consumer-typeset	switch	void	i32,label,label,label,label,label,label,label,label,label,label,label,label,label,label,label,label,label,label,label,label,label,label,label,label,label,label,label,label,label,label,label	1	0.000414
consumer-typeset	switch	void	i32,label,label,label,label,label,label,label,label,label,label,label,label,label,label,label,label,label,label,label,label,label,label,label,label,label,label,label,label,label,label,label,label,label,label,label,label,label,label,label	1	0.000414
consumer-typeset	switch	void	i32,label,label,label,label,label,label,label,label,label,label,label,label,label,label,label,label,label,label,label,label,label,label,label,label,label,label,label,label,label,label,label,label,label,label,label,label,label,label,label,label,label,label	1	0.000414
consumer-typeset	switch	void	i32,label,label,label,label,label,label,label,label,label,label,label,label,label,label,label,label,label,label,label,label,label,label,label,label,label,label,label,label,label,label,label,label,label,label,label,label,label,label,label,label,label,label,label,label,label,label	1	0.000414
consumer-typeset	switch	void	i32,label,label,label,label,label,label,label,label,label,label,label,label,label,label,label,label,label,label,label,label,label,label,label,label,label,label,label,label,label,label,label,label,label,label,label,label,label,label,label,label,label,label,label,label,label,label,label	1	0.000414
consumer-typeset	switch	void	i32,label,label,label,label,label,label,label,label,label,label,label,label,label,label,label,label,label,label,label,label,label,label,label,label,label,label,label,label,label,label,label,label,label,label,label,label,label,label,label,label,label,label,label,label,label,label,label,label,label,label	1	0.000414
consumer-typeset	switch	void	i32,label,label,label,label,label,label,label,label,label,label,label,label,label,label,label,label,label,label,label,label,label,label,label,label,label,label,label,label,label,label,label,label,label,label,label,label,label,label,label,label,label,label,label,label,label,label,label,label,label,label,label,label	1	0.000414
consumer-typeset	switch	void	i32,label,label,label,label,label,label,label,label,label,label,label,label,label,label,label,label,label,label,label,label,label,label,label,label,label,label,label,label,label,label,label,label,label,label,label,label,label,label,label,label,label,label,label,label,label,label,label,label,label,label,label,label,label,label,label,label,label,label,label,label,label	1	0.000414
consumer-typeset	switch	void	i32,label,label,label,label,label,label,label,label,label,label,label,label,label,label,label,label,label,label,label,label,label,label,label,label,label,label,label,label,label,label,label,label,label,label,label,label,label,label,label,label,label,label,label,label,label,label,label,label,label,label,label,label,label,label,label,label,label,label,label,label,label,label,label,label,label	1	0.000414
consumer-typeset	switch	void	i32,label,label,label,label,label,label,label,label,label,label,label,label,label,label,label,label,label,label,label,label,label,label,label,label,label,label,label,label,label,label,label,label,label,label,label,label,label,label,label,label,label,label,label,label,label,label,label,label,label,label,label,label,label,label,label,label,label,label,label,label,label,label,label,label,label,label	1	0.000414
consumer-typeset	switch	void	i32,label,label,label,label,label,label,label,label,label,label,label,label,label,label,label,label,label,label,label,label,label,label,label,label,label,label,label,label,label,label,label,label,label,label,label,label,label,label,label,label,label,label,label,label,label,label,label,label,label,label,label,label,label,label,label,label,label,label,label,label,label,label,label,label,label,label,label,label,label,label,label,label,label,label,label,label,label,label,label,label	1	0.000414
consumer-typeset	switch	void	i32,label,label,label,label,label,label,label,label,label,label,label,label,label,label,label,label,label,label,label,label,label,label,label,label,label,label,label,label,label,label,label,label,label,label,label,label,label,label,label,label,label,label,label,label,label,label,label,label,label,label,label,label,label,label,label,label,label,label,label,label,label,label,label,label,label,label,label,label,label,label,label,label,label,label,label,label,label,label,label,label,label	1	0.000414
consumer-typeset	switch	void	i32,label,label,label,label,label,label,label,label,label,label,label,label,label,label,label,label,label,label,label,label,label,label,label,label,label,label,label,label,label,label,label,label,label,label,label,label,label,label,label,label,label,label,label,label,label,label,label,label,label,label,label,label,label,label,label,label,label,label,label,label,label,label,label,label,label,label,label,label,label,label,label,label,label,label,label,label,label,label,label,label,label,label,label,label	1	0.000414
consumer-typeset	switch	void	i32,label,label,label,label,label,label,label,label,label,label,label,label,label,label,label,label,label,label,label,label,label,label,label,label,label,label,label,label,label,label,label,label,label,label,label,label,label,label,label,label,label,label,label,label,label,label,label,label,label,label,label,label,label,label,label,label,label,label,label,label,label,label,label,label,label,label,label,label,label,label,label,label,label,label,label,label,label,label,label,label,label,label,label,label,label,label,label	1	0.000414
consumer-typeset	switch	void	i32,label,label,label,label,label,label,label,label,label,label,label,label,label,label,label,label,label,label,label,label,label,label,label,label,label,label,label,label,label,label,label,label,label,label,label,label,label,label,label,label,label,label,label,label,label,label,label,label,label,label,label,label,label,label,label,label,label,label,label,label,label,label,label,label,label,label,label,label,label,label,label,label,label,label,label,label,label,label,label,label,label,label,label,label,label,label,label,label,label,label,label,label,label	1	0.000414
consumer-typeset	switch	void	i32,label,label,label,label,label,label,label,label,label,label,label,label,label,label,label,label,label,label,label,label,label,label,label,label,label,label,label,label,label,label,label,label,label,label,label,label,label,label,label,label,label,label,label,label,label,label,label,label,label,label,label,label,label,label,label,label,label,label,label,label,label,label,label,label,label,label,label,label,label,label,label,label,label,label,label,label,label,label,label,label,label,label,label,label,label,label,label,label,label,label,label,label,label,label,label,label,label,label	1	0.000414
consumer-typeset	switch	void	i32,label,label,label,label,label,label,label,label,label,label,label,label,label,label,label,label,label,label,label,label,label,label,label,label,label,label,label,label,label,label,label,label,label,label,label,label,label,label,label,label,label,label,label,label,label,label,label,label,label,label,label,label,label,label,label,label,label,label,label,label,label,label,label,label,label,label,label,label,label,label,label,label,label,label,label,label,label,label,label,label,label,label,label,label,label,label,label,label,label,label,label,label,label,label,label,label,label,label,label,label,label,label,label,label,label,label,label,label,label,label,label,label,label,label,label,label,label,label,label,label,label,label,label,label,label,label,label,label,label,label,label,label,label,label,label,label,label,label,label,label,label,label,label,label,label,label,label,label,label,label,label,label,label,label,label,label,label,label,label	1	0.000414
consumer-typeset	trunc	i16	i64	1	0.000414
consumer-typeset	trunc	i8	i64	1	0.000414
kimwitu++	load	ptr	ptr	48576	29.139073
kimwitu++	store	void	ptr,ptr	21024	12.611575
kimwitu++	alloca	ptr	i32	18034	10.817977
kimwitu++	br	void	label	10873	6.522339
kimwitu++	getelementptr	ptr	ptr,i32,i32	10777	6.464752
kimwitu++	getelementptr	ptr	ptr,i64	6261	3.755759
kimwitu++	br	void	i1,label,label	4693	2.815169
kimwitu++	call	void	ptr,ptr,ptr,ptr	4519	2.710793
kimwitu++	call	ptr	ptr,ptr	3267	1.959761
kimwitu++	call	void	ptr,ptr	3012	1.806795
kimwitu++	ret	void	-	2774	1.664027
kimwitu++	ret	void	ptr	2444	1.466072
kimwitu++	icmp	i1	ptr,ptr	1976	1.185334
kimwitu++	icmp	i1	i32,i32	1975	1.184735
kimwitu++	store	void	i32,ptr	1903	1.141544
kimwitu++	call	i32	ptr,ptr	1818	1.090556
kimwitu++	load	i32	ptr	1800	1.079758
kimwitu++	call	ptr	ptr,ptr,ptr	1638	0.982580
kimwitu++	load	i64	ptr	1107	0.664051
kimwitu++	phi	ptr	ptr,ptr	1060	0.635858
kimwitu++	call	ptr	ptr,ptr,ptr,i64,ptr	1006	0.603465
kimwitu++	call	void	ptr,ptr,ptr	859	0.515285
kimwitu++	call	ptr	ptr	791	0.474494
kimwitu++	unreachable	void	-	730	0.437902
kimwitu++	call	void	ptr,i64,ptr	674	0.404309
kimwitu++	load	i8	ptr	656	0.393512
kimwitu++	extractvalue	ptr	{ ptr, i32 }	640	0.383914
kimwitu++	extractvalue	i32	{ ptr, i32 }	549	0.329326
kimwitu++	landingpad	{ ptr, i32 }	-	521	0.312530
kimwitu++	store	void	i64,ptr	488	0.292734
kimwitu++	call	void	ptr	419	0.251344
kimwitu++	call	ptr	i64,ptr	386	0.231548
kimwitu++	icmp	i1	i8,i8	377	0.226149
kimwitu++	call	ptr	ptr,ptr,ptr,ptr	360	0.215952
kimwitu++	call	ptr	ptr,i32,ptr	350	0.209953
kimwitu++	invoke	void	ptr,ptr,ptr,label,label,ptr	349	0.209353
kimwitu++	store	void	i8,ptr	329	0.197356
kimwitu++	call	i1	ptr,ptr	318	0.190757
kimwitu++	ret	void	i32	307	0.184159
kimwitu++	switch	void	i32,label,label,label	283	0.169762
kimwitu++	switch	void	i32,label,label	279	0.167363
kimwitu++	ptrtoint	i64	ptr	268	0.160764
kimwitu++	call	ptr	ptr,ptr,i32,ptr	258	0.154765
kimwitu++	getelementptr	ptr	ptr,i64,i64	253	0.151766
kimwitu++	zext	i32	i8	242	0.145167
kimwitu++	icmp	i1	i64,i64	228	0.136769
kimwitu++	sub	i64	i64,i64	225	0.134970
kimwitu++	sext	i64	i32	224	0.134370
kimwitu++	call	void	ptr,i32,ptr,ptr	195	0.116974
kimwitu++	call	void	ptr,i32,ptr	165	0.098978
kimwitu++	call	i64	ptr,ptr	164	0.098378
kimwitu++	add	i32	i32,i32	158	0.094779
kimwitu++	store	void	i1,ptr	158	0.094779
kimwitu++	ret	void	i1	156	0.093579
kimwitu++	add	i64	i64,i64	152	0.091180
kimwitu++	call	i1	ptr,ptr,ptr	143	0.085781
kimwitu++	ret	void	i64	141	0.084581
kimwitu++	invoke	void	ptr,ptr,label,label,ptr	136	0.081582
kimwitu++	call	void	i32,ptr,ptr,ptr	127	0.076183
kimwitu++	sub	i32	i32,i32	125	0.074983
kimwitu++	mul	i64	i64,i64	123	0.073783
kimwitu++	landingpad	{ ptr, i32 }	ptr	119	0.071384
kimwitu++	getelementptr	ptr	ptr,i32	108	0.064785
kimwitu++	switch	void	i32,label,label,label,label	103	0.061786
kimwitu++	sdiv	i64	i64,i64	102	0.061186
kimwitu++	call	ptr	ptr,ptr,ptr,ptr,ptr	101	0.060586
kimwitu++	zext	i32	i1	95	0.056987
kimwitu++	call	void	i1,ptr	92	0.055188
kimwitu++	phi	i1	i1,i1	75	0.044990
kimwitu++	call	void	ptr,ptr,i64,ptr	73	0.043790
kimwitu++	zext	i64	i1	73	0.043790
kimwitu++	call	void	ptr,ptr,i64,i1,ptr	69	0.041391
kimwitu++	invoke	void	ptr,label,label,ptr	69	0.041391
kimwitu++	switch	void	i32,label,label,label,label,label	62	0.037192
kimwitu++	call	ptr	ptr,ptr,ptr,i32,ptr	61	0.036592
kimwitu++	inttoptr	ptr	i64	61	0.036592
kimwitu++	zext	i8	i1	61	0.036592
kimwitu++	call	i64	i64,ptr	60	0.035992
kimwitu++	select	i32	i1,i32,i32	60	0.035992
kimwitu++	call	i32	ptr,ptr,ptr	56	0.033592
kimwitu++	call	ptr	ptr,i64,ptr	56	0.033592
kimwitu++	invoke	void	label,label,ptr	54	0.032393
kimwitu++	load	i1	ptr	51	0.030593
kimwitu++	udiv	i64	i64,i64	50	0.029993
kimwitu++	load	i16	ptr	44	0.026394
kimwitu++	call	i32	ptr,ptr,ptr,ptr	43	0.025794
kimwitu++	invoke	void	ptr,ptr,ptr,ptr,label,label,ptr	42	0.025194
kimwitu++	zext	i64	i32	41	0.024594
kimwitu++	invoke	ptr	ptr,label,label,ptr	36	0.021595
kimwitu++	sext	i32	i16	35	0.020995
kimwitu++	call	ptr	i32,ptr	34	0.020395
kimwitu++	phi	i64	i64,i64	29	0.017396
kimwitu++	store	void	[2 x i64],ptr	29	0.017396
kimwitu++	call	i1	ptr,ptr,ptr,ptr	27	0.016196
kimwitu++	call	i64	ptr	27	0.016196
kimwitu++	invoke	ptr	ptr,ptr,label,label,ptr	27	0.016196
kimwitu++	load	[2 x i64]	ptr	26	0.015597
kimwitu++	call	ptr	ptr,i64,ptr,ptr	24	0.014397
kimwitu++	call	i64	ptr,ptr,ptr	21	0.012597
kimwitu++	ret	void	[2 x i64]	21	0.012597
kimwitu++	switch	void	i32,label,label,label,label,label,label	21	0.012597
kimwitu++	call	[2 x i64]	ptr,ptr,ptr	18	0.010798
kimwitu++	call	i32	ptr,ptr,i32,ptr	18	0.010798
kimwitu++	call	void	ptr,i1,ptr	18	0.010798
kimwitu++	call	void	i32,ptr	16	0.009598
kimwitu++	trunc	i32	i64	16	0.009598
kimwitu++	invoke	void	ptr,i64,label,label,ptr	15	0.008998
kimwitu++	call	i32	i32,ptr	14	0.008398
kimwitu++	call	void	ptr,i8,i64,i1,ptr	14	0.008398
kimwitu++	switch	void	i32,label,label,label,label,label,label,label	14	0.008398
kimwitu++	zext	i64	i8	14	0.008398
kimwitu++	call	i32	ptr,ptr,i64,ptr	13	0.007798
kimwitu++	call	ptr	i32,ptr,ptr	13	0.007798
kimwitu++	call	ptr	i32,ptr,ptr,ptr,ptr,ptr,ptr,ptr,ptr	13	0.007798
kimwitu++	urem	i64	i64,i64	13	0.007798
kimwitu++	call	void	ptr,i64,i1,ptr	12	0.007198
kimwitu++	invoke	ptr	ptr,i64,ptr,label,label,ptr	12	0.007198
kimwitu++	xor	i1	i1,i1	12	0.007198
kimwitu++	call	ptr	ptr,ptr,ptr,ptr,ptr,ptr,ptr	10	0.005999
kimwitu++	invoke	void	ptr,ptr,ptr,ptr,ptr,label,label,ptr	10	0.005999
kimwitu++	call	i32	i32,ptr,ptr	9	0.005399
kimwitu++	call	i32	ptr	9	0.005399
kimwitu++	invoke	ptr	ptr,i32,label,label,ptr	9	0.005399
kimwitu++	trunc	i8	i32	9	0.005399
kimwitu++	trunc	i8	i64	9	0.005399
kimwitu++	call	ptr	ptr,ptr,ptr,ptr,i1,ptr	8	0.004799
kimwitu++	call	ptr	ptr,ptr,ptr,ptr,ptr,ptr	8	0.004799
kimwitu++	call	ptr	ptr,ptr,ptr,ptr,ptr,ptr,ptr,ptr	8	0.004799
kimwitu++	call	void	ptr,i32,ptr,ptr,ptr	8	0.004799
kimwitu++	load	double	ptr	8	0.004799
kimwitu++	phi	i1	i1,i1,i1	8	0.004799
kimwitu++	srem	i32	i32,i32	8	0.004799
kimwitu++	call	i32	ptr,ptr,ptr,ptr,ptr	7	0.004199
kimwitu++	call	void	ptr,ptr,ptr,ptr,ptr,ptr	7	0.004199
kimwitu++	phi	i32	i32,i32	7	0.004199
kimwitu++	call	i64	ptr,ptr,ptr,ptr,ptr,ptr	6	0.003599
kimwitu++	call	void	i1,ptr,ptr,ptr,ptr	6	0.003599
kimwitu++	invoke	i1	ptr,ptr,label,label,ptr	6	0.003599
kimwitu++	call	[2 x i64]	ptr,ptr	5	0.002999
kimwitu++	call	void	ptr,ptr,i64,i64,ptr	5	0.002999
kimwitu++	sext	i64	i16	5	0.002999
kimwitu++	switch	void	i32,label,label,label,label,label,label,label,label	5	0.002999
kimwitu++	and	i32	i32,i32	4	0.002399
kimwitu++	call	i32	ptr,ptr,i32,i32,ptr	4	0.002399
kimwitu++	call	i32	ptr,ptr,ptr,i32,ptr	4	0.002399
kimwitu++	call	i64	ptr,i64,i64,ptr,ptr	4	0.002399
kimwitu++	call	i64	ptr,i64,ptr	4	0.002399
kimwitu++	call	void	i32,ptr,ptr	4	0.002399
kimwitu++	invoke	ptr	label,label,ptr	4	0.002399
kimwitu++	invoke	ptr	ptr,ptr,ptr,ptr,label,label,ptr	4	0.002399
kimwitu++	store	void	double,ptr	4	0.002399
kimwitu++	switch	void	i32,label,label,label,label,label,label,label,label,label	4	0.002399
kimwitu++	zext	i32	i16	4	0.002399
kimwitu++	call	i64	ptr,ptr,i64,ptr	3	0.001800
kimwitu++	call	i64	ptr,ptr,ptr,ptr,ptr	3	0.001800
kimwitu++	call	ptr	ptr,i32,i32,i1,ptr	3	0.001800
kimwitu++	call	ptr	ptr,i8,ptr	3	0.001800
kimwitu++	call	void	ptr,i1,i1,ptr	3	0.001800
kimwitu++	invoke	i32	ptr,label,label,ptr	3	0.001800
kimwitu++	invoke	ptr	ptr,i8,label,label,ptr	3	0.001800
kimwitu++	invoke	void	ptr,ptr,i64,label,label,ptr	3	0.001800
kimwitu++	invoke	void	ptr,ptr,i64,ptr,i64,ptr,label,label,ptr	3	0.001800
kimwitu++	invoke	void	ptr,ptr,ptr,ptr,ptr,ptr,label,label,ptr	3	0.001800
kimwitu++	invoke	void	ptr,ptr,ptr,ptr,ptr,ptr,ptr,label,label,ptr	3	0.001800
kimwitu++	switch	void	i32,label,label,label,label,label,label,label,label,label,label	3	0.001800
kimwitu++	switch	void	i32,label,label,label,label,label,label,label,label,label,label,label	3	0.001800
kimwitu++	call	i32	ptr,i32,i32,ptr	2	0.001200
kimwitu++	call	i32	ptr,i32,ptr	2	0.001200
kimwitu++	call	i32	ptr,ptr,ptr,i32,ptr,ptr	2	0.001200
kimwitu++	call	i32	ptr,ptr,ptr,ptr,i32,ptr	2	0.001200
kimwitu++	call	i64	ptr,i64,ptr,ptr	2	0.001200
kimwitu++	call	ptr	ptr,i32,i32,ptr	2	0.001200
kimwitu++	call	ptr	ptr,ptr,i64,ptr	2	0.001200
kimwitu++	call	ptr	ptr,ptr,ptr,i32,ptr,ptr	2	0.001200
kimwitu++	call	ptr	ptr,ptr,ptr,ptr,i64,ptr	2	0.001200
kimwitu++	call	void	metadata,ptr	2	0.001200
kimwitu++	call	void	ptr,ptr,i1,ptr	2	0.001200
kimwitu++	call	void	ptr,ptr,ptr,ptr,ptr	2	0.001200
kimwitu++	call	void	ptr,ptr,ptr,ptr,ptr,ptr,ptr,ptr	2	0.001200
kimwitu++	call	{ i64, i1 }	i64,i64,ptr	2	0.001200
kimwitu++	extractvalue	i1	{ i64, i1 }	2	0.001200
kimwitu++	extractvalue	i64	{ i64, i1 }	2	0.001200
kimwitu++	invoke	i64	i64,label,label,ptr	2	0.001200
kimwitu++	invoke	ptr	ptr,i64,ptr,ptr,label,label,ptr	2	0.001200
kimwitu++	invoke	ptr	ptr,ptr,i64,label,label,ptr	2	0.001200
kimwitu++	load	[2 x ptr]	ptr	2	0.001200
kimwitu++	select	i64	i1,i64,i64	2	0.001200
kimwitu++	store	void	[2 x ptr],ptr	2	0.001200
kimwitu++	switch	void	i32,label	2	0.001200
kimwitu++	switch	void	i32,label,label,label,label,label,label,label,label,label,label,label,label	2	0.001200
kimwitu++	ashr	i64	i64,i64	1	0.000600
kimwitu++	call	i1	ptr,[2 x i64],[2 x i64],ptr	1	0.000600
kimwitu++	call	i1	ptr,ptr,ptr,ptr,ptr	1	0.000600
kimwitu++	call	i32	i32,ptr,ptr,ptr	1	0.000600
kimwitu++	call	i32	ptr,ptr,double,ptr	1	0.000600
kimwitu++	call	i32	ptr,ptr,ptr,double,ptr	1	0.000600
kimwitu++	call	i32	ptr,ptr,ptr,i32,ptr,ptr,ptr	1	0.000600
kimwitu++	call	i32	ptr,ptr,ptr,i32,ptr,ptr,ptr,i32,ptr	1	0.000600
kimwitu++	call	i32	ptr,ptr,ptr,i32,ptr,ptr,ptr,ptr,i32,ptr,ptr	1	0.000600
kimwitu++	call	i32	ptr,ptr,ptr,ptr,ptr,i32,ptr,ptr	1	0.000600
kimwitu++	call	i64	i64,ptr,ptr	1	0.000600
kimwitu++	call	i64	ptr,[2 x i64],ptr	1	0.000600
kimwitu++	call	i64	ptr,ptr,i64,ptr,ptr	1	0.000600
kimwitu++	call	ptr	[2 x ptr],[2 x ptr],ptr,ptr	1	0.000600
kimwitu++	call	ptr	double,ptr	1	0.000600
kimwitu++	call	ptr	ptr,i1,ptr	1	0.000600
kimwitu++	call	ptr	ptr,i64,i64,ptr,ptr	1	0.000600
kimwitu++	call	ptr	ptr,i64,ptr,i64,ptr	1	0.000600
kimwitu++	call	ptr	ptr,i64,ptr,ptr,ptr	1	0.000600
kimwitu++	call	void	[2 x i64],ptr	1	0.000600
kimwitu++	call	void	double,ptr,ptr,ptr	1	0.000600
kimwitu++	call	void	ptr,i64,i64,ptr	1	0.000600
kimwitu++	call	void	ptr,i64,ptr,ptr	1	0.000600
kimwitu++	call	void	ptr,ptr,i32,ptr	1	0.000600
kimwitu++	call	void	ptr,ptr,i64,ptr,ptr	1	0.000600
kimwitu++	call	void	ptr,ptr,ptr,i64,i64,ptr	1	0.000600
kimwitu++	fcmp	i1	double,double	1	0.000600
kimwitu++	invoke	[2 x i64]	ptr,ptr,ptr,label,label,ptr	1	0.000600
kimwitu++	invoke	i32	label,label,ptr	1	0.000600
kimwitu++	invoke	i32	ptr,ptr,label,label,ptr	1	0.000600
kimwitu++	invoke	i64	ptr,[2 x i64],label,label,ptr	1	0.000600
kimwitu++	invoke	i64	ptr,ptr,i64,label,label,ptr	1	0.000600
kimwitu++	invoke	i64	ptr,ptr,label,label,ptr	1	0.000600
kimwitu++	invoke	ptr	ptr,ptr,ptr,label,label,ptr	1	0.000600
kimwitu++	invoke	void	ptr,double,label,label,ptr	1	0.000600
kimwitu++	invoke	void	ptr,i1,label,label,ptr	1	0.000600
kimwitu++	invoke	void	ptr,i32,label,label,ptr	1	0.000600
kimwitu++	invoke	void	ptr,i32,ptr,label,label,ptr	1	0.000600
kimwitu++	invoke	void	ptr,i64,ptr,i64,label,label,ptr	1	0.000600
kimwitu++	invoke	void	ptr,i64,ptr,label,label,ptr	1	0.000600
kimwitu++	invoke	void	ptr,i64,ptr,ptr,label,label,ptr	1	0.000600
kimwitu++	invoke	void	ptr,i64,ptr,ptr,ptr,label,label,ptr	1	0.000600
kimwitu++	invoke	void	ptr,ptr,i32,label,label,ptr	1	0.000600
kimwitu++	invoke	void	ptr,ptr,ptr,ptr,ptr,ptr,ptr,ptr,label,label,ptr	1	0.000600
kimwitu++	mul	i32	i32,i32	1	0.000600
kimwitu++	or	i32	i32,i32	1	0.000600
kimwitu++	phi	i1	i1,i1,i1,i1,i1	1	0.000600
kimwitu++	sdiv	i32	i32,i32	1	0.000600
kimwitu++	select	i1	i1,i1,i1	1	0.000600
kimwitu++	store	void	i16,ptr	1	0.000600
kimwitu++	switch	void	i32,label,label,label,label,label,label,label,label,label,label,label,label,label	1	0.000600
kimwitu++	switch	void	i32,label,label,label,label,label,label,label,label,label,label,label,label,label,label	1	0.000600
kimwitu++	switch	void	i32,label,label,label,label,label,label,label,label,label,label,label,label,label,label,label,label	1	0.000600
kimwitu++	switch	void	i32,label,label,label,label,label,label,label,label,label,label,label,label,label,label,label,label,label,label,label	1	0.000600
kimwitu++	switch	void	i32,label,label,label,label,label,label,label,label,label,label,label,label,label,label,label,label,label,label,label,label	1	0.000600
kimwitu++	switch	void	i32,label,label,label,label,label,label,label,label,label,label,label,label,label,label,label,label,label,label,label,label,label,label,label,label,label,label	1	0.000600
kimwitu++	switch	void	i32,label,label,label,label,label,label,label,label,label,label,label,label,label,label,label,label,label,label,label,label,label,label,label,label,label,label,label,label	1	0.000600
kimwitu++	switch	void	i32,label,label,label,label,label,label,label,label,label,label,label,label,label,label,label,label,label,label,label,label,label,label,label,label,label,label,label,label,label	1	0.000600
kimwitu++	switch	void	i32,label,label,label,label,label,label,label,label,label,label,label,label,label,label,label,label,label,label,label,label,label,label,label,label,label,label,label,label,label,label	1	0.000600
kimwitu++	switch	void	i32,label,label,label,label,label,label,label,label,label,label,label,label,label,label,label,label,label,label,label,label,label,label,label,label,label,label,label,label,label,label,label,label,label,label,label	1	0.000600
kimwitu++	switch	void	i32,label,label,label,label,label,label,label,label,label,label,label,label,label,label,label,label,label,label,label,label,label,label,label,label,label,label,label,label,label,label,label,label,label,label,label,label,label,label,label	1	0.000600
kimwitu++	switch	void	i32,label,label,label,label,label,label,label,label,label,label,label,label,label,label,label,label,label,label,label,label,label,label,label,label,label,label,label,label,label,label,label,label,label,label,label,label,label,label,label,label,label,label,label,label,label,label,label,label,label,label,label,label,label,label,label,label,label,label,label,label,label	1	0.000600
kimwitu++	switch	void	i32,label,label,label,label,label,label,label,label,label,label,label,label,label,label,label,label,label,label,label,label,label,label,label,label,label,label,label,label,label,label,label,label,label,label,label,label,label,label,label,label,label,label,label,label,label,label,label,label,label,label,label,label,label,label,label,label,label,label,label,label,label,label,label,label,label,label,label,label,label,label,label,label,label,label,label,label,label,label,label,label,label,label,label,label,label,label,label,label,label,label,label,label,label,label,label,label,label,label,label,label,label,label,label,label,label	1	0.000600
kimwitu++	switch	void	i32,label,label,label,label,label,label,label,label,label,label,label,label,label,label,label,label,label,label,label,label,label,label,label,label,label,label,label,label,label,label,label,label,label,label,label,label,label,label,label,label,label,label,label,label,label,label,label,label,label,label,label,label,label,label,label,label,label,label,label,label,label,label,label,label,label,label,label,label,label,label,label,label,label,label,label,label,label,label,label,label,label,label,label,label,label,label,label,label,label,label,label,label,label,label,label,label,label,label,label,label,label,label,label,label,label,label,label,label,label,label,label,label,label,label,label,label,label,label,label,label,label,label,label,label,label,label,label,label,label,label,label,label,label,label,label,label,label,label,label,label,label,label,label,label,label,label,label,label,label,label,label,label,label,label,label,label,label,label,label,label,label,label,label,label,label,label,label,label,label,label,label,label,label,label,label,label,label,label,label,label,label,label,label,label,label,label,label,label,label,label,label,label,label,label,label,label,label,label,label,label,label,label,label,label,label,label,label,label,label,label,label,label,label,label,label,label,label,label,label,label,label,label,label,label,label,label,label,label,label,label,label,label,label,label,label,label,label,label,label,label,label,label,label,label,label,label,label,label,label,label,label,label,label,label,label,label,label,label,label,label,label,label,label,label,label,label,label,label,label,label,label,label,label,label,label,label,label,label,label,label,label,label,label,label,label,label,label,label,label,label,label,label,label,label,label,label,label,label,label,label,label,label,label,label,label,label,label,label,label,label,label,label,label,label,label,label,label,label,label,label,label,label,label,label,label,label,label,label,label,label,label,label,label,label,label,label,label,label,label	1	0.000600
kimwitu++	switch	void	i32,label,label,label,label,label,label,label,label,label,label,label,label,label,label,label,label,label,label,label,label,label,label,label,label,label,label,label,label,label,label,label,label,label,label,label,label,label,label,label,label,label,label,label,label,label,label,label,label,label,label,label,label,label,label,label,label,label,label,label,label,label,label,label,label,label,label,label,label,label,label,label,label,label,label,label,label,label,label,label,label,label,label,label,label,label,label,label,label,label,label,label,label,label,label,label,label,label,label,label,label,label,label,label,label,label,label,label,label,label,label,label,label,label,label,label,label,label,label,label,label,label,label,label,label,label,label,label,label,label,label,label,label,label,label,label,label,label,label,label,label,label,label,label,label,label,label,label,label,label,label,label,label,label,label,label,label,label,label,label,label,label,label,label,label,label,label,label,label,label,label,label,label,label,label,label,label,label,label,label,label,label,label,label,label,label,label,label,label,label,label,label,label,label,label,label,label,label,label,label,label,label,label,label,label,label,label,label,label,label,label,label,label,label,label,label,label,label,label,label,label,label,label,label,label,label,label,label,label,label,label,label,label,label,label,label,label,label,label,label,label,label,label,label,label,label,label,label,label,label,label,label,label,label,label,label,label,label,label,label,label,label,label,label,label,label,label,label,label,label,label,label,label,label,label,label,label,label,label,label,label,label,label,label,label,label,label,label,label,label,label,label,label,label,label,label,label,label,label,label,label,label,label,label,label,label,label,label,label,label,label,label,label,label,label,label,label,label,label,label,label,label,label,label,label,label,label,label,label,label,label,label,label,label,label,label,label,label,label,label,label,label,label,label,label,label,label,label,label,label,label,label,label,label,label,label,label,label,label,label,label,label,label,label,label,label,label,label,label,label,label	1	0.000600
kimwitu++	switch	void	i64,label,label,label,label,label,label,label,label,label	1	0.000600
kimwitu++	trunc	i16	i32	1	0.000600
lencod	load	i32	ptr	39518	18.473347
lencod	load	ptr	ptr	31538	14.742963
lencod	getelementptr	ptr	ptr,i32,i32	16422	7.676737
lencod	store	void	i32,ptr	14303	6.686176
lencod	br	void	label	12733	5.952253
lencod	getelementptr	ptr	ptr,i64	12103	5.657749
lencod	sext	i64	i32	12033	5.625026
lencod	getelementptr	ptr	ptr,i64,i64	8796	4.111837
lencod	br	void	i1,label,label	8657	4.046859
lencod	icmp	i1	i32,i32	8424	3.937939
lencod	add	i32	i32,i32	7592	3.549007
lencod	alloca	ptr	i32	5813	2.717384
lencod	load	i16	ptr	3960	1.851168
lencod	store	void	ptr,ptr	2847	1.330878
lencod	sub	i32	i32,i32	2573	1.202792
lencod	sext	i32	i16	1842	0.861074
lencod	store	void	i16,ptr	1786	0.834895
lencod	mul	i32	i32,i32	1579	0.738130
lencod	ashr	i32	i32,i32	1131	0.528705
lencod	zext	i32	i16	1113	0.520290
lencod	shl	i32	i32,i32	1046	0.488970
lencod	trunc	i16	i32	752	0.351535
lencod	load	i8	ptr	717	0.335174
lencod	call	void	ptr,ptr	682	0.318812
lencod	load	i64	ptr	657	0.307126
lencod	load	double	ptr	633	0.295906
lencod	phi	i32	i32,i32	606	0.283285
lencod	call	i32	i32,i32,ptr	542	0.253367
lencod	store	void	i8,ptr	530	0.247757
lencod	ret	void	-	457	0.213632
lencod	getelementptr	ptr	ptr,i32	443	0.207088
lencod	zext	i64	i32	438	0.204750
lencod	sext	i64	i16	431	0.201478
lencod	store	void	double,ptr	428	0.200076
lencod	sdiv	i32	i32,i32	420	0.196336
lencod	icmp	i1	ptr,ptr	411	0.192129
lencod	call	i32	i32,ptr	360	0.168288
lencod	call	void	ptr,ptr,i64,i1,ptr	342	0.159874
lencod	store	void	i64,ptr	340	0.158939
lencod	ret	void	i32	330	0.154264
lencod	sext	i32	i8	291	0.136033
lencod	and	i32	i32,i32	283	0.132293
lencod	load	float	ptr	276	0.129021
lencod	zext	i32	i1	268	0.125281
lencod	call	void	ptr,i32,ptr	244	0.114062
lencod	call	void	ptr	230	0.107517
lencod	call	i32	i32,i32,i32,ptr	215	0.100505
lencod	call	i32	ptr,ptr	209	0.097701
lencod	zext	i32	i8	207	0.096766
lencod	zext	i64	i1	207	0.096766
lencod	call	i32	ptr,ptr,ptr	193	0.090221
lencod	fpext	double	float	174	0.081339
lencod	phi	i1	i1,i1	172	0.080404
lencod	select	i32	i1,i32,i32	172	0.080404
lencod	sitofp	double	i32	172	0.080404
lencod	trunc	i8	i32	162	0.075730
lencod	mul	i64	i64,i64	155	0.072457
lencod	call	i32	ptr,i32,ptr,ptr	148	0.069185
lencod	fmul	double	double,double	148	0.069185
lencod	store	void	float,ptr	147	0.068718
lencod	call	void	ptr,ptr,ptr	137	0.064043
lencod	call	void	ptr,i16,ptr,ptr	122	0.057031
lencod	call	ptr	i64,i64,ptr	119	0.055629
lencod	sitofp	float	i32	119	0.055629
lencod	add	i64	i64,i64	117	0.054694
lencod	or	i32	i32,i32	112	0.052356
lencod	fdiv	double	double,double	110	0.051421
lencod	srem	i32	i32,i32	110	0.051421
lencod	fadd	double	double,double	102	0.047682
lencod	fdiv	float	float,float	102	0.047682
lencod	call	void	ptr,i8,i64,i1,ptr	100	0.046747
lencod	fptosi	i32	double	95	0.044409
lencod	call	double	double,double,double,ptr	78	0.036462
lencod	call	void	i32,ptr	73	0.034125
lencod	icmp	i1	i16,i16	73	0.034125
lencod	icmp	i1	i64,i64	72	0.033658
lencod	trunc	i32	i64	71	0.033190
lencod	call	double	double,ptr	69	0.032255
lencod	sitofp	float	i64	69	0.032255
lencod	call	ptr	i64,ptr	66	0.030853
lencod	fcmp	i1	double,double	66	0.030853
lencod	call	i32	ptr	61	0.028515
lencod	call	i32	ptr,i32,i32,ptr	61	0.028515
lencod	call	i32	ptr,ptr,i32,ptr	60	0.028048
lencod	sub	i64	i64,i64	58	0.027113
lencod	call	i32	ptr,i32,i32,i32,i32,i32,ptr	56	0.026178
lencod	fmul	float	float,float	54	0.025243
lencod	icmp	i1	i8,i8	50	0.023373
lencod	call	i32	ptr,i64,ptr,ptr	48	0.022438
lencod	call	i32	ptr,ptr,ptr,ptr	47	0.021971
lencod	sext	i16	i8	46	0.021503
lencod	call	i32	ptr,ptr,i64,ptr	45	0.021036
lencod	call	i32	ptr,ptr,double,ptr	43	0.020101
lencod	call	ptr	ptr,i32,i32,ptr	43	0.020101
lencod	call	i32	ptr,i32,i32,i32,ptr	42	0.019634
lencod	phi	ptr	ptr,ptr	42	0.019634
lencod	call	void	i32,i32,i32,ptr,ptr	41	0.019166
lencod	call	i32	ptr,i32,i32,i32,i32,i32,i32,i32,ptr	40	0.018699
lencod	sitofp	double	i64	40	0.018699
lencod	call	void	ptr,i32,i32,ptr	39	0.018231
lencod	phi	i1	i1,i1,i1	37	0.017296
lencod	zext	i64	i16	35	0.016361
lencod	call	double	ptr,ptr,ptr	34	0.015894
lencod	call	ptr	ptr	34	0.015894
lencod	shl	i64	i64,i64	34	0.015894
lencod	call	i32	ptr,i32,ptr	33	0.015426
lencod	phi	i1	i1,i1,i1,i1	32	0.014959
lencod	unreachable	void	-	32	0.014959
lencod	xor	i32	i32,i32	32	0.014959
lencod	phi	i64	i64,i64	30	0.014024
lencod	fadd	float	float,float	29	0.013557
lencod	or	i64	i64,i64	29	0.013557
lencod	xor	i1	i1,i1	28	0.013089
lencod	call	void	i32,i32,i32,i32,ptr,ptr	27	0.012622
lencod	select	ptr	i1,ptr,ptr	27	0.012622
lencod	ret	void	ptr	26	0.012154
lencod	call	i32	i32,ptr,i32,ptr,ptr	25	0.011687
lencod	call	i32	ptr,i32,i32,i32,i32,ptr	24	0.011219
lencod	call	i64	ptr,ptr	24	0.011219
lencod	call	void	i32,i32,ptr	24	0.011219
lencod	fptosi	i32	float	24	0.011219
lencod	call	void	i32,i32,i32,ptr,ptr,ptr,ptr	23	0.010752
lencod	fsub	double	double,double	23	0.010752
lencod	phi	double	double,double	23	0.010752
lencod	add	i16	i16,i16	22	0.010284
lencod	call	void	i32,i32,ptr,ptr	21	0.009817
lencod	urem	i32	i32,i32	21	0.009817
lencod	call	ptr	ptr,ptr,ptr	20	0.009349
lencod	udiv	i32	i32,i32	20	0.009349
lencod	and	i64	i64,i64	19	0.008882
lencod	call	void	i32,i32,ptr,ptr,ptr	19	0.008882
lencod	switch	void	i32,label,label,label,label,label	19	0.008882
lencod	call	i32	ptr,i64,ptr,ptr,ptr	18	0.008414
lencod	fptrunc	float	double	18	0.008414
lencod	call	ptr	i32,ptr	16	0.007479
lencod	call	void	ptr,i16,ptr	16	0.007479
lencod	fneg	double	double	16	0.007479
lencod	call	double	double,double,ptr	15	0.007012
lencod	call	i32	i32,ptr,ptr	15	0.007012
lencod	fcmp	i1	float,float	14	0.006545
lencod	call	i32	ptr,i64,ptr,i32,ptr	13	0.006077
lencod	call	void	ptr,ptr,ptr,ptr	13	0.006077
lencod	switch	void	i32,label,label,label,label	13	0.006077
lencod	call	i32	ptr,ptr,double,double,double,ptr	12	0.005610
lencod	call	void	i32,i32,i32,i32,i32,ptr	12	0.005610
lencod	ret	void	double	12	0.005610
lencod	sdiv	i64	i64,i64	12	0.005610
lencod	call	ptr	i32,i32,i32,i32,i32,ptr	11	0.005142
lencod	call	void	ptr,i64,i64,ptr,ptr	11	0.005142
lencod	call	i32	ptr,ptr,i64,double,ptr	10	0.004675
lencod	call	void	ptr,i32,i32,i32,ptr	10	0.004675
lencod	switch	void	i32,label,label,label	10	0.004675
lencod	call	float	float,float,float,ptr	9	0.004207
lencod	call	i32	ptr,ptr,i32,i32,ptr	9	0.004207
lencod	call	i64	ptr,i64,i64,ptr,ptr	9	0.004207
lencod	call	i32	i32,i32,i32,i32,ptr	8	0.003740
lencod	call	i32	ptr,ptr,double,double,ptr	8	0.003740
lencod	call	void	i32,ptr,ptr,ptr,ptr,ptr,ptr	8	0.003740
lencod	call	void	ptr,i32,i32,i32,i32,i32,i32,i32,ptr	8	0.003740
lencod	call	void	ptr,ptr,i32,i32,i32,i32,i32,ptr	8	0.003740
lencod	call	void	ptr,ptr,ptr,ptr,ptr,i16,i32,ptr,ptr,ptr,i32,ptr	8	0.003740
lencod	lshr	i32	i32,i32	8	0.003740
lencod	uitofp	double	i16	8	0.003740
lencod	call	i32	ptr,i32,i32,i32,double,double,double,i32,i32,ptr,i32,ptr	7	0.003272
lencod	call	i64	i32,ptr,i64,ptr	7	0.003272
lencod	fsub	float	float,float	7	0.003272
lencod	lshr	i64	i64,i64	7	0.003272
lencod	uitofp	double	i32	7	0.003272
lencod	call	i32	ptr,i64,ptr,i32,i32,ptr	6	0.002805
lencod	call	i64	i32,i64,i32,ptr	6	0.002805
lencod	call	ptr	ptr,ptr	6	0.002805
lencod	call	ptr	ptr,ptr,i64,ptr	6	0.002805
lencod	call	void	i32,i32,i32,i32,i32,i16,i16,ptr	6	0.002805
lencod	call	void	i32,ptr,i32,ptr,ptr,i32,ptr	6	0.002805
lencod	call	void	i32,ptr,ptr,ptr,ptr,i32,i16,ptr,ptr	6	0.002805
lencod	call	void	i64,i64,ptr	6	0.002805
lencod	call	void	ptr,i32,i32,i32,float,ptr	6	0.002805
lencod	call	void	ptr,i32,i32,i32,ptr,ptr	6	0.002805
lencod	call	void	ptr,i32,i32,ptr,i16,ptr,ptr	6	0.002805
lencod	call	void	ptr,ptr,i32,i32,ptr	6	0.002805
lencod	call	void	ptr,ptr,ptr,i16,i32,i32,i32,i32,i32,ptr	6	0.002805
lencod	call	void	ptr,ptr,ptr,i32,i32,i32,i32,i32,i32,i32,i32,ptr	6	0.002805
lencod	select	double	i1,double,double	6	0.002805
lencod	uitofp	float	i64	6	0.002805
lencod	call	i32	ptr,i32,i32,i32,i32,double,double,double,i32,i32,ptr,i32,i32,i32,i32,i32,ptr	5	0.002337
lencod	call	void	i64,ptr,ptr	5	0.002337
lencod	call	void	ptr,i32,ptr,ptr	5	0.002337
lencod	switch	void	i32,label,label,label,label,label,label,label,label	5	0.002337
lencod	trunc	i8	i16	5	0.002337
lencod	call	double	i32,ptr	4	0.001870
lencod	call	i32	double,ptr,ptr	4	0.001870
lencod	call	i32	i32,i32,i32,i32,i32,i32,i32,ptr	4	0.001870
lencod	call	i32	i32,i32,i32,i32,i32,ptr	4	0.001870
lencod	call	i32	i32,i32,ptr,ptr	4	0.001870
lencod	call	i32	i32,ptr,i32,ptr	4	0.001870
lencod	call	i32	ptr,i16,i32,i32,i32,i32,i16,i16,ptr,ptr,i32,i32,i32,ptr	4	0.001870
lencod	call	i32	ptr,i64,i32,ptr	4	0.001870
lencod	call	i32	ptr,i64,ptr,ptr,ptr,ptr	4	0.001870
lencod	call	i32	ptr,ptr,i32,i16,i32,i32,i16,i16,ptr	4	0.001870
lencod	call	i32	ptr,ptr,i32,i32,i32,ptr	4	0.001870
lencod	call	i32	ptr,ptr,i32,ptr,ptr,ptr	4	0.001870
lencod	call	i64	ptr,i64,ptr,ptr,ptr	4	0.001870
lencod	call	ptr	ptr,i32,ptr	4	0.001870
lencod	call	void	i32,i8,i32,i32,i32,i32,i32,ptr	4	0.001870
lencod	call	void	i32,ptr,ptr,i32,ptr	4	0.001870
lencod	call	void	ptr,i32,i32,i32,i32,i32,i32,i32,i32,i32,i32,ptr	4	0.001870
lencod	call	void	ptr,ptr,i32,i32,i32,i32,i32,i32,i32,ptr	4	0.001870
lencod	switch	void	i32,label,label,label,label,label,label,label	4	0.001870
lencod	ashr	i64	i64,i64	3	0.001402
lencod	call	i32	i32,i32,ptr,i32,ptr	3	0.001402
lencod	call	i32	ptr,i16,i32,i32,i32,i32,i16,i16,i16,i16,ptr,ptr,ptr,ptr,i32,i32,i32,ptr	3	0.001402
lencod	call	i32	ptr,i16,i32,i32,i32,i32,i16,i16,ptr,ptr,i32,i32,i32,i32,ptr	3	0.001402
lencod	call	i32	ptr,i32,i32,ptr,ptr,ptr	3	0.001402
lencod	call	i32	ptr,ptr,i32,i32,i32,i32,i32,ptr	3	0.001402
lencod	call	i32	ptr,ptr,ptr,ptr,ptr	3	0.001402
lencod	call	void	i32,i32,i32,ptr	3	0.001402
lencod	call	void	i32,ptr,ptr	3	0.001402
lencod	call	void	i32,ptr,ptr,ptr	3	0.001402
lencod	call	void	ptr,i32,i32,i32,i32,ptr,ptr	3	0.001402
lencod	call	void	ptr,i32,ptr,i32,ptr	3	0.001402
lencod	call	void	ptr,ptr,i32,i32,i32,ptr	3	0.001402
lencod	call	void	ptr,ptr,i32,ptr,ptr,ptr,ptr	3	0.001402
lencod	fptoui	i64	float	3	0.001402
lencod	switch	void	i32,label,label	3	0.001402
lencod	switch	void	i32,label,label,label,label,label,label	3	0.001402
lencod	call	double	ptr	2	0.000935
lencod	call	i16	ptr,ptr,ptr,ptr,i32,i32,i16,ptr,ptr,ptr,ptr	2	0.000935
lencod	call	i32	double,i32,ptr,ptr,i32,ptr	2	0.000935
lencod	call	i32	double,ptr	2	0.000935
lencod	call	i32	i32,double,ptr,ptr	2	0.000935
lencod	call	i32	i32,i32,i16,i16,i32,ptr	2	0.000935
lencod	call	i32	ptr,i16,i32,i32,i32,i32,i16,i16,ptr,ptr,i32,i32,i32,ptr,ptr	2	0.000935
lencod	call	i32	ptr,i16,i32,i32,i32,i32,i16,i16,ptr,ptr,ptr,ptr,i32,i32,i32,ptr,ptr	2	0.000935
lencod	call	i32	ptr,i16,i32,i32,i32,i32,ptr,ptr,ptr,ptr,i32,i32,i32,ptr,ptr	2	0.000935
lencod	call	i32	ptr,i64,ptr,ptr,i32,i32,ptr	2	0.000935
lencod	call	i32	ptr,ptr,i32,ptr,ptr	2	0.000935
lencod	call	i32	ptr,ptr,i64,i64,i64,i32,ptr	2	0.000935
lencod	call	i32	ptr,ptr,ptr,i32,i32,i32,ptr	2	0.000935
lencod	call	i64	i64,i64,ptr	2	0.000935
lencod	call	ptr	i32,i32,i32,ptr	2	0.000935
lencod	call	void	i16,i32,i32,i32,i32,ptr,ptr	2	0.000935
lencod	call	void	i16,ptr	2	0.000935
lencod	call	void	i16,ptr,i16,ptr	2	0.000935
lencod	call	void	i32,float,float,float,ptr	2	0.000935
lencod	call	void	i32,i32,i32,i32,i32,i32,i32,ptr	2	0.000935
lencod	call	void	i32,i32,i32,ptr,i32,ptr,ptr	2	0.000935
lencod	call	void	i32,i32,ptr,ptr,ptr,ptr	2	0.000935
lencod	call	void	ptr,i32,i32,i32,i32,i32,ptr	2	0.000935
lencod	call	void	ptr,i32,i32,i32,i32,ptr	2	0.000935
lencod	call	void	ptr,i32,i32,ptr,i32,i16,i32,i32,ptr	2	0.000935
lencod	call	void	ptr,i32,i32,ptr,ptr	2	0.000935
lencod	call	void	ptr,i32,ptr,ptr,ptr,i32,ptr	2	0.000935
lencod	call	void	ptr,ptr,i32,i32,i32,i32,ptr	2	0.000935
lencod	call	void	ptr,ptr,ptr,i16,i32,i32,i32,i32,i32,ptr,ptr	2	0.000935
lencod	call	void	ptr,ptr,ptr,i32,ptr	2	0.000935
lencod	phi	i1	i1,i1,i1,i1,i1	2	0.000935
lencod	phi	i1	i1,i1,i1,i1,i1,i1	2	0.000935
lencod	select	float	i1,float,float	2	0.000935
lencod	sitofp	float	i16	2	0.000935
lencod	switch	void	i32,label,label,label,label,label,label,label,label,label,label,label,label,label,label,label,label,label	2	0.000935
lencod	udiv	i64	i64,i64	2	0.000935
lencod	uitofp	float	i32	2	0.000935
lencod	zext	i16	i8	2	0.000935
lencod	call	double	ptr,i32,i32,double,double,i32,ptr	1	0.000467
lencod	call	double	ptr,i32,i32,i32,double,double,i32,ptr	1	0.000467
lencod	call	double	ptr,ptr,double,i32,i32,i16,i16,i16,ptr	1	0.000467
lencod	call	i16	i16,ptr	1	0.000467
lencod	call	i32	double,double,i32,i32,double,ptr	1	0.000467
lencod	call	i32	float,float,i32,i32,double,ptr	1	0.000467
lencod	call	i32	i16,i32,i32,i32,i32,i32,ptr,ptr	1	0.000467
lencod	call	i32	i32,i32,double,ptr,ptr	1	0.000467
lencod	call	i32	i32,i32,i16,i16,i32,i32,ptr	1	0.000467
lencod	call	i32	i64,ptr,ptr	1	0.000467
lencod	call	i32	ptr,i16,i32,i32,i32,i32,ptr,ptr,i32,i32,i32,ptr,ptr	1	0.000467
lencod	call	i32	ptr,i16,i32,i32,ptr,ptr,i32,i32,i32,ptr,ptr,i32,i32,i32,ptr	1	0.000467
lencod	call	i32	ptr,i16,i32,i32,ptr,ptr,i32,i32,i32,ptr,ptr,ptr,ptr,i32,i32,i32,ptr	1	0.000467
lencod	call	i32	ptr,i32,i32,double,double,double,i32,i32,ptr,i32,ptr	1	0.000467
lencod	call	i32	ptr,i32,i32,i32,i32,double,double,double,i32,i32,ptr,i32,i32,i32,i32,i32,i32,ptr	1	0.000467
lencod	call	i32	ptr,i32,i32,i32,i32,i32,i32,ptr	1	0.000467
lencod	call	i32	ptr,i32,ptr,i32,ptr	1	0.000467
lencod	call	i32	ptr,i64,ptr,i32,i32,i32,ptr	1	0.000467
lencod	call	i32	ptr,i64,ptr,i32,ptr,ptr	1	0.000467
lencod	call	i32	ptr,i64,ptr,i64,ptr,ptr	1	0.000467
lencod	call	i32	ptr,i64,ptr,ptr,double,double,ptr	1	0.000467
lencod	call	i32	ptr,i64,ptr,ptr,double,ptr	1	0.000467
lencod	call	i32	ptr,i64,ptr,ptr,i32,ptr	1	0.000467
lencod	call	i32	ptr,ptr,i32,i32,i32,double,double,double,i64,double,double,double,i32,double,double,double,i64,i32,double,ptr	1	0.000467
lencod	call	i32	ptr,ptr,i32,i32,i32,double,double,double,i64,double,double,double,i32,double,double,double,i64,i64,double,ptr	1	0.000467
lencod	call	i32	ptr,ptr,i32,i32,i32,i32,ptr	1	0.000467
lencod	call	i32	ptr,ptr,i64,i64,i64,i64,i32,ptr	1	0.000467
lencod	call	i8	ptr,i32,i32,ptr	1	0.000467
lencod	call	void	i16,i32,ptr	1	0.000467
lencod	call	void	i32,i16,i32,i32,i32,i32,i32,ptr,i32,ptr,ptr	1	0.000467
lencod	call	void	i32,i32,i16,i32,i32,ptr,ptr,i32,i32,i32,i32,i32,i32,i32,i32,ptr	1	0.000467
lencod	call	void	i32,i32,i32,i32,i16,i16,i32,ptr	1	0.000467
lencod	call	void	i32,i32,i32,i32,i32,i32,i16,i16,ptr	1	0.000467
lencod	call	void	i32,i32,i32,i32,i32,i32,i32,i32,ptr	1	0.000467
lencod	call	void	i32,i32,i32,i32,i32,i32,ptr	1	0.000467
lencod	call	void	i32,i32,i32,i32,i32,ptr,ptr,ptr	1	0.000467
lencod	call	void	i32,i32,i32,i32,ptr	1	0.000467
lencod	call	void	i32,i32,ptr,i32,ptr	1	0.000467
lencod	call	void	i64,ptr,ptr,ptr,ptr	1	0.000467
lencod	call	void	ptr,double,ptr	1	0.000467
lencod	call	void	ptr,i32,i32,ptr,ptr,ptr	1	0.000467
lencod	call	void	ptr,i32,ptr,i32,i32,ptr	1	0.000467
lencod	call	void	ptr,ptr,i32,ptr,i32,ptr	1	0.000467
lencod	call	void	ptr,ptr,i32,ptr,ptr	1	0.000467
lencod	fptosi	i64	float	1	0.000467
lencod	ret	void	i16	1	0.000467
lencod	ret	void	i64	1	0.000467
lencod	ret	void	i8	1	0.000467
lencod	switch	void	i32,label,label,label,label,label,label,label,label,label	1	0.000467
lencod	switch	void	i32,label,label,label,label,label,label,label,label,label,label	1	0.000467
lencod	trunc	i16	i64	1	0.000467
lencod	uitofp	double	i64	1	0.000467
lencod	xor	i64	i64,i64	1	0.000467
mafft	load	i32	ptr	18232	17.637612
mafft	load	ptr	ptr	13756	13.307536
mafft	br	void	label	8339	8.067137
mafft	store	void	i32,ptr	7430	7.187772
mafft	getelementptr	ptr	ptr,i64	6636	6.419658
mafft	sext	i64	i32	5987	5.791816
mafft	alloca	ptr	i32	5026	4.862146
mafft	br	void	i1,label,label	4512	4.364903
mafft	store	void	ptr,ptr	4115	3.980846
mafft	icmp	i1	i32,i32	4045	3.913128
mafft	add	i32	i32,i32	3557	3.441037
mafft	load	float	ptr	2371	2.293702
mafft	getelementptr	ptr	ptr,i64,i64	1801	1.742285
mafft	store	void	float,ptr	1498	1.449163
mafft	sub	i32	i32,i32	1155	1.117345
mafft	store	void	double,ptr	1084	1.048660
mafft	load	double	ptr	1013	0.979975
mafft	getelementptr	ptr	ptr,i32,i32	875	0.846474
mafft	load	i8	ptr	871	0.842604
mafft	call	void	ptr,ptr	752	0.727484
mafft	getelementptr	ptr	ptr,i32	726	0.702331
mafft	zext	i32	i8	716	0.692657
mafft	fpext	double	float	449	0.434362
mafft	store	void	i8,ptr	448	0.433395
mafft	call	ptr	i32,ptr	444	0.429525
mafft	fadd	float	float,float	401	0.387927
mafft	fmul	double	double,double	389	0.376318
mafft	sitofp	double	i32	321	0.310535
mafft	icmp	i1	ptr,ptr	298	0.288285
mafft	call	ptr	i32,i32,ptr	268	0.259263
mafft	ret	void	-	235	0.227339
mafft	call	i32	ptr,ptr,ptr	231	0.223469
mafft	trunc	i32	i64	224	0.216697
mafft	mul	i32	i32,i32	219	0.211860
mafft	fptrunc	float	double	218	0.210893
mafft	fcmp	i1	float,float	211	0.204121
mafft	fsub	double	double,double	211	0.204121
mafft	call	i64	ptr,ptr	207	0.200252
mafft	zext	i32	i1	198	0.191545
mafft	fadd	double	double,double	175	0.169295
mafft	call	ptr	ptr,ptr,ptr	167	0.161556
mafft	phi	i32	i32,i32	167	0.161556
mafft	xor	i1	i1,i1	166	0.160588
mafft	call	i32	ptr,ptr	157	0.151882
mafft	call	double	double,double,double,ptr	149	0.144142
mafft	fdiv	double	double,double	145	0.140273
mafft	fptosi	i32	double	120	0.116088
mafft	call	ptr	ptr,i32,ptr,ptr	112	0.108349
mafft	sitofp	float	i32	107	0.103512
mafft	unreachable	void	-	99	0.095772
mafft	call	void	ptr,i32,ptr,ptr,i32,ptr	98	0.094805
mafft	call	void	i32,ptr	95	0.091903
mafft	fcmp	i1	double,double	93	0.089968
mafft	call	i32	ptr,ptr,i32,ptr	92	0.089001
mafft	call	i32	ptr,ptr,i64,ptr	91	0.088033
mafft	call	ptr	i64,i64,ptr	89	0.086098
mafft	ptrtoint	i64	ptr	86	0.083196
mafft	call	float	float,float,float,ptr	74	0.071588
mafft	sub	i64	i64,i64	72	0.069653
mafft	ret	void	float	71	0.068685
mafft	fmul	float	float,float	66	0.063848
mafft	call	i32	ptr,ptr,i32,i32,ptr	61	0.059011
mafft	ret	void	i32	53	0.051272
mafft	call	i32	ptr,ptr,ptr,ptr	51	0.049337
mafft	call	void	ptr,ptr,ptr,i32,i32,ptr,ptr,i32,ptr	48	0.046435
mafft	icmp	i1	i8,i8	44	0.042566
mafft	call	void	ptr,ptr,ptr,i32,i32,ptr	43	0.041598
mafft	call	i32	ptr,ptr,double,ptr	41	0.039663
mafft	call	void	ptr,i32,ptr,ptr,i32,ptr,ptr,ptr	40	0.038696
mafft	mul	i64	i64,i64	33	0.031924
mafft	call	void	ptr,i32,ptr,ptr,i32,ptr,ptr	28	0.027087
mafft	call	void	ptr,ptr,ptr,ptr	28	0.027087
mafft	phi	i1	i1,i1	28	0.027087
mafft	call	void	ptr,ptr,i64,i1,ptr	27	0.026120
mafft	fneg	double	double	27	0.026120
mafft	sdiv	i32	i32,i32	27	0.026120
mafft	ret	void	ptr	26	0.025152
mafft	call	i32	ptr,ptr,i32,i32,i32,ptr	23	0.022250
mafft	trunc	i8	i32	23	0.022250
mafft	call	i32	ptr,ptr,i32,ptr,ptr	22	0.021283
mafft	icmp	i1	i64,i64	21	0.020315
mafft	call	ptr	ptr,i64,ptr	18	0.017413
mafft	call	ptr	ptr,ptr,i64,ptr	18	0.017413
mafft	and	i32	i32,i32	17	0.016446
mafft	call	double	ptr,ptr	17	0.016446
mafft	call	ptr	ptr	17	0.016446
mafft	call	void	i32,ptr,ptr	17	0.016446
mafft	call	void	ptr,i32,ptr	17	0.016446
mafft	ret	void	double	17	0.016446
mafft	call	ptr	ptr,i32,ptr	16	0.015478
mafft	load	i16	ptr	16	0.015478
mafft	zext	i32	i16	16	0.015478
mafft	call	i32	ptr,i32,ptr,ptr	15	0.014511
mafft	call	ptr	i64,ptr	14	0.013544
mafft	srem	i32	i32,i32	14	0.013544
mafft	call	i32	i32,ptr,i32,ptr	12	0.011609
mafft	call	void	i32,i32,ptr,ptr	12	0.011609
mafft	call	void	ptr,double,ptr,ptr	12	0.011609
mafft	call	void	ptr,i32,i32,ptr	12	0.011609
mafft	call	void	ptr,ptr,i32,i32,ptr	12	0.011609
mafft	call	float	ptr,ptr,i32,ptr	11	0.010641
mafft	call	i32	i32,ptr,ptr	11	0.010641
mafft	call	i32	ptr,ptr,ptr,ptr,ptr,ptr	11	0.010641
mafft	load	i64	ptr	11	0.010641
mafft	store	void	i64,ptr	11	0.010641
mafft	call	float	ptr,ptr,ptr,ptr,ptr,ptr,ptr,ptr,ptr,i32,i32,ptr	10	0.009674
mafft	fneg	float	float	10	0.009674
mafft	call	void	ptr	9	0.008707
mafft	add	i64	i64,i64	8	0.007739
mafft	call	double	double,ptr	8	0.007739
mafft	call	float	i32,i32,ptr	8	0.007739
mafft	call	i32	i32,ptr	8	0.007739
mafft	fdiv	float	float,float	8	0.007739
mafft	fsub	float	float,float	8	0.007739
mafft	phi	double	double,double	8	0.007739
mafft	call	i32	ptr,ptr,ptr,ptr,ptr	7	0.006772
mafft	call	ptr	ptr,ptr	7	0.006772
mafft	call	void	i32,ptr,ptr,ptr	7	0.006772
mafft	call	float	ptr,ptr,ptr,ptr,i32,i32,i32,ptr,ptr,ptr,ptr,ptr,ptr,ptr	6	0.005804
mafft	call	i32	double,ptr	6	0.005804
mafft	call	i32	ptr,ptr,ptr,double,ptr,double,ptr	6	0.005804
mafft	call	void	ptr,i32,i32,i32,ptr,ptr	6	0.005804
mafft	call	void	ptr,i32,i32,ptr,ptr	6	0.005804
mafft	call	void	ptr,ptr,ptr	6	0.005804
mafft	call	void	ptr,ptr,ptr,double,ptr,ptr	6	0.005804
mafft	phi	float	float,float	6	0.005804
mafft	sitofp	double	i64	6	0.005804
mafft	call	float	ptr,i32,ptr	5	0.004837
mafft	call	void	ptr,ptr,ptr,i32,i32,i32,i32,ptr	5	0.004837
mafft	call	double	ptr,i32,ptr,i32,ptr	4	0.003870
mafft	call	float	ptr,float,ptr,i32,i32,ptr	4	0.003870
mafft	call	float	ptr,ptr,ptr,ptr,i32,i32,i32,ptr,ptr,ptr,ptr,ptr	4	0.003870
mafft	call	i32	i32,i32,ptr,ptr,ptr,ptr,ptr,ptr	4	0.003870
mafft	call	i32	ptr,i32,ptr,i32,ptr	4	0.003870
mafft	call	i32	ptr,ptr,double,double,double,ptr	4	0.003870
mafft	call	ptr	ptr,i32,i32,i32,ptr	4	0.003870
mafft	call	void	i32,i32,i32,ptr,ptr,ptr,ptr,ptr	4	0.003870
mafft	call	void	i32,i32,ptr,ptr,ptr,ptr,ptr,ptr,ptr,ptr,ptr,ptr,ptr	4	0.003870
mafft	call	void	i32,ptr,ptr,ptr,ptr,i32,ptr	4	0.003870
mafft	call	void	ptr,ptr,double,ptr,ptr	4	0.003870
mafft	call	void	ptr,ptr,i32,ptr	4	0.003870
mafft	call	void	ptr,ptr,ptr,ptr,ptr	4	0.003870
mafft	call	void	ptr,ptr,ptr,ptr,ptr,ptr,ptr,ptr,ptr,ptr,i32,i32,ptr	4	0.003870
mafft	phi	i1	i1,i1,i1	4	0.003870
mafft	select	ptr	i1,ptr,ptr	4	0.003870
mafft	shl	i32	i32,i32	4	0.003870
mafft	zext	i64	i1	4	0.003870
mafft	zext	i64	i32	4	0.003870
mafft	call	float	float,float,ptr	3	0.002902
mafft	call	float	i32,i32,ptr,ptr,ptr,ptr,ptr,ptr,i32,i32,i32,i32,i32,ptr,ptr,i32,ptr,ptr	3	0.002902
mafft	call	float	ptr,i32,i32,ptr,ptr,i32,ptr	3	0.002902
mafft	call	float	ptr,ptr,i32,ptr,ptr,ptr	3	0.002902
mafft	call	float	ptr,ptr,ptr,ptr,i32,i32,i32,ptr	3	0.002902
mafft	call	i32	ptr,ptr,i32,double,ptr	3	0.002902
mafft	call	i32	ptr,ptr,i32,i32,i32,double,ptr	3	0.002902
mafft	call	i32	ptr,ptr,ptr,ptr,ptr,ptr,ptr	3	0.002902
mafft	call	void	i32,ptr,ptr,ptr,ptr	3	0.002902
mafft	call	void	ptr,i32,ptr,ptr	3	0.002902
mafft	call	void	ptr,ptr,ptr,ptr,i32,i32,i32,i32,ptr	3	0.002902
mafft	call	void	ptr,ptr,ptr,ptr,i32,i32,ptr	3	0.002902
mafft	call	void	ptr,ptr,ptr,ptr,ptr,ptr,ptr	3	0.002902
mafft	fptosi	i32	float	3	0.002902
mafft	call	double	double,i32,ptr	2	0.001935
mafft	call	float	i32,i32,ptr,ptr,ptr,ptr,i32,i32,i32,i32,ptr	2	0.001935
mafft	call	float	i32,i32,ptr,ptr,ptr,ptr,ptr,ptr,i32,i32,i32,i32,i32,ptr,ptr,i32,ptr,ptr,ptr	2	0.001935
mafft	call	i32	ptr	2	0.001935
mafft	call	i32	ptr,i32,ptr,ptr,ptr,ptr,ptr,ptr	2	0.001935
mafft	call	i32	ptr,ptr,i32,i32,double,ptr	2	0.001935
mafft	call	i32	ptr,ptr,ptr,i32,ptr	2	0.001935
mafft	call	i32	ptr,ptr,ptr,ptr,ptr,ptr,ptr,ptr,ptr	2	0.001935
mafft	call	i32	ptr,ptr,ptr,ptr,ptr,ptr,ptr,ptr,ptr,ptr,ptr	2	0.001935
mafft	call	ptr	i32,i32,i32,ptr	2	0.001935
mafft	call	void	ptr,ptr,i32,i32,i32,i32,double,i32,i32,ptr	2	0.001935
mafft	call	void	ptr,ptr,i32,ptr,ptr,ptr,ptr,ptr	2	0.001935
mafft	call	void	ptr,ptr,ptr,ptr,i32,ptr	2	0.001935
mafft	call	void	ptr,ptr,ptr,ptr,ptr,i32,i32,ptr	2	0.001935
mafft	call	void	ptr,ptr,ptr,ptr,ptr,ptr,ptr,ptr,ptr,ptr,i32,i32,i32,i32,i32,i32,ptr,ptr,ptr	2	0.001935
mafft	call	void	ptr,ptr,ptr,ptr,ptr,ptr,ptr,ptr,ptr,ptr,i32,i32,ptr,ptr,ptr	2	0.001935
mafft	fptosi	i64	double	2	0.001935
mafft	phi	i64	i64,i64	2	0.001935
mafft	sdiv	i64	i64,i64	2	0.001935
mafft	switch	void	i32,label,label	2	0.001935
mafft	switch	void	i32,label,label,label,label,label,label	2	0.001935
mafft	ashr	i32	i32,i32	1	0.000967
mafft	call	double	double,double,ptr	1	0.000967
mafft	call	float	i32,i32,ptr,ptr,ptr,ptr,i32,i32,ptr	1	0.000967
mafft	call	float	i32,i32,ptr,ptr,ptr,ptr,ptr,ptr,i32,i32,i32,i32,i32,ptr,ptr,ptr,ptr	1	0.000967
mafft	call	float	ptr,ptr,i32,i32,ptr,ptr,i32,ptr	1	0.000967
mafft	call	float	ptr,ptr,ptr	1	0.000967
mafft	call	float	ptr,ptr,ptr,ptr,i32,i32,i32,ptr,ptr	1	0.000967
mafft	call	float	ptr,ptr,ptr,ptr,i32,i32,i32,ptr,ptr,ptr,ptr,ptr,ptr	1	0.000967
mafft	call	float	ptr,ptr,ptr,ptr,i32,ptr	1	0.000967
mafft	call	float	ptr,ptr,ptr,ptr,ptr,i32,i32,i32,i32,i32,i32,ptr	1	0.000967
mafft	call	float	ptr,ptr,ptr,ptr,ptr,ptr,ptr,ptr	1	0.000967
mafft	call	float	ptr,ptr,ptr,ptr,ptr,ptr,ptr,ptr,ptr,ptr	1	0.000967
mafft	call	float	ptr,ptr,ptr,ptr,ptr,ptr,ptr,ptr,ptr,ptr,ptr	1	0.000967
mafft	call	float	ptr,ptr,ptr,ptr,ptr,ptr,ptr,ptr,ptr,ptr,ptr,i32,i32,ptr	1	0.000967
mafft	call	float	ptr,ptr,ptr,ptr,ptr,ptr,ptr,ptr,ptr,ptr,ptr,ptr,i32,i32,ptr	1	0.000967
mafft	call	i32	ptr,ptr,double,double,ptr	1	0.000967
mafft	call	i32	ptr,ptr,double,i32,i32,i32,i32,ptr	1	0.000967
mafft	call	i32	ptr,ptr,double,i32,i32,ptr	1	0.000967
mafft	call	i32	ptr,ptr,i32,double,double,double,ptr	1	0.000967
mafft	call	i32	ptr,ptr,i32,i32,i32,double,i32,i32,i32,i32,ptr	1	0.000967
mafft	call	i32	ptr,ptr,i32,i32,i32,i32,double,double,double,ptr	1	0.000967
mafft	call	i32	ptr,ptr,i32,i32,i32,i32,double,double,ptr	1	0.000967
mafft	call	i32	ptr,ptr,ptr,i32,double,double,ptr	1	0.000967
mafft	call	i32	ptr,ptr,ptr,i32,i32,double,double,double,double,ptr	1	0.000967
mafft	call	i32	ptr,ptr,ptr,i32,i32,i32,i32,i32,ptr	1	0.000967
mafft	call	i32	ptr,ptr,ptr,ptr,i32,ptr,ptr	1	0.000967
mafft	call	i8	ptr,ptr	1	0.000967
mafft	call	ptr	ptr,ptr,ptr,ptr,i32,i32,ptr	1	0.000967
mafft	call	void	i32,ptr,ptr,ptr,ptr,ptr	1	0.000967
mafft	call	void	ptr,float,ptr,ptr,i32,i32,i32,ptr,ptr,ptr,ptr,ptr,i32,i32,ptr,ptr,ptr,ptr,ptr	1	0.000967
mafft	call	void	ptr,i32,i32,ptr,ptr,ptr,ptr,ptr,ptr	1	0.000967
mafft	call	void	ptr,i32,ptr,ptr,ptr	1	0.000967
mafft	call	void	ptr,i32,ptr,ptr,ptr,ptr	1	0.000967
mafft	call	void	ptr,i64,i64,ptr,ptr	1	0.000967
mafft	call	void	ptr,ptr,ptr,ptr,ptr,i32,i32,ptr,ptr,i32,ptr	1	0.000967
mafft	call	void	ptr,ptr,ptr,ptr,ptr,ptr,ptr,i32,ptr	1	0.000967
mafft	ret	void	i8	1	0.000967
mafft	sitofp	float	i64	1	0.000967
mafft	switch	void	i32,label,label,label	1	0.000967
mafft	switch	void	i32,label,label,label,label	1	0.000967
mafft	switch	void	i32,label,label,label,label,label,label,label,label,label,label,label,label	1	0.000967
mafft	switch	void	i32,label,label,label,label,label,label,label,label,label,label,label,label,label,label,label,label,label,label,label,label,label,label,label,label,label,label,label,label,label,label,label,label,label,label,label,label,label,label,label,label,label,label,label,label	1	0.000967
SPASS	load	ptr	ptr	28214	20.628944
SPASS	store	void	ptr,ptr	12428	9.086854
SPASS	alloca	ptr	i32	11380	8.320599
SPASS	br	void	label	11199	8.188259
SPASS	load	i32	ptr	10015	7.322566
SPASS	br	void	i1,label,label	7428	5.431055
SPASS	icmp	i1	i32,i32	7051	5.155408
SPASS	call	ptr	ptr,ptr	6705	4.902427
SPASS	store	void	i32,ptr	6545	4.785441
SPASS	call	i32	ptr,ptr	5146	3.762549
SPASS	getelementptr	ptr	ptr,i32,i32	2664	1.947810
SPASS	call	void	ptr,ptr	1948	1.424299
SPASS	ret	void	i32	1585	1.158888
SPASS	call	ptr	ptr	1348	0.985603
SPASS	ret	void	ptr	1345	0.983410
SPASS	ret	void	-	1332	0.973905
SPASS	call	ptr	ptr,ptr,ptr	1265	0.924917
SPASS	add	i32	i32,i32	1255	0.917606
SPASS	call	i32	ptr	1058	0.773567
SPASS	xor	i1	i1,i1	991	0.724579
SPASS	call	i32	ptr,ptr,ptr	965	0.705569
SPASS	call	i32	i32,ptr	914	0.668280
SPASS	call	void	ptr,ptr,ptr	898	0.656582
SPASS	getelementptr	ptr	ptr,i64	895	0.654388
SPASS	icmp	i1	ptr,ptr	813	0.594433
SPASS	sext	i64	i32	773	0.565187
SPASS	call	ptr	ptr,i32,ptr	692	0.505963
SPASS	call	i32	ptr,i32,ptr	609	0.445276
SPASS	call	void	ptr,i32,ptr	536	0.391902
SPASS	call	void	ptr	521	0.380934
SPASS	zext	i64	i32	519	0.379472
SPASS	zext	i32	i1	499	0.364849
SPASS	getelementptr	ptr	ptr,i64,i64	498	0.364118
SPASS	call	i32	i32,i32,ptr	448	0.327560
SPASS	sub	i32	i32,i32	357	0.261024
SPASS	phi	i1	i1,i1	340	0.248594
SPASS	call	ptr	i32,ptr	315	0.230315
SPASS	load	i64	ptr	284	0.207649
SPASS	call	void	i32,ptr	280	0.204725
SPASS	add	i64	i64,i64	236	0.172554
SPASS	inttoptr	ptr	i64	221	0.161586
SPASS	store	void	i64,ptr	204	0.149157
SPASS	load	i8	ptr	168	0.122835
SPASS	ptrtoint	i32	ptr	162	0.118448
SPASS	urem	i32	i32,i32	162	0.118448
SPASS	call	ptr	i32,ptr,ptr	152	0.111136
SPASS	call	i32	ptr,ptr,ptr,ptr,ptr	138	0.100900
SPASS	call	i32	ptr,ptr,ptr,ptr	133	0.097244
SPASS	zext	i32	i8	125	0.091395
SPASS	trunc	i32	i64	110	0.080428
SPASS	call	void	ptr,i32,i32,ptr	108	0.078965
SPASS	call	void	ptr,ptr,ptr,ptr	98	0.071654
SPASS	call	i32	i32,ptr,ptr	96	0.070191
SPASS	call	void	i32,i32,ptr,i32,i32,i32,ptr	96	0.070191
SPASS	call	ptr	ptr,ptr,ptr,ptr	93	0.067998
SPASS	call	void	ptr,i32,ptr,ptr	85	0.062149
SPASS	mul	i64	i64,i64	85	0.062149
SPASS	call	ptr	ptr,ptr,ptr,ptr,ptr	81	0.059224
SPASS	sub	i64	i64,i64	79	0.057762
SPASS	icmp	i1	i64,i64	77	0.056299
SPASS	store	void	i8,ptr	73	0.053375
SPASS	call	i32	ptr,ptr,i32,ptr	64	0.046794
SPASS	call	void	ptr,ptr,ptr,ptr,ptr	59	0.043138
SPASS	call	i32	ptr,ptr,ptr,i32,ptr	58	0.042407
SPASS	load	i16	ptr	58	0.042407
SPASS	and	i32	i32,i32	53	0.038751
SPASS	call	void	i32,i32,ptr	52	0.038020
SPASS	getelementptr	ptr	ptr,i32	52	0.038020
SPASS	call	void	ptr,ptr,i32,ptr	51	0.037289
SPASS	call	i64	ptr,ptr	47	0.034365
SPASS	call	ptr	i32,ptr,ptr,ptr	46	0.033633
SPASS	call	i32	ptr,i32,ptr,ptr,ptr	45	0.032902
SPASS	call	ptr	ptr,ptr,i32,ptr	45	0.032902
SPASS	ptrtoint	i64	ptr	44	0.032171
SPASS	phi	i32	i32,i32	39	0.028515
SPASS	unreachable	void	-	39	0.028515
SPASS	zext	i32	i16	39	0.028515
SPASS	call	i16	ptr,ptr	34	0.024859
SPASS	call	ptr	ptr,ptr,ptr,ptr,ptr,ptr	34	0.024859
SPASS	phi	ptr	ptr,ptr	33	0.024128
SPASS	call	void	i32,i8,ptr	30	0.021935
SPASS	phi	i1	i1,i1,i1	29	0.021204
SPASS	call	i32	ptr,i32,i32,ptr	28	0.020472
SPASS	zext	i64	i1	28	0.020472
SPASS	call	void	ptr,i16,ptr	24	0.017548
SPASS	sext	i32	i16	24	0.017548
SPASS	select	i32	i1,i32,i32	21	0.015354
SPASS	ashr	i32	i32,i32	20	0.014623
SPASS	call	i32	ptr,i32,i32,ptr,ptr	19	0.013892
SPASS	call	i32	ptr,i32,ptr,ptr	19	0.013892
SPASS	or	i32	i32,i32	19	0.013892
SPASS	call	i32	ptr,ptr,i32,i32,ptr	16	0.011699
SPASS	call	void	i32,ptr,ptr	16	0.011699
SPASS	call	ptr	ptr,i32,i32,ptr	15	0.010967
SPASS	mul	i32	i32,i32	15	0.010967
SPASS	trunc	i8	i32	15	0.010967
SPASS	call	void	ptr,i32,ptr,ptr,ptr	14	0.010236
SPASS	call	void	ptr,ptr,i64,i1,ptr	14	0.010236
SPASS	phi	i1	i1,i1,i1,i1	14	0.010236
SPASS	store	void	i16,ptr	14	0.010236
SPASS	switch	void	i32,label,label,label	14	0.010236
SPASS	switch	void	i32,label,label,label,label	14	0.010236
SPASS	call	i32	i32,i32,i32,ptr	13	0.009505
SPASS	call	i32	i32,ptr,ptr,ptr	12	0.008774
SPASS	call	i32	ptr,ptr,ptr,ptr,ptr,ptr	12	0.008774
SPASS	call	ptr	ptr,ptr,i32,ptr,ptr	11	0.008043
SPASS	call	ptr	ptr,ptr,i32,ptr,ptr,ptr	11	0.008043
SPASS	call	ptr	ptr,ptr,ptr,i32,ptr,ptr,ptr	11	0.008043
SPASS	call	i32	ptr,i32,i32,i32,ptr	10	0.007312
SPASS	call	i32	ptr,ptr,i64,ptr	10	0.007312
SPASS	call	i32	ptr,ptr,ptr,ptr,ptr,i32,ptr	10	0.007312
SPASS	call	void	i32,ptr,i32,ptr	10	0.007312
SPASS	or	i64	i64,i64	10	0.007312
SPASS	sext	i32	i8	10	0.007312
SPASS	call	ptr	ptr,ptr,ptr,ptr,ptr,ptr,ptr	9	0.006580
SPASS	call	i32	ptr,i32,i32,ptr,i32,i32,ptr	8	0.005849
SPASS	call	i32	ptr,i32,i32,ptr,i32,ptr,ptr,ptr	8	0.005849
SPASS	call	i32	ptr,ptr,ptr,ptr,i32,ptr	8	0.005849
SPASS	call	i32	ptr,ptr,ptr,ptr,ptr,ptr,ptr	8	0.005849
SPASS	call	i64	i32,ptr	8	0.005849
SPASS	call	ptr	i32,ptr,ptr,ptr,ptr,ptr	8	0.005849
SPASS	call	ptr	ptr,i32,i32,ptr,ptr,ptr	8	0.005849
SPASS	call	ptr	ptr,i32,i32,ptr,ptr,ptr,ptr	8	0.005849
SPASS	call	ptr	ptr,i32,ptr,ptr	8	0.005849
SPASS	call	void	i32,i32,ptr,ptr	8	0.005849
SPASS	call	void	i32,i64,ptr	8	0.005849
SPASS	call	i32	ptr,i32,ptr,ptr,i32,ptr,ptr,ptr,ptr	7	0.005118
SPASS	call	ptr	ptr,i32,i32,i32,ptr,ptr,ptr	7	0.005118
SPASS	call	void	ptr,i32,ptr,i32,ptr	7	0.005118
SPASS	call	void	ptr,ptr,ptr,i32,ptr,ptr,ptr,i32,ptr,i32,ptr	7	0.005118
SPASS	phi	i1	i1,i1,i1,i1,i1	7	0.005118
SPASS	select	ptr	i1,ptr,ptr	7	0.005118
SPASS	trunc	i16	i32	7	0.005118
SPASS	add	i8	i8,i8	6	0.004387
SPASS	call	float	i32,ptr	6	0.004387
SPASS	call	i32	ptr,i32,i32,ptr,ptr,ptr,ptr,ptr	6	0.004387
SPASS	call	i32	ptr,i32,ptr,i32,ptr	6	0.004387
SPASS	call	i32	ptr,ptr,i32,ptr,ptr	6	0.004387
SPASS	call	ptr	ptr,i32,ptr,ptr,i32,ptr,ptr,i32,i32,i32,ptr,ptr,ptr	6	0.004387
SPASS	call	ptr	ptr,ptr,i32,i32,i32,ptr,ptr,ptr	6	0.004387
SPASS	call	void	ptr,ptr,ptr,ptr,ptr,ptr	6	0.004387
SPASS	fcmp	i1	float,float	6	0.004387
SPASS	ret	void	i64	6	0.004387
SPASS	sdiv	i32	i32,i32	6	0.004387
SPASS	shl	i64	i64,i64	6	0.004387
SPASS	sitofp	float	i32	6	0.004387
SPASS	udiv	i64	i64,i64	6	0.004387
SPASS	call	i32	ptr,i32,i32,i32,ptr,ptr	5	0.003656
SPASS	call	ptr	i32,i32,ptr	5	0.003656
SPASS	call	ptr	ptr,i32,ptr,ptr,ptr	5	0.003656
SPASS	call	ptr	ptr,ptr,ptr,ptr,ptr,ptr,ptr,ptr	5	0.003656
SPASS	call	ptr	ptr,ptr,ptr,ptr,ptr,ptr,ptr,ptr,ptr	5	0.003656
SPASS	udiv	i32	i32,i32	5	0.003656
SPASS	alloca	ptr	i64	4	0.002925
SPASS	call	i32	ptr,i32,ptr,i32,i32,ptr,ptr,ptr	4	0.002925
SPASS	call	i32	ptr,i32,ptr,ptr,ptr,ptr	4	0.002925
SPASS	call	i32	ptr,i32,ptr,ptr,ptr,ptr,ptr,ptr	4	0.002925
SPASS	call	i32	ptr,ptr,i32,i32,ptr,ptr,ptr,ptr	4	0.002925
SPASS	call	i64	ptr,i64,i64,ptr,ptr	4	0.002925
SPASS	call	ptr	i64,ptr	4	0.002925
SPASS	call	ptr	ptr,i32,i32,ptr,i32,i32,i32,ptr,ptr,ptr	4	0.002925
SPASS	call	ptr	ptr,ptr,i32,i32,ptr,ptr,ptr	4	0.002925
SPASS	call	ptr	ptr,ptr,ptr,i32,i32,ptr	4	0.002925
SPASS	call	ptr	ptr,ptr,ptr,i32,i32,ptr,ptr,ptr,ptr	4	0.002925
SPASS	call	ptr	ptr,ptr,ptr,i32,ptr,i32,i32,ptr,ptr,ptr	4	0.002925
SPASS	icmp	i1	i8,i8	4	0.002925
SPASS	switch	void	i32,label,label,label,label,label	4	0.002925
SPASS	urem	i64	i64,i64	4	0.002925
SPASS	and	i64	i64,i64	3	0.002193
SPASS	call	i32	i32,ptr,ptr,i32,ptr,ptr	3	0.002193
SPASS	call	i32	ptr,i32,i32,i32,ptr,i32,i32,i32,ptr	3	0.002193
SPASS	call	i32	ptr,i32,i32,ptr,ptr,i32,ptr,ptr,ptr	3	0.002193
SPASS	call	i32	ptr,i32,ptr,ptr,ptr,ptr,ptr	3	0.002193
SPASS	call	i32	ptr,ptr,i32,i32,ptr,ptr	3	0.002193
SPASS	call	i64	ptr,ptr,i32,ptr	3	0.002193
SPASS	call	ptr	ptr,i32,i32,i32,ptr	3	0.002193
SPASS	call	ptr	ptr,i32,ptr,ptr,ptr,ptr,ptr	3	0.002193
SPASS	call	ptr	ptr,ptr,i32,i32,ptr,ptr,ptr,ptr,ptr,ptr,ptr,ptr,ptr	3	0.002193
SPASS	call	ptr	ptr,ptr,ptr,i32,ptr,i32,ptr,ptr,ptr,ptr	3	0.002193
SPASS	call	ptr	ptr,ptr,ptr,ptr,i32,ptr	3	0.002193
SPASS	call	void	i32,ptr,ptr,ptr,ptr,ptr	3	0.002193
SPASS	call	void	ptr,i32,i32,ptr,ptr,ptr	3	0.002193
SPASS	call	void	ptr,i32,ptr,i32,ptr,ptr,ptr	3	0.002193
SPASS	call	void	ptr,ptr,i32,ptr,i32,ptr,ptr,ptr	3	0.002193
SPASS	call	void	ptr,ptr,i32,ptr,ptr,ptr	3	0.002193
SPASS	call	double	double,ptr	2	0.001462
SPASS	call	i32	i32,i32,ptr,ptr,ptr	2	0.001462
SPASS	call	i32	ptr,i32,ptr,i32,ptr,ptr,ptr,ptr,ptr	2	0.001462
SPASS	call	i32	ptr,ptr,i32,ptr,ptr,i32,i32,ptr,ptr	2	0.001462
SPASS	call	i32	ptr,ptr,ptr,ptr,i32,i32,ptr	2	0.001462
SPASS	call	i32	ptr,ptr,ptr,ptr,ptr,ptr,ptr,ptr	2	0.001462
SPASS	call	ptr	i32,i32,i32,ptr	2	0.001462
SPASS	call	ptr	i32,ptr,ptr,ptr,i32,ptr,ptr,ptr,ptr	2	0.001462
SPASS	call	ptr	ptr,i16,ptr,ptr	2	0.001462
SPASS	call	ptr	ptr,i32,ptr,i32,i32,i32,ptr,ptr,ptr	2	0.001462
SPASS	call	ptr	ptr,i32,ptr,i32,ptr	2	0.001462
SPASS	call	ptr	ptr,i32,ptr,ptr,i32,i32,i32,ptr,ptr,ptr	2	0.001462
SPASS	call	ptr	ptr,i32,ptr,ptr,i32,ptr,ptr,ptr,ptr	2	0.001462
SPASS	call	ptr	ptr,i32,ptr,ptr,ptr,i32,ptr,ptr,ptr,ptr	2	0.001462
SPASS	call	ptr	ptr,i64,ptr	2	0.001462
SPASS	call	ptr	ptr,ptr,i16,ptr	2	0.001462
SPASS	call	ptr	ptr,ptr,i32,i32,i32,ptr,ptr	2	0.001462
SPASS	call	ptr	ptr,ptr,i32,i32,i32,ptr,ptr,ptr,ptr,ptr,ptr,ptr,ptr,ptr,ptr	2	0.001462
SPASS	call	ptr	ptr,ptr,i64,i64,ptr,ptr	2	0.001462
SPASS	call	ptr	ptr,ptr,i64,ptr	2	0.001462
SPASS	call	ptr	ptr,ptr,ptr,i32,ptr	2	0.001462
SPASS	call	ptr	ptr,ptr,ptr,ptr,ptr,i32,i32,ptr,ptr	2	0.001462
SPASS	call	ptr	ptr,ptr,ptr,ptr,ptr,ptr,ptr,ptr,ptr,ptr,ptr	2	0.001462
SPASS	call	void	i64,ptr	2	0.001462
SPASS	call	void	ptr,i32,i32,i32,ptr	2	0.001462
SPASS	call	void	ptr,i32,ptr,ptr,ptr,ptr,ptr,ptr,ptr,ptr,ptr	2	0.001462
SPASS	call	void	ptr,i64,i64,ptr,ptr	2	0.001462
SPASS	call	void	ptr,ptr,i32,ptr,ptr	2	0.001462
SPASS	call	void	ptr,ptr,ptr,i32,ptr	2	0.001462
SPASS	call	void	ptr,ptr,ptr,ptr,i32,ptr,ptr,ptr	2	0.001462
SPASS	call	void	ptr,ptr,ptr,ptr,ptr,ptr,ptr	2	0.001462
SPASS	fptoui	i32	double	2	0.001462
SPASS	phi	i1	i1,i1,i1,i1,i1,i1,i1,i1	2	0.001462
SPASS	ret	void	i16	2	0.001462
SPASS	sdiv	i64	i64,i64	2	0.001462
SPASS	sext	i64	i16	2	0.001462
SPASS	shl	i32	i32,i32	2	0.001462
SPASS	sitofp	double	i32	2	0.001462
SPASS	srem	i32	i32,i32	2	0.001462
SPASS	switch	void	i32,label	2	0.001462
SPASS	zext	i64	i8	2	0.001462
SPASS	call	i32	i32,i1,ptr	1	0.000731
SPASS	call	i32	i32,ptr,ptr,ptr,ptr,i32,ptr	1	0.000731
SPASS	call	i32	i32,ptr,ptr,ptr,ptr,ptr	1	0.000731
SPASS	call	i32	i8,ptr	1	0.000731
SPASS	call	i32	ptr,i32,i32,i32,i32,i32,ptr	1	0.000731
SPASS	call	i32	ptr,i32,i32,i32,i32,i32,ptr,i32,ptr	1	0.000731
SPASS	call	i32	ptr,i32,i64,ptr	1	0.000731
SPASS	call	i32	ptr,i32,ptr,i32,ptr,ptr	1	0.000731
SPASS	call	i64	ptr	1	0.000731
SPASS	call	ptr	i32,i32,ptr,ptr	1	0.000731
SPASS	call	ptr	ptr,ptr,i32,ptr,i32,ptr,i32,ptr	1	0.000731
SPASS	call	ptr	ptr,ptr,i32,ptr,ptr,ptr,ptr,ptr	1	0.000731
SPASS	call	ptr	ptr,ptr,ptr,i32,i32,ptr,ptr	1	0.000731
SPASS	call	ptr	ptr,ptr,ptr,ptr,ptr,ptr,ptr,ptr,ptr,ptr	1	0.000731
SPASS	call	void	i32,ptr,ptr,ptr	1	0.000731
SPASS	call	void	ptr,i32,i32,ptr,ptr,ptr,ptr	1	0.000731
SPASS	call	void	ptr,i32,ptr,i32,ptr,ptr,ptr,ptr	1	0.000731
SPASS	call	void	ptr,i32,ptr,ptr,ptr,ptr,ptr	1	0.000731
SPASS	call	void	ptr,i64,ptr	1	0.000731
SPASS	call	void	ptr,i8,i64,i1,ptr	1	0.000731
SPASS	call	void	ptr,ptr,ptr,i32,ptr,ptr,ptr	1	0.000731
SPASS	call	void	ptr,ptr,ptr,ptr,i16,ptr,ptr	1	0.000731
SPASS	call	void	ptr,ptr,ptr,ptr,ptr,ptr,ptr,ptr	1	0.000731
SPASS	phi	i1	i1,i1,i1,i1,i1,i1,i1,i1,i1,i1,i1,i1,i1	1	0.000731
SPASS	ret	void	float	1	0.000731
SPASS	store	void	float,ptr	1	0.000731
SPASS	switch	void	i32,label,label,label,label,label,label	1	0.000731
SPASS	switch	void	i32,label,label,label,label,label,label,label,label,label,label,label,label,label,label,label,label,label,label,label,label,label,label	1	0.000731
SPASS	switch	void	i32,label,label,label,label,label,label,label,label,label,label,label,label,label,label,label,label,label,label,label,label,label,label,label,label,label,label,label,label,label	1	0.000731
SPASS	switch	void	i32,label,label,label,label,label,label,label,label,label,label,label,label,label,label,label,label,label,label,label,label,label,label,label,label,label,label,label,label,label,label,label,label,label,label,label,label	1	0.000731
SPASS	switch	void	i32,label,label,label,label,label,label,label,label,label,label,label,label,label,label,label,label,label,label,label,label,label,label,label,label,label,label,label,label,label,label,label,label,label,label,label,label,label,label,label,label,label,label,label,label,label,label,label,label,label,label,label,label,label,label,label,label,label,label,label,label,label,label,label,label,label,label,label,label,label,label,label,label,label	1	0.000731
SPASS	switch	void	i32,label,label,label,label,label,label,label,label,label,label,label,label,label,label,label,label,label,label,label,label,label,label,label,label,label,label,label,label,label,label,label,label,label,label,label,label,label,label,label,label,label,label,label,label,label,label,label,label,label,label,label,label,label,label,label,label,label,label,label,label,label,label,label,label,label,label,label,label,label,label,label,label,label,label,label,label,label,label,label,label,label,label,label,label,label,label,label,label,label,label,label,label,label,label,label,label,label,label,label,label,label,label,label,label,label,label,label,label,label,label,label,label,label,label,label,label,label,label,label,label,label,label,label,label,label,label,label,label,label,label,label,label,label,label,label,label,label,label	1	0.000731
sqlite3	load	ptr	ptr	24180	21.144311
sqlite3	getelementptr	ptr	ptr,i32,i32	11618	10.159413
sqlite3	load	i32	ptr	11119	9.723060
sqlite3	br	void	label	8712	7.618248
sqlite3	alloca	ptr	i32	6852	5.991763
sqlite3	store	void	i32,ptr	6802	5.948040
sqlite3	br	void	i1,label,label	6604	5.774898
sqlite3	store	void	ptr,ptr	5722	5.003629
sqlite3	icmp	i1	i32,i32	4584	4.008500
sqlite3	getelementptr	ptr	ptr,i64	2459	2.150284
sqlite3	load	i8	ptr	2070	1.810121
sqlite3	sext	i64	i32	2006	1.754156
sqlite3	icmp	i1	ptr,ptr	1703	1.489196
sqlite3	add	i32	i32,i32	1674	1.463837
sqlite3	zext	i32	i8	1409	1.232106
sqlite3	store	void	i8,ptr	1035	0.905060
sqlite3	call	void	ptr,ptr	820	0.717053
sqlite3	getelementptr	ptr	ptr,i64,i64	681	0.595504
sqlite3	call	i32	ptr,ptr	656	0.573642
sqlite3	load	i16	ptr	602	0.526422
sqlite3	and	i32	i32,i32	600	0.524673
sqlite3	ret	void	i32	519	0.453842
sqlite3	load	i64	ptr	518	0.452967
sqlite3	zext	i32	i16	490	0.428483
sqlite3	sub	i32	i32,i32	438	0.383011
sqlite3	call	i32	ptr,ptr,ptr	419	0.366396
sqlite3	icmp	i1	i8,i8	411	0.359401
sqlite3	ret	void	-	390	0.341037
sqlite3	store	void	i64,ptr	349	0.305185
sqlite3	call	i32	ptr,i32,i32,i32,ptr	326	0.285072
sqlite3	call	void	ptr,i32,ptr	313	0.273704
sqlite3	getelementptr	ptr	ptr,i32	309	0.270206
sqlite3	or	i32	i32,i32	276	0.241349
sqlite3	trunc	i8	i32	258	0.225609
sqlite3	trunc	i32	i64	253	0.221237
sqlite3	store	void	i16,ptr	244	0.213367
sqlite3	call	i32	ptr,i32,ptr	205	0.179263
sqlite3	call	ptr	ptr,ptr	175	0.153030
sqlite3	add	i64	i64,i64	174	0.152155
sqlite3	call	ptr	ptr,ptr,ptr	172	0.150406
sqlite3	load	double	ptr	165	0.144285
sqlite3	call	void	ptr,ptr,i64,i1,ptr	163	0.142536
sqlite3	phi	i1	i1,i1	162	0.141662
sqlite3	call	void	ptr,ptr,ptr	161	0.140787
sqlite3	icmp	i1	i64,i64	149	0.130294
sqlite3	ret	void	ptr	148	0.129419
sqlite3	mul	i32	i32,i32	147	0.128545
sqlite3	zext	i32	i1	147	0.128545
sqlite3	trunc	i16	i32	142	0.124173
sqlite3	shl	i32	i32,i32	140	0.122424
sqlite3	call	void	ptr,ptr,ptr,ptr	137	0.119800
sqlite3	zext	i64	i1	130	0.113679
sqlite3	call	i64	ptr,ptr	127	0.111056
sqlite3	call	i32	ptr,ptr,ptr,ptr	121	0.105809
sqlite3	call	i32	ptr,i32,i32,i32,i32,ptr	120	0.104935
sqlite3	call	ptr	ptr,i32,ptr	110	0.096190
sqlite3	store	void	double,ptr	109	0.095316
sqlite3	call	i32	ptr,ptr,i32,ptr	105	0.091818
sqlite3	lshr	i32	i32,i32	95	0.083073
sqlite3	call	void	ptr,i32,i32,ptr	94	0.082199
sqlite3	select	i32	i1,i32,i32	88	0.076952
sqlite3	call	ptr	i32,ptr	83	0.072580
sqlite3	mul	i64	i64,i64	80	0.069956
sqlite3	call	i32	ptr,i32,i32,ptr	78	0.068207
sqlite3	phi	i32	i32,i32	78	0.068207
sqlite3	zext	i64	i32	77	0.067333
sqlite3	call	i32	ptr,i32,i32,i32,i32,ptr,i32,ptr	76	0.066459
sqlite3	call	ptr	ptr,ptr,ptr,ptr	75	0.065584
sqlite3	call	void	ptr,ptr,i32,ptr	72	0.062961
sqlite3	sext	i32	i16	72	0.062961
sqlite3	sub	i64	i64,i64	70	0.061212
sqlite3	call	void	ptr,i8,i64,i1,ptr	66	0.057714
sqlite3	call	ptr	ptr,i32,ptr,ptr,ptr,ptr	62	0.054216
sqlite3	ptrtoint	i64	ptr	62	0.054216
sqlite3	phi	ptr	ptr,ptr	61	0.053342
sqlite3	sdiv	i32	i32,i32	60	0.052467
sqlite3	call	ptr	ptr	59	0.051593
sqlite3	call	ptr	ptr,ptr,i32,ptr	59	0.051593
sqlite3	call	i32	ptr,ptr,i64,ptr	55	0.048095
sqlite3	call	i32	ptr,i32,i32,ptr,i32,ptr	53	0.046346
sqlite3	call	i32	ptr,i32,ptr,ptr	50	0.043723
sqlite3	call	void	ptr,ptr,i32,ptr,ptr	50	0.043723
sqlite3	zext	i64	i8	45	0.039350
sqlite3	call	ptr	ptr,ptr,ptr,ptr,ptr	42	0.036727
sqlite3	select	ptr	i1,ptr,ptr	42	0.036727
sqlite3	call	i32	i32,ptr	40	0.034978
sqlite3	call	i32	ptr,i32,ptr,i32,ptr	40	0.034978
sqlite3	call	void	ptr,i32,ptr,ptr	38	0.033229
sqlite3	load	fp128	ptr	37	0.032355
sqlite3	sitofp	double	i32	32	0.027983
sqlite3	call	i32	ptr,i32,ptr,ptr,ptr,ptr	29	0.025359
sqlite3	call	void	ptr,i32,ptr,i32,ptr	29	0.025359
sqlite3	fadd	double	double,double	29	0.025359
sqlite3	call	i32	ptr,i32,ptr,ptr,ptr	28	0.024485
sqlite3	fptosi	i32	double	27	0.023610
sqlite3	call	void	ptr,ptr,i32,i32,ptr	26	0.022736
sqlite3	sext	i32	i8	26	0.022736
sqlite3	store	void	fp128,ptr	25	0.021861
sqlite3	ashr	i32	i32,i32	23	0.020112
sqlite3	fmul	double	double,double	23	0.020112
sqlite3	call	i32	ptr,ptr,i32,i64,ptr	22	0.019238
sqlite3	call	ptr	i32,ptr,ptr,ptr,ptr	22	0.019238
sqlite3	fcmp	i1	double,double	22	0.019238
sqlite3	xor	i1	i1,i1	22	0.019238
sqlite3	xor	i32	i32,i32	22	0.019238
sqlite3	call	i32	ptr,ptr,ptr,ptr,ptr	21	0.018364
sqlite3	call	i32	ptr,ptr,ptr,ptr,ptr,ptr	21	0.018364
sqlite3	call	void	ptr,i8,ptr	21	0.018364
sqlite3	phi	i1	i1,i1,i1	20	0.017489
sqlite3	and	i64	i64,i64	19	0.016615
sqlite3	call	i32	i32,ptr,ptr	19	0.016615
sqlite3	call	ptr	ptr,ptr,i32,ptr,ptr	19	0.016615
sqlite3	fdiv	double	double,double	19	0.016615
sqlite3	fsub	double	double,double	19	0.016615
sqlite3	or	i64	i64,i64	19	0.016615
sqlite3	call	i64	ptr,ptr,ptr	18	0.015740
sqlite3	call	ptr	i32,ptr,ptr,i32,ptr	18	0.015740
sqlite3	call	ptr	i32,ptr,ptr,ptr	18	0.015740
sqlite3	call	void	ptr,ptr,ptr,i32,ptr	18	0.015740
sqlite3	zext	i64	i16	18	0.015740
sqlite3	call	i32	ptr,ptr,i32,i8,ptr,ptr	17	0.014866
sqlite3	call	void	ptr	17	0.014866
sqlite3	call	i32	ptr,ptr,i32,i32,ptr,ptr,ptr,ptr,ptr	15	0.013117
sqlite3	call	i32	ptr,ptr,ptr,ptr,i32,ptr,ptr,ptr	15	0.013117
sqlite3	call	ptr	ptr,i32,i32,i64,i16,ptr,ptr	15	0.013117
sqlite3	call	void	ptr,ptr,ptr,ptr,ptr	15	0.013117
sqlite3	call	i8	ptr,ptr	14	0.012242
sqlite3	call	ptr	ptr,ptr,i8,ptr	14	0.012242
sqlite3	call	double	ptr,ptr	13	0.011368
sqlite3	call	ptr	ptr,i8,ptr,i32,i32,ptr	13	0.011368
sqlite3	call	void	i32,ptr	13	0.011368
sqlite3	fmul	fp128	fp128,fp128	13	0.011368
sqlite3	sitofp	double	i64	13	0.011368
sqlite3	call	i32	ptr,i32,i8,i32,ptr	12	0.010493
sqlite3	call	i32	ptr,ptr,i32,ptr,ptr	12	0.010493
sqlite3	call	i32	ptr,ptr,i32,ptr,ptr,ptr	12	0.010493
sqlite3	call	i32	ptr,ptr,ptr,i32,ptr,ptr	12	0.010493
sqlite3	call	ptr	i64,ptr	12	0.010493
sqlite3	call	ptr	ptr,i8,ptr	12	0.010493
sqlite3	call	ptr	ptr,ptr,i32,i32,i8,i32,ptr	12	0.010493
sqlite3	call	void	ptr,ptr,ptr,ptr,ptr,ptr	12	0.010493
sqlite3	srem	i32	i32,i32	12	0.010493
sqlite3	udiv	i32	i32,i32	12	0.010493
sqlite3	call	i16	ptr,ptr,ptr	11	0.009619
sqlite3	call	void	ptr,ptr,i32,i32,i32,ptr	11	0.009619
sqlite3	phi	i64	i64,i64	11	0.009619
sqlite3	ret	void	i64	11	0.009619
sqlite3	call	i32	ptr,ptr,i32,i32,ptr,ptr,ptr	10	0.008745
sqlite3	call	i32	ptr,ptr,i64,i32,ptr,ptr	10	0.008745
sqlite3	call	ptr	ptr,i32,ptr,ptr,ptr	10	0.008745
sqlite3	call	void	i32,ptr,ptr	10	0.008745
sqlite3	call	void	ptr,i32,i32,ptr,i32,ptr	10	0.008745
sqlite3	call	void	ptr,i8,i8,ptr	10	0.008745
sqlite3	call	void	ptr,ptr,ptr,ptr,i32,ptr	10	0.008745
sqlite3	shl	i64	i64,i64	10	0.008745
sqlite3	switch	void	i32,label,label,label,label	10	0.008745
sqlite3	add	i8	i8,i8	9	0.007870
sqlite3	call	double	double,double,double,ptr	9	0.007870
sqlite3	call	i32	ptr,ptr,i32,i32,ptr	9	0.007870
sqlite3	call	i32	ptr,ptr,i32,ptr,ptr,ptr,ptr	9	0.007870
sqlite3	call	void	ptr,i32,ptr,i8,ptr,ptr	9	0.007870
sqlite3	call	void	ptr,i32,ptr,ptr,ptr	9	0.007870
sqlite3	fcmp	i1	fp128,fp128	9	0.007870
sqlite3	switch	void	i32,label,label,label,label,label	9	0.007870
sqlite3	add	i16	i16,i16	8	0.006996
sqlite3	call	i32	i32,i32,ptr,ptr	8	0.006996
sqlite3	call	i32	ptr,i32,i32,ptr,ptr	8	0.006996
sqlite3	call	i32	ptr,i64,ptr	8	0.006996
sqlite3	call	i32	ptr,i64,ptr,ptr	8	0.006996
sqlite3	call	i32	ptr,ptr,ptr,i32,i8,ptr	8	0.006996
sqlite3	call	ptr	ptr,i64,ptr	8	0.006996
sqlite3	call	void	i32,i32,ptr	8	0.006996
sqlite3	call	void	ptr,double,ptr	8	0.006996
sqlite3	call	void	ptr,i64,ptr	8	0.006996
sqlite3	unreachable	void	-	8	0.006996
sqlite3	call	i32	ptr,i32,ptr,i32,ptr,ptr	7	0.006121
sqlite3	call	void	ptr,i32,i8,i32,ptr,ptr	7	0.006121
sqlite3	ret	void	double	7	0.006121
sqlite3	sdiv	i64	i64,i64	7	0.006121
sqlite3	call	i32	i32,i32,i32,ptr	6	0.005247
sqlite3	call	i32	ptr,i32,i32,ptr,ptr,ptr,ptr	6	0.005247
sqlite3	call	i32	ptr,i32,i8,ptr	6	0.005247
sqlite3	call	i32	ptr,i32,ptr,i32,ptr,i32,i32,i32,i32,ptr,ptr,ptr	6	0.005247
sqlite3	call	i32	ptr,i8,ptr	6	0.005247
sqlite3	call	i64	ptr,i32,ptr	6	0.005247
sqlite3	call	void	ptr,i32,i32,i8,ptr,ptr	6	0.005247
sqlite3	fptosi	i64	double	6	0.005247
sqlite3	lshr	i64	i64,i64	6	0.005247
sqlite3	switch	void	i32,label,label,label,label,label,label	6	0.005247
sqlite3	trunc	i8	i64	6	0.005247
sqlite3	urem	i64	i64,i64	6	0.005247
sqlite3	call	i32	ptr,i64,i32,ptr	5	0.004372
sqlite3	call	i32	ptr,ptr,ptr,i32,i32,i32,i32,i32,ptr	5	0.004372
sqlite3	call	i32	ptr,ptr,ptr,i32,ptr	5	0.004372
sqlite3	call	ptr	i32,ptr,ptr,double,ptr	5	0.004372
sqlite3	call	ptr	ptr,ptr,ptr,ptr,i8,ptr	5	0.004372
sqlite3	call	ptr	ptr,ptr,ptr,ptr,ptr,ptr	5	0.004372
sqlite3	call	ptr	ptr,ptr,ptr,ptr,ptr,ptr,ptr,i32,ptr,ptr,ptr	5	0.004372
sqlite3	call	void	ptr,i32,i32,i32,i32,ptr	5	0.004372
sqlite3	call	void	ptr,i32,ptr,i32,i32,ptr	5	0.004372
sqlite3	call	void	ptr,ptr,ptr,i32,i32,i32,ptr	5	0.004372
sqlite3	call	void	ptr,ptr,ptr,i32,i32,ptr,i32,ptr,i32,i32,ptr,ptr	5	0.004372
sqlite3	inttoptr	ptr	i64	5	0.004372
sqlite3	ret	void	i8	5	0.004372
sqlite3	sext	i64	i16	5	0.004372
sqlite3	switch	void	i32,label,label,label,label,label,label,label,label,label,label	5	0.004372
sqlite3	switch	void	i32,label,label,label,label,label,label,label,label,label,label,label,label,label	5	0.004372
sqlite3	trunc	i8	i16	5	0.004372
sqlite3	xor	i64	i64,i64	5	0.004372
sqlite3	ashr	i64	i64,i64	4	0.003498
sqlite3	call	double	double,ptr	4	0.003498
sqlite3	call	i32	ptr,i32,i32,i32,ptr,ptr	4	0.003498
sqlite3	call	i32	ptr,i32,ptr,i32,ptr,i8,ptr	4	0.003498
sqlite3	call	i32	ptr,ptr,i32,i32,i32,ptr,ptr	4	0.003498
sqlite3	call	i32	ptr,ptr,i32,i32,ptr,ptr	4	0.003498
sqlite3	call	i32	ptr,ptr,i64,i32,ptr	4	0.003498
sqlite3	call	i32	ptr,ptr,ptr,ptr,ptr,ptr,ptr	4	0.003498
sqlite3	call	i8	ptr,i8,ptr	4	0.003498
sqlite3	call	ptr	i32,ptr,ptr,i32,ptr,ptr	4	0.003498
sqlite3	call	ptr	i32,ptr,ptr,i64,ptr	4	0.003498
sqlite3	call	ptr	ptr,i32,i32,ptr	4	0.003498
sqlite3	call	ptr	ptr,i32,ptr,i32,ptr	4	0.003498
sqlite3	call	ptr	ptr,ptr,ptr,i32,ptr	4	0.003498
sqlite3	call	void	ptr,i32,i32,ptr,ptr	4	0.003498
sqlite3	call	void	ptr,ptr,i32,i32,ptr,i32,i32,i32,i32,ptr	4	0.003498
sqlite3	call	void	ptr,ptr,ptr,i32,i32,ptr	4	0.003498
sqlite3	call	void	ptr,ptr,ptr,ptr,ptr,i32,ptr	4	0.003498
sqlite3	call	void	ptr,ptr,ptr,ptr,ptr,i32,ptr,ptr,i32,i32,ptr	4	0.003498
sqlite3	fneg	double	double	4	0.003498
sqlite3	ptrtoint	i32	ptr	4	0.003498
sqlite3	switch	void	i32,label,label,label	4	0.003498
sqlite3	urem	i32	i32,i32	4	0.003498
sqlite3	call	i32	i64,ptr	3	0.002623
sqlite3	call	i32	ptr	3	0.002623
sqlite3	call	i32	ptr,i32,i32,ptr,i32,i32,ptr	3	0.002623
sqlite3	call	i32	ptr,i32,ptr,i32,ptr,i32,ptr	3	0.002623
sqlite3	call	i32	ptr,ptr,i8,i32,i32,ptr	3	0.002623
sqlite3	call	i32	ptr,ptr,i8,i8,ptr,ptr	3	0.002623
sqlite3	call	i32	ptr,ptr,ptr,i64,ptr,i32,i32,ptr,ptr	3	0.002623
sqlite3	call	i64	double,ptr	3	0.002623
sqlite3	call	i64	i32,ptr,i64,ptr	3	0.002623
sqlite3	call	ptr	ptr,ptr,i32,i32,ptr	3	0.002623
sqlite3	call	ptr	ptr,ptr,i32,i32,ptr,ptr,ptr,ptr	3	0.002623
sqlite3	call	ptr	ptr,ptr,i64,ptr	3	0.002623
sqlite3	call	ptr	ptr,ptr,ptr,ptr,ptr,ptr,ptr,ptr,ptr	3	0.002623
sqlite3	call	void	ptr,i32,[2 x i64],ptr,ptr	3	0.002623
sqlite3	call	void	ptr,ptr,ptr,i32,i32,i32,i32,ptr	3	0.002623
sqlite3	call	void	ptr,ptr,ptr,i32,ptr,ptr	3	0.002623
sqlite3	call	void	ptr,ptr,ptr,ptr,ptr,ptr,i32,ptr,ptr	3	0.002623
sqlite3	call	void	ptr,ptr,ptr,ptr,ptr,ptr,ptr	3	0.002623
sqlite3	call	void	ptr,ptr,ptr,ptr,ptr,ptr,ptr,ptr	3	0.002623
sqlite3	fpext	fp128	double	3	0.002623
sqlite3	icmp	i1	i16,i16	3	0.002623
sqlite3	load	[2 x i64]	ptr	3	0.002623
sqlite3	sitofp	fp128	i32	3	0.002623
sqlite3	switch	void	i32,label,label,label,label,label,label,label	3	0.002623
sqlite3	udiv	i64	i64,i64	3	0.002623
sqlite3	call	fp128	fp128,fp128,fp128,ptr	2	0.001749
sqlite3	call	i32	i32,i32,ptr	2	0.001749
sqlite3	call	i32	i32,ptr,ptr,ptr,ptr	2	0.001749
sqlite3	call	i32	ptr,i32,i32,i32,i32,ptr,i32,i32,i32,i32,ptr,ptr	2	0.001749
sqlite3	call	i32	ptr,i32,i64,ptr	2	0.001749
sqlite3	call	i32	ptr,i32,ptr,ptr,ptr,ptr,ptr	2	0.001749
sqlite3	call	i32	ptr,i64,ptr,i32,ptr	2	0.001749
sqlite3	call	i32	ptr,i64,ptr,ptr,ptr	2	0.001749
sqlite3	call	i32	ptr,ptr,i64,ptr,i32,i32,i32,ptr	2	0.001749
sqlite3	call	i32	ptr,ptr,i8,ptr	2	0.001749
sqlite3	call	i32	ptr,ptr,ptr,i32,i32,i32,ptr	2	0.001749
sqlite3	call	i32	ptr,ptr,ptr,i32,i32,ptr	2	0.001749
sqlite3	call	i32	ptr,ptr,ptr,i32,i32,ptr,ptr	2	0.001749
sqlite3	call	i32	ptr,ptr,ptr,i64,i32,ptr	2	0.001749
sqlite3	call	i64	i32,i64,i32,ptr	2	0.001749
sqlite3	call	ptr	i32,ptr,ptr,i32,i32,i32,ptr	2	0.001749
sqlite3	call	ptr	ptr,i32,ptr,ptr	2	0.001749
sqlite3	call	ptr	ptr,ptr,i64,ptr,ptr,ptr,ptr	2	0.001749
sqlite3	call	ptr	ptr,ptr,ptr,i32,ptr,ptr	2	0.001749
sqlite3	call	ptr	ptr,ptr,ptr,ptr,ptr,i32,ptr	2	0.001749
sqlite3	call	void	i8,ptr,ptr	2	0.001749
sqlite3	call	void	ptr,i32,i32,i32,ptr,ptr	2	0.001749
sqlite3	call	void	ptr,i32,ptr,i32,ptr,ptr,ptr,ptr,ptr	2	0.001749
sqlite3	call	void	ptr,i32,ptr,ptr,i64,ptr	2	0.001749
sqlite3	call	void	ptr,ptr,i64,ptr	2	0.001749
sqlite3	fadd	fp128	fp128,fp128	2	0.001749
sqlite3	fdiv	fp128	fp128,fp128	2	0.001749
sqlite3	fneg	fp128	fp128	2	0.001749
sqlite3	phi	i1	i1,i1,i1,i1	2	0.001749
sqlite3	srem	i64	i64,i64	2	0.001749
sqlite3	switch	void	i32,label,label,label,label,label,label,label,label,label,label,label,label,label,label,label,label,label,label,label,label,label,label,label,label,label,label,label,label,label,label,label,label,label,label,label,label,label,label,label,label,label,label,label,label	2	0.001749
sqlite3	uitofp	double	i32	2	0.001749
sqlite3	call	double	ptr,ptr,ptr,i64,ptr,i32,ptr,ptr	1	0.000874
sqlite3	call	double	ptr,ptr,ptr,i64,ptr,ptr,ptr,ptr,ptr	1	0.000874
sqlite3	call	i32	i32,i32,ptr,ptr,ptr	1	0.000874
sqlite3	call	i32	i32,i64,ptr	1	0.000874
sqlite3	call	i32	i32,i8,ptr	1	0.000874
sqlite3	call	i32	i32,ptr,ptr,ptr	1	0.000874
sqlite3	call	i32	ptr,double,double,ptr	1	0.000874
sqlite3	call	i32	ptr,i32,i32,i32,i32,ptr,i32,i32,i32,i32,ptr,i32,i32,i32,i32,ptr,ptr	1	0.000874
sqlite3	call	i32	ptr,i32,i32,i32,i32,ptr,ptr	1	0.000874
sqlite3	call	i32	ptr,i32,i32,i8,ptr	1	0.000874
sqlite3	call	i32	ptr,ptr,i32,i32,i32,ptr	1	0.000874
sqlite3	call	i32	ptr,ptr,ptr,i32,ptr,i32,ptr,ptr	1	0.000874
sqlite3	call	i64	ptr	1	0.000874
sqlite3	call	i8	ptr,ptr,i32,ptr	1	0.000874
sqlite3	call	ptr	i32,ptr,ptr	1	0.000874
sqlite3	call	ptr	i32,ptr,ptr,i32,double,ptr	1	0.000874
sqlite3	call	ptr	i32,ptr,ptr,i32,i32,i32,i32,i32,i32,ptr	1	0.000874
sqlite3	call	ptr	i32,ptr,ptr,i32,i32,ptr	1	0.000874
sqlite3	call	ptr	i32,ptr,ptr,ptr,i32,ptr	1	0.000874
sqlite3	call	ptr	i32,ptr,ptr,ptr,ptr,ptr	1	0.000874
sqlite3	call	ptr	ptr,ptr,i32,i32,ptr,ptr	1	0.000874
sqlite3	call	ptr	ptr,ptr,ptr,i64,ptr,ptr	1	0.000874
sqlite3	call	ptr	ptr,ptr,ptr,ptr,i32,ptr	1	0.000874
sqlite3	call	void	i32,i32,i32,ptr	1	0.000874
sqlite3	call	void	ptr,i64,i32,ptr	1	0.000874
sqlite3	call	void	ptr,ptr,i32,ptr,i32,ptr	1	0.000874
sqlite3	call	void	ptr,ptr,ptr,i32,i32,i32,i32,i32,ptr	1	0.000874
sqlite3	call	void	ptr,ptr,ptr,i32,i32,ptr,ptr,ptr,i32,i32,ptr	1	0.000874
sqlite3	call	void	ptr,ptr,ptr,ptr,i32,i32,i32,ptr	1	0.000874
sqlite3	call	void	ptr,ptr,ptr,ptr,i32,ptr,i32,ptr,ptr	1	0.000874
sqlite3	call	void	ptr,ptr,ptr,ptr,ptr,i32,i32,ptr	1	0.000874
sqlite3	call	void	ptr,ptr,ptr,ptr,ptr,ptr,ptr,i32,ptr	1	0.000874
sqlite3	call	void	ptr,ptr,ptr,ptr,ptr,ptr,ptr,i32,ptr,i32,ptr	1	0.000874
sqlite3	call	void	ptr,ptr,ptr,ptr,ptr,ptr,ptr,ptr,ptr,i32,ptr,ptr	1	0.000874
sqlite3	fptosi	i32	fp128	1	0.000874
sqlite3	fptoui	i64	double	1	0.000874
sqlite3	fptrunc	double	fp128	1	0.000874
sqlite3	fsub	fp128	fp128,fp128	1	0.000874
sqlite3	phi	double	double,double	1	0.000874
sqlite3	phi	fp128	fp128,fp128	1	0.000874
sqlite3	ret	void	i16	1	0.000874
sqlite3	sext	i64	i8	1	0.000874
sqlite3	store	void	[2 x i64],ptr	1	0.000874
sqlite3	switch	void	i32,label,label	1	0.000874
sqlite3	switch	void	i32,label,label,label,label,label,label,label,label,label	1	0.000874
sqlite3	switch	void	i32,label,label,label,label,label,label,label,label,label,label,label,label,label,label	1	0.000874
sqlite3	switch	void	i32,label,label,label,label,label,label,label,label,label,label,label,label,label,label,label,label,label	1	0.000874
sqlite3	switch	void	i32,label,label,label,label,label,label,label,label,label,label,label,label,label,label,label,label,label,label	1	0.000874
sqlite3	switch	void	i32,label,label,label,label,label,label,label,label,label,label,label,label,label,label,label,label,label,label,label,label,label,label,label,label,label,label,label	1	0.000874
sqlite3	switch	void	i32,label,label,label,label,label,label,label,label,label,label,label,label,label,label,label,label,label,label,label,label,label,label,label,label,label,label,label,label,label,label,label,label,label,label,label,label,label	1	0.000874
sqlite3	switch	void	i32,label,label,label,label,label,label,label,label,label,label,label,label,label,label,label,label,label,label,label,label,label,label,label,label,label,label,label,label,label,label,label,label,label,label,label,label,label,label,label,label,label,label,label,label,label,label,label,label,label,label,label,label,label,label,label,label,label,label,label,label,label,label,label,label,label,label,label,label,label,label,label,label,label,label,label,label,label,label,label,label,label,label,label,label,label,label,label,label,label,label,label,label,label,label,label,label,label,label,label,label,label,label,label,label,label,label,label,label,label,label,label,label,label,label,label,label,label,label,label,label,label,label,label,label,label,label,label,label	1	0.000874
sqlite3	switch	void	i32,label,label,label,label,label,label,label,label,label,label,label,label,label,label,label,label,label,label,label,label,label,label,label,label,label,label,label,label,label,label,label,label,label,label,label,label,label,label,label,label,label,label,label,label,label,label,label,label,label,label,label,label,label,label,label,label,label,label,label,label,label,label,label,label,label,label,label,label,label,label,label,label,label,label,label,label,label,label,label,label,label,label,label,label,label,label,label,label,label,label,label,label,label,label,label,label,label,label,label,label,label,label,label,label,label,label,label,label,label,label,label,label,label,label,label,label,label,label,label,label,label,label,label,label,label,label,label,label,label,label,label,label,label,label,label,label,label,label,label,label,label,label,label,label,label,label,label,label,label,label,label,label,label,label,label,label,label,label,label,label,label,label,label,label,label,label,label,label,label,label,label,label,label,label,label,label,label,label,label,label,label,label,label,label,label,label,label,label,label,label,label,label,label,label,label,label,label,label,label,label,label,label,label,label,label,label,label,label,label,label,label,label,label,label,label,label,label,label,label,label,label,label,label,label,label,label,label,label,label,label,label,label,label,label,label,label,label,label,label,label,label,label,label,label,label,label,label,label,label,label,label,label,label,label,label,label,label,label,label,label,label,label,label,label,label,label,label,label,label,label,label,label,label,label,label,label,label,label,label,label,label,label,label,label,label,label,label,label,label,label,label,label,label,label,label,label,label,label,label,label,label,label,label,label,label,label,label,label,label,label,label,label,label	1	0.000874
tramp3d-v4	alloca	ptr	i32	30983	18.413327
tramp3d-v4	load	ptr	ptr	29289	17.406575
tramp3d-v4	store	void	ptr,ptr	23008	13.673751
tramp3d-v4	getelementptr	ptr	ptr,i32,i32	14147	8.407621
tramp3d-v4	call	void	ptr,ptr	5908	3.511149
tramp3d-v4	ret	void	-	5336	3.171207
tramp3d-v4	load	i32	ptr	5065	3.010151
tramp3d-v4	call	ptr	ptr,ptr	4677	2.779561
tramp3d-v4	br	void	label	4655	2.766486
tramp3d-v4	call	void	ptr,ptr,ptr	3995	2.374245
tramp3d-v4	store	void	i32,ptr	3602	2.140684
tramp3d-v4	br	void	i1,label,label	2981	1.771621
tramp3d-v4	call	void	ptr,ptr,ptr,ptr	2438	1.448914
tramp3d-v4	ret	void	ptr	2352	1.397803
tramp3d-v4	call	ptr	ptr,ptr,ptr	1290	0.766652
tramp3d-v4	call	i32	ptr,ptr	1195	0.710194
tramp3d-v4	load	i64	ptr	1167	0.693553
tramp3d-v4	icmp	i1	i32,i32	1115	0.662649
tramp3d-v4	call	ptr	ptr,i32,ptr	1101	0.654329
tramp3d-v4	ret	void	i32	1064	0.632340
tramp3d-v4	store	void	i64,ptr	870	0.517045
tramp3d-v4	add	i32	i32,i32	861	0.511696
tramp3d-v4	call	void	ptr,ptr,ptr,ptr,ptr	822	0.488518
tramp3d-v4	call	i64	ptr,ptr	789	0.468906
tramp3d-v4	sext	i64	i32	788	0.468312
tramp3d-v4	call	i32	ptr,ptr,ptr	768	0.456426
tramp3d-v4	getelementptr	ptr	ptr,i64	764	0.454048
tramp3d-v4	getelementptr	ptr	ptr,i64,i64	721	0.428493
tramp3d-v4	load	double	ptr	713	0.423739
tramp3d-v4	call	void	ptr,ptr,i64,i1,ptr	660	0.392241
tramp3d-v4	icmp	i1	ptr,ptr	587	0.348857
tramp3d-v4	load	i8	ptr	572	0.339942
tramp3d-v4	store	void	i8,ptr	552	0.328056
tramp3d-v4	ptrtoint	i64	ptr	533	0.316764
tramp3d-v4	call	i32	ptr,ptr,ptr,ptr	515	0.306067
tramp3d-v4	inttoptr	ptr	i64	515	0.306067
tramp3d-v4	call	ptr	ptr,ptr,ptr,ptr	508	0.301907
tramp3d-v4	store	void	double,ptr	461	0.273974
tramp3d-v4	call	void	ptr	444	0.263871
tramp3d-v4	call	i1	ptr,ptr	405	0.240693
tramp3d-v4	call	i1	ptr,i64,ptr	378	0.224647
tramp3d-v4	ret	void	i64	363	0.215732
tramp3d-v4	call	void	ptr,ptr,ptr,ptr,ptr,ptr	311	0.184829
tramp3d-v4	zext	i64	i8	301	0.178886
tramp3d-v4	call	void	ptr,i64,ptr	299	0.177697
tramp3d-v4	call	void	ptr,ptr,i32,ptr	288	0.171160
tramp3d-v4	icmp	i1	i64,i64	283	0.168188
tramp3d-v4	ret	void	i1	279	0.165811
tramp3d-v4	getelementptr	ptr	ptr,i32	260	0.154519
tramp3d-v4	store	void	i1,ptr	260	0.154519
tramp3d-v4	icmp	i1	i8,i8	256	0.152142
tramp3d-v4	call	void	ptr,i32,ptr	236	0.140256
tramp3d-v4	sub	i64	i64,i64	236	0.140256
tramp3d-v4	call	ptr	i64,ptr	228	0.135501
tramp3d-v4	call	ptr	ptr,i64,ptr	228	0.135501
tramp3d-v4	call	i1	ptr,ptr,ptr	213	0.126587
tramp3d-v4	call	double	ptr,ptr,ptr	197	0.117078
tramp3d-v4	fmul	double	double,double	190	0.112918
tramp3d-v4	call	ptr	ptr,i32,i32,ptr	177	0.105192
tramp3d-v4	sdiv	i64	i64,i64	177	0.105192
tramp3d-v4	zext	i8	i1	173	0.102815
tramp3d-v4	call	void	ptr,ptr,i64,ptr	170	0.101032
tramp3d-v4	trunc	i8	i64	166	0.098654
tramp3d-v4	ret	void	double	159	0.094494
tramp3d-v4	call	void	ptr,i32,i1,i1,ptr	155	0.092117
tramp3d-v4	call	void	ptr,i32,i1,ptr	154	0.091523
tramp3d-v4	call	ptr	ptr,ptr,ptr,ptr,ptr	144	0.085580
tramp3d-v4	call	ptr	ptr	140	0.083203
tramp3d-v4	trunc	i32	i64	131	0.077854
tramp3d-v4	load	i1	ptr	126	0.074882
tramp3d-v4	fsub	double	double,double	123	0.073099
tramp3d-v4	call	i32	ptr	117	0.069534
tramp3d-v4	sub	i32	i32,i32	110	0.065373
tramp3d-v4	store	void	[2 x i64],ptr	108	0.064185
tramp3d-v4	mul	i32	i32,i32	104	0.061808
tramp3d-v4	unreachable	void	-	102	0.060619
tramp3d-v4	call	double	double,double,double,ptr	99	0.058836
tramp3d-v4	call	i32	i32,i32,i64,ptr	98	0.058242
tramp3d-v4	mul	i64	i64,i64	95	0.056459
tramp3d-v4	call	double	ptr,ptr	93	0.055270
tramp3d-v4	call	void	ptr,ptr,i32,i32,ptr	91	0.054082
tramp3d-v4	add	i64	i64,i64	87	0.051704
tramp3d-v4	call	i32	ptr,i32,ptr	75	0.044573
tramp3d-v4	call	i64	ptr,ptr,ptr	73	0.043384
tramp3d-v4	call	ptr	ptr,ptr,i64,ptr	73	0.043384
tramp3d-v4	call	void	ptr,ptr,ptr,i32,ptr	72	0.042790
tramp3d-v4	call	double	ptr,ptr,ptr,ptr	70	0.041601
tramp3d-v4	fdiv	double	double,double	69	0.041007
tramp3d-v4	phi	ptr	ptr,ptr	68	0.040413
tramp3d-v4	call	void	ptr,i32,i32,i32,ptr	59	0.035064
tramp3d-v4	call	[2 x i64]	ptr,i64,ptr	55	0.032687
tramp3d-v4	call	void	ptr,ptr,i1,ptr	55	0.032687
tramp3d-v4	call	void	ptr,i64,ptr,ptr	51	0.030310
tramp3d-v4	load	[2 x i64]	ptr	50	0.029715
tramp3d-v4	phi	i1	i1,i1	49	0.029121
tramp3d-v4	call	i64	ptr,i64,ptr	48	0.028527
tramp3d-v4	call	ptr	ptr,i1,ptr	46	0.027338
tramp3d-v4	fadd	double	double,double	45	0.026744
tramp3d-v4	call	double	double,double,ptr	42	0.024961
tramp3d-v4	fcmp	i1	double,double	39	0.023178
tramp3d-v4	call	ptr	ptr,i64,ptr,ptr	38	0.022584
tramp3d-v4	call	i1	ptr,i64,ptr,ptr	34	0.020206
tramp3d-v4	call	i64	ptr,ptr,ptr,ptr	34	0.020206
tramp3d-v4	call	void	ptr,double,ptr	33	0.019612
tramp3d-v4	call	void	ptr,ptr,ptr,ptr,ptr,ptr,ptr	32	0.019018
tramp3d-v4	call	i1	ptr,ptr,ptr,ptr	29	0.017235
tramp3d-v4	call	double	ptr,i32,i32,i32,ptr	26	0.015452
tramp3d-v4	call	void	ptr,i64,i1,ptr	26	0.015452
tramp3d-v4	ret	void	[2 x i64]	25	0.014858
tramp3d-v4	udiv	i64	i64,i64	25	0.014858
tramp3d-v4	call	void	ptr,i64,ptr,ptr,ptr	24	0.014263
tramp3d-v4	call	i64	ptr,i64,ptr,ptr	23	0.013669
tramp3d-v4	call	void	ptr,i32,i32,ptr,ptr,ptr	22	0.013075
tramp3d-v4	call	void	ptr,ptr,ptr,ptr,i64,ptr	22	0.013075
tramp3d-v4	phi	i64	i64,i64	21	0.012480
tramp3d-v4	fneg	double	double	20	0.011886
tramp3d-v4	call	void	ptr,i32,i32,ptr	19	0.011292
tramp3d-v4	xor	i1	i1,i1	19	0.011292
tramp3d-v4	and	i8	i8,i8	17	0.010103
tramp3d-v4	call	double	ptr	17	0.010103
tramp3d-v4	call	double	double,double,i64,ptr	16	0.009509
tramp3d-v4	call	void	metadata,ptr	16	0.009509
tramp3d-v4	sdiv	i32	i32,i32	16	0.009509
tramp3d-v4	phi	double	double,double	15	0.008915
tramp3d-v4	call	double	double,ptr	14	0.008320
tramp3d-v4	call	void	i32,ptr	14	0.008320
tramp3d-v4	call	void	ptr,i1,ptr	14	0.008320
tramp3d-v4	call	void	ptr,ptr,i32,i32,i32,ptr	13	0.007726
tramp3d-v4	zext	i32	i8	13	0.007726
tramp3d-v4	call	i32	i32,i32,ptr	12	0.007132
tramp3d-v4	call	i64	ptr	12	0.007132
tramp3d-v4	call	void	ptr,ptr,ptr,ptr,ptr,ptr,ptr,ptr	12	0.007132
tramp3d-v4	getelementptr	ptr	ptr,i32,i32,i32	12	0.007132
tramp3d-v4	zext	i64	i32	12	0.007132
tramp3d-v4	call	double	ptr,ptr,ptr,ptr,ptr	11	0.006537
tramp3d-v4	phi	i32	i32,i32	11	0.006537
tramp3d-v4	sitofp	double	i32	11	0.006537
tramp3d-v4	call	void	ptr,ptr,ptr,ptr,ptr,ptr,ptr,ptr,ptr	10	0.005943
tramp3d-v4	and	i32	i32,i32	9	0.005349
tramp3d-v4	call	[2 x i64]	ptr,ptr	9	0.005349
tramp3d-v4	call	[2 x i64]	ptr,ptr,ptr	9	0.005349
tramp3d-v4	call	i64	i64,ptr,ptr	9	0.005349
tramp3d-v4	call	i64	ptr,ptr,ptr,ptr,ptr	9	0.005349
tramp3d-v4	call	ptr	ptr,i64,ptr,ptr,ptr	9	0.005349
tramp3d-v4	call	ptr	ptr,ptr,ptr,ptr,i64,ptr	9	0.005349
tramp3d-v4	zext	i64	i1	9	0.005349
tramp3d-v4	call	i1	ptr,i32,ptr	8	0.004754
tramp3d-v4	call	i32	ptr,i32,i32,i32,ptr	8	0.004754
tramp3d-v4	call	ptr	ptr,i32,i32,i32,ptr	8	0.004754
tramp3d-v4	call	void	i1,ptr	8	0.004754
tramp3d-v4	call	void	ptr,i64,i64,ptr	8	0.004754
tramp3d-v4	srem	i32	i32,i32	8	0.004754
tramp3d-v4	call	i32	ptr,ptr,i64,ptr,ptr	7	0.004160
tramp3d-v4	call	double	ptr,i32,ptr	6	0.003566
tramp3d-v4	call	i1	i32,i32,i32,i32,i32,i32,ptr,ptr,ptr,ptr	6	0.003566
tramp3d-v4	call	i32	ptr,ptr,i32,ptr	6	0.003566
tramp3d-v4	call	i64	i64,ptr	6	0.003566
tramp3d-v4	call	void	ptr,ptr,ptr,ptr,i32,ptr	6	0.003566
tramp3d-v4	select	i32	i1,i32,i32	6	0.003566
tramp3d-v4	and	i64	i64,i64	5	0.002972
tramp3d-v4	call	[2 x i64]	[2 x i64],[2 x i64],[2 x i64],ptr	5	0.002972
tramp3d-v4	call	[2 x i64]	[2 x i64],ptr	5	0.002972
tramp3d-v4	call	i1	ptr,ptr,ptr,ptr,ptr	5	0.002972
tramp3d-v4	call	i32	i32,ptr	5	0.002972
tramp3d-v4	call	void	ptr,i64,i32,ptr,ptr	5	0.002972
tramp3d-v4	shl	i32	i32,i32	5	0.002972
tramp3d-v4	sitofp	double	i64	5	0.002972
tramp3d-v4	call	i1	double,ptr	4	0.002377
tramp3d-v4	call	i1	ptr	4	0.002377
tramp3d-v4	call	i32	ptr,ptr,i64,ptr	4	0.002377
tramp3d-v4	call	i64	ptr,i32,ptr	4	0.002377
tramp3d-v4	call	void	double,ptr,ptr,ptr,ptr,ptr,ptr,ptr,ptr,ptr,double,i1,i1,ptr	4	0.002377
tramp3d-v4	call	void	ptr,ptr,i32,i1,ptr	4	0.002377
tramp3d-v4	call	void	ptr,ptr,i32,ptr,ptr	4	0.002377
tramp3d-v4	call	void	ptr,ptr,ptr,i64,ptr	4	0.002377
tramp3d-v4	call	{ i64, i1 }	i64,i64,ptr	4	0.002377
tramp3d-v4	extractvalue	i1	{ i64, i1 }	4	0.002377
tramp3d-v4	extractvalue	i64	{ i64, i1 }	4	0.002377
tramp3d-v4	phi	i1	i1,i1,i1	4	0.002377
tramp3d-v4	select	i64	i1,i64,i64	4	0.002377
tramp3d-v4	call	double	ptr,i32,i32,ptr	3	0.001783
tramp3d-v4	call	i1	i32,ptr	3	0.001783
tramp3d-v4	call	i1	i32,ptr,i32,ptr,ptr	3	0.001783
tramp3d-v4	call	i32	i64,ptr	3	0.001783
tramp3d-v4	call	void	ptr,ptr,double,ptr	3	0.001783
tramp3d-v4	call	void	ptr,ptr,ptr,i32,i32,i32,i32,ptr,ptr	3	0.001783
tramp3d-v4	or	i32	i32,i32	3	0.001783
tramp3d-v4	xor	i32	i32,i32	3	0.001783
tramp3d-v4	call	double	double,i64,ptr	2	0.001189
tramp3d-v4	call	i1	double,i32,ptr	2	0.001189
tramp3d-v4	call	i1	ptr,i32,ptr,ptr,ptr	2	0.001189
tramp3d-v4	call	i32	ptr,i32,i32,i32,i32,ptr	2	0.001189
tramp3d-v4	call	void	double,ptr,ptr,ptr,ptr,ptr,ptr,ptr,ptr,ptr,i1,i1,ptr	2	0.001189
tramp3d-v4	call	void	i1,ptr,ptr,ptr,ptr	2	0.001189
tramp3d-v4	call	void	i64,ptr	2	0.001189
tramp3d-v4	call	void	ptr,i1,i1,ptr,ptr,ptr,ptr,ptr	2	0.001189
tramp3d-v4	call	void	ptr,i32,i32,i32,i32,ptr	2	0.001189
tramp3d-v4	call	void	ptr,i32,i32,ptr,ptr	2	0.001189
tramp3d-v4	call	void	ptr,i32,ptr,ptr,i32,i32,i32,ptr	2	0.001189
tramp3d-v4	call	void	ptr,i32,ptr,ptr,ptr	2	0.001189
tramp3d-v4	call	void	ptr,i64,i64,i32,i64,ptr	2	0.001189
tramp3d-v4	call	void	ptr,ptr,i32,i32,ptr,ptr	2	0.001189
tramp3d-v4	call	void	ptr,ptr,i64,i64,ptr	2	0.001189
tramp3d-v4	call	void	ptr,ptr,ptr,i32,i32,i32,ptr	2	0.001189
tramp3d-v4	call	void	ptr,ptr,ptr,ptr,ptr,ptr,ptr,ptr,ptr,ptr	2	0.001189
tramp3d-v4	fptosi	i32	double	2	0.001189
tramp3d-v4	select	i1	i1,i1,i1	2	0.001189
tramp3d-v4	shl	i64	i64,i64	2	0.001189
tramp3d-v4	srem	i64	i64,i64	2	0.001189
tramp3d-v4	call	[2 x i64]	ptr,[2 x i64],[2 x i64],[2 x i64],ptr	1	0.000594
tramp3d-v4	call	[2 x i64]	ptr,[2 x i64],ptr	1	0.000594
tramp3d-v4	call	double	ptr,i64,ptr	1	0.000594
tramp3d-v4	call	double	ptr,ptr,ptr,ptr,double,i1,ptr	1	0.000594
tramp3d-v4	call	i1	double,double,i64,ptr	1	0.000594
tramp3d-v4	call	i1	i1,i1,ptr	1	0.000594
tramp3d-v4	call	i1	i32,i32,i32,i32,i32,i32,ptr,ptr	1	0.000594
tramp3d-v4	call	i1	i32,ptr,ptr	1	0.000594
tramp3d-v4	call	i1	ptr,i1,i1,ptr	1	0.000594
tramp3d-v4	call	i1	ptr,i32,i32,ptr	1	0.000594
tramp3d-v4	call	i1	ptr,ptr,i1,i1,i1,ptr	1	0.000594
tramp3d-v4	call	i32	ptr,i32,i32,ptr	1	0.000594
tramp3d-v4	call	i32	ptr,ptr,i32,i32,ptr	1	0.000594
tramp3d-v4	call	i32	ptr,ptr,ptr,i32,ptr	1	0.000594
tramp3d-v4	call	i32	ptr,ptr,ptr,ptr,ptr	1	0.000594
tramp3d-v4	call	i64	i64,i1,ptr	1	0.000594
tramp3d-v4	call	i64	ptr,[2 x i64],ptr	1	0.000594
tramp3d-v4	call	i64	ptr,ptr,i64,ptr	1	0.000594
tramp3d-v4	call	i64	ptr,ptr,ptr,i64,ptr	1	0.000594
tramp3d-v4	call	i64	ptr,ptr,ptr,ptr,ptr,ptr	1	0.000594
tramp3d-v4	call	ptr	ptr,double,ptr	1	0.000594
tramp3d-v4	call	ptr	ptr,i64,ptr,i64,ptr	1	0.000594
tramp3d-v4	call	ptr	ptr,ptr,i32,i32,i32,i32,ptr,ptr	1	0.000594
tramp3d-v4	call	ptr	ptr,ptr,ptr,i64,ptr	1	0.000594
tramp3d-v4	call	void	double,ptr,ptr,double,ptr,ptr,ptr,ptr,ptr,ptr,ptr,i1,i1,ptr	1	0.000594
tramp3d-v4	call	void	double,ptr,ptr,ptr,double,ptr,ptr,ptr,ptr,ptr,ptr,ptr,ptr,ptr,ptr,ptr,ptr,i1,double,double,i1,i1,ptr	1	0.000594
tramp3d-v4	call	void	i32,ptr,ptr	1	0.000594
tramp3d-v4	call	void	ptr,double,double,ptr	1	0.000594
tramp3d-v4	call	void	ptr,double,i1,ptr	1	0.000594
tramp3d-v4	call	void	ptr,i1,ptr,ptr	1	0.000594
tramp3d-v4	call	void	ptr,i32,i32,i32,ptr,ptr	1	0.000594
tramp3d-v4	call	void	ptr,i32,ptr,i32,i32,i32,ptr	1	0.000594
tramp3d-v4	call	void	ptr,i32,ptr,ptr,ptr,ptr	1	0.000594
tramp3d-v4	call	void	ptr,i64,i64,i32,ptr,ptr	1	0.000594
tramp3d-v4	call	void	ptr,i8,i64,i1,ptr	1	0.000594
tramp3d-v4	call	void	ptr,ptr,double,double,ptr	1	0.000594
tramp3d-v4	or	i64	i64,i64	1	0.000594
tramp3d-v4	select	ptr	i1,ptr,ptr	1	0.000594
tramp3d-v4	switch	void	i32,label,label	1	0.000594
tramp3d-v4	switch	void	i32,label,label,label	1	0.000594
tramp3d-v4	trunc	i8	i32	1	0.000594
tramp3d-v4	xor	i64	i64,i64	1	0.000594
tramp3d-v4	zext	i32	i1	1	0.000594
