workload	opcode	origin	visit	types	memory	action	type_idx	new_type	count	share_percent
TOTAL	G_FRAME_INDEX	initial	first	p0	-	Legal	0	-	386893	14.943943
TOTAL	G_LOAD	initial	first	p0,p0	p0@64@not_atomic@not_atomic	Legal	0	-	324871	12.548311
TOTAL	G_BR	initial	first	-	-	Legal	0	-	204751	7.908614
TOTAL	G_PTR_ADD	initial	first	p0,i64	-	Legal	0	-	191002	7.377551
TOTAL	G_CONSTANT	initial	first	i64	-	Legal	0	-	166194	6.419329
TOTAL	G_BRCOND	initial	revisit	i32	-	Legal	0	-	148877	5.750451
TOTAL	G_STORE	initial	first	p0,p0	p0@64@not_atomic@not_atomic	Legal	0	-	136701	5.280147
TOTAL	G_LOAD	initial	first	i32,p0	i32@32@not_atomic@not_atomic	Legal	0	-	109972	4.247726
TOTAL	G_CONSTANT	initial	first	i32	-	Legal	0	-	105235	4.064756
TOTAL	G_STORE	initial	first	i32,p0	i32@32@not_atomic@not_atomic	Legal	0	-	78693	3.039558
TOTAL	G_BRCOND	initial	first	i1	-	WidenScalar	0	i32	76087	2.938900
TOTAL	G_GLOBAL_VALUE	initial	first	p0	-	Custom	0	-	64488	2.490882
TOTAL	G_ICMP	initial	revisit	i32,i32	-	Legal	0	-	57262	2.211774
TOTAL	G_ICMP	initial	first	i1,i32	-	WidenScalar	0	i32	53204	2.055032
TOTAL	G_ADD	initial	first	i32	-	Legal	0	-	29154	1.126088
TOTAL	G_SHL	initial	first	i64,i64	-	Legal	0	-	28167	1.087965
TOTAL	G_SEXTLOAD	initial	first	i64,p0	i32@32@not_atomic@not_atomic	Legal	0	-	26060	1.006581
TOTAL	G_STORE	initial	first	f32,p0	f32@32@not_atomic@not_atomic	Legal	0	-	22812	0.881125
TOTAL	G_LOAD	initial	first	f32,p0	f32@32@not_atomic@not_atomic	Legal	0	-	19095	0.737554
TOTAL	G_CONSTANT	initial	first	p0	-	Legal	0	-	17811	0.687959
TOTAL	G_ICMP	initial	first	i1,p0	-	WidenScalar	0	i32	15476	0.597769
TOTAL	G_ICMP	initial	revisit	i32,p0	-	Legal	0	-	15476	0.597769
TOTAL	G_CONSTANT	generated	first	i32	-	Legal	0	-	12709	0.490892
TOTAL	G_INVOKE_REGION_START	initial	first	-	-	Legal	0	-	12072	0.466287
TOTAL	G_LOAD	initial	first	i32,p0	i32@64@not_atomic@not_atomic	Legal	0	-	12029	0.464626
TOTAL	G_LOAD	initial	first	i64,p0	i64@64@not_atomic@not_atomic	Legal	0	-	11345	0.438207
TOTAL	G_CONSTANT	initial	first	i8	-	Legal	0	-	8362	0.322987
TOTAL	G_ZEXTLOAD	initial	first	i32,p0	i8@8@not_atomic@not_atomic	Legal	0	-	7355	0.284091
TOTAL	G_AND	generated	first	i32	-	Legal	0	-	7095	0.274048
TOTAL	G_STORE	initial	first	i64,p0	i64@64@not_atomic@not_atomic	Legal	0	-	6862	0.265048
TOTAL	G_STORE	initial	first	i32,p0	i32@64@not_atomic@not_atomic	Legal	0	-	6546	0.252843
TOTAL	G_STORE	initial	first	i8,p0	i8@8@not_atomic@not_atomic	Legal	0	-	6188	0.239015
TOTAL	G_SEXT	initial	first	i64,i32	-	Legal	0	-	5869	0.226693
TOTAL	G_SUB	initial	first	i32	-	Legal	0	-	4636	0.179068
TOTAL	G_AND	initial	first	i32	-	Legal	0	-	4437	0.171381
TOTAL	G_ZEXTLOAD	initial	first	i64,p0	i32@32@not_atomic@not_atomic	Legal	0	-	4352	0.168098
TOTAL	G_CONSTANT	generated	first	i64	-	Legal	0	-	4176	0.161300
TOTAL	G_SHL	initial	first	i32,i32	-	Custom	0	-	4162	0.160759
TOTAL	G_SHL	initial	revisit	i32,i64	-	Legal	0	-	4076	0.157438
TOTAL	G_TRUNC	generated	first	i32,i64	-	Legal	0	-	3860	0.149095
TOTAL	G_PTRTOINT	initial	first	i32,p0	-	WidenScalar	0	i64	3829	0.147897
TOTAL	G_PTRTOINT	initial	revisit	i64,p0	-	Legal	0	-	3829	0.147897
TOTAL	G_MUL	initial	first	i64	-	Legal	0	-	3814	0.147318
TOTAL	G_CONSTANT	initial	first	i1	-	WidenScalar	0	i8	3672	0.141833
TOTAL	G_CONSTANT	initial	revisit	i8	-	Legal	0	-	3672	0.141833
TOTAL	G_ICMP	initial	revisit	i1,i32	-	WidenScalar	0	i32	3526	0.136194
TOTAL	G_ZEXT	generated	first	i32,i8	-	Legal	0	-	3504	0.135344
TOTAL	G_AND	initial	revisit	i32	-	Legal	0	-	3473	0.134146
TOTAL	G_FCONSTANT	initial	first	f32	-	Legal	0	-	3441	0.132910
TOTAL	G_ICMP	initial	first	i1,i64	-	WidenScalar	0	i32	3393	0.131056
TOTAL	G_ICMP	initial	revisit	i32,i64	-	Legal	0	-	3393	0.131056
TOTAL	G_ICMP	initial	first	i1,i8	-	WidenScalar	1	i32	3365	0.129975
TOTAL	G_STORE	initial	first	i16,p0	i16@16@not_atomic@not_atomic	Legal	0	-	3360	0.129782
TOTAL	G_LOAD	initial	first	i8,p0	i8@8@not_atomic@not_atomic	Legal	0	-	3219	0.124336
TOTAL	G_ZEXTLOAD	initial	first	i32,p0	i8@64@not_atomic@not_atomic	Legal	0	-	3079	0.118928
TOTAL	G_ZEXTLOAD	initial	first	i32,p0	i16@16@not_atomic@not_atomic	Legal	0	-	2866	0.110701
TOTAL	G_ADD	initial	first	i64	-	Legal	0	-	2652	0.102435
TOTAL	G_LOAD	initial	first	f64,p0	f64@64@not_atomic@not_atomic	Legal	0	-	2607	0.100697
TOTAL	G_OR	initial	first	i32	-	Legal	0	-	2554	0.098650
TOTAL	G_CONSTANT	initial	first	i16	-	Legal	0	-	2540	0.098109
TOTAL	G_TRUNC	generated	first	i8,i32	-	Legal	0	-	2530	0.097723
TOTAL	G_FMUL	initial	first	f32	-	Legal	0	-	2443	0.094362
TOTAL	G_LSHR	initial	revisit	i32,i64	-	Legal	0	-	2377	0.091813
TOTAL	G_MUL	initial	first	i32	-	Legal	0	-	2335	0.090191
TOTAL	G_TRUNC	generated	first	i16,i32	-	Legal	0	-	2320	0.089611
TOTAL	G_ANYEXT	generated	first	i32,i16	-	Legal	0	-	2318	0.089534
TOTAL	G_TRUNC	initial	first	i32,i64	-	Legal	0	-	2278	0.087989
TOTAL	G_CONSTANT	generated	first	i16	-	Legal	0	-	2177	0.084088
TOTAL	G_SEXTLOAD	initial	first	i32,p0	i16@16@not_atomic@not_atomic	Legal	0	-	2125	0.082079
TOTAL	G_STORE	initial	first	f64,p0	f64@64@not_atomic@not_atomic	Legal	0	-	2112	0.081577
TOTAL	G_PHI	initial	first	p0	-	Legal	0	-	2057	0.079453
TOTAL	G_OR	initial	revisit	i32	-	Legal	0	-	1965	0.075899
TOTAL	G_PHI	initial	first	i32	-	Legal	0	-	1965	0.075899
TOTAL	G_TRUNC	initial	first	i8,i32	-	Legal	0	-	1965	0.075899
TOTAL	G_PHI	initial	revisit	i16	-	Legal	0	-	1825	0.070492
TOTAL	G_AND	generated	revisit	i32	-	Legal	0	-	1788	0.069062
TOTAL	G_TRUNC	initial	first	i16,i32	-	Legal	0	-	1785	0.068947
TOTAL	G_STORE	initial	first	i8,p0	i8@64@not_atomic@not_atomic	Legal	0	-	1752	0.067672
TOTAL	G_LSHR	initial	first	i32,i32	-	Custom	0	-	1719	0.066397
TOTAL	G_PTRTOINT	initial	first	i64,p0	-	Legal	0	-	1684	0.065045
TOTAL	G_PHI	initial	first	i1	-	WidenScalar	0	i16	1677	0.064775
TOTAL	G_SUB	initial	first	i64	-	Legal	0	-	1642	0.063423
TOTAL	G_LOAD	initial	first	f128,p0	s128@32@not_atomic@not_atomic	Legal	0	-	1640	0.063346
TOTAL	G_AND	generated	first	i8	-	WidenScalar	0	i32	1565	0.060449
TOTAL	G_FCMP	initial	first	i1,f32	-	WidenScalar	0	i32	1526	0.058943
TOTAL	G_FCMP	initial	revisit	i32,f32	-	Legal	0	-	1526	0.058943
TOTAL	G_ZEXT	initial	first	i64,i32	-	Legal	0	-	1491	0.057591
TOTAL	G_STORE	initial	first	f128,p0	s128@32@not_atomic@not_atomic	Legal	0	-	1477	0.057050
TOTAL	G_ASHR	initial	first	i32,i32	-	Custom	0	-	1475	0.056973
TOTAL	G_CONSTANT	generated	first	i8	-	Legal	0	-	1444	0.055775
TOTAL	G_AND	initial	first	i16	-	WidenScalar	0	i32	1423	0.054964
TOTAL	G_FADD	initial	first	f32	-	Legal	0	-	1410	0.054462
TOTAL	G_SELECT	initial	revisit	i32,i32	-	Legal	0	-	1359	0.052492
TOTAL	G_FCONSTANT	initial	first	f64	-	Legal	0	-	1338	0.051681
TOTAL	G_STORE	generated	first	i8,p0	i8@8@not_atomic@not_atomic	Legal	0	-	1327	0.051256
TOTAL	G_STORE	initial	first	i1,p0	i1@8@not_atomic@not_atomic	WidenScalar	0	i8	1327	0.051256
TOTAL	G_STORE	initial	revisit	i8,p0	i1@8@not_atomic@not_atomic	Lower	0	-	1327	0.051256
TOTAL	G_FMA	initial	first	f32	-	Legal	0	-	1250	0.048282
TOTAL	G_ASHR	initial	revisit	i32,i64	-	Legal	0	-	1230	0.047509
TOTAL	G_LOAD	initial	first	i16,p0	i16@16@not_atomic@not_atomic	Legal	0	-	1192	0.046042
TOTAL	G_STORE	initial	first	p0,p0	p0@8@not_atomic@not_atomic	Legal	0	-	1078	0.041638
TOTAL	G_ANYEXT	generated	first	i32,i8	-	Legal	0	-	1075	0.041522
TOTAL	G_XOR	initial	first	i32	-	Legal	0	-	1051	0.040595
TOTAL	G_LOAD	initial	first	i8,p0	i8@64@not_atomic@not_atomic	Legal	0	-	921	0.035574
TOTAL	G_ZEXTLOAD	initial	first	i64,p0	i8@8@not_atomic@not_atomic	Legal	0	-	893	0.034493
TOTAL	G_AND	initial	first	i8	-	WidenScalar	0	i32	867	0.033488
TOTAL	G_INTTOPTR	initial	first	p0,i64	-	Legal	0	-	853	0.032948
TOTAL	G_LOAD	initial	first	i16,p0	i16@32@not_atomic@not_atomic	Legal	0	-	842	0.032523
TOTAL	G_FSUB	initial	first	f32	-	Legal	0	-	834	0.032214
TOTAL	G_FNEG	initial	first	f32	-	Legal	0	-	831	0.032098
TOTAL	G_LSHR	initial	revisit	i32,i32	-	Custom	0	-	782	0.030205
TOTAL	G_FMUL	initial	first	f64	-	Legal	0	-	778	0.030051
TOTAL	G_FPEXT	initial	first	f64,f32	-	Legal	0	-	772	0.029819
TOTAL	G_SEXTLOAD	initial	first	i64,p0	i32@64@not_atomic@not_atomic	Legal	0	-	767	0.029626
TOTAL	G_SDIV	initial	first	i32	-	Legal	0	-	762	0.029433
TOTAL	G_ZEXT	generated	first	i32,i16	-	Legal	0	-	759	0.029317
TOTAL	G_SELECT	initial	first	i32,i1	-	WidenScalar	1	i32	730	0.028197
TOTAL	G_STORE	initial	first	f128,p0	s128@64@not_atomic@not_atomic	Legal	0	-	685	0.026458
TOTAL	G_STORE	initial	first	i64,p0	s64@64@not_atomic@not_atomic	Legal	0	-	670	0.025879
TOTAL	G_FDIV	initial	first	f32	-	Legal	0	-	664	0.025647
TOTAL	G_LOAD	initial	first	i64,p0	s64@64@not_atomic@not_atomic	Legal	0	-	658	0.025416
TOTAL	G_LOAD	initial	first	i8,p0	i8@32@not_atomic@not_atomic	Legal	0	-	658	0.025416
TOTAL	G_STORE	initial	first	i16,p0	i16@32@not_atomic@not_atomic	Legal	0	-	652	0.025184
TOTAL	G_STORE	initial	first	i32,p0	i32@8@not_atomic@not_atomic	Legal	0	-	624	0.024102
TOTAL	G_OR	initial	first	i16	-	WidenScalar	0	i32	602	0.023253
TOTAL	G_LSHR	initial	first	i16,i16	-	WidenScalar	1	i32	591	0.022828
TOTAL	G_LSHR	initial	revisit	i16,i32	-	WidenScalar	0	i32	591	0.022828
TOTAL	G_LOAD	initial	first	f32,p0	f32@64@not_atomic@not_atomic	Legal	0	-	588	0.022712
TOTAL	G_STORE	initial	revisit	i8,p0	i8@8@not_atomic@not_atomic	Legal	0	-	574	0.022171
TOTAL	G_SITOFP	initial	first	f64,i32	-	Legal	0	-	553	0.021360
TOTAL	G_SUB	generated	first	i32	-	Legal	0	-	545	0.021051
TOTAL	G_MUL	generated	first	i32	-	Legal	0	-	544	0.021012
TOTAL	G_STORE	initial	first	i8,p0	i8@32@not_atomic@not_atomic	Legal	0	-	543	0.020974
TOTAL	G_LOAD	initial	first	f128,p0	s128@64@not_atomic@not_atomic	Legal	0	-	527	0.020356
TOTAL	G_LOAD	generated	first	i8,p0	i8@8@not_atomic@not_atomic	Legal	0	-	510	0.019699
TOTAL	G_LOAD	initial	first	i1,p0	i1@8@not_atomic@not_atomic	Lower	0	-	510	0.019699
TOTAL	G_SITOFP	initial	first	f32,i32	-	Legal	0	-	478	0.018463
TOTAL	G_SEXTLOAD	initial	first	i64,p0	i16@16@not_atomic@not_atomic	Legal	0	-	438	0.016918
TOTAL	G_SHL	initial	revisit	i32,i32	-	Custom	0	-	435	0.016802
TOTAL	G_TRAP	initial	first	-	-	Legal	0	-	432	0.016686
TOTAL	G_STORE	initial	first	i8,p0	i8@16@not_atomic@not_atomic	Legal	0	-	427	0.016493
TOTAL	G_LOAD	initial	first	i32,p0	i16@16@not_atomic@not_atomic	Legal	0	-	422	0.016300
TOTAL	G_STORE	initial	first	f32,p0	f32@64@not_atomic@not_atomic	Legal	0	-	413	0.015952
TOTAL	G_SDIV	initial	first	i64	-	Legal	0	-	411	0.015875
TOTAL	G_FSUB	initial	first	f64	-	Legal	0	-	386	0.014909
TOTAL	G_ZEXTLOAD	initial	first	i32,p0	i16@32@not_atomic@not_atomic	Legal	0	-	379	0.014639
TOTAL	G_ZEXTLOAD	initial	first	i32,p0	i16@64@not_atomic@not_atomic	Legal	0	-	368	0.014214
TOTAL	G_OR	initial	first	i8	-	WidenScalar	0	i32	364	0.014060
TOTAL	G_FADD	initial	first	f64	-	Legal	0	-	358	0.013828
TOTAL	G_FDIV	initial	first	f64	-	Legal	0	-	354	0.013673
TOTAL	G_STORE	initial	first	i16,p0	i16@64@not_atomic@not_atomic	Legal	0	-	352	0.013596
TOTAL	G_LOAD	initial	first	i8,p0	i8@16@not_atomic@not_atomic	Legal	0	-	347	0.013403
TOTAL	G_ZEXTLOAD	initial	first	i64,p0	i32@64@not_atomic@not_atomic	Legal	0	-	343	0.013249
TOTAL	G_FMA	initial	first	f64	-	Legal	0	-	332	0.012824
TOTAL	G_SEXTLOAD	initial	first	i32,p0	i8@8@not_atomic@not_atomic	Legal	0	-	322	0.012437
TOTAL	G_ADD	initial	revisit	i32	-	Legal	0	-	311	0.012013
TOTAL	G_LOAD	initial	first	p0,p0	p0@128@not_atomic@not_atomic	Legal	0	-	309	0.011935
TOTAL	G_ZEXTLOAD	initial	first	i64,p0	i8@64@not_atomic@not_atomic	Legal	0	-	297	0.011472
TOTAL	G_SDIV	generated	first	i32	-	Legal	0	-	295	0.011395
TOTAL	G_SREM	initial	first	i32	-	Lower	0	-	295	0.011395
TOTAL	G_FPTRUNC	initial	first	f32,f64	-	Legal	0	-	294	0.011356
TOTAL	G_FCMP	initial	first	i1,f64	-	WidenScalar	0	i32	292	0.011279
TOTAL	G_FCMP	initial	revisit	i32,f64	-	Legal	0	-	292	0.011279
TOTAL	G_SHL	initial	first	i16,i16	-	WidenScalar	1	i32	287	0.011086
TOTAL	G_SHL	initial	revisit	i16,i32	-	WidenScalar	0	i32	287	0.011086
TOTAL	G_SELECT	initial	revisit	p0,i32	-	Legal	0	-	285	0.011008
TOTAL	G_FPTOSI	initial	first	i32,f64	-	Legal	0	-	261	0.010081
TOTAL	G_STORE	initial	revisit	i32,p0	i32@32@not_atomic@not_atomic	Legal	0	-	260	0.010043
TOTAL	G_ZEXTLOAD	initial	first	i64,p0	i16@16@not_atomic@not_atomic	Legal	0	-	260	0.010043
TOTAL	G_LOAD	initial	first	i32,p0	i8@8@not_atomic@not_atomic	Legal	0	-	259	0.010004
TOTAL	G_TRUNC	initial	first	i8,i64	-	Legal	0	-	252	0.009734
TOTAL	G_UDIV	generated	first	i32	-	Legal	0	-	249	0.009618
TOTAL	G_UREM	initial	first	i32	-	Lower	0	-	249	0.009618
TOTAL	G_AND	initial	first	i64	-	Legal	0	-	247	0.009541
TOTAL	G_ZEXTLOAD	initial	first	i32,p0	i8@16@not_atomic@not_atomic	Legal	0	-	227	0.008768
TOTAL	G_MEMCPY	initial	first	p0,p0,i64	s8@64@not_atomic@not_atomic,s8@64@not_atomic@not_atomic	Libcall	0	-	207	0.007995
TOTAL	G_LOAD	initial	first	i16,p0	i16@64@not_atomic@not_atomic	Legal	0	-	203	0.007841
TOTAL	G_MEMCPY	initial	first	p0,p0,i64	s8@8@not_atomic@not_atomic,s8@8@not_atomic@not_atomic	Libcall	0	-	193	0.007455
TOTAL	G_LSHR	initial	first	i8,i8	-	WidenScalar	1	i32	191	0.007377
TOTAL	G_LSHR	initial	revisit	i8,i32	-	WidenScalar	0	i32	191	0.007377
TOTAL	G_UDIV	initial	first	i64	-	Legal	0	-	180	0.006953
TOTAL	G_PHI	initial	first	i64	-	Legal	0	-	179	0.006914
TOTAL	G_STORE	initial	first	s128,p0	s128@8@not_atomic@not_atomic	Legal	0	-	176	0.006798
TOTAL	G_LSHR	initial	first	i64,i64	-	Legal	0	-	175	0.006759
TOTAL	G_SELECT	initial	revisit	i64,i32	-	Legal	0	-	170	0.006566
TOTAL	G_PHI	initial	first	f32	-	Legal	0	-	169	0.006528
TOTAL	G_UDIV	initial	first	i32	-	Legal	0	-	165	0.006373
TOTAL	G_ICMP	initial	first	i1,i16	-	WidenScalar	1	i32	161	0.006219
TOTAL	G_LOAD	initial	first	i64,p0	s64@32@not_atomic@not_atomic	Legal	0	-	161	0.006219
TOTAL	G_STORE	initial	first	i64,p0	i64@8@not_atomic@not_atomic	Legal	0	-	156	0.006026
TOTAL	G_ZEXTLOAD	initial	first	i32,p0	i8@32@not_atomic@not_atomic	Legal	0	-	154	0.005948
TOTAL	G_ADD	initial	first	i16	-	WidenScalar	0	i32	153	0.005910
TOTAL	G_SHL	initial	first	i8,i8	-	WidenScalar	1	i32	148	0.005717
TOTAL	G_SHL	initial	revisit	i8,i32	-	WidenScalar	0	i32	148	0.005717
TOTAL	G_STORE	initial	first	i64,p0	s64@32@not_atomic@not_atomic	Legal	0	-	146	0.005639
TOTAL	G_LOAD	initial	first	i16,p0	i16@8@not_atomic@not_atomic	Legal	0	-	144	0.005562
TOTAL	G_SELECT	initial	first	p0,i1	-	WidenScalar	1	i32	143	0.005523
TOTAL	G_MUL	initial	revisit	i32	-	Legal	0	-	142	0.005485
TOTAL	G_OR	initial	first	i64	-	Legal	0	-	138	0.005330
TOTAL	G_LOAD	initial	first	i32,p0	i32@128@not_atomic@not_atomic	Legal	0	-	128	0.004944
TOTAL	G_XOR	initial	revisit	i32	-	Legal	0	-	126	0.004867
TOTAL	G_SEXTLOAD	initial	first	i32,p0	i16@64@not_atomic@not_atomic	Legal	0	-	112	0.004326
TOTAL	G_STORE	initial	revisit	i32,p0	i32@64@not_atomic@not_atomic	Legal	0	-	108	0.004172
TOTAL	G_LOAD	initial	first	i32,p0	i32@8@not_atomic@not_atomic	Legal	0	-	105	0.004056
TOTAL	G_ZEXTLOAD	initial	first	i32,p0	s8@32@not_atomic@not_atomic	Legal	0	-	102	0.003940
TOTAL	G_STORE	initial	revisit	i8,p0	i8@64@not_atomic@not_atomic	Legal	0	-	101	0.003901
TOTAL	G_STORE	initial	first	p0,p0	p0@128@not_atomic@not_atomic	Legal	0	-	100	0.003863
TOTAL	G_MEMSET	initial	first	p0,i8,i64	s8@64@not_atomic@not_atomic	Libcall	0	-	97	0.003747
TOTAL	G_FPTOSI	initial	first	i32,f32	-	Legal	0	-	94	0.003631
TOTAL	G_AND	generated	first	i64	-	Legal	0	-	91	0.003515
TOTAL	G_MEMCPY	initial	first	p0,p0,i64	s8@32@not_atomic@not_atomic,s8@32@not_atomic@not_atomic	Libcall	0	-	89	0.003438
TOTAL	G_ICMP	generated	first	i1,i64	-	WidenScalar	0	i32	86	0.003322
TOTAL	G_ICMP	generated	revisit	i32,i64	-	Legal	0	-	86	0.003322
TOTAL	G_SELECT	initial	first	i64,i1	-	WidenScalar	1	i32	85	0.003283
TOTAL	G_LOAD	initial	first	i32,p0	s32@8@not_atomic@not_atomic	Legal	0	-	84	0.003245
TOTAL	G_MUL	initial	revisit	i64	-	Legal	0	-	84	0.003245
TOTAL	G_UMULH	generated	first	i64	-	Legal	0	-	84	0.003245
TOTAL	G_UMULO	initial	first	i64,i1	-	Lower	0	-	84	0.003245
TOTAL	G_STORE	initial	first	i32,p0	s32@32@not_atomic@not_atomic	Legal	0	-	78	0.003013
TOTAL	G_STORE	initial	first	i16,p0	i16@8@not_atomic@not_atomic	Legal	0	-	77	0.002974
TOTAL	G_XOR	initial	first	i1	-	WidenScalar	0	i32	77	0.002974
TOTAL	G_STORE	initial	first	i32,p0	s32@8@not_atomic@not_atomic	Legal	0	-	76	0.002936
TOTAL	G_TRUNC	generated	first	i8,i16	-	Legal	0	-	76	0.002936
TOTAL	G_BRJT	initial	first	p0,i64	-	Legal	0	-	75	0.002897
TOTAL	G_JUMP_TABLE	initial	first	p0	-	Legal	0	-	75	0.002897
TOTAL	G_MEMSET	initial	first	p0,i8,i64	s8@8@not_atomic@not_atomic	Libcall	0	-	75	0.002897
TOTAL	G_SUB	generated	first	i64	-	Legal	0	-	75	0.002897
TOTAL	G_LOAD	initial	first	i32,p0	s32@32@not_atomic@not_atomic	Legal	0	-	73	0.002820
TOTAL	G_MUL	generated	first	i64	-	Legal	0	-	70	0.002704
TOTAL	G_SITOFP	initial	first	f32,i64	-	Legal	0	-	70	0.002704
TOTAL	G_FNEG	initial	first	f64	-	Legal	0	-	67	0.002588
TOTAL	G_ADD	initial	first	i8	-	WidenScalar	0	i32	66	0.002549
TOTAL	G_CONSTANT	initial	first	s64	-	Legal	0	-	66	0.002549
TOTAL	G_PTR_ADD	initial	first	p0,s64	-	Legal	0	-	66	0.002549
TOTAL	G_SITOFP	initial	first	f64,i64	-	Legal	0	-	64	0.002472
TOTAL	G_ANYEXT	generated	first	i64,i32	-	Legal	0	-	61	0.002356
TOTAL	G_UDIV	generated	first	i64	-	Legal	0	-	61	0.002356
TOTAL	G_UREM	initial	first	i64	-	Lower	0	-	61	0.002356
TOTAL	G_STORE	initial	first	f128,p0	s128@16@not_atomic@not_atomic	Legal	0	-	60	0.002318
TOTAL	G_LOAD	initial	first	i16,p0	s16@8@not_atomic@not_atomic	Legal	0	-	59	0.002279
TOTAL	G_ZEXTLOAD	initial	first	i32,p0	i16@8@not_atomic@not_atomic	Legal	0	-	56	0.002163
TOTAL	G_MEMMOVE	initial	first	p0,p0,i64	s8@8@not_atomic@not_atomic,s8@8@not_atomic@not_atomic	Libcall	0	-	55	0.002124
TOTAL	G_STORE	initial	first	i16,p0	s16@8@not_atomic@not_atomic	Legal	0	-	55	0.002124
TOTAL	G_STORE	initial	first	i64,p0	i64@32@not_atomic@not_atomic	Legal	0	-	55	0.002124
TOTAL	G_PHI	initial	first	f64	-	Legal	0	-	51	0.001970
TOTAL	G_LOAD	initial	first	f128,p0	s128@16@not_atomic@not_atomic	Legal	0	-	50	0.001931
TOTAL	G_STORE	initial	first	i32,p0	s32@16@not_atomic@not_atomic	Legal	0	-	48	0.001854
TOTAL	G_STORE	initial	first	i32,p0	s32@64@not_atomic@not_atomic	Legal	0	-	48	0.001854
TOTAL	G_LOAD	initial	first	i32,p0	s32@64@not_atomic@not_atomic	Legal	0	-	47	0.001815
TOTAL	G_MEMCPY	initial	first	p0,p0,i64	s8@16@not_atomic@not_atomic,s8@16@not_atomic@not_atomic	Libcall	0	-	47	0.001815
TOTAL	G_ZEXTLOAD	initial	first	i64,p0	s8@32@not_atomic@not_atomic	Legal	0	-	47	0.001815
TOTAL	G_LOAD	initial	first	i32,p0	s32@16@not_atomic@not_atomic	Legal	0	-	46	0.001777
TOTAL	G_STORE	initial	revisit	i8,p0	i8@32@not_atomic@not_atomic	Legal	0	-	46	0.001777
TOTAL	G_FABS	initial	first	f32	-	Legal	0	-	42	0.001622
TOTAL	G_LOAD	initial	first	i8,p0	i8@64@acquire@not_atomic	Legal	0	-	41	0.001584
TOTAL	G_LOAD	initial	first	i32,p0	i16@64@not_atomic@not_atomic	Legal	0	-	40	0.001545
TOTAL	G_MEMMOVE	initial	first	p0,p0,i64	s8@64@not_atomic@not_atomic,s8@64@not_atomic@not_atomic	Libcall	0	-	39	0.001506
TOTAL	G_LOAD	initial	first	f128,p0	f128@128@not_atomic@not_atomic	Legal	0	-	37	0.001429
TOTAL	G_SEXTLOAD	initial	first	i64,p0	i8@8@not_atomic@not_atomic	Legal	0	-	37	0.001429
TOTAL	G_LOAD	initial	first	i64,p0	i64@32@not_atomic@not_atomic	Legal	0	-	34	0.001313
TOTAL	G_MEMSET	initial	first	p0,i8,i64	s8@32@not_atomic@not_atomic	Libcall	0	-	32	0.001236
TOTAL	G_LOAD	initial	first	f128,p0	s128@8@not_atomic@not_atomic	Legal	0	-	31	0.001197
TOTAL	G_SEXTLOAD	initial	first	i32,p0	i16@32@not_atomic@not_atomic	Legal	0	-	31	0.001197
TOTAL	G_STORE	initial	first	i32,p0	i32@128@not_atomic@not_atomic	Legal	0	-	28	0.001082
TOTAL	G_ZEXTLOAD	initial	first	i32,p0	s8@64@not_atomic@not_atomic	Legal	0	-	28	0.001082
TOTAL	G_TRUNC	initial	first	i8,i16	-	Legal	0	-	27	0.001043
TOTAL	G_FFLOOR	initial	first	f64	-	Legal	0	-	26	0.001004
TOTAL	G_LOAD	initial	first	i32,p0	i8@64@not_atomic@not_atomic	Legal	0	-	26	0.001004
TOTAL	G_SELECT	initial	revisit	f32,i32	-	Legal	0	-	26	0.001004
TOTAL	G_XOR	initial	first	i64	-	Legal	0	-	26	0.001004
TOTAL	G_ZEXTLOAD	initial	first	i64,p0	i16@32@not_atomic@not_atomic	Legal	0	-	26	0.001004
TOTAL	G_LOAD	initial	first	i64,p0	i64@8@not_atomic@not_atomic	Legal	0	-	25	0.000966
TOTAL	G_SEXTLOAD	initial	first	i16,p0	i8@8@not_atomic@not_atomic	WidenScalar	0	i32	25	0.000966
TOTAL	G_SEXTLOAD	initial	revisit	i32,p0	i8@8@not_atomic@not_atomic	Legal	0	-	25	0.000966
TOTAL	G_STORE	initial	first	f128,p0	f128@128@not_atomic@not_atomic	Legal	0	-	25	0.000966
TOTAL	G_STORE	initial	first	f128,p0	s128@8@not_atomic@not_atomic	Legal	0	-	25	0.000966
TOTAL	G_ZEXTLOAD	initial	first	i64,p0	i16@64@not_atomic@not_atomic	Legal	0	-	25	0.000966
TOTAL	G_FCONSTANT	initial	first	f128	-	Legal	0	-	24	0.000927
TOTAL	G_FPTOUI	initial	first	i16,f32	-	WidenScalar	0	i32	24	0.000927
TOTAL	G_FPTOUI	initial	revisit	i32,f32	-	Legal	0	-	24	0.000927
TOTAL	G_VASTART	initial	first	p0	s256@64@not_atomic@not_atomic	Legal	0	-	24	0.000927
TOTAL	G_LOAD	initial	first	i32,p0	i16@32@not_atomic@not_atomic	Legal	0	-	23	0.000888
TOTAL	G_SEXT_INREG	generated	first	i32	-	Legal	0	-	23	0.000888
TOTAL	G_ZEXTLOAD	initial	first	i32,p0	s8@8@not_atomic@not_atomic	Legal	0	-	23	0.000888
TOTAL	G_SELECT	initial	revisit	i32,i1	-	WidenScalar	1	i32	22	0.000850
TOTAL	G_STORE	initial	revisit	i8,p0	i8@16@not_atomic@not_atomic	Legal	0	-	21	0.000811
TOTAL	G_TRUNC	initial	first	i16,i64	-	Legal	0	-	19	0.000734
TOTAL	G_BUILD_VECTOR	initial	first	<2 x i64>,i64	-	Legal	0	-	17	0.000657
TOTAL	G_SEXT_INREG	generated	first	i64	-	Legal	0	-	17	0.000657
TOTAL	G_ZEXTLOAD	initial	first	i32,p0	s16@32@not_atomic@not_atomic	Legal	0	-	17	0.000657
TOTAL	G_ASHR	initial	first	i64,i64	-	Legal	0	-	16	0.000618
TOTAL	G_STORE	initial	first	<2 x i64>,p0	<2 x i64>@64@not_atomic@not_atomic	Legal	0	-	16	0.000618
TOTAL	G_STORE	initial	first	i16,p0	s16@64@not_atomic@not_atomic	Legal	0	-	16	0.000618
TOTAL	G_STORE	initial	first	i64,p0	i64@16@not_atomic@not_atomic	Legal	0	-	16	0.000618
TOTAL	G_FMUL	initial	first	f128	-	Libcall	0	-	15	0.000579
TOTAL	G_PHI	initial	revisit	i32	-	Legal	0	-	15	0.000579
TOTAL	G_LOAD	initial	first	i16,p0	s16@64@not_atomic@not_atomic	Legal	0	-	14	0.000541
TOTAL	G_LOAD	initial	first	i64,p0	s64@8@not_atomic@not_atomic	Legal	0	-	14	0.000541
TOTAL	G_STORE	initial	first	i64,p0	i64@128@not_atomic@not_atomic	Legal	0	-	14	0.000541
TOTAL	G_STORE	initial	first	i64,p0	s64@8@not_atomic@not_atomic	Legal	0	-	14	0.000541
TOTAL	G_STORE	initial	first	i8,p0	s8@64@not_atomic@not_atomic	Legal	0	-	14	0.000541
TOTAL	G_UITOFP	initial	first	f32,i32	-	Legal	0	-	14	0.000541
TOTAL	G_FABS	initial	first	f64	-	Legal	0	-	13	0.000502
TOTAL	G_LOAD	initial	first	i8,p0	s8@64@not_atomic@not_atomic	Legal	0	-	13	0.000502
TOTAL	G_SELECT	initial	first	f32,i1	-	WidenScalar	1	i32	13	0.000502
TOTAL	G_ZEXTLOAD	initial	first	i64,p0	s8@64@not_atomic@not_atomic	Legal	0	-	13	0.000502
TOTAL	G_SELECT	initial	first	i8,i1	-	WidenScalar	0	i32	12	0.000464
TOTAL	G_UITOFP	initial	first	f32,i16	-	WidenScalar	1	i32	12	0.000464
TOTAL	G_UITOFP	initial	revisit	f32,i32	-	Legal	0	-	12	0.000464
TOTAL	G_ASHR	initial	first	i8,i8	-	WidenScalar	1	i32	11	0.000425
TOTAL	G_ASHR	initial	revisit	i32,i32	-	Custom	0	-	11	0.000425
TOTAL	G_ASHR	initial	revisit	i8,i32	-	WidenScalar	0	i32	11	0.000425
TOTAL	G_MEMMOVE	initial	first	p0,p0,i64	s8@32@not_atomic@not_atomic,s8@32@not_atomic@not_atomic	Libcall	0	-	11	0.000425
TOTAL	G_STORE	initial	first	i32,p0	i32@16@not_atomic@not_atomic	Legal	0	-	11	0.000425
TOTAL	G_ZEXTLOAD	initial	first	i32,p0	s8@16@not_atomic@not_atomic	Legal	0	-	11	0.000425
TOTAL	G_LOAD	initial	first	i32,p0	i8@128@not_atomic@not_atomic	Legal	0	-	10	0.000386
TOTAL	G_STORE	initial	first	i64,p0	s64@16@not_atomic@not_atomic	Legal	0	-	10	0.000386
TOTAL	G_FCMP	initial	first	i1,f128	-	WidenScalar	0	i32	9	0.000348
TOTAL	G_FCMP	initial	revisit	i32,f128	-	Libcall	0	-	9	0.000348
TOTAL	G_ICMP	generated	first	i32,i32	-	Legal	0	-	9	0.000348
TOTAL	G_MEMCPY	initial	first	p0,p0,i64	s8@64@not_atomic@not_atomic,s8@16@not_atomic@not_atomic	Libcall	0	-	9	0.000348
TOTAL	G_SDIV	generated	first	i64	-	Legal	0	-	9	0.000348
TOTAL	G_SREM	initial	first	i64	-	Lower	0	-	9	0.000348
TOTAL	G_UITOFP	initial	first	f64,i32	-	Legal	0	-	9	0.000348
TOTAL	G_ZEXTLOAD	initial	first	i64,p0	s16@64@not_atomic@not_atomic	Legal	0	-	9	0.000348
TOTAL	G_FPTOSI	initial	first	i64,f64	-	Legal	0	-	8	0.000309
TOTAL	G_LOAD	initial	first	i64,p0	s64@16@not_atomic@not_atomic	Legal	0	-	8	0.000309
TOTAL	G_SEXTLOAD	initial	first	i32,p0	i8@64@not_atomic@not_atomic	Legal	0	-	8	0.000309
TOTAL	G_UITOFP	initial	first	f32,i64	-	Legal	0	-	8	0.000309
TOTAL	G_UITOFP	initial	first	f64,i16	-	WidenScalar	1	i32	8	0.000309
TOTAL	G_UITOFP	initial	revisit	f64,i32	-	Legal	0	-	8	0.000309
TOTAL	G_ZEXTLOAD	initial	first	i16,p0	i8@8@not_atomic@not_atomic	WidenScalar	0	i32	8	0.000309
TOTAL	G_ZEXTLOAD	initial	first	i64,p0	i32@8@not_atomic@not_atomic	Legal	0	-	8	0.000309
TOTAL	G_ZEXTLOAD	initial	revisit	i32,p0	i8@8@not_atomic@not_atomic	Legal	0	-	8	0.000309
TOTAL	G_OR	initial	first	i1	-	WidenScalar	0	i32	7	0.000270
TOTAL	G_SELECT	initial	first	i1,i1	-	WidenScalar	0	i32	7	0.000270
TOTAL	G_UADDO	initial	first	i64,i1	-	WidenScalar	1	i32	7	0.000270
TOTAL	G_UADDO	initial	revisit	i64,i32	-	Legal	0	-	7	0.000270
TOTAL	G_ANYEXT	generated	first	i16,i8	-	Legal	0	-	6	0.000232
TOTAL	G_LOAD	initial	first	i8,p0	s8@16@not_atomic@not_atomic	Legal	0	-	6	0.000232
TOTAL	G_MEMCPY	initial	first	p0,p0,i64	s8@16@not_atomic@not_atomic,s8@64@not_atomic@not_atomic	Libcall	0	-	6	0.000232
TOTAL	G_MEMCPY	initial	first	p0,p0,i64	s8@32@not_atomic@not_atomic,s8@8@not_atomic@not_atomic	Libcall	0	-	6	0.000232
TOTAL	G_MEMCPY	initial	first	p0,p0,i64	s8@32@not_atomic@not_atomic,s8@64@not_atomic@not_atomic	Libcall	0	-	6	0.000232
TOTAL	G_PHI	initial	first	i16	-	Legal	0	-	6	0.000232
TOTAL	G_SELECT	initial	first	f64,i1	-	WidenScalar	1	i32	6	0.000232
TOTAL	G_SELECT	initial	revisit	f64,i32	-	Legal	0	-	6	0.000232
TOTAL	G_SEXTLOAD	initial	first	i64,p0	i16@64@not_atomic@not_atomic	Legal	0	-	6	0.000232
TOTAL	G_STORE	initial	first	<2 x i64>,p0	<2 x i64>@32@not_atomic@not_atomic	Legal	0	-	6	0.000232
TOTAL	G_STORE	initial	first	i8,p0	s8@16@not_atomic@not_atomic	Legal	0	-	6	0.000232
TOTAL	G_ZEXTLOAD	initial	first	i64,p0	i8@16@not_atomic@not_atomic	Legal	0	-	6	0.000232
TOTAL	G_DYN_STACKALLOC	initial	first	p0,i64	-	Custom	0	-	5	0.000193
TOTAL	G_INTTOPTR	generated	first	p0,i64	-	Legal	0	-	5	0.000193
TOTAL	G_LOAD	initial	first	i8,p0	s8@8@not_atomic@not_atomic	Legal	0	-	5	0.000193
TOTAL	G_LOAD	initial	first	i8,p0	s8@32@not_atomic@not_atomic	Legal	0	-	5	0.000193
TOTAL	G_MEMCPY	initial	first	p0,p0,i64	s8@64@not_atomic@not_atomic,s8@8@not_atomic@not_atomic	Libcall	0	-	5	0.000193
TOTAL	G_MEMSET	initial	first	p0,i8,i64	s8@16@not_atomic@not_atomic	Libcall	0	-	5	0.000193
TOTAL	G_PTRTOINT	generated	first	i64,p0	-	Legal	0	-	5	0.000193
TOTAL	G_SITOFP	initial	revisit	f32,i32	-	Legal	0	-	5	0.000193
TOTAL	G_STORE	initial	first	i16,p0	s16@16@not_atomic@not_atomic	Legal	0	-	5	0.000193
TOTAL	G_STORE	initial	first	i16,p0	s16@32@not_atomic@not_atomic	Legal	0	-	5	0.000193
TOTAL	G_STORE	initial	first	i8,p0	s8@32@not_atomic@not_atomic	Legal	0	-	5	0.000193
TOTAL	G_FADD	initial	first	f128	-	Libcall	0	-	4	0.000155
TOTAL	G_LOAD	initial	first	i16,p0	s16@16@not_atomic@not_atomic	Legal	0	-	4	0.000155
TOTAL	G_LOAD	initial	first	i16,p0	s16@32@not_atomic@not_atomic	Legal	0	-	4	0.000155
TOTAL	G_LOAD	initial	first	i32,p0	i16@128@not_atomic@not_atomic	Legal	0	-	4	0.000155
TOTAL	G_LOAD	initial	first	i32,p0	i8@16@not_atomic@not_atomic	Legal	0	-	4	0.000155
TOTAL	G_MEMSET	initial	first	p0,i8,i64	s8@128@not_atomic@not_atomic	Libcall	0	-	4	0.000155
TOTAL	G_OR	generated	revisit	i32	-	Legal	0	-	4	0.000155
TOTAL	G_STORE	initial	first	<2 x i64>,p0	<2 x i64>@8@not_atomic@not_atomic	Legal	0	-	4	0.000155
TOTAL	G_STORE	initial	first	f64,p0	f64@8@not_atomic@not_atomic	Legal	0	-	4	0.000155
TOTAL	G_STORE	initial	first	i8,p0	s8@8@not_atomic@not_atomic	Legal	0	-	4	0.000155
TOTAL	G_XOR	generated	first	i64	-	Legal	0	-	4	0.000155
TOTAL	G_XOR	generated	revisit	i64	-	Legal	0	-	4	0.000155
TOTAL	G_ANYEXT	generated	first	i64,i16	-	Legal	0	-	3	0.000116
TOTAL	G_FPEXT	initial	first	f128,f64	-	Libcall	0	-	3	0.000116
TOTAL	G_FPTOUI	initial	first	i32,f32	-	Legal	0	-	3	0.000116
TOTAL	G_FPTOUI	initial	first	i64,f32	-	Legal	0	-	3	0.000116
TOTAL	G_MUL	initial	first	i16	-	WidenScalar	0	i32	3	0.000116
TOTAL	G_PHI	initial	first	i8	-	WidenScalar	0	i16	3	0.000116
TOTAL	G_SELECT	initial	first	i16,i1	-	WidenScalar	0	i32	3	0.000116
TOTAL	G_SITOFP	initial	first	f128,i32	-	Libcall	0	-	3	0.000116
TOTAL	G_ZEXTLOAD	initial	first	i64,p0	i8@32@not_atomic@not_atomic	Legal	0	-	3	0.000116
TOTAL	G_BITCAST	generated	first	f128,i128	-	Legal	0	-	2	0.000077
TOTAL	G_BITCAST	generated	first	i128,f128	-	Legal	0	-	2	0.000077
TOTAL	G_BITCAST	generated	first	i64,f64	-	Legal	0	-	2	0.000077
TOTAL	G_CONSTANT	generated	first	i1	-	WidenScalar	0	i8	2	0.000077
TOTAL	G_CONSTANT	generated	first	i128	-	NarrowScalar	0	i64	2	0.000077
TOTAL	G_CONSTANT	generated	revisit	i8	-	Legal	0	-	2	0.000077
TOTAL	G_FCEIL	initial	first	f64	-	Legal	0	-	2	0.000077
TOTAL	G_FDIV	initial	first	f128	-	Libcall	0	-	2	0.000077
TOTAL	G_FNEG	initial	first	f128	-	Lower	0	-	2	0.000077
TOTAL	G_FPTOUI	initial	first	i32,f64	-	Legal	0	-	2	0.000077
TOTAL	G_IS_FPCLASS	initial	first	i1,f64	-	Lower	0	-	2	0.000077
TOTAL	G_LOAD	initial	first	p0,p0	p0@32@not_atomic@not_atomic	Legal	0	-	2	0.000077
TOTAL	G_MEMCPY	initial	first	p0,p0,i64	s8@8@not_atomic@not_atomic,s8@64@not_atomic@not_atomic	Libcall	0	-	2	0.000077
TOTAL	G_MEMCPY	initial	first	p0,p0,i64	s8@16@not_atomic@not_atomic,s8@8@not_atomic@not_atomic	Libcall	0	-	2	0.000077
TOTAL	G_MERGE_VALUES	generated	first	i128,i64	-	Legal	0	-	2	0.000077
TOTAL	G_OR	generated	first	i1	-	WidenScalar	0	i32	2	0.000077
TOTAL	G_PHI	generated	first	f64	-	Legal	0	-	2	0.000077
TOTAL	G_SELECT	generated	revisit	i32,s32	-	Legal	0	-	2	0.000077
TOTAL	G_SEXT	generated	first	i32,i16	-	Legal	0	-	2	0.000077
TOTAL	G_SITOFP	initial	first	f32,i16	-	WidenScalar	1	i32	2	0.000077
TOTAL	G_SITOFP	initial	revisit	f64,i32	-	Legal	0	-	2	0.000077
TOTAL	G_STACKRESTORE	initial	first	p0	-	Lower	0	-	2	0.000077
TOTAL	G_STACKSAVE	initial	first	p0	-	Lower	0	-	2	0.000077
TOTAL	G_STORE	initial	first	<2 x i64>,p0	<2 x i64>@128@not_atomic@not_atomic	Legal	0	-	2	0.000077
TOTAL	G_STORE	initial	revisit	i32,p0	i32@8@not_atomic@not_atomic	Legal	0	-	2	0.000077
TOTAL	G_SUB	initial	revisit	i32	-	Legal	0	-	2	0.000077
TOTAL	G_UITOFP	initial	first	f64,i64	-	Legal	0	-	2	0.000077
TOTAL	G_UNMERGE_VALUES	generated	first	f64,f128	-	Legal	0	-	2	0.000077
TOTAL	G_UNMERGE_VALUES	generated	first	i64,i128	-	Legal	0	-	2	0.000077
TOTAL	G_XOR	generated	first	i128	-	NarrowScalar	0	i64	2	0.000077
TOTAL	G_ZEXTLOAD	initial	first	i16,p0	i8@32@not_atomic@not_atomic	WidenScalar	0	i32	2	0.000077
TOTAL	G_ZEXTLOAD	initial	first	i64,p0	s8@8@not_atomic@not_atomic	Legal	0	-	2	0.000077
TOTAL	G_ZEXTLOAD	initial	revisit	i32,p0	i8@32@not_atomic@not_atomic	Legal	0	-	2	0.000077
TOTAL	G_ABS	initial	first	i32	-	Custom	0	-	1	0.000039
TOTAL	G_AND	generated	first	i16	-	WidenScalar	0	i32	1	0.000039
TOTAL	G_CTLZ	initial	first	i64,i64	-	Legal	0	-	1	0.000039
TOTAL	G_FPTOSI	initial	first	i16,f64	-	WidenScalar	0	i32	1	0.000039
TOTAL	G_FPTOSI	initial	first	i32,f128	-	Libcall	0	-	1	0.000039
TOTAL	G_FPTOSI	initial	first	i64,f32	-	Legal	0	-	1	0.000039
TOTAL	G_FPTOSI	initial	revisit	i32,f64	-	Legal	0	-	1	0.000039
TOTAL	G_FPTOUI	initial	first	i64,f64	-	Legal	0	-	1	0.000039
TOTAL	G_FPTOUI	initial	first	i8,f64	-	WidenScalar	0	i32	1	0.000039
TOTAL	G_FPTOUI	initial	revisit	i32,f64	-	Legal	0	-	1	0.000039
TOTAL	G_FPTRUNC	initial	first	f64,f128	-	Libcall	0	-	1	0.000039
TOTAL	G_FSUB	initial	first	f128	-	Libcall	0	-	1	0.000039
TOTAL	G_ICMP	generated	first	s1,i32	-	WidenScalar	0	s32	1	0.000039
TOTAL	G_ICMP	generated	revisit	s32,i32	-	Legal	0	-	1	0.000039
TOTAL	G_LOAD	initial	first	i32,p0	i8@32@not_atomic@not_atomic	Legal	0	-	1	0.000039
TOTAL	G_MEMCPY	initial	first	p0,p0,i64	s8@8@not_atomic@not_atomic,s8@16@not_atomic@not_atomic	Libcall	0	-	1	0.000039
TOTAL	G_MEMCPY	initial	first	p0,p0,i64	s8@8@not_atomic@not_atomic,s8@32@not_atomic@not_atomic	Libcall	0	-	1	0.000039
TOTAL	G_MEMCPY	initial	first	p0,p0,i64	s8@64@not_atomic@not_atomic,s8@32@not_atomic@not_atomic	Libcall	0	-	1	0.000039
TOTAL	G_MEMMOVE	initial	first	p0,p0,i64	s8@8@not_atomic@not_atomic,s8@32@not_atomic@not_atomic	Libcall	0	-	1	0.000039
TOTAL	G_MEMMOVE	initial	first	p0,p0,i64	s8@32@not_atomic@not_atomic,s8@8@not_atomic@not_atomic	Libcall	0	-	1	0.000039
TOTAL	G_MERGE_VALUES	generated	first	f128,f64	-	Legal	0	-	1	0.000039
TOTAL	G_PHI	initial	first	f128	-	NarrowScalar	0	f64	1	0.000039
TOTAL	G_SELECT	generated	first	i32,s1	-	WidenScalar	1	s32	1	0.000039
TOTAL	G_STORE	initial	first	f128,p0	s128@128@not_atomic@not_atomic	Legal	0	-	1	0.000039
TOTAL	G_STORE	initial	first	i64,p0	s64@128@not_atomic@not_atomic	Legal	0	-	1	0.000039
TOTAL	G_TRUNC	generated	first	i16,i64	-	Legal	0	-	1	0.000039
TOTAL	G_ZEXTLOAD	initial	first	i32,p0	s16@64@not_atomic@not_atomic	Legal	0	-	1	0.000039
TOTAL	G_ZEXTLOAD	initial	first	i64,p0	s32@64@not_atomic@not_atomic	Legal	0	-	1	0.000039
7zip	G_FRAME_INDEX	initial	first	p0	-	Legal	0	-	67836	16.272543
7zip	G_BR	initial	first	-	-	Legal	0	-	38529	9.242361
7zip	G_LOAD	initial	first	p0,p0	p0@64@not_atomic@not_atomic	Legal	0	-	36274	8.701430
7zip	G_PTR_ADD	initial	first	p0,i64	-	Legal	0	-	29218	7.008832
7zip	G_CONSTANT	initial	first	i64	-	Legal	0	-	28182	6.760316
7zip	G_BRCOND	initial	revisit	i32	-	Legal	0	-	22202	5.325830
7zip	G_STORE	initial	first	p0,p0	p0@64@not_atomic@not_atomic	Legal	0	-	21750	5.217404
7zip	G_LOAD	initial	first	i32,p0	i32@32@not_atomic@not_atomic	Legal	0	-	20124	4.827358
7zip	G_STORE	initial	first	i32,p0	i32@32@not_atomic@not_atomic	Legal	0	-	19202	4.606188
7zip	G_CONSTANT	initial	first	i32	-	Legal	0	-	17824	4.275632
7zip	G_BRCOND	initial	first	i1	-	WidenScalar	0	i32	11521	2.763665
7zip	G_ICMP	initial	revisit	i32,i32	-	Legal	0	-	9000	2.158926
7zip	G_ICMP	initial	first	i1,i32	-	WidenScalar	0	i32	7828	1.877786
7zip	G_INVOKE_REGION_START	initial	first	-	-	Legal	0	-	7023	1.684682
7zip	G_ADD	initial	first	i32	-	Legal	0	-	5040	1.208998
7zip	G_LOAD	initial	first	i64,p0	i64@64@not_atomic@not_atomic	Legal	0	-	3651	0.875804
7zip	G_CONSTANT	generated	first	i32	-	Legal	0	-	3429	0.822551
7zip	G_CONSTANT	initial	first	p0	-	Legal	0	-	2727	0.654154
7zip	G_GLOBAL_VALUE	initial	first	p0	-	Custom	0	-	2578	0.618412
7zip	G_SHL	initial	first	i64,i64	-	Legal	0	-	2544	0.610256
7zip	G_STORE	initial	first	i64,p0	i64@64@not_atomic@not_atomic	Legal	0	-	2413	0.578832
7zip	G_LOAD	initial	first	i32,p0	i32@64@not_atomic@not_atomic	Legal	0	-	2376	0.569956
7zip	G_TRUNC	generated	first	i32,i64	-	Legal	0	-	2235	0.536133
7zip	G_PTRTOINT	initial	first	i32,p0	-	WidenScalar	0	i64	2222	0.533015
7zip	G_PTRTOINT	initial	revisit	i64,p0	-	Legal	0	-	2222	0.533015
7zip	G_AND	generated	first	i32	-	Legal	0	-	1976	0.474004
7zip	G_CONSTANT	initial	first	i8	-	Legal	0	-	1945	0.466568
7zip	G_ICMP	initial	first	i1,p0	-	WidenScalar	0	i32	1915	0.459371
7zip	G_ICMP	initial	revisit	i32,p0	-	Legal	0	-	1915	0.459371
7zip	G_STORE	initial	first	i32,p0	i32@64@not_atomic@not_atomic	Legal	0	-	1755	0.420991
7zip	G_ZEXTLOAD	initial	first	i32,p0	i8@8@not_atomic@not_atomic	Legal	0	-	1720	0.412595
7zip	G_ZEXTLOAD	initial	first	i64,p0	i32@32@not_atomic@not_atomic	Legal	0	-	1668	0.400121
7zip	G_STORE	initial	first	i8,p0	i8@8@not_atomic@not_atomic	Legal	0	-	1658	0.397722
7zip	G_SEXTLOAD	initial	first	i64,p0	i32@32@not_atomic@not_atomic	Legal	0	-	1439	0.345188
7zip	G_ICMP	initial	first	i1,i8	-	WidenScalar	1	i32	1153	0.276582
7zip	G_ICMP	initial	revisit	i1,i32	-	WidenScalar	0	i32	1153	0.276582
7zip	G_ZEXT	generated	first	i32,i8	-	Legal	0	-	1153	0.276582
7zip	G_TRUNC	generated	first	i8,i32	-	Legal	0	-	1036	0.248516
7zip	G_SHL	initial	first	i32,i32	-	Custom	0	-	1023	0.245398
7zip	G_LOAD	initial	first	i8,p0	i8@8@not_atomic@not_atomic	Legal	0	-	986	0.236522
7zip	G_CONSTANT	initial	first	i1	-	WidenScalar	0	i8	943	0.226207
7zip	G_CONSTANT	initial	revisit	i8	-	Legal	0	-	943	0.226207
7zip	G_CONSTANT	generated	first	i64	-	Legal	0	-	891	0.213734
7zip	G_SHL	initial	revisit	i32,i64	-	Legal	0	-	885	0.212294
7zip	G_AND	generated	revisit	i32	-	Legal	0	-	849	0.203659
7zip	G_ICMP	initial	first	i1,i64	-	WidenScalar	0	i32	825	0.197902
7zip	G_ICMP	initial	revisit	i32,i64	-	Legal	0	-	825	0.197902
7zip	G_SUB	initial	first	i32	-	Legal	0	-	822	0.197182
7zip	G_OR	initial	first	i32	-	Legal	0	-	759	0.182069
7zip	G_AND	generated	first	i8	-	WidenScalar	0	i32	739	0.177272
7zip	G_CONSTANT	generated	first	i8	-	Legal	0	-	729	0.174873
7zip	G_ADD	initial	first	i64	-	Legal	0	-	682	0.163599
7zip	G_STORE	generated	first	i8,p0	i8@8@not_atomic@not_atomic	Legal	0	-	644	0.154483
7zip	G_STORE	initial	first	i1,p0	i1@8@not_atomic@not_atomic	WidenScalar	0	i8	644	0.154483
7zip	G_STORE	initial	revisit	i8,p0	i1@8@not_atomic@not_atomic	Lower	0	-	644	0.154483
7zip	G_ZEXT	initial	first	i64,i32	-	Legal	0	-	634	0.152084
7zip	G_TRUNC	initial	first	i8,i32	-	Legal	0	-	624	0.149686
7zip	G_LSHR	initial	first	i32,i32	-	Custom	0	-	606	0.145368
7zip	G_AND	initial	first	i32	-	Legal	0	-	589	0.141290
7zip	G_LSHR	initial	revisit	i32,i64	-	Legal	0	-	555	0.133134
7zip	G_SEXT	initial	first	i64,i32	-	Legal	0	-	541	0.129775
7zip	G_TRUNC	initial	first	i32,i64	-	Legal	0	-	472	0.113224
7zip	G_XOR	initial	first	i32	-	Legal	0	-	413	0.099071
7zip	G_SELECT	initial	revisit	i32,i32	-	Legal	0	-	391	0.093793
7zip	G_SUB	initial	first	i64	-	Legal	0	-	354	0.084918
7zip	G_LOAD	initial	first	i8,p0	i8@64@not_atomic@not_atomic	Legal	0	-	289	0.069326
7zip	G_STORE	initial	first	i16,p0	i16@16@not_atomic@not_atomic	Legal	0	-	284	0.068126
7zip	G_TRAP	initial	first	-	-	Legal	0	-	282	0.067646
7zip	G_STORE	initial	first	i8,p0	i8@64@not_atomic@not_atomic	Legal	0	-	281	0.067406
7zip	G_ZEXTLOAD	initial	first	i32,p0	i16@16@not_atomic@not_atomic	Legal	0	-	278	0.066687
7zip	G_ANYEXT	generated	first	i32,i8	-	Legal	0	-	261	0.062609
7zip	G_STORE	initial	revisit	i8,p0	i8@8@not_atomic@not_atomic	Legal	0	-	255	0.061170
7zip	G_LOAD	generated	first	i8,p0	i8@8@not_atomic@not_atomic	Legal	0	-	250	0.059970
7zip	G_LOAD	initial	first	i1,p0	i1@8@not_atomic@not_atomic	Lower	0	-	250	0.059970
7zip	G_MUL	initial	first	i64	-	Legal	0	-	239	0.057331
7zip	G_PTRTOINT	initial	first	i64,p0	-	Legal	0	-	226	0.054213
7zip	G_CONSTANT	generated	first	i16	-	Legal	0	-	207	0.049655
7zip	G_PHI	initial	revisit	i16	-	Legal	0	-	196	0.047017
7zip	G_TRUNC	initial	first	i16,i32	-	Legal	0	-	195	0.046777
7zip	G_SELECT	initial	first	i32,i1	-	WidenScalar	1	i32	192	0.046057
7zip	G_SEXTLOAD	initial	first	i64,p0	i32@64@not_atomic@not_atomic	Legal	0	-	189	0.045337
7zip	G_MUL	initial	first	i32	-	Legal	0	-	188	0.045098
7zip	G_PHI	initial	first	i1	-	WidenScalar	0	i16	182	0.043658
7zip	G_PHI	initial	first	i32	-	Legal	0	-	176	0.042219
7zip	G_TRUNC	generated	first	i16,i32	-	Legal	0	-	176	0.042219
7zip	G_ANYEXT	generated	first	i32,i16	-	Legal	0	-	174	0.041739
7zip	G_ZEXTLOAD	initial	first	i32,p0	i16@64@not_atomic@not_atomic	Legal	0	-	156	0.037421
7zip	G_STORE	initial	first	i8,p0	i8@32@not_atomic@not_atomic	Legal	0	-	150	0.035982
7zip	G_ZEXTLOAD	initial	first	i64,p0	i32@64@not_atomic@not_atomic	Legal	0	-	149	0.035742
7zip	G_SELECT	initial	revisit	i64,i32	-	Legal	0	-	136	0.032624
7zip	G_LOAD	initial	first	i8,p0	i8@32@not_atomic@not_atomic	Legal	0	-	116	0.027826
7zip	G_CONSTANT	initial	first	i16	-	Legal	0	-	115	0.027586
7zip	G_PHI	initial	first	p0	-	Legal	0	-	110	0.026387
7zip	G_STORE	initial	first	p0,p0	p0@128@not_atomic@not_atomic	Legal	0	-	100	0.023988
7zip	G_LOAD	initial	first	i32,p0	i8@8@not_atomic@not_atomic	Legal	0	-	99	0.023748
7zip	G_ASHR	initial	first	i32,i32	-	Custom	0	-	96	0.023029
7zip	G_STORE	initial	first	i8,p0	i8@16@not_atomic@not_atomic	Legal	0	-	91	0.021829
7zip	G_STORE	initial	first	f128,p0	s128@64@not_atomic@not_atomic	Legal	0	-	87	0.020870
7zip	G_ASHR	initial	revisit	i32,i64	-	Legal	0	-	86	0.020630
7zip	G_LOAD	initial	first	f128,p0	s128@64@not_atomic@not_atomic	Legal	0	-	83	0.019910
7zip	G_LOAD	initial	first	i8,p0	i8@16@not_atomic@not_atomic	Legal	0	-	79	0.018951
7zip	G_ZEXTLOAD	initial	first	i64,p0	i8@8@not_atomic@not_atomic	Legal	0	-	79	0.018951
7zip	G_SDIV	initial	first	i32	-	Legal	0	-	72	0.017271
7zip	G_STORE	initial	first	i64,p0	s64@64@not_atomic@not_atomic	Legal	0	-	72	0.017271
7zip	G_LOAD	initial	first	i64,p0	s64@64@not_atomic@not_atomic	Legal	0	-	71	0.017032
7zip	G_ICMP	generated	first	i1,i64	-	WidenScalar	0	i32	68	0.016312
7zip	G_ICMP	generated	revisit	i32,i64	-	Legal	0	-	68	0.016312
7zip	G_LOAD	initial	first	i64,p0	s64@32@not_atomic@not_atomic	Legal	0	-	68	0.016312
7zip	G_MUL	initial	revisit	i64	-	Legal	0	-	68	0.016312
7zip	G_SELECT	initial	first	i64,i1	-	WidenScalar	1	i32	68	0.016312
7zip	G_STORE	initial	first	i16,p0	i16@64@not_atomic@not_atomic	Legal	0	-	68	0.016312
7zip	G_UMULH	generated	first	i64	-	Legal	0	-	68	0.016312
7zip	G_UMULO	initial	first	i64,i1	-	Lower	0	-	68	0.016312
7zip	G_STORE	initial	first	i64,p0	s64@32@not_atomic@not_atomic	Legal	0	-	67	0.016072
7zip	G_ZEXTLOAD	initial	first	i32,p0	i16@32@not_atomic@not_atomic	Legal	0	-	64	0.015352
7zip	G_UDIV	initial	first	i32	-	Legal	0	-	63	0.015112
7zip	G_ZEXTLOAD	initial	first	i32,p0	i8@32@not_atomic@not_atomic	Legal	0	-	57	0.013673
7zip	G_STORE	initial	revisit	i8,p0	i8@64@not_atomic@not_atomic	Legal	0	-	52	0.012474
7zip	G_SDIV	initial	first	i64	-	Legal	0	-	51	0.012234
7zip	G_LSHR	initial	first	i64,i64	-	Legal	0	-	49	0.011754
7zip	G_ZEXTLOAD	initial	first	i32,p0	i16@8@not_atomic@not_atomic	Legal	0	-	48	0.011514
7zip	G_ZEXTLOAD	initial	first	i32,p0	i8@64@not_atomic@not_atomic	Legal	0	-	45	0.010795
7zip	G_STORE	initial	first	p0,p0	p0@8@not_atomic@not_atomic	Legal	0	-	43	0.010315
7zip	G_UDIV	initial	first	i64	-	Legal	0	-	40	0.009595
7zip	G_LOAD	initial	first	i16,p0	i16@16@not_atomic@not_atomic	Legal	0	-	39	0.009355
7zip	G_ADD	initial	revisit	i32	-	Legal	0	-	38	0.009115
7zip	G_MEMCPY	initial	first	p0,p0,i64	s8@8@not_atomic@not_atomic,s8@8@not_atomic@not_atomic	Libcall	0	-	38	0.009115
7zip	G_MEMMOVE	initial	first	p0,p0,i64	s8@8@not_atomic@not_atomic,s8@8@not_atomic@not_atomic	Libcall	0	-	38	0.009115
7zip	G_PHI	initial	first	i64	-	Legal	0	-	38	0.009115
7zip	G_XOR	initial	revisit	i32	-	Legal	0	-	37	0.008876
7zip	G_LOAD	initial	first	i32,p0	s32@8@not_atomic@not_atomic	Legal	0	-	36	0.008636
7zip	G_LOAD	initial	first	f128,p0	s128@32@not_atomic@not_atomic	Legal	0	-	34	0.008156
7zip	G_STORE	initial	first	i32,p0	s32@8@not_atomic@not_atomic	Legal	0	-	34	0.008156
7zip	G_LOAD	initial	first	i64,p0	i64@32@not_atomic@not_atomic	Legal	0	-	32	0.007676
7zip	G_STORE	initial	revisit	i8,p0	i8@32@not_atomic@not_atomic	Legal	0	-	32	0.007676
7zip	G_OR	initial	first	i64	-	Legal	0	-	31	0.007436
7zip	G_STORE	initial	first	i16,p0	i16@32@not_atomic@not_atomic	Legal	0	-	31	0.007436
7zip	G_TRUNC	generated	first	i8,i16	-	Legal	0	-	31	0.007436
7zip	G_LOAD	initial	first	i16,p0	s16@8@not_atomic@not_atomic	Legal	0	-	30	0.007196
7zip	G_AND	initial	first	i64	-	Legal	0	-	29	0.006957
7zip	G_STORE	initial	first	f128,p0	s128@32@not_atomic@not_atomic	Legal	0	-	29	0.006957
7zip	G_ZEXTLOAD	initial	first	i64,p0	s8@32@not_atomic@not_atomic	Legal	0	-	29	0.006957
7zip	G_SEXTLOAD	initial	first	i32,p0	i16@16@not_atomic@not_atomic	Legal	0	-	28	0.006717
7zip	G_STORE	initial	first	i16,p0	s16@8@not_atomic@not_atomic	Legal	0	-	27	0.006477
7zip	G_STORE	initial	first	i32,p0	i32@128@not_atomic@not_atomic	Legal	0	-	27	0.006477
7zip	G_MEMCPY	initial	first	p0,p0,i64	s8@64@not_atomic@not_atomic,s8@64@not_atomic@not_atomic	Libcall	0	-	26	0.006237
7zip	G_LOAD	initial	first	i32,p0	s32@32@not_atomic@not_atomic	Legal	0	-	24	0.005757
7zip	G_STORE	initial	first	i64,p0	i64@32@not_atomic@not_atomic	Legal	0	-	24	0.005757
7zip	G_STORE	initial	first	i32,p0	s32@32@not_atomic@not_atomic	Legal	0	-	22	0.005277
7zip	G_LOAD	initial	first	i16,p0	i16@32@not_atomic@not_atomic	Legal	0	-	21	0.005037
7zip	G_MUL	generated	first	i32	-	Legal	0	-	21	0.005037
7zip	G_SUB	generated	first	i32	-	Legal	0	-	21	0.005037
7zip	G_STORE	initial	first	i32,p0	s32@64@not_atomic@not_atomic	Legal	0	-	20	0.004798
7zip	G_STORE	initial	revisit	i32,p0	i32@32@not_atomic@not_atomic	Legal	0	-	20	0.004798
7zip	G_STORE	initial	revisit	i8,p0	i8@16@not_atomic@not_atomic	Legal	0	-	20	0.004798
7zip	G_LOAD	initial	first	p0,p0	p0@128@not_atomic@not_atomic	Legal	0	-	19	0.004558
7zip	G_LOAD	initial	first	i32,p0	s32@64@not_atomic@not_atomic	Legal	0	-	18	0.004318
7zip	G_XOR	initial	first	i1	-	WidenScalar	0	i32	18	0.004318
7zip	G_CONSTANT	initial	first	s64	-	Legal	0	-	17	0.004078
7zip	G_LOAD	initial	first	i32,p0	i16@64@not_atomic@not_atomic	Legal	0	-	17	0.004078
7zip	G_PTR_ADD	initial	first	p0,s64	-	Legal	0	-	17	0.004078
7zip	G_SELECT	initial	revisit	i32,i1	-	WidenScalar	1	i32	16	0.003838
7zip	G_STORE	initial	first	i16,p0	i16@8@not_atomic@not_atomic	Legal	0	-	16	0.003838
7zip	G_ADD	initial	first	i8	-	WidenScalar	0	i32	15	0.003598
7zip	G_OR	initial	revisit	i32	-	Legal	0	-	15	0.003598
7zip	G_LOAD	initial	first	i16,p0	s16@64@not_atomic@not_atomic	Legal	0	-	14	0.003358
7zip	G_STORE	initial	first	i16,p0	s16@64@not_atomic@not_atomic	Legal	0	-	14	0.003358
7zip	G_ZEXTLOAD	initial	first	i32,p0	s8@32@not_atomic@not_atomic	Legal	0	-	14	0.003358
7zip	G_MUL	initial	revisit	i32	-	Legal	0	-	13	0.003118
7zip	G_SDIV	generated	first	i32	-	Legal	0	-	13	0.003118
7zip	G_SREM	initial	first	i32	-	Lower	0	-	13	0.003118
7zip	G_STORE	initial	first	i32,p0	i32@8@not_atomic@not_atomic	Legal	0	-	13	0.003118
7zip	G_ZEXTLOAD	initial	first	i32,p0	i8@16@not_atomic@not_atomic	Legal	0	-	13	0.003118
7zip	G_SELECT	initial	first	i8,i1	-	WidenScalar	0	i32	12	0.002879
7zip	G_STORE	initial	first	i64,p0	i64@128@not_atomic@not_atomic	Legal	0	-	11	0.002639
7zip	G_MEMCPY	initial	first	p0,p0,i64	s8@32@not_atomic@not_atomic,s8@32@not_atomic@not_atomic	Libcall	0	-	10	0.002399
7zip	G_SEXTLOAD	initial	first	i32,p0	i16@64@not_atomic@not_atomic	Legal	0	-	10	0.002399
7zip	G_LOAD	initial	first	i32,p0	i16@16@not_atomic@not_atomic	Legal	0	-	9	0.002159
7zip	G_MEMMOVE	initial	first	p0,p0,i64	s8@32@not_atomic@not_atomic,s8@32@not_atomic@not_atomic	Libcall	0	-	9	0.002159
7zip	G_TRUNC	initial	first	i16,i64	-	Legal	0	-	9	0.002159
7zip	G_AND	generated	first	i64	-	Legal	0	-	8	0.001919
7zip	G_MEMSET	initial	first	p0,i8,i64	s8@32@not_atomic@not_atomic	Libcall	0	-	8	0.001919
7zip	G_MEMSET	initial	first	p0,i8,i64	s8@64@not_atomic@not_atomic	Libcall	0	-	8	0.001919
7zip	G_UDIV	generated	first	i32	-	Legal	0	-	8	0.001919
7zip	G_UREM	initial	first	i32	-	Lower	0	-	8	0.001919
7zip	G_ZEXTLOAD	initial	first	i64,p0	i16@16@not_atomic@not_atomic	Legal	0	-	8	0.001919
7zip	G_OR	initial	first	i1	-	WidenScalar	0	i32	7	0.001679
7zip	G_SUB	generated	first	i64	-	Legal	0	-	7	0.001679
7zip	G_TRUNC	initial	first	i8,i64	-	Legal	0	-	7	0.001679
7zip	G_UADDO	initial	first	i64,i1	-	WidenScalar	1	i32	7	0.001679
7zip	G_UADDO	initial	revisit	i64,i32	-	Legal	0	-	7	0.001679
7zip	G_XOR	initial	first	i64	-	Legal	0	-	7	0.001679
7zip	G_ANYEXT	generated	first	i16,i8	-	Legal	0	-	6	0.001439
7zip	G_LOAD	initial	first	i64,p0	s64@8@not_atomic@not_atomic	Legal	0	-	6	0.001439
7zip	G_LOAD	initial	first	i8,p0	s8@16@not_atomic@not_atomic	Legal	0	-	6	0.001439
7zip	G_MUL	generated	first	i64	-	Legal	0	-	6	0.001439
7zip	G_SELECT	initial	revisit	p0,i32	-	Legal	0	-	6	0.001439
7zip	G_SEXTLOAD	initial	first	i32,p0	i8@8@not_atomic@not_atomic	Legal	0	-	6	0.001439
7zip	G_STORE	initial	first	i8,p0	s8@16@not_atomic@not_atomic	Legal	0	-	6	0.001439
7zip	G_LOAD	initial	first	i16,p0	i16@64@not_atomic@not_atomic	Legal	0	-	5	0.001199
7zip	G_LOAD	initial	first	i32,p0	i8@64@not_atomic@not_atomic	Legal	0	-	5	0.001199
7zip	G_LOAD	initial	first	i8,p0	s8@32@not_atomic@not_atomic	Legal	0	-	5	0.001199
7zip	G_MEMSET	initial	first	p0,i8,i64	s8@8@not_atomic@not_atomic	Libcall	0	-	5	0.001199
7zip	G_STORE	initial	first	i16,p0	s16@32@not_atomic@not_atomic	Legal	0	-	5	0.001199
7zip	G_STORE	initial	first	i64,p0	s64@8@not_atomic@not_atomic	Legal	0	-	5	0.001199
7zip	G_STORE	initial	first	i8,p0	s8@32@not_atomic@not_atomic	Legal	0	-	5	0.001199
7zip	G_STORE	initial	revisit	i32,p0	i32@64@not_atomic@not_atomic	Legal	0	-	5	0.001199
7zip	G_ZEXTLOAD	initial	first	i32,p0	s16@32@not_atomic@not_atomic	Legal	0	-	5	0.001199
7zip	G_ZEXTLOAD	initial	first	i64,p0	i16@64@not_atomic@not_atomic	Legal	0	-	5	0.001199
7zip	G_ANYEXT	generated	first	i64,i32	-	Legal	0	-	4	0.000960
7zip	G_ASHR	initial	first	i64,i64	-	Legal	0	-	4	0.000960
7zip	G_BRJT	initial	first	p0,i64	-	Legal	0	-	4	0.000960
7zip	G_INTTOPTR	initial	first	p0,i64	-	Legal	0	-	4	0.000960
7zip	G_JUMP_TABLE	initial	first	p0	-	Legal	0	-	4	0.000960
7zip	G_LOAD	initial	first	f128,p0	s128@8@not_atomic@not_atomic	Legal	0	-	4	0.000960
7zip	G_LOAD	initial	first	i16,p0	s16@32@not_atomic@not_atomic	Legal	0	-	4	0.000960
7zip	G_LOAD	initial	first	i32,p0	i16@32@not_atomic@not_atomic	Legal	0	-	4	0.000960
7zip	G_SEXTLOAD	initial	first	i64,p0	i16@16@not_atomic@not_atomic	Legal	0	-	4	0.000960
7zip	G_STORE	initial	first	f128,p0	s128@8@not_atomic@not_atomic	Legal	0	-	4	0.000960
7zip	G_STORE	initial	first	i16,p0	s16@16@not_atomic@not_atomic	Legal	0	-	4	0.000960
7zip	G_STORE	initial	first	i32,p0	i32@16@not_atomic@not_atomic	Legal	0	-	4	0.000960
7zip	G_STORE	initial	first	i32,p0	s32@16@not_atomic@not_atomic	Legal	0	-	4	0.000960
7zip	G_STORE	initial	first	i64,p0	i64@8@not_atomic@not_atomic	Legal	0	-	4	0.000960
7zip	G_ZEXTLOAD	initial	first	i64,p0	i8@16@not_atomic@not_atomic	Legal	0	-	4	0.000960
7zip	G_MEMCPY	initial	first	p0,p0,i64	s8@32@not_atomic@not_atomic,s8@64@not_atomic@not_atomic	Libcall	0	-	3	0.000720
7zip	G_MEMSET	initial	first	p0,i8,i64	s8@128@not_atomic@not_atomic	Libcall	0	-	3	0.000720
7zip	G_PHI	initial	first	i8	-	WidenScalar	0	i16	3	0.000720
7zip	G_SDIV	generated	first	i64	-	Legal	0	-	3	0.000720
7zip	G_SELECT	initial	first	i1,i1	-	WidenScalar	0	i32	3	0.000720
7zip	G_SELECT	initial	first	p0,i1	-	WidenScalar	1	i32	3	0.000720
7zip	G_SREM	initial	first	i64	-	Lower	0	-	3	0.000720
7zip	G_TRUNC	initial	first	i8,i16	-	Legal	0	-	3	0.000720
7zip	G_UDIV	generated	first	i64	-	Legal	0	-	3	0.000720
7zip	G_UREM	initial	first	i64	-	Lower	0	-	3	0.000720
7zip	G_ZEXTLOAD	initial	first	i16,p0	i8@8@not_atomic@not_atomic	WidenScalar	0	i32	3	0.000720
7zip	G_ZEXTLOAD	initial	first	i32,p0	s8@8@not_atomic@not_atomic	Legal	0	-	3	0.000720
7zip	G_ZEXTLOAD	initial	revisit	i32,p0	i8@8@not_atomic@not_atomic	Legal	0	-	3	0.000720
7zip	G_AND	initial	revisit	i32	-	Legal	0	-	2	0.000480
7zip	G_ANYEXT	generated	first	i64,i16	-	Legal	0	-	2	0.000480
7zip	G_BUILD_VECTOR	initial	first	<2 x i64>,i64	-	Legal	0	-	2	0.000480
7zip	G_LOAD	initial	first	i16,p0	s16@16@not_atomic@not_atomic	Legal	0	-	2	0.000480
7zip	G_LOAD	initial	first	i32,p0	i8@128@not_atomic@not_atomic	Legal	0	-	2	0.000480
7zip	G_LOAD	initial	first	i32,p0	s32@16@not_atomic@not_atomic	Legal	0	-	2	0.000480
7zip	G_MEMCPY	initial	first	p0,p0,i64	s8@16@not_atomic@not_atomic,s8@16@not_atomic@not_atomic	Libcall	0	-	2	0.000480
7zip	G_PHI	initial	revisit	i32	-	Legal	0	-	2	0.000480
7zip	G_STORE	initial	first	<2 x i64>,p0	<2 x i64>@64@not_atomic@not_atomic	Legal	0	-	2	0.000480
7zip	G_STORE	initial	first	<2 x i64>,p0	<2 x i64>@128@not_atomic@not_atomic	Legal	0	-	2	0.000480
7zip	G_ZEXTLOAD	initial	first	i64,p0	i8@32@not_atomic@not_atomic	Legal	0	-	2	0.000480
7zip	G_ZEXTLOAD	initial	first	i64,p0	i8@64@not_atomic@not_atomic	Legal	0	-	2	0.000480
7zip	G_ZEXTLOAD	initial	first	i64,p0	s8@64@not_atomic@not_atomic	Legal	0	-	2	0.000480
7zip	G_ADD	initial	first	i16	-	WidenScalar	0	i32	1	0.000240
7zip	G_DYN_STACKALLOC	initial	first	p0,i64	-	Custom	0	-	1	0.000240
7zip	G_INTTOPTR	generated	first	p0,i64	-	Legal	0	-	1	0.000240
7zip	G_LOAD	initial	first	f128,p0	s128@16@not_atomic@not_atomic	Legal	0	-	1	0.000240
7zip	G_LOAD	initial	first	i32,p0	i32@128@not_atomic@not_atomic	Legal	0	-	1	0.000240
7zip	G_LOAD	initial	first	i32,p0	i8@32@not_atomic@not_atomic	Legal	0	-	1	0.000240
7zip	G_LOAD	initial	first	i8,p0	s8@64@not_atomic@not_atomic	Legal	0	-	1	0.000240
7zip	G_MEMCPY	initial	first	p0,p0,i64	s8@8@not_atomic@not_atomic,s8@32@not_atomic@not_atomic	Libcall	0	-	1	0.000240
7zip	G_MEMCPY	initial	first	p0,p0,i64	s8@8@not_atomic@not_atomic,s8@64@not_atomic@not_atomic	Libcall	0	-	1	0.000240
7zip	G_MEMCPY	initial	first	p0,p0,i64	s8@32@not_atomic@not_atomic,s8@8@not_atomic@not_atomic	Libcall	0	-	1	0.000240
7zip	G_MEMCPY	initial	first	p0,p0,i64	s8@64@not_atomic@not_atomic,s8@8@not_atomic@not_atomic	Libcall	0	-	1	0.000240
7zip	G_MEMMOVE	initial	first	p0,p0,i64	s8@8@not_atomic@not_atomic,s8@32@not_atomic@not_atomic	Libcall	0	-	1	0.000240
7zip	G_MEMMOVE	initial	first	p0,p0,i64	s8@32@not_atomic@not_atomic,s8@8@not_atomic@not_atomic	Libcall	0	-	1	0.000240
7zip	G_PTRTOINT	generated	first	i64,p0	-	Legal	0	-	1	0.000240
7zip	G_SELECT	initial	first	i16,i1	-	WidenScalar	0	i32	1	0.000240
7zip	G_SEXTLOAD	initial	first	i64,p0	i16@64@not_atomic@not_atomic	Legal	0	-	1	0.000240
7zip	G_SEXT_INREG	generated	first	i64	-	Legal	0	-	1	0.000240
7zip	G_STACKRESTORE	initial	first	p0	-	Lower	0	-	1	0.000240
7zip	G_STACKSAVE	initial	first	p0	-	Lower	0	-	1	0.000240
7zip	G_STORE	initial	first	f128,p0	s128@16@not_atomic@not_atomic	Legal	0	-	1	0.000240
7zip	G_STORE	initial	first	f128,p0	s128@128@not_atomic@not_atomic	Legal	0	-	1	0.000240
7zip	G_STORE	initial	first	i64,p0	s64@128@not_atomic@not_atomic	Legal	0	-	1	0.000240
7zip	G_STORE	initial	first	i8,p0	s8@64@not_atomic@not_atomic	Legal	0	-	1	0.000240
7zip	G_ZEXTLOAD	initial	first	i32,p0	s16@64@not_atomic@not_atomic	Legal	0	-	1	0.000240
7zip	G_ZEXTLOAD	initial	first	i32,p0	s8@16@not_atomic@not_atomic	Legal	0	-	1	0.000240
7zip	G_ZEXTLOAD	initial	first	i32,p0	s8@64@not_atomic@not_atomic	Legal	0	-	1	0.000240
7zip	G_ZEXTLOAD	initial	first	i64,p0	i16@32@not_atomic@not_atomic	Legal	0	-	1	0.000240
Bullet	G_FRAME_INDEX	initial	first	p0	-	Legal	0	-	56647	16.953581
Bullet	G_PTR_ADD	initial	first	p0,i64	-	Legal	0	-	37142	11.116033
Bullet	G_LOAD	initial	first	p0,p0	p0@64@not_atomic@not_atomic	Legal	0	-	33366	9.985934
Bullet	G_CONSTANT	initial	first	i64	-	Legal	0	-	26690	7.987909
Bullet	G_STORE	initial	first	f32,p0	f32@32@not_atomic@not_atomic	Legal	0	-	21123	6.321791
Bullet	G_BR	initial	first	-	-	Legal	0	-	20106	6.017418
Bullet	G_STORE	initial	first	p0,p0	p0@64@not_atomic@not_atomic	Legal	0	-	19693	5.893814
Bullet	G_LOAD	initial	first	f32,p0	f32@32@not_atomic@not_atomic	Legal	0	-	16368	4.898692
Bullet	G_BRCOND	initial	revisit	i32	-	Legal	0	-	11128	3.330440
Bullet	G_LOAD	initial	first	i32,p0	i32@32@not_atomic@not_atomic	Legal	0	-	9534	2.853380
Bullet	G_STORE	initial	first	i32,p0	i32@32@not_atomic@not_atomic	Legal	0	-	7778	2.327836
Bullet	G_CONSTANT	initial	first	i32	-	Legal	0	-	6568	1.965702
Bullet	G_BRCOND	initial	first	i1	-	WidenScalar	0	i32	5728	1.714303
Bullet	G_INVOKE_REGION_START	initial	first	-	-	Legal	0	-	4235	1.267471
Bullet	G_ICMP	initial	revisit	i32,i32	-	Legal	0	-	3600	1.077425
Bullet	G_FCONSTANT	initial	first	f32	-	Legal	0	-	3052	0.913417
Bullet	G_ICMP	initial	first	i1,i32	-	WidenScalar	0	i32	2795	0.836501
Bullet	G_SHL	initial	first	i64,i64	-	Legal	0	-	2413	0.722174
Bullet	G_FMUL	initial	first	f32	-	Legal	0	-	2287	0.684464
Bullet	G_SEXTLOAD	initial	first	i64,p0	i32@32@not_atomic@not_atomic	Legal	0	-	2245	0.671894
Bullet	G_ADD	initial	first	i32	-	Legal	0	-	2197	0.657529
Bullet	G_CONSTANT	generated	first	i32	-	Legal	0	-	1997	0.597672
Bullet	G_LOAD	initial	first	f128,p0	s128@32@not_atomic@not_atomic	Legal	0	-	1498	0.448328
Bullet	G_CONSTANT	initial	first	i8	-	Legal	0	-	1417	0.424086
Bullet	G_STORE	initial	first	f128,p0	s128@32@not_atomic@not_atomic	Legal	0	-	1365	0.408524
Bullet	G_CONSTANT	initial	first	p0	-	Legal	0	-	1345	0.402538
Bullet	G_FCMP	initial	first	i1,f32	-	WidenScalar	0	i32	1281	0.383384
Bullet	G_FCMP	initial	revisit	i32,f32	-	Legal	0	-	1281	0.383384
Bullet	G_FMA	initial	first	f32	-	Legal	0	-	1159	0.346871
Bullet	G_FADD	initial	first	f32	-	Legal	0	-	976	0.292102
Bullet	G_ICMP	initial	first	i1,p0	-	WidenScalar	0	i32	952	0.284919
Bullet	G_ICMP	initial	revisit	i32,p0	-	Legal	0	-	952	0.284919
Bullet	G_AND	generated	first	i32	-	Legal	0	-	929	0.278035
Bullet	G_PTRTOINT	initial	first	i32,p0	-	WidenScalar	0	i64	886	0.265166
Bullet	G_PTRTOINT	initial	revisit	i64,p0	-	Legal	0	-	886	0.265166
Bullet	G_TRUNC	generated	first	i32,i64	-	Legal	0	-	886	0.265166
Bullet	G_GLOBAL_VALUE	initial	first	p0	-	Custom	0	-	835	0.249903
Bullet	G_FSUB	initial	first	f32	-	Legal	0	-	817	0.244516
Bullet	G_FNEG	initial	first	f32	-	Legal	0	-	806	0.241223
Bullet	G_ICMP	initial	revisit	i1,i32	-	WidenScalar	0	i32	753	0.225361
Bullet	G_ICMP	initial	first	i1,i8	-	WidenScalar	1	i32	738	0.220872
Bullet	G_ZEXT	generated	first	i32,i8	-	Legal	0	-	723	0.216383
Bullet	G_STORE	initial	first	i32,p0	i32@64@not_atomic@not_atomic	Legal	0	-	604	0.180768
Bullet	G_LOAD	initial	first	i32,p0	i32@64@not_atomic@not_atomic	Legal	0	-	549	0.164307
Bullet	G_LOAD	initial	first	f32,p0	f32@64@not_atomic@not_atomic	Legal	0	-	524	0.156825
Bullet	G_TRUNC	generated	first	i8,i32	-	Legal	0	-	516	0.154431
Bullet	G_CONSTANT	initial	first	i1	-	WidenScalar	0	i8	507	0.151737
Bullet	G_CONSTANT	initial	revisit	i8	-	Legal	0	-	507	0.151737
Bullet	G_FDIV	initial	first	f32	-	Legal	0	-	505	0.151139
Bullet	G_STORE	initial	first	i8,p0	i8@8@not_atomic@not_atomic	Legal	0	-	423	0.126597
Bullet	G_STORE	initial	first	p0,p0	p0@8@not_atomic@not_atomic	Legal	0	-	401	0.120013
Bullet	G_LOAD	initial	first	i8,p0	i8@8@not_atomic@not_atomic	Legal	0	-	397	0.118816
Bullet	G_STORE	initial	first	f32,p0	f32@64@not_atomic@not_atomic	Legal	0	-	397	0.118816
Bullet	G_MUL	initial	first	i64	-	Legal	0	-	392	0.117320
Bullet	G_PHI	initial	first	p0	-	Legal	0	-	373	0.111633
Bullet	G_AND	generated	revisit	i32	-	Legal	0	-	355	0.106246
Bullet	G_SEXT	initial	first	i64,i32	-	Legal	0	-	344	0.102954
Bullet	G_STORE	initial	first	f128,p0	s128@64@not_atomic@not_atomic	Legal	0	-	341	0.102056
Bullet	G_STORE	initial	first	i8,p0	i8@64@not_atomic@not_atomic	Legal	0	-	341	0.102056
Bullet	G_AND	generated	first	i8	-	WidenScalar	0	i32	314	0.093975
Bullet	G_CONSTANT	generated	first	i8	-	Legal	0	-	304	0.090983
Bullet	G_LOAD	initial	first	i8,p0	i8@64@not_atomic@not_atomic	Legal	0	-	266	0.079610
Bullet	G_STORE	generated	first	i8,p0	i8@8@not_atomic@not_atomic	Legal	0	-	243	0.072726
Bullet	G_STORE	initial	first	i1,p0	i1@8@not_atomic@not_atomic	WidenScalar	0	i8	243	0.072726
Bullet	G_STORE	initial	revisit	i8,p0	i1@8@not_atomic@not_atomic	Lower	0	-	243	0.072726
Bullet	G_LOAD	initial	first	f128,p0	s128@64@not_atomic@not_atomic	Legal	0	-	208	0.062251
Bullet	G_AND	initial	first	i32	-	Legal	0	-	203	0.060755
Bullet	G_ANYEXT	generated	first	i32,i8	-	Legal	0	-	196	0.058660
Bullet	G_CONSTANT	generated	first	i64	-	Legal	0	-	193	0.057762
Bullet	G_LOAD	initial	first	i64,p0	i64@64@not_atomic@not_atomic	Legal	0	-	191	0.057163
Bullet	G_ZEXTLOAD	initial	first	i64,p0	i32@32@not_atomic@not_atomic	Legal	0	-	183	0.054769
Bullet	G_SHL	initial	revisit	i32,i64	-	Legal	0	-	182	0.054470
Bullet	G_STORE	initial	first	i16,p0	i16@16@not_atomic@not_atomic	Legal	0	-	182	0.054470
Bullet	G_SHL	initial	first	i32,i32	-	Custom	0	-	175	0.052375
Bullet	G_MUL	initial	first	i32	-	Legal	0	-	173	0.051776
Bullet	G_AND	initial	revisit	i32	-	Legal	0	-	169	0.050579
Bullet	G_CONSTANT	generated	first	i16	-	Legal	0	-	168	0.050280
Bullet	G_STORE	initial	revisit	i8,p0	i8@8@not_atomic@not_atomic	Legal	0	-	166	0.049681
Bullet	G_PHI	initial	first	f32	-	Legal	0	-	154	0.046090
Bullet	G_PHI	initial	first	i32	-	Legal	0	-	148	0.044294
Bullet	G_SELECT	initial	revisit	i32,i32	-	Legal	0	-	147	0.043995
Bullet	G_STORE	initial	first	i64,p0	i64@64@not_atomic@not_atomic	Legal	0	-	147	0.043995
Bullet	G_SITOFP	initial	first	f32,i32	-	Legal	0	-	144	0.043097
Bullet	G_OR	initial	revisit	i32	-	Legal	0	-	143	0.042798
Bullet	G_LOAD	initial	first	p0,p0	p0@128@not_atomic@not_atomic	Legal	0	-	133	0.039805
Bullet	G_AND	initial	first	i8	-	WidenScalar	0	i32	132	0.039506
Bullet	G_TRUNC	generated	first	i16,i32	-	Legal	0	-	126	0.037710
Bullet	G_ANYEXT	generated	first	i32,i16	-	Legal	0	-	121	0.036213
Bullet	G_PHI	initial	revisit	i16	-	Legal	0	-	115	0.034418
Bullet	G_STORE	initial	first	i8,p0	i8@32@not_atomic@not_atomic	Legal	0	-	113	0.033819
Bullet	G_ZEXTLOAD	initial	first	i32,p0	i16@16@not_atomic@not_atomic	Legal	0	-	110	0.032921
Bullet	G_PHI	initial	first	i1	-	WidenScalar	0	i16	109	0.032622
Bullet	G_TRUNC	initial	first	i8,i32	-	Legal	0	-	109	0.032622
Bullet	G_LOAD	initial	first	i8,p0	i8@32@not_atomic@not_atomic	Legal	0	-	108	0.032323
Bullet	G_PTRTOINT	initial	first	i64,p0	-	Legal	0	-	108	0.032323
Bullet	G_TRUNC	initial	first	i16,i32	-	Legal	0	-	108	0.032323
Bullet	G_LOAD	initial	first	i16,p0	i16@16@not_atomic@not_atomic	Legal	0	-	90	0.026936
Bullet	G_SUB	initial	first	i32	-	Legal	0	-	90	0.026936
Bullet	G_LOAD	initial	first	i32,p0	i16@16@not_atomic@not_atomic	Legal	0	-	82	0.024541
Bullet	G_LOAD	generated	first	i8,p0	i8@8@not_atomic@not_atomic	Legal	0	-	79	0.023643
Bullet	G_LOAD	initial	first	i1,p0	i1@8@not_atomic@not_atomic	Lower	0	-	79	0.023643
Bullet	G_OR	initial	first	i8	-	WidenScalar	0	i32	71	0.021249
Bullet	G_SELECT	initial	first	i32,i1	-	WidenScalar	1	i32	71	0.021249
Bullet	G_FPEXT	initial	first	f64,f32	-	Legal	0	-	70	0.020950
Bullet	G_MUL	generated	first	i32	-	Legal	0	-	70	0.020950
Bullet	G_SUB	generated	first	i32	-	Legal	0	-	70	0.020950
Bullet	G_SDIV	generated	first	i32	-	Legal	0	-	69	0.020651
Bullet	G_SREM	initial	first	i32	-	Lower	0	-	69	0.020651
Bullet	G_CONSTANT	initial	first	i16	-	Legal	0	-	61	0.018256
Bullet	G_TRAP	initial	first	-	-	Legal	0	-	59	0.017658
Bullet	G_STORE	initial	first	i8,p0	i8@16@not_atomic@not_atomic	Legal	0	-	57	0.017059
Bullet	G_MEMCPY	initial	first	p0,p0,i64	s8@64@not_atomic@not_atomic,s8@64@not_atomic@not_atomic	Libcall	0	-	56	0.016760
Bullet	G_SUB	initial	first	i64	-	Legal	0	-	54	0.016161
Bullet	G_TRUNC	initial	first	i32,i64	-	Legal	0	-	54	0.016161
Bullet	G_STORE	initial	first	i64,p0	s64@32@not_atomic@not_atomic	Legal	0	-	48	0.014366
Bullet	G_ZEXTLOAD	initial	first	i64,p0	i8@8@not_atomic@not_atomic	Legal	0	-	48	0.014366
Bullet	G_LOAD	initial	first	i64,p0	s64@32@not_atomic@not_atomic	Legal	0	-	46	0.013767
Bullet	G_FCMP	initial	first	i1,f64	-	WidenScalar	0	i32	45	0.013468
Bullet	G_FCMP	initial	revisit	i32,f64	-	Legal	0	-	45	0.013468
Bullet	G_FCONSTANT	initial	first	f64	-	Legal	0	-	45	0.013468
Bullet	G_LOAD	initial	first	i8,p0	i8@16@not_atomic@not_atomic	Legal	0	-	45	0.013468
Bullet	G_SDIV	initial	first	i64	-	Legal	0	-	45	0.013468
Bullet	G_FABS	initial	first	f32	-	Legal	0	-	42	0.012570
Bullet	G_FPTRUNC	initial	first	f32,f64	-	Legal	0	-	42	0.012570
Bullet	G_OR	initial	first	i32	-	Legal	0	-	42	0.012570
Bullet	G_ZEXT	initial	first	i64,i32	-	Legal	0	-	41	0.012271
Bullet	G_SDIV	initial	first	i32	-	Legal	0	-	38	0.011373
Bullet	G_LOAD	initial	first	f64,p0	f64@64@not_atomic@not_atomic	Legal	0	-	36	0.010774
Bullet	G_ICMP	initial	first	i1,i64	-	WidenScalar	0	i32	34	0.010176
Bullet	G_ICMP	initial	revisit	i32,i64	-	Legal	0	-	34	0.010176
Bullet	G_TRUNC	generated	first	i8,i16	-	Legal	0	-	34	0.010176
Bullet	G_LSHR	initial	revisit	i32,i64	-	Legal	0	-	33	0.009876
Bullet	G_STORE	initial	revisit	i32,p0	i32@32@not_atomic@not_atomic	Legal	0	-	30	0.008979
Bullet	G_LOAD	initial	first	i8,p0	i8@64@acquire@not_atomic	Legal	0	-	29	0.008679
Bullet	G_ADD	initial	first	i64	-	Legal	0	-	28	0.008380
Bullet	G_ASHR	initial	revisit	i32,i64	-	Legal	0	-	28	0.008380
Bullet	G_SEXTLOAD	initial	first	i64,p0	i32@64@not_atomic@not_atomic	Legal	0	-	28	0.008380
Bullet	G_ZEXTLOAD	initial	first	i64,p0	i16@16@not_atomic@not_atomic	Legal	0	-	27	0.008081
Bullet	G_MEMCPY	initial	first	p0,p0,i64	s8@32@not_atomic@not_atomic,s8@32@not_atomic@not_atomic	Libcall	0	-	26	0.007781
Bullet	G_STORE	initial	first	i16,p0	i16@32@not_atomic@not_atomic	Legal	0	-	26	0.007781
Bullet	G_FPTOUI	initial	first	i16,f32	-	WidenScalar	0	i32	24	0.007183
Bullet	G_FPTOUI	initial	revisit	i32,f32	-	Legal	0	-	24	0.007183
Bullet	G_STORE	initial	first	i32,p0	s32@32@not_atomic@not_atomic	Legal	0	-	24	0.007183
Bullet	G_XOR	initial	revisit	i32	-	Legal	0	-	24	0.007183
Bullet	G_STORE	initial	revisit	i8,p0	i8@64@not_atomic@not_atomic	Legal	0	-	23	0.006884
Bullet	G_TRUNC	initial	first	i8,i64	-	Legal	0	-	23	0.006884
Bullet	G_LOAD	initial	first	i32,p0	s32@32@not_atomic@not_atomic	Legal	0	-	22	0.006584
Bullet	G_SELECT	initial	revisit	f32,i32	-	Legal	0	-	22	0.006584
Bullet	G_LSHR	initial	first	i32,i32	-	Custom	0	-	20	0.005986
Bullet	G_MEMSET	initial	first	p0,i8,i64	s8@64@not_atomic@not_atomic	Libcall	0	-	20	0.005986
Bullet	G_SELECT	initial	revisit	i64,i32	-	Legal	0	-	20	0.005986
Bullet	G_SHL	initial	first	i8,i8	-	WidenScalar	1	i32	20	0.005986
Bullet	G_SHL	initial	revisit	i32,i32	-	Custom	0	-	20	0.005986
Bullet	G_SHL	initial	revisit	i8,i32	-	WidenScalar	0	i32	20	0.005986
Bullet	G_ADD	initial	first	i16	-	WidenScalar	0	i32	18	0.005387
Bullet	G_ADD	initial	revisit	i32	-	Legal	0	-	18	0.005387
Bullet	G_SEXTLOAD	initial	first	i32,p0	i16@16@not_atomic@not_atomic	Legal	0	-	18	0.005387
Bullet	G_XOR	initial	first	i32	-	Legal	0	-	18	0.005387
Bullet	G_ASHR	initial	first	i32,i32	-	Custom	0	-	17	0.005088
Bullet	G_STORE	initial	first	i64,p0	i64@32@not_atomic@not_atomic	Legal	0	-	17	0.005088
Bullet	G_ICMP	initial	first	i1,i16	-	WidenScalar	1	i32	15	0.004489
Bullet	G_LOAD	initial	first	i32,p0	s32@16@not_atomic@not_atomic	Legal	0	-	15	0.004489
Bullet	G_LOAD	initial	first	i64,p0	s64@64@not_atomic@not_atomic	Legal	0	-	15	0.004489
Bullet	G_STORE	initial	first	i32,p0	i32@8@not_atomic@not_atomic	Legal	0	-	15	0.004489
Bullet	G_STORE	initial	first	i32,p0	s32@16@not_atomic@not_atomic	Legal	0	-	15	0.004489
Bullet	G_FPTOSI	initial	first	i32,f32	-	Legal	0	-	14	0.004190
Bullet	G_LSHR	initial	first	i8,i8	-	WidenScalar	1	i32	14	0.004190
Bullet	G_LSHR	initial	revisit	i32,i32	-	Custom	0	-	14	0.004190
Bullet	G_LSHR	initial	revisit	i8,i32	-	WidenScalar	0	i32	14	0.004190
Bullet	G_ZEXT	generated	first	i32,i16	-	Legal	0	-	14	0.004190
Bullet	G_ZEXTLOAD	initial	first	i64,p0	i32@64@not_atomic@not_atomic	Legal	0	-	14	0.004190
Bullet	G_STORE	initial	first	i64,p0	s64@64@not_atomic@not_atomic	Legal	0	-	13	0.003891
Bullet	G_SEXTLOAD	initial	first	i32,p0	i16@64@not_atomic@not_atomic	Legal	0	-	12	0.003591
Bullet	G_STORE	initial	first	i16,p0	i16@64@not_atomic@not_atomic	Legal	0	-	12	0.003591
Bullet	G_UITOFP	initial	first	f32,i16	-	WidenScalar	1	i32	12	0.003591
Bullet	G_UITOFP	initial	first	f32,i32	-	Legal	0	-	12	0.003591
Bullet	G_UITOFP	initial	revisit	f32,i32	-	Legal	0	-	12	0.003591
Bullet	G_XOR	initial	first	i1	-	WidenScalar	0	i32	12	0.003591
Bullet	G_ASHR	initial	first	i8,i8	-	WidenScalar	1	i32	11	0.003292
Bullet	G_ASHR	initial	revisit	i32,i32	-	Custom	0	-	11	0.003292
Bullet	G_ASHR	initial	revisit	i8,i32	-	WidenScalar	0	i32	11	0.003292
Bullet	G_FMUL	initial	first	f64	-	Legal	0	-	11	0.003292
Bullet	G_LOAD	initial	first	i32,p0	i16@32@not_atomic@not_atomic	Legal	0	-	11	0.003292
Bullet	G_SELECT	initial	first	f32,i1	-	WidenScalar	1	i32	11	0.003292
Bullet	G_SEXT_INREG	generated	first	i32	-	Legal	0	-	11	0.003292
Bullet	G_CONSTANT	initial	first	s64	-	Legal	0	-	10	0.002993
Bullet	G_ICMP	generated	first	i1,i64	-	WidenScalar	0	i32	10	0.002993
Bullet	G_ICMP	generated	revisit	i32,i64	-	Legal	0	-	10	0.002993
Bullet	G_INTTOPTR	initial	first	p0,i64	-	Legal	0	-	10	0.002993
Bullet	G_LOAD	initial	first	i16,p0	i16@32@not_atomic@not_atomic	Legal	0	-	10	0.002993
Bullet	G_MUL	initial	revisit	i64	-	Legal	0	-	10	0.002993
Bullet	G_PTR_ADD	initial	first	p0,s64	-	Legal	0	-	10	0.002993
Bullet	G_SELECT	initial	first	i64,i1	-	WidenScalar	1	i32	10	0.002993
Bullet	G_STORE	initial	revisit	i8,p0	i8@32@not_atomic@not_atomic	Legal	0	-	10	0.002993
Bullet	G_UMULH	generated	first	i64	-	Legal	0	-	10	0.002993
Bullet	G_UMULO	initial	first	i64,i1	-	Lower	0	-	10	0.002993
Bullet	G_AND	initial	first	i64	-	Legal	0	-	8	0.002394
Bullet	G_LOAD	initial	first	i16,p0	i16@64@not_atomic@not_atomic	Legal	0	-	7	0.002095
Bullet	G_ZEXTLOAD	initial	first	i32,p0	i8@8@not_atomic@not_atomic	Legal	0	-	7	0.002095
Bullet	G_PHI	initial	first	i16	-	Legal	0	-	6	0.001796
Bullet	G_UDIV	initial	first	i32	-	Legal	0	-	6	0.001796
Bullet	G_ZEXTLOAD	initial	first	i32,p0	i16@32@not_atomic@not_atomic	Legal	0	-	6	0.001796
Bullet	G_ZEXTLOAD	initial	first	i32,p0	i16@64@not_atomic@not_atomic	Legal	0	-	6	0.001796
Bullet	G_FDIV	initial	first	f64	-	Legal	0	-	5	0.001496
Bullet	G_LSHR	initial	first	i64,i64	-	Legal	0	-	5	0.001496
Bullet	G_MEMSET	initial	first	p0,i8,i64	s8@32@not_atomic@not_atomic	Libcall	0	-	5	0.001496
Bullet	G_XOR	initial	first	i64	-	Legal	0	-	5	0.001496
Bullet	G_LOAD	initial	first	i32,p0	s32@64@not_atomic@not_atomic	Legal	0	-	4	0.001197
Bullet	G_MUL	generated	first	i64	-	Legal	0	-	4	0.001197
Bullet	G_STORE	initial	revisit	i32,p0	i32@64@not_atomic@not_atomic	Legal	0	-	4	0.001197
Bullet	G_SUB	generated	first	i64	-	Legal	0	-	4	0.001197
Bullet	G_UDIV	generated	first	i64	-	Legal	0	-	4	0.001197
Bullet	G_UREM	initial	first	i64	-	Lower	0	-	4	0.001197
Bullet	G_FPTOUI	initial	first	i32,f32	-	Legal	0	-	3	0.000898
Bullet	G_SELECT	initial	revisit	i32,i1	-	WidenScalar	1	i32	3	0.000898
Bullet	G_ASHR	initial	first	i64,i64	-	Legal	0	-	2	0.000599
Bullet	G_BRJT	initial	first	p0,i64	-	Legal	0	-	2	0.000599
Bullet	G_FPTOSI	initial	first	i32,f64	-	Legal	0	-	2	0.000599
Bullet	G_JUMP_TABLE	initial	first	p0	-	Legal	0	-	2	0.000599
Bullet	G_LOAD	initial	first	i32,p0	i16@64@not_atomic@not_atomic	Legal	0	-	2	0.000599
Bullet	G_LOAD	initial	first	i32,p0	i32@128@not_atomic@not_atomic	Legal	0	-	2	0.000599
Bullet	G_LOAD	initial	first	i32,p0	i8@128@not_atomic@not_atomic	Legal	0	-	2	0.000599
Bullet	G_LOAD	initial	first	i64,p0	i64@32@not_atomic@not_atomic	Legal	0	-	2	0.000599
Bullet	G_LOAD	initial	first	p0,p0	p0@32@not_atomic@not_atomic	Legal	0	-	2	0.000599
Bullet	G_MEMCPY	initial	first	p0,p0,i64	s8@8@not_atomic@not_atomic,s8@8@not_atomic@not_atomic	Libcall	0	-	2	0.000599
Bullet	G_PHI	initial	first	i64	-	Legal	0	-	2	0.000599
Bullet	G_SELECT	initial	first	i16,i1	-	WidenScalar	0	i32	2	0.000599
Bullet	G_SEXTLOAD	initial	first	i32,p0	i16@32@not_atomic@not_atomic	Legal	0	-	2	0.000599
Bullet	G_STORE	initial	first	<2 x i64>,p0	<2 x i64>@64@not_atomic@not_atomic	Legal	0	-	2	0.000599
Bullet	G_STORE	initial	first	i32,p0	s32@64@not_atomic@not_atomic	Legal	0	-	2	0.000599
Bullet	G_UDIV	initial	first	i64	-	Legal	0	-	2	0.000599
Bullet	G_UITOFP	initial	first	f32,i64	-	Legal	0	-	2	0.000599
Bullet	G_BUILD_VECTOR	initial	first	<2 x i64>,i64	-	Legal	0	-	1	0.000299
Bullet	G_FADD	initial	first	f64	-	Legal	0	-	1	0.000299
Bullet	G_FSUB	initial	first	f64	-	Legal	0	-	1	0.000299
Bullet	G_MEMSET	initial	first	p0,i8,i64	s8@8@not_atomic@not_atomic	Libcall	0	-	1	0.000299
Bullet	G_MEMSET	initial	first	p0,i8,i64	s8@128@not_atomic@not_atomic	Libcall	0	-	1	0.000299
Bullet	G_SELECT	initial	first	i1,i1	-	WidenScalar	0	i32	1	0.000299
Bullet	G_SITOFP	initial	first	f64,i32	-	Legal	0	-	1	0.000299
Bullet	G_UDIV	generated	first	i32	-	Legal	0	-	1	0.000299
Bullet	G_UREM	initial	first	i32	-	Lower	0	-	1	0.000299
Bullet	G_ZEXTLOAD	initial	first	i32,p0	s8@16@not_atomic@not_atomic	Legal	0	-	1	0.000299
Bullet	G_ZEXTLOAD	initial	first	i32,p0	s8@32@not_atomic@not_atomic	Legal	0	-	1	0.000299
ClamAV	G_FRAME_INDEX	initial	first	p0	-	Legal	0	-	42639	14.982712
ClamAV	G_LOAD	initial	first	p0,p0	p0@64@not_atomic@not_atomic	Legal	0	-	28815	10.125163
ClamAV	G_BR	initial	first	-	-	Legal	0	-	25264	8.877395
ClamAV	G_BRCOND	initial	revisit	i32	-	Legal	0	-	22829	8.021772
ClamAV	G_PTR_ADD	initial	first	p0,i64	-	Legal	0	-	18298	6.429646
ClamAV	G_CONSTANT	initial	first	i64	-	Legal	0	-	16837	5.916272
ClamAV	G_CONSTANT	initial	first	i32	-	Legal	0	-	15192	5.338243
ClamAV	G_LOAD	initial	first	i32,p0	i32@32@not_atomic@not_atomic	Legal	0	-	13500	4.743700
ClamAV	G_BRCOND	initial	first	i1	-	WidenScalar	0	i32	11504	4.042335
ClamAV	G_STORE	initial	first	i32,p0	i32@32@not_atomic@not_atomic	Legal	0	-	9474	3.329023
ClamAV	G_ICMP	initial	revisit	i32,i32	-	Legal	0	-	7881	2.769266
ClamAV	G_ICMP	initial	first	i1,i32	-	WidenScalar	0	i32	7502	2.636091
ClamAV	G_STORE	initial	first	p0,p0	p0@64@not_atomic@not_atomic	Legal	0	-	6198	2.177885
ClamAV	G_GLOBAL_VALUE	initial	first	p0	-	Custom	0	-	3832	1.346508
ClamAV	G_LOAD	initial	first	i64,p0	i64@64@not_atomic@not_atomic	Legal	0	-	3579	1.257607
ClamAV	G_ADD	initial	first	i32	-	Legal	0	-	3533	1.241444
ClamAV	G_ICMP	initial	first	i1,p0	-	WidenScalar	0	i32	2745	0.964552
ClamAV	G_ICMP	initial	revisit	i32,p0	-	Legal	0	-	2745	0.964552
ClamAV	G_CONSTANT	initial	first	p0	-	Legal	0	-	2713	0.953308
ClamAV	G_ZEXTLOAD	initial	first	i32,p0	i8@8@not_atomic@not_atomic	Legal	0	-	1847	0.649008
ClamAV	G_LOAD	initial	first	i32,p0	i32@64@not_atomic@not_atomic	Legal	0	-	1810	0.636007
ClamAV	G_STORE	initial	first	i64,p0	i64@64@not_atomic@not_atomic	Legal	0	-	1726	0.606491
ClamAV	G_ZEXTLOAD	initial	first	i64,p0	i32@32@not_atomic@not_atomic	Legal	0	-	1567	0.550621
ClamAV	G_SHL	initial	first	i64,i64	-	Legal	0	-	1473	0.517590
ClamAV	G_STORE	initial	first	i8,p0	i8@8@not_atomic@not_atomic	Legal	0	-	1254	0.440637
ClamAV	G_AND	initial	first	i32	-	Legal	0	-	1223	0.429744
ClamAV	G_SHL	initial	first	i32,i32	-	Custom	0	-	1110	0.390038
ClamAV	G_CONSTANT	generated	first	i64	-	Legal	0	-	1079	0.379145
ClamAV	G_STORE	initial	first	i32,p0	i32@64@not_atomic@not_atomic	Legal	0	-	1068	0.375279
ClamAV	G_ICMP	initial	first	i1,i64	-	WidenScalar	0	i32	1052	0.369657
ClamAV	G_ICMP	initial	revisit	i32,i64	-	Legal	0	-	1052	0.369657
ClamAV	G_SEXTLOAD	initial	first	i64,p0	i32@32@not_atomic@not_atomic	Legal	0	-	1044	0.366846
ClamAV	G_ZEXTLOAD	initial	first	i32,p0	i16@16@not_atomic@not_atomic	Legal	0	-	1030	0.361927
ClamAV	G_ADD	initial	first	i64	-	Legal	0	-	971	0.341195
ClamAV	G_CONSTANT	initial	first	i8	-	Legal	0	-	968	0.340141
ClamAV	G_CONSTANT	generated	first	i32	-	Legal	0	-	947	0.332762
ClamAV	G_SHL	initial	revisit	i32,i64	-	Legal	0	-	854	0.300083
ClamAV	G_OR	initial	first	i32	-	Legal	0	-	814	0.286028
ClamAV	G_MUL	initial	first	i64	-	Legal	0	-	662	0.232617
ClamAV	G_SUB	initial	first	i32	-	Legal	0	-	653	0.229455
ClamAV	G_LSHR	initial	first	i32,i32	-	Custom	0	-	631	0.221724
ClamAV	G_STORE	initial	first	i16,p0	i16@16@not_atomic@not_atomic	Legal	0	-	607	0.213291
ClamAV	G_LSHR	initial	revisit	i32,i64	-	Legal	0	-	563	0.197830
ClamAV	G_XOR	initial	first	i32	-	Legal	0	-	563	0.197830
ClamAV	G_SEXT	initial	first	i64,i32	-	Legal	0	-	558	0.196073
ClamAV	G_SUB	initial	first	i64	-	Legal	0	-	551	0.193613
ClamAV	G_LOAD	initial	first	i8,p0	i8@8@not_atomic@not_atomic	Legal	0	-	528	0.185531
ClamAV	G_TRUNC	initial	first	i32,i64	-	Legal	0	-	519	0.182369
ClamAV	G_ZEXT	initial	first	i64,i32	-	Legal	0	-	519	0.182369
ClamAV	G_TRUNC	initial	first	i8,i32	-	Legal	0	-	491	0.172530
ClamAV	G_TRUNC	initial	first	i16,i32	-	Legal	0	-	388	0.136337
ClamAV	G_ICMP	initial	revisit	i1,i32	-	WidenScalar	0	i32	360	0.126499
ClamAV	G_AND	generated	first	i32	-	Legal	0	-	337	0.118417
ClamAV	G_CONSTANT	initial	first	i16	-	Legal	0	-	327	0.114903
ClamAV	G_PTRTOINT	initial	first	i64,p0	-	Legal	0	-	299	0.105064
ClamAV	G_ICMP	initial	first	i1,i8	-	WidenScalar	1	i32	293	0.102956
ClamAV	G_ZEXT	generated	first	i32,i8	-	Legal	0	-	291	0.102253
ClamAV	G_CONSTANT	generated	first	i16	-	Legal	0	-	274	0.096280
ClamAV	G_TRUNC	generated	first	i16,i32	-	Legal	0	-	265	0.093117
ClamAV	G_ZEXTLOAD	initial	first	i64,p0	i8@8@not_atomic@not_atomic	Legal	0	-	263	0.092414
ClamAV	G_ANYEXT	generated	first	i32,i16	-	Legal	0	-	254	0.089252
ClamAV	G_CONSTANT	initial	first	i1	-	WidenScalar	0	i8	240	0.084332
ClamAV	G_CONSTANT	initial	revisit	i8	-	Legal	0	-	240	0.084332
ClamAV	G_LOAD	initial	first	i16,p0	i16@16@not_atomic@not_atomic	Legal	0	-	224	0.078710
ClamAV	G_PHI	initial	first	i32	-	Legal	0	-	191	0.067115
ClamAV	G_ZEXTLOAD	initial	first	i32,p0	i16@64@not_atomic@not_atomic	Legal	0	-	186	0.065358
ClamAV	G_ASHR	initial	first	i32,i32	-	Custom	0	-	185	0.065006
ClamAV	G_PHI	initial	revisit	i16	-	Legal	0	-	178	0.062547
ClamAV	G_ZEXTLOAD	initial	first	i64,p0	i16@16@not_atomic@not_atomic	Legal	0	-	173	0.060790
ClamAV	G_PHI	initial	first	i1	-	WidenScalar	0	i16	168	0.059033
ClamAV	G_ADD	initial	revisit	i32	-	Legal	0	-	166	0.058330
ClamAV	G_SELECT	initial	revisit	i32,i32	-	Legal	0	-	165	0.057979
ClamAV	G_AND	initial	first	i64	-	Legal	0	-	164	0.057627
ClamAV	G_ASHR	initial	revisit	i32,i64	-	Legal	0	-	140	0.049194
ClamAV	G_MUL	initial	first	i32	-	Legal	0	-	134	0.047086
ClamAV	G_ZEXTLOAD	initial	first	i64,p0	i32@64@not_atomic@not_atomic	Legal	0	-	133	0.046734
ClamAV	G_STORE	initial	first	i16,p0	i16@64@not_atomic@not_atomic	Legal	0	-	121	0.042518
ClamAV	G_LSHR	initial	first	i64,i64	-	Legal	0	-	108	0.037950
ClamAV	G_LOAD	initial	first	i32,p0	i32@8@not_atomic@not_atomic	Legal	0	-	105	0.036895
ClamAV	G_ADD	initial	first	i16	-	WidenScalar	0	i32	102	0.035841
ClamAV	G_LOAD	initial	first	i32,p0	i8@8@not_atomic@not_atomic	Legal	0	-	90	0.031625
ClamAV	G_SELECT	initial	first	i32,i1	-	WidenScalar	1	i32	86	0.030219
ClamAV	G_MEMCPY	initial	first	p0,p0,i64	s8@8@not_atomic@not_atomic,s8@8@not_atomic@not_atomic	Libcall	0	-	80	0.028111
ClamAV	G_ZEXTLOAD	initial	first	i32,p0	i16@32@not_atomic@not_atomic	Legal	0	-	74	0.026003
ClamAV	G_ZEXTLOAD	initial	first	i32,p0	s8@32@not_atomic@not_atomic	Legal	0	-	74	0.026003
ClamAV	G_MUL	generated	first	i32	-	Legal	0	-	71	0.024948
ClamAV	G_SUB	generated	first	i32	-	Legal	0	-	71	0.024948
ClamAV	G_STORE	initial	first	i32,p0	i32@8@not_atomic@not_atomic	Legal	0	-	68	0.023894
ClamAV	G_STORE	initial	first	i8,p0	i8@64@not_atomic@not_atomic	Legal	0	-	68	0.023894
ClamAV	G_ICMP	initial	first	i1,i16	-	WidenScalar	1	i32	67	0.023543
ClamAV	G_TRUNC	generated	first	i8,i32	-	Legal	0	-	67	0.023543
ClamAV	G_ZEXT	generated	first	i32,i16	-	Legal	0	-	67	0.023543
ClamAV	G_STORE	initial	first	i64,p0	i64@8@not_atomic@not_atomic	Legal	0	-	65	0.022840
ClamAV	G_ZEXTLOAD	initial	first	i32,p0	i8@64@not_atomic@not_atomic	Legal	0	-	65	0.022840
ClamAV	G_STORE	initial	first	s128,p0	s128@8@not_atomic@not_atomic	Legal	0	-	64	0.022489
ClamAV	G_PHI	initial	first	p0	-	Legal	0	-	62	0.021786
ClamAV	G_SEXTLOAD	initial	first	i32,p0	i16@16@not_atomic@not_atomic	Legal	0	-	61	0.021434
ClamAV	G_UDIV	initial	first	i32	-	Legal	0	-	56	0.019678
ClamAV	G_SELECT	initial	revisit	p0,i32	-	Legal	0	-	50	0.017569
ClamAV	G_STORE	initial	first	i16,p0	i16@32@not_atomic@not_atomic	Legal	0	-	49	0.017218
ClamAV	G_LOAD	initial	first	i32,p0	i16@16@not_atomic@not_atomic	Legal	0	-	48	0.016866
ClamAV	G_OR	initial	first	i64	-	Legal	0	-	47	0.016515
ClamAV	G_UDIV	generated	first	i32	-	Legal	0	-	47	0.016515
ClamAV	G_UREM	initial	first	i32	-	Lower	0	-	47	0.016515
ClamAV	G_PHI	initial	first	i64	-	Legal	0	-	45	0.015812
ClamAV	G_ANYEXT	generated	first	i32,i8	-	Legal	0	-	43	0.015110
ClamAV	G_UDIV	initial	first	i64	-	Legal	0	-	40	0.014055
ClamAV	G_LOAD	initial	first	f128,p0	s128@64@not_atomic@not_atomic	Legal	0	-	39	0.013704
ClamAV	G_LOAD	initial	first	i16,p0	i16@32@not_atomic@not_atomic	Legal	0	-	39	0.013704
ClamAV	G_STORE	initial	first	f128,p0	s128@64@not_atomic@not_atomic	Legal	0	-	39	0.013704
ClamAV	G_ZEXTLOAD	initial	first	i32,p0	i8@16@not_atomic@not_atomic	Legal	0	-	39	0.013704
ClamAV	G_AND	generated	first	i64	-	Legal	0	-	38	0.013353
ClamAV	G_TRUNC	initial	first	i8,i64	-	Legal	0	-	36	0.012650
ClamAV	G_ADD	initial	first	i8	-	WidenScalar	0	i32	34	0.011947
ClamAV	G_LOAD	initial	first	i8,p0	i8@64@not_atomic@not_atomic	Legal	0	-	34	0.011947
ClamAV	G_SEXTLOAD	initial	first	i64,p0	i32@64@not_atomic@not_atomic	Legal	0	-	32	0.011244
ClamAV	G_MUL	generated	first	i64	-	Legal	0	-	28	0.009839
ClamAV	G_SDIV	initial	first	i32	-	Legal	0	-	28	0.009839
ClamAV	G_SUB	generated	first	i64	-	Legal	0	-	28	0.009839
ClamAV	G_AND	generated	revisit	i32	-	Legal	0	-	27	0.009487
ClamAV	G_LOAD	initial	first	i32,p0	s32@16@not_atomic@not_atomic	Legal	0	-	27	0.009487
ClamAV	G_STORE	initial	first	i32,p0	s32@16@not_atomic@not_atomic	Legal	0	-	27	0.009487
ClamAV	G_ZEXTLOAD	initial	first	i32,p0	s8@64@not_atomic@not_atomic	Legal	0	-	27	0.009487
ClamAV	G_LOAD	initial	first	i16,p0	i16@64@not_atomic@not_atomic	Legal	0	-	26	0.009136
ClamAV	G_STORE	initial	first	i8,p0	i8@16@not_atomic@not_atomic	Legal	0	-	26	0.009136
ClamAV	G_STORE	initial	revisit	i32,p0	i32@32@not_atomic@not_atomic	Legal	0	-	26	0.009136
ClamAV	G_UDIV	generated	first	i64	-	Legal	0	-	26	0.009136
ClamAV	G_UREM	initial	first	i64	-	Lower	0	-	26	0.009136
ClamAV	G_LOAD	initial	first	i64,p0	i64@8@not_atomic@not_atomic	Legal	0	-	25	0.008785
ClamAV	G_MEMSET	initial	first	p0,i8,i64	s8@8@not_atomic@not_atomic	Libcall	0	-	25	0.008785
ClamAV	G_SELECT	initial	first	p0,i1	-	WidenScalar	1	i32	25	0.008785
ClamAV	G_AND	generated	first	i8	-	WidenScalar	0	i32	24	0.008433
ClamAV	G_CONSTANT	generated	first	i8	-	Legal	0	-	24	0.008433
ClamAV	G_SDIV	generated	first	i32	-	Legal	0	-	24	0.008433
ClamAV	G_SREM	initial	first	i32	-	Lower	0	-	24	0.008433
ClamAV	G_STORE	initial	first	p0,p0	p0@8@not_atomic@not_atomic	Legal	0	-	24	0.008433
ClamAV	G_STORE	generated	first	i8,p0	i8@8@not_atomic@not_atomic	Legal	0	-	22	0.007730
ClamAV	G_STORE	initial	first	i1,p0	i1@8@not_atomic@not_atomic	WidenScalar	0	i8	22	0.007730
ClamAV	G_STORE	initial	revisit	i8,p0	i1@8@not_atomic@not_atomic	Lower	0	-	22	0.007730
ClamAV	G_ZEXTLOAD	initial	first	i32,p0	s8@8@not_atomic@not_atomic	Legal	0	-	20	0.007028
ClamAV	G_LOAD	initial	first	i32,p0	s32@8@not_atomic@not_atomic	Legal	0	-	19	0.006676
ClamAV	G_MEMCPY	initial	first	p0,p0,i64	s8@64@not_atomic@not_atomic,s8@64@not_atomic@not_atomic	Libcall	0	-	18	0.006325
ClamAV	G_SEXTLOAD	initial	first	i32,p0	i16@64@not_atomic@not_atomic	Legal	0	-	18	0.006325
ClamAV	G_STORE	initial	first	i32,p0	s32@32@not_atomic@not_atomic	Legal	0	-	18	0.006325
ClamAV	G_ZEXTLOAD	initial	first	i64,p0	s8@32@not_atomic@not_atomic	Legal	0	-	18	0.006325
ClamAV	G_TRUNC	generated	first	i32,i64	-	Legal	0	-	17	0.005974
ClamAV	G_ANYEXT	generated	first	i64,i32	-	Legal	0	-	16	0.005622
ClamAV	G_LOAD	initial	first	i8,p0	i8@32@not_atomic@not_atomic	Legal	0	-	16	0.005622
ClamAV	G_MEMMOVE	initial	first	p0,p0,i64	s8@8@not_atomic@not_atomic,s8@8@not_atomic@not_atomic	Libcall	0	-	16	0.005622
ClamAV	G_MEMSET	initial	first	p0,i8,i64	s8@64@not_atomic@not_atomic	Libcall	0	-	16	0.005622
ClamAV	G_BRJT	initial	first	p0,i64	-	Legal	0	-	15	0.005271
ClamAV	G_JUMP_TABLE	initial	first	p0	-	Legal	0	-	15	0.005271
ClamAV	G_TRUNC	initial	first	i8,i16	-	Legal	0	-	14	0.004919
ClamAV	G_ZEXTLOAD	initial	first	i64,p0	i16@32@not_atomic@not_atomic	Legal	0	-	14	0.004919
ClamAV	G_AND	initial	revisit	i32	-	Legal	0	-	13	0.004568
ClamAV	G_CONSTANT	initial	first	s64	-	Legal	0	-	13	0.004568
ClamAV	G_PTR_ADD	initial	first	p0,s64	-	Legal	0	-	13	0.004568
ClamAV	G_STORE	initial	first	i8,p0	i8@32@not_atomic@not_atomic	Legal	0	-	13	0.004568
ClamAV	G_INTTOPTR	initial	first	p0,i64	-	Legal	0	-	12	0.004217
ClamAV	G_SDIV	initial	first	i64	-	Legal	0	-	12	0.004217
ClamAV	G_SEXTLOAD	initial	first	i64,p0	i16@16@not_atomic@not_atomic	Legal	0	-	12	0.004217
ClamAV	G_ZEXTLOAD	initial	first	i32,p0	i8@32@not_atomic@not_atomic	Legal	0	-	12	0.004217
ClamAV	G_ZEXTLOAD	initial	first	i32,p0	s16@32@not_atomic@not_atomic	Legal	0	-	12	0.004217
ClamAV	G_LOAD	initial	first	i32,p0	s32@32@not_atomic@not_atomic	Legal	0	-	11	0.003865
ClamAV	G_SEXT_INREG	generated	first	i32	-	Legal	0	-	11	0.003865
ClamAV	G_STORE	initial	first	i32,p0	s32@8@not_atomic@not_atomic	Legal	0	-	11	0.003865
ClamAV	G_LOAD	initial	first	i32,p0	i16@64@not_atomic@not_atomic	Legal	0	-	10	0.003514
ClamAV	G_LOAD	initial	first	i32,p0	i32@128@not_atomic@not_atomic	Legal	0	-	10	0.003514
ClamAV	G_ZEXTLOAD	initial	first	i64,p0	i16@64@not_atomic@not_atomic	Legal	0	-	10	0.003514
ClamAV	G_AND	initial	first	i8	-	WidenScalar	0	i32	9	0.003162
ClamAV	G_VASTART	initial	first	p0	s256@64@not_atomic@not_atomic	Legal	0	-	9	0.003162
ClamAV	G_ZEXTLOAD	initial	first	i64,p0	s16@64@not_atomic@not_atomic	Legal	0	-	9	0.003162
ClamAV	G_LOAD	initial	first	f128,p0	s128@8@not_atomic@not_atomic	Legal	0	-	8	0.002811
ClamAV	G_LOAD	initial	first	i32,p0	i16@32@not_atomic@not_atomic	Legal	0	-	8	0.002811
ClamAV	G_OR	initial	revisit	i32	-	Legal	0	-	8	0.002811
ClamAV	G_STORE	initial	first	<2 x i64>,p0	<2 x i64>@64@not_atomic@not_atomic	Legal	0	-	8	0.002811
ClamAV	G_TRUNC	initial	first	i16,i64	-	Legal	0	-	8	0.002811
ClamAV	G_ZEXTLOAD	initial	first	i32,p0	i16@8@not_atomic@not_atomic	Legal	0	-	8	0.002811
ClamAV	G_ZEXTLOAD	initial	first	i64,p0	i32@8@not_atomic@not_atomic	Legal	0	-	8	0.002811
ClamAV	G_LOAD	initial	first	i16,p0	i16@8@not_atomic@not_atomic	Legal	0	-	7	0.002460
ClamAV	G_XOR	initial	first	i64	-	Legal	0	-	7	0.002460
ClamAV	G_ZEXTLOAD	initial	first	i32,p0	s8@16@not_atomic@not_atomic	Legal	0	-	7	0.002460
ClamAV	G_ZEXTLOAD	initial	first	i64,p0	s8@64@not_atomic@not_atomic	Legal	0	-	7	0.002460
ClamAV	G_BUILD_VECTOR	initial	first	<2 x i64>,i64	-	Legal	0	-	6	0.002108
ClamAV	G_LOAD	initial	first	i8,p0	i8@16@not_atomic@not_atomic	Legal	0	-	6	0.002108
ClamAV	G_PHI	initial	revisit	i32	-	Legal	0	-	6	0.002108
ClamAV	G_SEXTLOAD	initial	first	i32,p0	i8@8@not_atomic@not_atomic	Legal	0	-	6	0.002108
ClamAV	G_STORE	initial	first	f128,p0	s128@8@not_atomic@not_atomic	Legal	0	-	6	0.002108
ClamAV	G_LOAD	initial	first	f64,p0	f64@64@not_atomic@not_atomic	Legal	0	-	5	0.001757
ClamAV	G_MEMCPY	initial	first	p0,p0,i64	s8@32@not_atomic@not_atomic,s8@8@not_atomic@not_atomic	Libcall	0	-	5	0.001757
ClamAV	G_MEMSET	initial	first	p0,i8,i64	s8@32@not_atomic@not_atomic	Libcall	0	-	5	0.001757
ClamAV	G_STORE	initial	first	f128,p0	s128@32@not_atomic@not_atomic	Legal	0	-	5	0.001757
ClamAV	G_LOAD	generated	first	i8,p0	i8@8@not_atomic@not_atomic	Legal	0	-	4	0.001406
ClamAV	G_LOAD	initial	first	i1,p0	i1@8@not_atomic@not_atomic	Lower	0	-	4	0.001406
ClamAV	G_LOAD	initial	first	p0,p0	p0@128@not_atomic@not_atomic	Legal	0	-	4	0.001406
ClamAV	G_OR	initial	first	i8	-	WidenScalar	0	i32	4	0.001406
ClamAV	G_STORE	initial	first	<2 x i64>,p0	<2 x i64>@8@not_atomic@not_atomic	Legal	0	-	4	0.001406
ClamAV	G_STORE	initial	first	i64,p0	i64@32@not_atomic@not_atomic	Legal	0	-	4	0.001406
ClamAV	G_XOR	initial	first	i1	-	WidenScalar	0	i32	4	0.001406
ClamAV	G_XOR	initial	revisit	i32	-	Legal	0	-	4	0.001406
ClamAV	G_ZEXTLOAD	initial	first	i16,p0	i8@8@not_atomic@not_atomic	WidenScalar	0	i32	4	0.001406
ClamAV	G_ZEXTLOAD	initial	revisit	i32,p0	i8@8@not_atomic@not_atomic	Legal	0	-	4	0.001406
ClamAV	G_FCONSTANT	initial	first	f64	-	Legal	0	-	3	0.001054
ClamAV	G_LOAD	initial	first	f128,p0	s128@32@not_atomic@not_atomic	Legal	0	-	3	0.001054
ClamAV	G_LOAD	initial	first	i16,p0	s16@8@not_atomic@not_atomic	Legal	0	-	3	0.001054
ClamAV	G_LOAD	initial	first	i64,p0	s64@8@not_atomic@not_atomic	Legal	0	-	3	0.001054
ClamAV	G_LSHR	initial	first	i8,i8	-	WidenScalar	1	i32	3	0.001054
ClamAV	G_LSHR	initial	revisit	i32,i32	-	Custom	0	-	3	0.001054
ClamAV	G_LSHR	initial	revisit	i8,i32	-	WidenScalar	0	i32	3	0.001054
ClamAV	G_SEXTLOAD	initial	first	i32,p0	i16@32@not_atomic@not_atomic	Legal	0	-	3	0.001054
ClamAV	G_SEXTLOAD	initial	first	i32,p0	i8@64@not_atomic@not_atomic	Legal	0	-	3	0.001054
ClamAV	G_SEXTLOAD	initial	first	i64,p0	i8@8@not_atomic@not_atomic	Legal	0	-	3	0.001054
ClamAV	G_STORE	initial	first	i16,p0	i16@8@not_atomic@not_atomic	Legal	0	-	3	0.001054
ClamAV	G_STORE	initial	first	i16,p0	s16@8@not_atomic@not_atomic	Legal	0	-	3	0.001054
ClamAV	G_STORE	initial	first	i64,p0	s64@8@not_atomic@not_atomic	Legal	0	-	3	0.001054
ClamAV	G_STORE	initial	revisit	i8,p0	i8@8@not_atomic@not_atomic	Legal	0	-	3	0.001054
ClamAV	G_ASHR	initial	first	i64,i64	-	Legal	0	-	2	0.000703
ClamAV	G_LOAD	initial	first	i32,p0	i8@64@not_atomic@not_atomic	Legal	0	-	2	0.000703
ClamAV	G_LOAD	initial	first	i64,p0	s64@32@not_atomic@not_atomic	Legal	0	-	2	0.000703
ClamAV	G_MUL	initial	revisit	i32	-	Legal	0	-	2	0.000703
ClamAV	G_SDIV	generated	first	i64	-	Legal	0	-	2	0.000703
ClamAV	G_SEXT_INREG	generated	first	i64	-	Legal	0	-	2	0.000703
ClamAV	G_SREM	initial	first	i64	-	Lower	0	-	2	0.000703
ClamAV	G_STORE	initial	first	f64,p0	f64@64@not_atomic@not_atomic	Legal	0	-	2	0.000703
ClamAV	G_STORE	initial	first	i64,p0	s64@32@not_atomic@not_atomic	Legal	0	-	2	0.000703
ClamAV	G_ZEXTLOAD	initial	first	i16,p0	i8@32@not_atomic@not_atomic	WidenScalar	0	i32	2	0.000703
ClamAV	G_ZEXTLOAD	initial	first	i64,p0	s8@8@not_atomic@not_atomic	Legal	0	-	2	0.000703
ClamAV	G_ZEXTLOAD	initial	revisit	i32,p0	i8@32@not_atomic@not_atomic	Legal	0	-	2	0.000703
ClamAV	G_FDIV	initial	first	f64	-	Legal	0	-	1	0.000351
ClamAV	G_FMUL	initial	first	f64	-	Legal	0	-	1	0.000351
ClamAV	G_FPTOSI	initial	first	i32,f64	-	Legal	0	-	1	0.000351
ClamAV	G_FPTOUI	initial	first	i8,f64	-	WidenScalar	0	i32	1	0.000351
ClamAV	G_FPTOUI	initial	revisit	i32,f64	-	Legal	0	-	1	0.000351
ClamAV	G_FSUB	initial	first	f64	-	Legal	0	-	1	0.000351
ClamAV	G_LOAD	initial	first	i32,p0	i16@128@not_atomic@not_atomic	Legal	0	-	1	0.000351
ClamAV	G_LOAD	initial	first	i32,p0	i8@128@not_atomic@not_atomic	Legal	0	-	1	0.000351
ClamAV	G_LOAD	initial	first	i8,p0	s8@8@not_atomic@not_atomic	Legal	0	-	1	0.000351
ClamAV	G_MEMCPY	initial	first	p0,p0,i64	s8@16@not_atomic@not_atomic,s8@8@not_atomic@not_atomic	Libcall	0	-	1	0.000351
ClamAV	G_MEMCPY	initial	first	p0,p0,i64	s8@32@not_atomic@not_atomic,s8@32@not_atomic@not_atomic	Libcall	0	-	1	0.000351
ClamAV	G_MEMCPY	initial	first	p0,p0,i64	s8@64@not_atomic@not_atomic,s8@8@not_atomic@not_atomic	Libcall	0	-	1	0.000351
ClamAV	G_MEMMOVE	initial	first	p0,p0,i64	s8@64@not_atomic@not_atomic,s8@64@not_atomic@not_atomic	Libcall	0	-	1	0.000351
ClamAV	G_STACKRESTORE	initial	first	p0	-	Lower	0	-	1	0.000351
ClamAV	G_STACKSAVE	initial	first	p0	-	Lower	0	-	1	0.000351
ClamAV	G_STORE	initial	first	i32,p0	s32@64@not_atomic@not_atomic	Legal	0	-	1	0.000351
ClamAV	G_STORE	initial	first	i8,p0	s8@8@not_atomic@not_atomic	Legal	0	-	1	0.000351
ClamAV	G_STORE	initial	revisit	i32,p0	i32@64@not_atomic@not_atomic	Legal	0	-	1	0.000351
ClamAV	G_TRUNC	generated	first	i16,i64	-	Legal	0	-	1	0.000351
ClamAV	G_UITOFP	initial	first	f64,i64	-	Legal	0	-	1	0.000351
ClamAV	G_ZEXTLOAD	initial	first	i64,p0	i8@16@not_atomic@not_atomic	Legal	0	-	1	0.000351
ClamAV	G_ZEXTLOAD	initial	first	i64,p0	i8@32@not_atomic@not_atomic	Legal	0	-	1	0.000351
ClamAV	G_ZEXTLOAD	initial	first	i64,p0	s32@64@not_atomic@not_atomic	Legal	0	-	1	0.000351
consumer-typeset	G_LOAD	initial	first	p0,p0	p0@64@not_atomic@not_atomic	Legal	0	-	52372	16.049474
consumer-typeset	G_PTR_ADD	initial	first	p0,i64	-	Legal	0	-	28139	8.623236
consumer-typeset	G_BR	initial	first	-	-	Legal	0	-	26373	8.082043
consumer-typeset	G_GLOBAL_VALUE	initial	first	p0	-	Custom	0	-	23637	7.243592
consumer-typeset	G_CONSTANT	initial	first	i64	-	Legal	0	-	23211	7.113044
consumer-typeset	G_FRAME_INDEX	initial	first	p0	-	Legal	0	-	22856	7.004254
consumer-typeset	G_BRCOND	initial	revisit	i32	-	Legal	0	-	20151	6.175302
consumer-typeset	G_STORE	initial	first	p0,p0	p0@64@not_atomic@not_atomic	Legal	0	-	19912	6.102061
consumer-typeset	G_CONSTANT	initial	first	i32	-	Legal	0	-	12854	3.939126
consumer-typeset	G_BRCOND	initial	first	i1	-	WidenScalar	0	i32	10148	3.109869
consumer-typeset	G_LOAD	initial	first	i32,p0	i32@32@not_atomic@not_atomic	Legal	0	-	6459	1.979370
consumer-typeset	G_ICMP	initial	revisit	i32,i32	-	Legal	0	-	6081	1.863531
consumer-typeset	G_ICMP	initial	first	i1,i32	-	WidenScalar	0	i32	5615	1.720725
consumer-typeset	G_STORE	initial	first	i32,p0	i32@32@not_atomic@not_atomic	Legal	0	-	4326	1.325709
consumer-typeset	G_ICMP	initial	first	i1,p0	-	WidenScalar	0	i32	4076	1.249096
consumer-typeset	G_ICMP	initial	revisit	i32,p0	-	Legal	0	-	4076	1.249096
consumer-typeset	G_SEXTLOAD	initial	first	i64,p0	i32@32@not_atomic@not_atomic	Legal	0	-	3682	1.128354
consumer-typeset	G_SHL	initial	first	i64,i64	-	Legal	0	-	3569	1.093725
consumer-typeset	G_AND	initial	revisit	i32	-	Legal	0	-	3270	1.002096
consumer-typeset	G_CONSTANT	initial	first	p0	-	Legal	0	-	3268	1.001483
consumer-typeset	G_ZEXTLOAD	initial	first	i32,p0	i8@64@not_atomic@not_atomic	Legal	0	-	2674	0.819451
consumer-typeset	G_OR	initial	revisit	i32	-	Legal	0	-	1782	0.546096
consumer-typeset	G_CONSTANT	generated	first	i32	-	Legal	0	-	1729	0.529854
consumer-typeset	G_CONSTANT	initial	first	i16	-	Legal	0	-	1611	0.493693
consumer-typeset	G_ZEXTLOAD	initial	first	i32,p0	i8@8@not_atomic@not_atomic	Legal	0	-	1582	0.484806
consumer-typeset	G_AND	initial	first	i32	-	Legal	0	-	1471	0.450790
consumer-typeset	G_AND	initial	first	i16	-	WidenScalar	0	i32	1423	0.436080
consumer-typeset	G_CONSTANT	initial	first	i8	-	Legal	0	-	1310	0.401451
consumer-typeset	G_ADD	initial	first	i32	-	Legal	0	-	1223	0.374790
consumer-typeset	G_SHL	initial	revisit	i32,i64	-	Legal	0	-	1150	0.352419
consumer-typeset	G_LSHR	initial	revisit	i32,i64	-	Legal	0	-	1124	0.344451
consumer-typeset	G_LOAD	initial	first	i32,p0	i32@64@not_atomic@not_atomic	Legal	0	-	883	0.270597
consumer-typeset	G_CONSTANT	generated	first	i64	-	Legal	0	-	879	0.269371
consumer-typeset	G_ANYEXT	generated	first	i32,i16	-	Legal	0	-	857	0.262629
consumer-typeset	G_TRUNC	generated	first	i16,i32	-	Legal	0	-	821	0.251597
consumer-typeset	G_SEXT	initial	first	i64,i32	-	Legal	0	-	772	0.236580
consumer-typeset	G_LSHR	initial	revisit	i32,i32	-	Custom	0	-	765	0.234435
consumer-typeset	G_LOAD	initial	first	i16,p0	i16@32@not_atomic@not_atomic	Legal	0	-	759	0.232597
consumer-typeset	G_AND	initial	first	i8	-	WidenScalar	0	i32	709	0.217274
consumer-typeset	G_STORE	initial	first	i8,p0	i8@64@not_atomic@not_atomic	Legal	0	-	687	0.210532
consumer-typeset	G_ICMP	initial	first	i1,i64	-	WidenScalar	0	i32	611	0.187242
consumer-typeset	G_ICMP	initial	revisit	i32,i64	-	Legal	0	-	611	0.187242
consumer-typeset	G_OR	initial	first	i16	-	WidenScalar	0	i32	602	0.184484
consumer-typeset	G_ZEXT	generated	first	i32,i16	-	Legal	0	-	594	0.182032
consumer-typeset	G_LSHR	initial	first	i16,i16	-	WidenScalar	1	i32	591	0.181113
consumer-typeset	G_LSHR	initial	revisit	i16,i32	-	WidenScalar	0	i32	591	0.181113
consumer-typeset	G_PHI	initial	first	i32	-	Legal	0	-	551	0.168855
consumer-typeset	G_OR	initial	first	i32	-	Legal	0	-	528	0.161806
consumer-typeset	G_STORE	initial	first	i8,p0	i8@8@not_atomic@not_atomic	Legal	0	-	505	0.154758
consumer-typeset	G_STORE	initial	first	i32,p0	i32@64@not_atomic@not_atomic	Legal	0	-	446	0.136677
consumer-typeset	G_STORE	initial	first	i16,p0	i16@16@not_atomic@not_atomic	Legal	0	-	437	0.133919
consumer-typeset	G_SHL	initial	revisit	i32,i32	-	Custom	0	-	415	0.127177
consumer-typeset	G_LOAD	initial	first	i16,p0	i16@16@not_atomic@not_atomic	Legal	0	-	400	0.122581
consumer-typeset	G_STORE	initial	first	i16,p0	i16@32@not_atomic@not_atomic	Legal	0	-	391	0.119823
consumer-typeset	G_ANYEXT	generated	first	i32,i8	-	Legal	0	-	368	0.112774
consumer-typeset	G_LSHR	initial	first	i32,i32	-	Custom	0	-	359	0.110016
consumer-typeset	G_LOAD	initial	first	i8,p0	i8@32@not_atomic@not_atomic	Legal	0	-	352	0.107871
consumer-typeset	G_SHL	initial	first	i32,i32	-	Custom	0	-	320	0.098064
consumer-typeset	G_SUB	initial	first	i32	-	Legal	0	-	317	0.097145
consumer-typeset	G_ZEXTLOAD	initial	first	i64,p0	i8@64@not_atomic@not_atomic	Legal	0	-	292	0.089484
consumer-typeset	G_TRUNC	generated	first	i8,i32	-	Legal	0	-	291	0.089177
consumer-typeset	G_OR	initial	first	i8	-	WidenScalar	0	i32	289	0.088564
consumer-typeset	G_SHL	initial	first	i16,i16	-	WidenScalar	1	i32	287	0.087952
consumer-typeset	G_SHL	initial	revisit	i16,i32	-	WidenScalar	0	i32	287	0.087952
consumer-typeset	G_CONSTANT	generated	first	i16	-	Legal	0	-	278	0.085193
consumer-typeset	G_STORE	initial	first	p0,p0	p0@8@not_atomic@not_atomic	Legal	0	-	270	0.082742
consumer-typeset	G_CONSTANT	initial	first	i1	-	WidenScalar	0	i8	257	0.078758
consumer-typeset	G_CONSTANT	initial	revisit	i8	-	Legal	0	-	257	0.078758
consumer-typeset	G_PHI	initial	first	p0	-	Legal	0	-	248	0.076000
consumer-typeset	G_PHI	initial	revisit	i16	-	Legal	0	-	238	0.072935
consumer-typeset	G_MUL	initial	first	i64	-	Legal	0	-	230	0.070484
consumer-typeset	G_PHI	initial	first	i1	-	WidenScalar	0	i16	227	0.069564
consumer-typeset	G_AND	generated	first	i32	-	Legal	0	-	222	0.068032
consumer-typeset	G_ZEXT	generated	first	i32,i8	-	Legal	0	-	213	0.065274
consumer-typeset	G_LOAD	initial	first	i8,p0	i8@8@not_atomic@not_atomic	Legal	0	-	205	0.062823
consumer-typeset	G_STORE	initial	first	i32,p0	i32@8@not_atomic@not_atomic	Legal	0	-	195	0.059758
consumer-typeset	G_STORE	initial	first	i8,p0	i8@32@not_atomic@not_atomic	Legal	0	-	186	0.057000
consumer-typeset	G_LSHR	initial	first	i8,i8	-	WidenScalar	1	i32	174	0.053323
consumer-typeset	G_LSHR	initial	revisit	i8,i32	-	WidenScalar	0	i32	174	0.053323
consumer-typeset	G_LOAD	initial	first	i16,p0	i16@64@not_atomic@not_atomic	Legal	0	-	160	0.049032
consumer-typeset	G_TRUNC	initial	first	i32,i64	-	Legal	0	-	157	0.048113
consumer-typeset	G_LOAD	initial	first	f32,p0	f32@32@not_atomic@not_atomic	Legal	0	-	144	0.044129
consumer-typeset	G_LOAD	initial	first	i32,p0	i16@16@not_atomic@not_atomic	Legal	0	-	144	0.044129
consumer-typeset	G_ZEXTLOAD	initial	first	i64,p0	i8@8@not_atomic@not_atomic	Legal	0	-	143	0.043823
consumer-typeset	G_TRUNC	initial	first	i8,i32	-	Legal	0	-	140	0.042903
consumer-typeset	G_LOAD	initial	first	i16,p0	i16@8@not_atomic@not_atomic	Legal	0	-	137	0.041984
consumer-typeset	G_SEXTLOAD	initial	first	i32,p0	i16@16@not_atomic@not_atomic	Legal	0	-	131	0.040145
consumer-typeset	G_SHL	initial	first	i8,i8	-	WidenScalar	1	i32	128	0.039226
consumer-typeset	G_SHL	initial	revisit	i8,i32	-	WidenScalar	0	i32	128	0.039226
consumer-typeset	G_TRUNC	initial	first	i16,i32	-	Legal	0	-	123	0.037694
consumer-typeset	G_STORE	initial	first	i16,p0	i16@64@not_atomic@not_atomic	Legal	0	-	113	0.034629
consumer-typeset	G_LOAD	initial	first	i8,p0	i8@64@not_atomic@not_atomic	Legal	0	-	110	0.033710
consumer-typeset	G_MUL	initial	first	i32	-	Legal	0	-	105	0.032177
consumer-typeset	G_ADD	initial	first	i64	-	Legal	0	-	104	0.031871
consumer-typeset	G_SITOFP	initial	first	f32,i32	-	Legal	0	-	102	0.031258
consumer-typeset	G_ZEXTLOAD	initial	first	i64,p0	i32@32@not_atomic@not_atomic	Legal	0	-	99	0.030339
consumer-typeset	G_SDIV	initial	first	i32	-	Legal	0	-	94	0.028806
consumer-typeset	G_FPEXT	initial	first	f64,f32	-	Legal	0	-	79	0.024210
consumer-typeset	G_STORE	initial	first	i8,p0	i8@16@not_atomic@not_atomic	Legal	0	-	73	0.022371
consumer-typeset	G_SELECT	initial	revisit	p0,i32	-	Legal	0	-	68	0.020839
consumer-typeset	G_ZEXT	initial	first	i64,i32	-	Legal	0	-	66	0.020226
consumer-typeset	G_LOAD	initial	first	i8,p0	i8@16@not_atomic@not_atomic	Legal	0	-	64	0.019613
consumer-typeset	G_FCONSTANT	initial	first	f32	-	Legal	0	-	63	0.019306
consumer-typeset	G_SELECT	initial	revisit	i32,i32	-	Legal	0	-	63	0.019306
consumer-typeset	G_STORE	initial	first	f32,p0	f32@32@not_atomic@not_atomic	Legal	0	-	59	0.018081
consumer-typeset	G_ZEXTLOAD	initial	first	i32,p0	i16@16@not_atomic@not_atomic	Legal	0	-	59	0.018081
consumer-typeset	G_PTRTOINT	initial	first	i64,p0	-	Legal	0	-	58	0.017774
consumer-typeset	G_FPTOSI	initial	first	i32,f32	-	Legal	0	-	53	0.016242
consumer-typeset	G_ZEXTLOAD	initial	first	i32,p0	i8@16@not_atomic@not_atomic	Legal	0	-	51	0.015629
consumer-typeset	G_FDIV	initial	first	f32	-	Legal	0	-	49	0.015016
consumer-typeset	G_STORE	initial	first	i16,p0	i16@8@not_atomic@not_atomic	Legal	0	-	47	0.014403
consumer-typeset	G_FCONSTANT	initial	first	f64	-	Legal	0	-	44	0.013484
consumer-typeset	G_ICMP	initial	revisit	i1,i32	-	WidenScalar	0	i32	42	0.012871
consumer-typeset	G_MUL	generated	first	i32	-	Legal	0	-	41	0.012565
consumer-typeset	G_SUB	generated	first	i32	-	Legal	0	-	41	0.012565
consumer-typeset	G_ICMP	initial	first	i1,i8	-	WidenScalar	1	i32	39	0.011952
consumer-typeset	G_FMUL	initial	first	f32	-	Legal	0	-	36	0.011032
consumer-typeset	G_LOAD	initial	first	i64,p0	i64@64@not_atomic@not_atomic	Legal	0	-	36	0.011032
consumer-typeset	G_SDIV	generated	first	i32	-	Legal	0	-	35	0.010726
consumer-typeset	G_SREM	initial	first	i32	-	Lower	0	-	35	0.010726
consumer-typeset	G_LOAD	initial	first	f64,p0	f64@64@not_atomic@not_atomic	Legal	0	-	34	0.010419
consumer-typeset	G_SELECT	initial	first	i32,i1	-	WidenScalar	1	i32	34	0.010419
consumer-typeset	G_SELECT	initial	first	p0,i1	-	WidenScalar	1	i32	34	0.010419
consumer-typeset	G_SUB	initial	first	i64	-	Legal	0	-	32	0.009806
consumer-typeset	G_FCMP	initial	first	i1,f64	-	WidenScalar	0	i32	26	0.007968
consumer-typeset	G_FCMP	initial	revisit	i32,f64	-	Legal	0	-	26	0.007968
consumer-typeset	G_STORE	initial	first	f64,p0	f64@64@not_atomic@not_atomic	Legal	0	-	24	0.007355
consumer-typeset	G_STORE	initial	first	i64,p0	i64@64@not_atomic@not_atomic	Legal	0	-	23	0.007048
consumer-typeset	G_STORE	initial	revisit	i32,p0	i32@32@not_atomic@not_atomic	Legal	0	-	22	0.006742
consumer-typeset	G_BRJT	initial	first	p0,i64	-	Legal	0	-	21	0.006435
consumer-typeset	G_JUMP_TABLE	initial	first	p0	-	Legal	0	-	21	0.006435
consumer-typeset	G_AND	generated	first	i64	-	Legal	0	-	20	0.006129
consumer-typeset	G_ANYEXT	generated	first	i64,i32	-	Legal	0	-	20	0.006129
consumer-typeset	G_ZEXTLOAD	initial	first	i64,p0	i16@16@not_atomic@not_atomic	Legal	0	-	17	0.005210
consumer-typeset	G_FMUL	initial	first	f64	-	Legal	0	-	16	0.004903
consumer-typeset	G_FPTRUNC	initial	first	f32,f64	-	Legal	0	-	16	0.004903
consumer-typeset	G_FNEG	initial	first	f32	-	Legal	0	-	15	0.004597
consumer-typeset	G_FCMP	initial	first	i1,f32	-	WidenScalar	0	i32	14	0.004290
consumer-typeset	G_FCMP	initial	revisit	i32,f32	-	Legal	0	-	14	0.004290
consumer-typeset	G_FPTOSI	initial	first	i32,f64	-	Legal	0	-	14	0.004290
consumer-typeset	G_SITOFP	initial	first	f64,i32	-	Legal	0	-	14	0.004290
consumer-typeset	G_SEXTLOAD	initial	first	i32,p0	i16@32@not_atomic@not_atomic	Legal	0	-	13	0.003984
consumer-typeset	G_SEXT_INREG	generated	first	i64	-	Legal	0	-	12	0.003677
consumer-typeset	G_UDIV	initial	first	i64	-	Legal	0	-	12	0.003677
consumer-typeset	G_LOAD	initial	first	i32,p0	i32@128@not_atomic@not_atomic	Legal	0	-	11	0.003371
consumer-typeset	G_LOAD	initial	first	i32,p0	i8@64@not_atomic@not_atomic	Legal	0	-	11	0.003371
consumer-typeset	G_ZEXTLOAD	initial	first	i32,p0	i16@64@not_atomic@not_atomic	Legal	0	-	11	0.003371
consumer-typeset	G_ZEXTLOAD	initial	first	i32,p0	i8@32@not_atomic@not_atomic	Legal	0	-	10	0.003065
consumer-typeset	G_PHI	initial	first	f32	-	Legal	0	-	9	0.002758
consumer-typeset	G_SEXTLOAD	initial	first	i64,p0	i32@64@not_atomic@not_atomic	Legal	0	-	9	0.002758
consumer-typeset	G_ADD	initial	revisit	i32	-	Legal	0	-	8	0.002452
consumer-typeset	G_FMA	initial	first	f32	-	Legal	0	-	8	0.002452
consumer-typeset	G_FSUB	initial	first	f64	-	Legal	0	-	8	0.002452
consumer-typeset	G_LOAD	initial	first	i32,p0	i8@8@not_atomic@not_atomic	Legal	0	-	8	0.002452
consumer-typeset	G_LOAD	initial	first	p0,p0	p0@128@not_atomic@not_atomic	Legal	0	-	8	0.002452
consumer-typeset	G_STORE	initial	first	s128,p0	s128@8@not_atomic@not_atomic	Legal	0	-	8	0.002452
consumer-typeset	G_LOAD	initial	first	i32,p0	i16@64@not_atomic@not_atomic	Legal	0	-	7	0.002145
consumer-typeset	G_XOR	initial	first	i1	-	WidenScalar	0	i32	7	0.002145
consumer-typeset	G_XOR	initial	revisit	i32	-	Legal	0	-	7	0.002145
consumer-typeset	G_FADD	initial	first	f64	-	Legal	0	-	6	0.001839
consumer-typeset	G_PTRTOINT	initial	first	i32,p0	-	WidenScalar	0	i64	6	0.001839
consumer-typeset	G_PTRTOINT	initial	revisit	i64,p0	-	Legal	0	-	6	0.001839
consumer-typeset	G_TRUNC	generated	first	i32,i64	-	Legal	0	-	6	0.001839
consumer-typeset	G_UDIV	generated	first	i32	-	Legal	0	-	6	0.001839
consumer-typeset	G_UREM	initial	first	i32	-	Lower	0	-	6	0.001839
consumer-typeset	G_FDIV	initial	first	f64	-	Legal	0	-	5	0.001532
consumer-typeset	G_MUL	generated	first	i64	-	Legal	0	-	5	0.001532
consumer-typeset	G_SUB	generated	first	i64	-	Legal	0	-	5	0.001532
consumer-typeset	G_TRUNC	initial	first	i8,i64	-	Legal	0	-	5	0.001532
consumer-typeset	G_UDIV	generated	first	i64	-	Legal	0	-	5	0.001532
consumer-typeset	G_UREM	initial	first	i64	-	Lower	0	-	5	0.001532
consumer-typeset	G_FADD	initial	first	f32	-	Legal	0	-	4	0.001226
consumer-typeset	G_MEMCPY	initial	first	p0,p0,i64	s8@64@not_atomic@not_atomic,s8@64@not_atomic@not_atomic	Libcall	0	-	4	0.001226
consumer-typeset	G_PHI	initial	first	f64	-	Legal	0	-	4	0.001226
consumer-typeset	G_FABS	initial	first	f64	-	Legal	0	-	3	0.000919
consumer-typeset	G_ICMP	initial	first	i1,i16	-	WidenScalar	1	i32	3	0.000919
consumer-typeset	G_SEXTLOAD	initial	first	i32,p0	i16@64@not_atomic@not_atomic	Legal	0	-	3	0.000919
consumer-typeset	G_STORE	initial	first	i64,p0	i64@8@not_atomic@not_atomic	Legal	0	-	3	0.000919
consumer-typeset	G_UDIV	initial	first	i32	-	Legal	0	-	3	0.000919
consumer-typeset	G_ZEXTLOAD	initial	first	i64,p0	i16@64@not_atomic@not_atomic	Legal	0	-	3	0.000919
consumer-typeset	G_ADD	initial	first	i16	-	WidenScalar	0	i32	2	0.000613
consumer-typeset	G_ADD	initial	first	i8	-	WidenScalar	0	i32	2	0.000613
consumer-typeset	G_ASHR	initial	first	i32,i32	-	Custom	0	-	2	0.000613
consumer-typeset	G_ASHR	initial	revisit	i32,i64	-	Legal	0	-	2	0.000613
consumer-typeset	G_FSUB	initial	first	f32	-	Legal	0	-	2	0.000613
consumer-typeset	G_LOAD	initial	first	f128,p0	s128@64@not_atomic@not_atomic	Legal	0	-	2	0.000613
consumer-typeset	G_LOAD	initial	first	i32,p0	i8@16@not_atomic@not_atomic	Legal	0	-	2	0.000613
consumer-typeset	G_MEMCPY	initial	first	p0,p0,i64	s8@8@not_atomic@not_atomic,s8@8@not_atomic@not_atomic	Libcall	0	-	2	0.000613
consumer-typeset	G_PHI	initial	revisit	i32	-	Legal	0	-	2	0.000613
consumer-typeset	G_SELECT	initial	revisit	i64,i32	-	Legal	0	-	2	0.000613
consumer-typeset	G_STORE	initial	first	f128,p0	s128@64@not_atomic@not_atomic	Legal	0	-	2	0.000613
consumer-typeset	G_STORE	initial	revisit	i32,p0	i32@8@not_atomic@not_atomic	Legal	0	-	2	0.000613
consumer-typeset	G_FFLOOR	initial	first	f64	-	Legal	0	-	1	0.000306
consumer-typeset	G_FMA	initial	first	f64	-	Legal	0	-	1	0.000306
consumer-typeset	G_FPTOSI	initial	first	i16,f64	-	WidenScalar	0	i32	1	0.000306
consumer-typeset	G_FPTOSI	initial	revisit	i32,f64	-	Legal	0	-	1	0.000306
consumer-typeset	G_INTTOPTR	initial	first	p0,i64	-	Legal	0	-	1	0.000306
consumer-typeset	G_MEMSET	initial	first	p0,i8,i64	s8@8@not_atomic@not_atomic	Libcall	0	-	1	0.000306
consumer-typeset	G_OR	initial	first	i64	-	Legal	0	-	1	0.000306
consumer-typeset	G_PHI	initial	first	i64	-	Legal	0	-	1	0.000306
consumer-typeset	G_SDIV	initial	first	i64	-	Legal	0	-	1	0.000306
consumer-typeset	G_SELECT	initial	first	i64,i1	-	WidenScalar	1	i32	1	0.000306
consumer-typeset	G_SEXTLOAD	initial	first	i64,p0	i16@16@not_atomic@not_atomic	Legal	0	-	1	0.000306
consumer-typeset	G_SEXT_INREG	generated	first	i32	-	Legal	0	-	1	0.000306
consumer-typeset	G_TRUNC	initial	first	i16,i64	-	Legal	0	-	1	0.000306
consumer-typeset	G_VASTART	initial	first	p0	s256@64@not_atomic@not_atomic	Legal	0	-	1	0.000306
kimwitu++	G_LOAD	initial	first	p0,p0	p0@64@not_atomic@not_atomic	Legal	0	-	47815	22.540530
kimwitu++	G_FRAME_INDEX	initial	first	p0	-	Legal	0	-	32559	15.348679
kimwitu++	G_STORE	initial	first	p0,p0	p0@64@not_atomic@not_atomic	Legal	0	-	21028	9.912836
kimwitu++	G_BR	initial	first	-	-	Legal	0	-	18137	8.549986
kimwitu++	G_CONSTANT	initial	first	i64	-	Legal	0	-	12745	6.008137
kimwitu++	G_BRCOND	initial	revisit	i32	-	Legal	0	-	12549	5.915740
kimwitu++	G_PTR_ADD	initial	first	p0,i64	-	Legal	0	-	11789	5.557467
kimwitu++	G_GLOBAL_VALUE	initial	first	p0	-	Custom	0	-	8965	4.226202
kimwitu++	G_BRCOND	initial	first	i1	-	WidenScalar	0	i32	6464	3.047202
kimwitu++	G_CONSTANT	initial	first	i32	-	Legal	0	-	5451	2.569663
kimwitu++	G_ICMP	initial	revisit	i32,i32	-	Legal	0	-	4101	1.933258
kimwitu++	G_ICMP	initial	first	i1,i32	-	WidenScalar	0	i32	3724	1.755536
kimwitu++	G_CONSTANT	initial	first	p0	-	Legal	0	-	3222	1.518887
kimwitu++	G_ICMP	initial	first	i1,p0	-	WidenScalar	0	i32	1976	0.931509
kimwitu++	G_ICMP	initial	revisit	i32,p0	-	Legal	0	-	1976	0.931509
kimwitu++	G_STORE	initial	first	i32,p0	i32@32@not_atomic@not_atomic	Legal	0	-	1624	0.765572
kimwitu++	G_CONSTANT	generated	first	i32	-	Legal	0	-	1372	0.646776
kimwitu++	G_LOAD	initial	first	i32,p0	i32@32@not_atomic@not_atomic	Legal	0	-	1316	0.620377
kimwitu++	G_LOAD	initial	first	i64,p0	i64@64@not_atomic@not_atomic	Legal	0	-	1157	0.545423
kimwitu++	G_PHI	initial	first	p0	-	Legal	0	-	1060	0.499696
kimwitu++	G_AND	generated	first	i32	-	Legal	0	-	860	0.405414
kimwitu++	G_INVOKE_REGION_START	initial	first	-	-	Legal	0	-	814	0.383729
kimwitu++	G_CONSTANT	initial	first	i8	-	Legal	0	-	581	0.273890
kimwitu++	G_PTRTOINT	initial	first	i32,p0	-	WidenScalar	0	i64	549	0.258805
kimwitu++	G_PTRTOINT	initial	revisit	i64,p0	-	Legal	0	-	549	0.258805
kimwitu++	G_TRUNC	generated	first	i32,i64	-	Legal	0	-	549	0.258805
kimwitu++	G_STORE	initial	first	i64,p0	i64@64@not_atomic@not_atomic	Legal	0	-	546	0.257391
kimwitu++	G_SHL	initial	first	i64,i64	-	Legal	0	-	490	0.230992
kimwitu++	G_ICMP	initial	first	i1,i8	-	WidenScalar	1	i32	377	0.177722
kimwitu++	G_ICMP	initial	revisit	i1,i32	-	WidenScalar	0	i32	377	0.177722
kimwitu++	G_ZEXT	generated	first	i32,i8	-	Legal	0	-	377	0.177722
kimwitu++	G_CONSTANT	initial	first	i1	-	WidenScalar	0	i8	370	0.174422
kimwitu++	G_CONSTANT	initial	revisit	i8	-	Legal	0	-	370	0.174422
kimwitu++	G_LOAD	initial	first	i32,p0	i32@64@not_atomic@not_atomic	Legal	0	-	345	0.162637
kimwitu++	G_ADD	initial	first	i32	-	Legal	0	-	287	0.135295
kimwitu++	G_STORE	initial	first	i32,p0	i32@64@not_atomic@not_atomic	Legal	0	-	278	0.131052
kimwitu++	G_LOAD	initial	first	i8,p0	i8@8@not_atomic@not_atomic	Legal	0	-	269	0.126810
kimwitu++	G_PTRTOINT	initial	first	i64,p0	-	Legal	0	-	268	0.126338
kimwitu++	G_ICMP	initial	first	i1,i64	-	WidenScalar	0	i32	250	0.117853
kimwitu++	G_ICMP	initial	revisit	i32,i64	-	Legal	0	-	250	0.117853
kimwitu++	G_STORE	initial	first	i8,p0	i8@8@not_atomic@not_atomic	Legal	0	-	247	0.116439
kimwitu++	G_ZEXTLOAD	initial	first	i32,p0	i8@8@not_atomic@not_atomic	Legal	0	-	214	0.100882
kimwitu++	G_TRUNC	generated	first	i8,i32	-	Legal	0	-	210	0.098996
kimwitu++	G_SUB	initial	first	i64	-	Legal	0	-	202	0.095225
kimwitu++	G_AND	generated	revisit	i32	-	Legal	0	-	192	0.090511
kimwitu++	G_AND	generated	first	i8	-	WidenScalar	0	i32	177	0.083440
kimwitu++	G_ADD	initial	first	i64	-	Legal	0	-	175	0.082497
kimwitu++	G_CONSTANT	generated	first	i8	-	Legal	0	-	175	0.082497
kimwitu++	G_STORE	generated	first	i8,p0	i8@8@not_atomic@not_atomic	Legal	0	-	158	0.074483
kimwitu++	G_STORE	initial	first	i1,p0	i1@8@not_atomic@not_atomic	WidenScalar	0	i8	158	0.074483
kimwitu++	G_STORE	initial	revisit	i8,p0	i1@8@not_atomic@not_atomic	Lower	0	-	158	0.074483
kimwitu++	G_SEXT	initial	first	i64,i32	-	Legal	0	-	109	0.051384
kimwitu++	G_SEXTLOAD	initial	first	i64,p0	i32@32@not_atomic@not_atomic	Legal	0	-	105	0.049498
kimwitu++	G_SDIV	initial	first	i64	-	Legal	0	-	102	0.048084
kimwitu++	G_CONSTANT	generated	first	i16	-	Legal	0	-	95	0.044784
kimwitu++	G_STORE	initial	revisit	i32,p0	i32@64@not_atomic@not_atomic	Legal	0	-	94	0.044313
kimwitu++	G_ANYEXT	generated	first	i32,i16	-	Legal	0	-	84	0.039599
kimwitu++	G_PHI	initial	first	i1	-	WidenScalar	0	i16	84	0.039599
kimwitu++	G_PHI	initial	revisit	i16	-	Legal	0	-	84	0.039599
kimwitu++	G_TRUNC	generated	first	i16,i32	-	Legal	0	-	84	0.039599
kimwitu++	G_MUL	initial	first	i64	-	Legal	0	-	81	0.038184
kimwitu++	G_TRAP	initial	first	-	-	Legal	0	-	81	0.038184
kimwitu++	G_LOAD	initial	first	i8,p0	i8@64@not_atomic@not_atomic	Legal	0	-	62	0.029227
kimwitu++	G_INTTOPTR	initial	first	p0,i64	-	Legal	0	-	61	0.028756
kimwitu++	G_SELECT	initial	revisit	i32,i32	-	Legal	0	-	61	0.028756
kimwitu++	G_SELECT	initial	first	i32,i1	-	WidenScalar	1	i32	60	0.028285
kimwitu++	G_LOAD	initial	first	i8,p0	i8@16@not_atomic@not_atomic	Legal	0	-	52	0.024513
kimwitu++	G_STORE	initial	first	i8,p0	i8@64@not_atomic@not_atomic	Legal	0	-	52	0.024513
kimwitu++	G_ANYEXT	generated	first	i32,i8	-	Legal	0	-	51	0.024042
kimwitu++	G_LOAD	generated	first	i8,p0	i8@8@not_atomic@not_atomic	Legal	0	-	51	0.024042
kimwitu++	G_LOAD	initial	first	i1,p0	i1@8@not_atomic@not_atomic	Lower	0	-	51	0.024042
kimwitu++	G_UDIV	initial	first	i64	-	Legal	0	-	50	0.023571
kimwitu++	G_SEXTLOAD	initial	first	i32,p0	i16@16@not_atomic@not_atomic	Legal	0	-	35	0.016499
kimwitu++	G_LOAD	initial	first	i64,p0	s64@64@not_atomic@not_atomic	Legal	0	-	34	0.016028
kimwitu++	G_STORE	initial	first	i64,p0	s64@64@not_atomic@not_atomic	Legal	0	-	34	0.016028
kimwitu++	G_TRUNC	initial	first	i8,i32	-	Legal	0	-	31	0.014614
kimwitu++	G_PHI	initial	first	i64	-	Legal	0	-	29	0.013671
kimwitu++	G_ZEXT	initial	first	i64,i32	-	Legal	0	-	28	0.013200
kimwitu++	G_CONSTANT	generated	first	i64	-	Legal	0	-	27	0.012728
kimwitu++	G_MEMMOVE	initial	first	p0,p0,i64	s8@64@not_atomic@not_atomic,s8@64@not_atomic@not_atomic	Libcall	0	-	27	0.012728
kimwitu++	G_STORE	initial	revisit	i8,p0	i8@8@not_atomic@not_atomic	Legal	0	-	24	0.011314
kimwitu++	G_ZEXTLOAD	initial	first	i32,p0	i8@16@not_atomic@not_atomic	Legal	0	-	23	0.010842
kimwitu++	G_ZEXTLOAD	initial	first	i64,p0	i32@32@not_atomic@not_atomic	Legal	0	-	21	0.009900
kimwitu++	G_STORE	initial	first	i8,p0	i8@16@not_atomic@not_atomic	Legal	0	-	19	0.008957
kimwitu++	G_STORE	initial	revisit	i8,p0	i8@64@not_atomic@not_atomic	Legal	0	-	17	0.008014
kimwitu++	G_ZEXTLOAD	initial	first	i64,p0	i8@8@not_atomic@not_atomic	Legal	0	-	17	0.008014
kimwitu++	G_TRUNC	initial	first	i32,i64	-	Legal	0	-	16	0.007543
kimwitu++	G_XOR	initial	revisit	i32	-	Legal	0	-	16	0.007543
kimwitu++	G_LOAD	initial	first	i8,p0	i8@32@not_atomic@not_atomic	Legal	0	-	15	0.007071
kimwitu++	G_BRJT	initial	first	p0,i64	-	Legal	0	-	14	0.006600
kimwitu++	G_JUMP_TABLE	initial	first	p0	-	Legal	0	-	14	0.006600
kimwitu++	G_MEMSET	initial	first	p0,i8,i64	s8@64@not_atomic@not_atomic	Libcall	0	-	14	0.006600
kimwitu++	G_MUL	generated	first	i64	-	Legal	0	-	13	0.006128
kimwitu++	G_SUB	generated	first	i64	-	Legal	0	-	13	0.006128
kimwitu++	G_UDIV	generated	first	i64	-	Legal	0	-	13	0.006128
kimwitu++	G_UREM	initial	first	i64	-	Lower	0	-	13	0.006128
kimwitu++	G_AND	generated	first	i64	-	Legal	0	-	12	0.005657
kimwitu++	G_ANYEXT	generated	first	i64,i32	-	Legal	0	-	12	0.005657
kimwitu++	G_STORE	initial	first	i8,p0	i8@32@not_atomic@not_atomic	Legal	0	-	11	0.005186
kimwitu++	G_SUB	initial	first	i32	-	Legal	0	-	11	0.005186
kimwitu++	G_LOAD	initial	first	i8,p0	s8@64@not_atomic@not_atomic	Legal	0	-	10	0.004714
kimwitu++	G_SEXTLOAD	initial	first	i64,p0	i32@64@not_atomic@not_atomic	Legal	0	-	10	0.004714
kimwitu++	G_STORE	initial	first	i8,p0	s8@64@not_atomic@not_atomic	Legal	0	-	10	0.004714
kimwitu++	G_TRUNC	initial	first	i8,i64	-	Legal	0	-	9	0.004243
kimwitu++	G_XOR	initial	first	i1	-	WidenScalar	0	i32	9	0.004243
kimwitu++	G_LOAD	initial	first	f128,p0	s128@64@not_atomic@not_atomic	Legal	0	-	8	0.003771
kimwitu++	G_LOAD	initial	first	f64,p0	f64@64@not_atomic@not_atomic	Legal	0	-	8	0.003771
kimwitu++	G_MUL	generated	first	i32	-	Legal	0	-	8	0.003771
kimwitu++	G_SDIV	generated	first	i32	-	Legal	0	-	8	0.003771
kimwitu++	G_SREM	initial	first	i32	-	Lower	0	-	8	0.003771
kimwitu++	G_STORE	initial	first	f128,p0	s128@64@not_atomic@not_atomic	Legal	0	-	8	0.003771
kimwitu++	G_SUB	generated	first	i32	-	Legal	0	-	8	0.003771
kimwitu++	G_PHI	initial	first	i32	-	Legal	0	-	7	0.003300
kimwitu++	G_TRUNC	generated	first	i8,i16	-	Legal	0	-	6	0.002828
kimwitu++	G_SEXTLOAD	initial	first	i64,p0	i16@16@not_atomic@not_atomic	Legal	0	-	5	0.002357
kimwitu++	G_AND	initial	first	i32	-	Legal	0	-	4	0.001886
kimwitu++	G_LOAD	initial	first	i32,p0	i8@8@not_atomic@not_atomic	Legal	0	-	4	0.001886
kimwitu++	G_SELECT	initial	revisit	i64,i32	-	Legal	0	-	4	0.001886
kimwitu++	G_STORE	initial	first	f64,p0	f64@64@not_atomic@not_atomic	Legal	0	-	4	0.001886
kimwitu++	G_ZEXTLOAD	initial	first	i32,p0	i16@16@not_atomic@not_atomic	Legal	0	-	4	0.001886
kimwitu++	G_ICMP	generated	first	i1,i64	-	WidenScalar	0	i32	2	0.000943
kimwitu++	G_ICMP	generated	revisit	i32,i64	-	Legal	0	-	2	0.000943
kimwitu++	G_MUL	initial	revisit	i64	-	Legal	0	-	2	0.000943
kimwitu++	G_SELECT	initial	first	i64,i1	-	WidenScalar	1	i32	2	0.000943
kimwitu++	G_UMULH	generated	first	i64	-	Legal	0	-	2	0.000943
kimwitu++	G_UMULO	initial	first	i64,i1	-	Lower	0	-	2	0.000943
kimwitu++	G_ASHR	initial	first	i64,i64	-	Legal	0	-	1	0.000471
kimwitu++	G_FCMP	initial	first	i1,f64	-	WidenScalar	0	i32	1	0.000471
kimwitu++	G_FCMP	initial	revisit	i32,f64	-	Legal	0	-	1	0.000471
kimwitu++	G_MUL	initial	first	i32	-	Legal	0	-	1	0.000471
kimwitu++	G_OR	initial	first	i32	-	Legal	0	-	1	0.000471
kimwitu++	G_SDIV	initial	first	i32	-	Legal	0	-	1	0.000471
kimwitu++	G_SELECT	initial	first	i1,i1	-	WidenScalar	0	i32	1	0.000471
kimwitu++	G_SELECT	initial	revisit	i32,i1	-	WidenScalar	1	i32	1	0.000471
kimwitu++	G_STORE	initial	first	i16,p0	i16@16@not_atomic@not_atomic	Legal	0	-	1	0.000471
kimwitu++	G_STORE	initial	first	i32,p0	i32@8@not_atomic@not_atomic	Legal	0	-	1	0.000471
kimwitu++	G_STORE	initial	first	i32,p0	i32@128@not_atomic@not_atomic	Legal	0	-	1	0.000471
kimwitu++	G_STORE	initial	first	p0,p0	p0@8@not_atomic@not_atomic	Legal	0	-	1	0.000471
kimwitu++	G_STORE	initial	revisit	i32,p0	i32@32@not_atomic@not_atomic	Legal	0	-	1	0.000471
kimwitu++	G_STORE	initial	revisit	i8,p0	i8@32@not_atomic@not_atomic	Legal	0	-	1	0.000471
kimwitu++	G_TRUNC	initial	first	i16,i32	-	Legal	0	-	1	0.000471
kimwitu++	G_ZEXTLOAD	initial	first	i64,p0	i32@64@not_atomic@not_atomic	Legal	0	-	1	0.000471
lencod	G_FRAME_INDEX	initial	first	p0	-	Legal	0	-	33973	10.296409
lencod	G_PTR_ADD	initial	first	p0,i64	-	Legal	0	-	33680	10.207607
lencod	G_LOAD	initial	first	p0,p0	p0@64@not_atomic@not_atomic	Legal	0	-	31566	9.566904
lencod	G_CONSTANT	initial	first	i64	-	Legal	0	-	28704	8.699500
lencod	G_LOAD	initial	first	i32,p0	i32@32@not_atomic@not_atomic	Legal	0	-	25219	7.643279
lencod	G_BR	initial	first	-	-	Legal	0	-	21613	6.550386
lencod	G_BRCOND	initial	revisit	i32	-	Legal	0	-	17711	5.367783
lencod	G_CONSTANT	initial	first	i32	-	Legal	0	-	15661	4.746477
lencod	G_STORE	initial	first	i32,p0	i32@32@not_atomic@not_atomic	Legal	0	-	13138	3.981815
lencod	G_GLOBAL_VALUE	initial	first	p0	-	Custom	0	-	11797	3.575390
lencod	G_SHL	initial	first	i64,i64	-	Legal	0	-	10946	3.317472
lencod	G_SEXTLOAD	initial	first	i64,p0	i32@32@not_atomic@not_atomic	Legal	0	-	9708	2.942264
lencod	G_BRCOND	initial	first	i1	-	WidenScalar	0	i32	8882	2.691923
lencod	G_ICMP	initial	revisit	i32,i32	-	Legal	0	-	8771	2.658282
lencod	G_ICMP	initial	first	i1,i32	-	WidenScalar	0	i32	8647	2.620700
lencod	G_ADD	initial	first	i32	-	Legal	0	-	8220	2.491287
lencod	G_LOAD	initial	first	i32,p0	i32@64@not_atomic@not_atomic	Legal	0	-	3897	1.181088
lencod	G_STORE	initial	first	p0,p0	p0@64@not_atomic@not_atomic	Legal	0	-	2847	0.862858
lencod	G_SEXT	initial	first	i64,i32	-	Legal	0	-	1988	0.602516
lencod	G_SUB	initial	first	i32	-	Legal	0	-	1951	0.591302
lencod	G_SEXTLOAD	initial	first	i32,p0	i16@16@not_atomic@not_atomic	Legal	0	-	1811	0.548871
lencod	G_STORE	initial	first	i16,p0	i16@16@not_atomic@not_atomic	Legal	0	-	1743	0.528262
lencod	G_MUL	initial	first	i32	-	Legal	0	-	1319	0.399758
lencod	G_SHL	initial	first	i32,i32	-	Custom	0	-	1316	0.398848
lencod	G_STORE	initial	first	i32,p0	i32@64@not_atomic@not_atomic	Legal	0	-	1167	0.353690
lencod	G_ASHR	initial	first	i32,i32	-	Custom	0	-	1131	0.342779
lencod	G_ZEXTLOAD	initial	first	i32,p0	i16@16@not_atomic@not_atomic	Legal	0	-	1107	0.335505
lencod	G_ASHR	initial	revisit	i32,i64	-	Legal	0	-	947	0.287013
lencod	G_MUL	initial	first	i64	-	Legal	0	-	938	0.284285
lencod	G_CONSTANT	generated	first	i64	-	Legal	0	-	819	0.248219
lencod	G_TRUNC	initial	first	i16,i32	-	Legal	0	-	813	0.246401
lencod	G_SHL	initial	revisit	i32,i64	-	Legal	0	-	804	0.243673
lencod	G_LOAD	initial	first	i64,p0	i64@64@not_atomic@not_atomic	Legal	0	-	654	0.198212
lencod	G_LOAD	initial	first	f64,p0	f64@64@not_atomic@not_atomic	Legal	0	-	633	0.191847
lencod	G_PHI	initial	first	i32	-	Legal	0	-	606	0.183664
lencod	G_CONSTANT	initial	first	p0	-	Legal	0	-	541	0.163964
lencod	G_STORE	initial	first	i8,p0	i8@8@not_atomic@not_atomic	Legal	0	-	450	0.136384
lencod	G_STORE	initial	first	f64,p0	f64@64@not_atomic@not_atomic	Legal	0	-	428	0.129717
lencod	G_LOAD	initial	first	i16,p0	i16@16@not_atomic@not_atomic	Legal	0	-	427	0.129414
lencod	G_SDIV	initial	first	i32	-	Legal	0	-	420	0.127292
lencod	G_SEXTLOAD	initial	first	i64,p0	i16@16@not_atomic@not_atomic	Legal	0	-	414	0.125474
lencod	G_ICMP	initial	first	i1,p0	-	WidenScalar	0	i32	411	0.124564
lencod	G_ICMP	initial	revisit	i32,p0	-	Legal	0	-	411	0.124564
lencod	G_CONSTANT	generated	first	i32	-	Legal	0	-	403	0.122140
lencod	G_ZEXTLOAD	initial	first	i64,p0	i32@32@not_atomic@not_atomic	Legal	0	-	388	0.117594
lencod	G_CONSTANT	generated	first	i16	-	Legal	0	-	360	0.109107
lencod	G_STORE	initial	first	i64,p0	i64@64@not_atomic@not_atomic	Legal	0	-	342	0.103652
lencod	G_CONSTANT	initial	first	i16	-	Legal	0	-	321	0.097287
lencod	G_SEXTLOAD	initial	first	i64,p0	i32@64@not_atomic@not_atomic	Legal	0	-	317	0.096075
lencod	G_FCONSTANT	initial	first	f64	-	Legal	0	-	301	0.091226
lencod	G_SELECT	initial	revisit	i32,i32	-	Legal	0	-	299	0.090620
lencod	G_CONSTANT	initial	first	i1	-	WidenScalar	0	i8	294	0.089104
lencod	G_CONSTANT	initial	revisit	i8	-	Legal	0	-	294	0.089104
lencod	G_PHI	initial	revisit	i16	-	Legal	0	-	282	0.085467
lencod	G_AND	initial	first	i32	-	Legal	0	-	281	0.085164
lencod	G_SEXTLOAD	initial	first	i32,p0	i8@8@not_atomic@not_atomic	Legal	0	-	279	0.084558
lencod	G_CONSTANT	initial	first	i8	-	Legal	0	-	249	0.075466
lencod	G_TRUNC	generated	first	i16,i32	-	Legal	0	-	248	0.075163
lencod	G_PHI	initial	first	i1	-	WidenScalar	0	i16	245	0.074254
lencod	G_AND	generated	first	i32	-	Legal	0	-	243	0.073648
lencod	G_LOAD	initial	first	f32,p0	f32@32@not_atomic@not_atomic	Legal	0	-	230	0.069708
lencod	G_ANYEXT	generated	first	i32,i16	-	Legal	0	-	229	0.069404
lencod	G_STORE	initial	first	i32,p0	i32@8@not_atomic@not_atomic	Legal	0	-	175	0.053038
lencod	G_FPEXT	initial	first	f64,f32	-	Legal	0	-	174	0.052735
lencod	G_SELECT	initial	first	i32,i1	-	WidenScalar	1	i32	172	0.052129
lencod	G_SITOFP	initial	first	f64,i32	-	Legal	0	-	172	0.052129
lencod	G_TRUNC	initial	first	i32,i64	-	Legal	0	-	170	0.051523
lencod	G_ZEXTLOAD	initial	first	i32,p0	i8@8@not_atomic@not_atomic	Legal	0	-	161	0.048795
lencod	G_FMUL	initial	first	f64	-	Legal	0	-	148	0.044855
lencod	G_LOAD	initial	first	i8,p0	i8@8@not_atomic@not_atomic	Legal	0	-	148	0.044855
lencod	G_TRUNC	initial	first	i8,i32	-	Legal	0	-	147	0.044552
lencod	G_STORE	initial	first	f32,p0	f32@32@not_atomic@not_atomic	Legal	0	-	138	0.041825
lencod	G_MUL	generated	first	i32	-	Legal	0	-	131	0.039703
lencod	G_SUB	generated	first	i32	-	Legal	0	-	131	0.039703
lencod	G_LOAD	initial	first	i32,p0	i16@16@not_atomic@not_atomic	Legal	0	-	126	0.038188
lencod	G_ICMP	initial	revisit	i1,i32	-	WidenScalar	0	i32	123	0.037278
lencod	G_ADD	initial	first	i64	-	Legal	0	-	120	0.036369
lencod	G_SITOFP	initial	first	f32,i32	-	Legal	0	-	119	0.036066
lencod	G_OR	initial	first	i32	-	Legal	0	-	112	0.033945
lencod	G_FDIV	initial	first	f64	-	Legal	0	-	110	0.033338
lencod	G_SDIV	generated	first	i32	-	Legal	0	-	110	0.033338
lencod	G_SREM	initial	first	i32	-	Lower	0	-	110	0.033338
lencod	G_FADD	initial	first	f64	-	Legal	0	-	102	0.030914
lencod	G_FDIV	initial	first	f32	-	Legal	0	-	102	0.030914
lencod	G_FPTOSI	initial	first	i32,f64	-	Legal	0	-	95	0.028792
lencod	G_ZEXT	generated	first	i32,i16	-	Legal	0	-	81	0.024549
lencod	G_STORE	initial	first	p0,p0	p0@8@not_atomic@not_atomic	Legal	0	-	78	0.023640
lencod	G_FMA	initial	first	f64	-	Legal	0	-	74	0.022428
lencod	G_ICMP	initial	first	i1,i64	-	WidenScalar	0	i32	74	0.022428
lencod	G_ICMP	initial	revisit	i32,i64	-	Legal	0	-	74	0.022428
lencod	G_LOAD	initial	first	f128,p0	s128@32@not_atomic@not_atomic	Legal	0	-	74	0.022428
lencod	G_STORE	initial	first	i8,p0	i8@64@not_atomic@not_atomic	Legal	0	-	74	0.022428
lencod	G_ICMP	initial	first	i1,i16	-	WidenScalar	1	i32	73	0.022125
lencod	G_SITOFP	initial	first	f32,i64	-	Legal	0	-	69	0.020912
lencod	G_FCMP	initial	first	i1,f64	-	WidenScalar	0	i32	66	0.020003
lencod	G_FCMP	initial	revisit	i32,f64	-	Legal	0	-	66	0.020003
lencod	G_STORE	initial	first	f128,p0	s128@32@not_atomic@not_atomic	Legal	0	-	63	0.019094
lencod	G_MEMCPY	initial	first	p0,p0,i64	s8@64@not_atomic@not_atomic,s8@64@not_atomic@not_atomic	Libcall	0	-	61	0.018488
lencod	G_STORE	initial	first	f128,p0	s128@16@not_atomic@not_atomic	Legal	0	-	59	0.017881
lencod	G_FCONSTANT	initial	first	f32	-	Legal	0	-	55	0.016669
lencod	G_SUB	initial	first	i64	-	Legal	0	-	55	0.016669
lencod	G_FMUL	initial	first	f32	-	Legal	0	-	54	0.016366
lencod	G_SELECT	initial	revisit	p0,i32	-	Legal	0	-	54	0.016366
lencod	G_ICMP	initial	first	i1,i8	-	WidenScalar	1	i32	50	0.015154
lencod	G_MEMCPY	initial	first	p0,p0,i64	s8@32@not_atomic@not_atomic,s8@32@not_atomic@not_atomic	Libcall	0	-	50	0.015154
lencod	G_LOAD	initial	first	f128,p0	s128@16@not_atomic@not_atomic	Legal	0	-	49	0.014851
lencod	G_ZEXT	generated	first	i32,i8	-	Legal	0	-	49	0.014851
lencod	G_ADD	initial	revisit	i32	-	Legal	0	-	46	0.013942
lencod	G_LOAD	initial	first	f32,p0	f32@64@not_atomic@not_atomic	Legal	0	-	46	0.013942
lencod	G_LOAD	initial	first	i32,p0	i32@128@not_atomic@not_atomic	Legal	0	-	45	0.013638
lencod	G_MEMCPY	initial	first	p0,p0,i64	s8@16@not_atomic@not_atomic,s8@16@not_atomic@not_atomic	Libcall	0	-	45	0.013638
lencod	G_STORE	initial	revisit	i32,p0	i32@32@not_atomic@not_atomic	Legal	0	-	43	0.013032
lencod	G_PHI	initial	first	p0	-	Legal	0	-	42	0.012729
lencod	G_SITOFP	initial	first	f64,i64	-	Legal	0	-	40	0.012123
lencod	G_ZEXTLOAD	initial	first	i32,p0	i8@64@not_atomic@not_atomic	Legal	0	-	38	0.011517
lencod	G_ZEXT	initial	first	i64,i32	-	Legal	0	-	36	0.010911
lencod	G_SEXTLOAD	initial	first	i64,p0	i8@8@not_atomic@not_atomic	Legal	0	-	33	0.010002
lencod	G_XOR	initial	first	i32	-	Legal	0	-	32	0.009698
lencod	G_PHI	initial	first	i64	-	Legal	0	-	30	0.009092
lencod	G_FADD	initial	first	f32	-	Legal	0	-	29	0.008789
lencod	G_OR	initial	first	i64	-	Legal	0	-	29	0.008789
lencod	G_STORE	initial	first	i16,p0	i16@32@not_atomic@not_atomic	Legal	0	-	29	0.008789
lencod	G_ZEXTLOAD	initial	first	i64,p0	i16@16@not_atomic@not_atomic	Legal	0	-	28	0.008486
lencod	G_SELECT	initial	first	p0,i1	-	WidenScalar	1	i32	27	0.008183
lencod	G_MEMSET	initial	first	p0,i8,i64	s8@8@not_atomic@not_atomic	Libcall	0	-	26	0.007880
lencod	G_FFLOOR	initial	first	f64	-	Legal	0	-	25	0.007577
lencod	G_SEXTLOAD	initial	first	i16,p0	i8@8@not_atomic@not_atomic	WidenScalar	0	i32	25	0.007577
lencod	G_SEXTLOAD	initial	revisit	i32,p0	i8@8@not_atomic@not_atomic	Legal	0	-	25	0.007577
lencod	G_FPTOSI	initial	first	i32,f32	-	Legal	0	-	24	0.007274
lencod	G_FSUB	initial	first	f64	-	Legal	0	-	23	0.006971
lencod	G_PHI	initial	first	f64	-	Legal	0	-	23	0.006971
lencod	G_ADD	initial	first	i16	-	WidenScalar	0	i32	22	0.006668
lencod	G_LOAD	initial	first	p0,p0	p0@128@not_atomic@not_atomic	Legal	0	-	22	0.006668
lencod	G_STORE	initial	first	f128,p0	s128@64@not_atomic@not_atomic	Legal	0	-	22	0.006668
lencod	G_UDIV	generated	first	i32	-	Legal	0	-	21	0.006365
lencod	G_UREM	initial	first	i32	-	Lower	0	-	21	0.006365
lencod	G_LOAD	initial	first	f128,p0	s128@64@not_atomic@not_atomic	Legal	0	-	20	0.006062
lencod	G_LOAD	initial	first	i8,p0	i8@64@not_atomic@not_atomic	Legal	0	-	20	0.006062
lencod	G_UDIV	initial	first	i32	-	Legal	0	-	20	0.006062
lencod	G_STORE	initial	first	i32,p0	s32@8@not_atomic@not_atomic	Legal	0	-	19	0.005758
lencod	G_FPTRUNC	initial	first	f32,f64	-	Legal	0	-	18	0.005455
lencod	G_LOAD	initial	first	i32,p0	s32@8@not_atomic@not_atomic	Legal	0	-	18	0.005455
lencod	G_SEXTLOAD	initial	first	i32,p0	i16@64@not_atomic@not_atomic	Legal	0	-	18	0.005455
lencod	G_MEMCPY	initial	first	p0,p0,i64	s8@8@not_atomic@not_atomic,s8@8@not_atomic@not_atomic	Libcall	0	-	17	0.005152
lencod	G_AND	initial	first	i64	-	Legal	0	-	16	0.004849
lencod	G_FNEG	initial	first	f64	-	Legal	0	-	16	0.004849
lencod	G_OR	initial	revisit	i32	-	Legal	0	-	16	0.004849
lencod	G_STORE	initial	first	i64,p0	i64@16@not_atomic@not_atomic	Legal	0	-	16	0.004849
lencod	G_ZEXTLOAD	initial	first	i64,p0	i32@64@not_atomic@not_atomic	Legal	0	-	15	0.004546
lencod	G_CONSTANT	initial	first	s64	-	Legal	0	-	14	0.004243
lencod	G_FCMP	initial	first	i1,f32	-	WidenScalar	0	i32	14	0.004243
lencod	G_FCMP	initial	revisit	i32,f32	-	Legal	0	-	14	0.004243
lencod	G_LOAD	initial	first	i64,p0	s64@32@not_atomic@not_atomic	Legal	0	-	14	0.004243
lencod	G_PTR_ADD	initial	first	p0,s64	-	Legal	0	-	14	0.004243
lencod	G_STORE	initial	first	i64,p0	s64@32@not_atomic@not_atomic	Legal	0	-	14	0.004243
lencod	G_SDIV	initial	first	i64	-	Legal	0	-	12	0.003637
lencod	G_STORE	initial	first	i16,p0	i16@64@not_atomic@not_atomic	Legal	0	-	12	0.003637
lencod	G_STORE	initial	first	i16,p0	i16@8@not_atomic@not_atomic	Legal	0	-	11	0.003334
lencod	G_MEMSET	initial	first	p0,i8,i64	s8@32@not_atomic@not_atomic	Libcall	0	-	10	0.003031
lencod	G_STORE	initial	first	i64,p0	i64@32@not_atomic@not_atomic	Legal	0	-	10	0.003031
lencod	G_STORE	initial	first	i64,p0	s64@16@not_atomic@not_atomic	Legal	0	-	10	0.003031
lencod	G_FMA	initial	first	f32	-	Legal	0	-	9	0.002728
lencod	G_LOAD	initial	first	i32,p0	s32@32@not_atomic@not_atomic	Legal	0	-	9	0.002728
lencod	G_SEXTLOAD	initial	first	i32,p0	i16@32@not_atomic@not_atomic	Legal	0	-	9	0.002728
lencod	G_STORE	initial	first	f32,p0	f32@64@not_atomic@not_atomic	Legal	0	-	9	0.002728
lencod	G_XOR	initial	first	i1	-	WidenScalar	0	i32	9	0.002728
lencod	G_XOR	initial	revisit	i32	-	Legal	0	-	9	0.002728
lencod	G_LOAD	initial	first	i64,p0	s64@16@not_atomic@not_atomic	Legal	0	-	8	0.002425
lencod	G_LSHR	initial	first	i32,i32	-	Custom	0	-	8	0.002425
lencod	G_STORE	initial	first	i32,p0	s32@32@not_atomic@not_atomic	Legal	0	-	8	0.002425
lencod	G_UITOFP	initial	first	f64,i16	-	WidenScalar	1	i32	8	0.002425
lencod	G_UITOFP	initial	revisit	f64,i32	-	Legal	0	-	8	0.002425
lencod	G_BUILD_VECTOR	initial	first	<2 x i64>,i64	-	Legal	0	-	7	0.002122
lencod	G_FSUB	initial	first	f32	-	Legal	0	-	7	0.002122
lencod	G_LSHR	initial	first	i64,i64	-	Legal	0	-	7	0.002122
lencod	G_LSHR	initial	revisit	i32,i64	-	Legal	0	-	7	0.002122
lencod	G_MEMCPY	initial	first	p0,p0,i64	s8@64@not_atomic@not_atomic,s8@16@not_atomic@not_atomic	Libcall	0	-	7	0.002122
lencod	G_STORE	initial	first	i16,p0	s16@8@not_atomic@not_atomic	Legal	0	-	7	0.002122
lencod	G_STORE	initial	first	i32,p0	i32@16@not_atomic@not_atomic	Legal	0	-	7	0.002122
lencod	G_UITOFP	initial	first	f64,i32	-	Legal	0	-	7	0.002122
lencod	G_ZEXTLOAD	initial	first	i64,p0	i16@64@not_atomic@not_atomic	Legal	0	-	7	0.002122
lencod	G_LOAD	initial	first	i16,p0	s16@8@not_atomic@not_atomic	Legal	0	-	6	0.001818
lencod	G_MEMCPY	initial	first	p0,p0,i64	s8@16@not_atomic@not_atomic,s8@64@not_atomic@not_atomic	Libcall	0	-	6	0.001818
lencod	G_SELECT	initial	first	f64,i1	-	WidenScalar	1	i32	6	0.001818
lencod	G_SELECT	initial	revisit	f64,i32	-	Legal	0	-	6	0.001818
lencod	G_STORE	initial	first	<2 x i64>,p0	<2 x i64>@32@not_atomic@not_atomic	Legal	0	-	6	0.001818
lencod	G_UITOFP	initial	first	f32,i64	-	Legal	0	-	6	0.001818
lencod	G_LOAD	initial	first	i16,p0	i16@32@not_atomic@not_atomic	Legal	0	-	5	0.001515
lencod	G_MEMSET	initial	first	p0,i8,i64	s8@16@not_atomic@not_atomic	Libcall	0	-	5	0.001515
lencod	G_PHI	initial	revisit	i32	-	Legal	0	-	5	0.001515
lencod	G_TRUNC	initial	first	i8,i16	-	Legal	0	-	5	0.001515
lencod	G_FABS	initial	first	f64	-	Legal	0	-	4	0.001212
lencod	G_LOAD	initial	first	f128,p0	s128@8@not_atomic@not_atomic	Legal	0	-	4	0.001212
lencod	G_LOAD	initial	first	i32,p0	i8@8@not_atomic@not_atomic	Legal	0	-	4	0.001212
lencod	G_SELECT	initial	revisit	f32,i32	-	Legal	0	-	4	0.001212
lencod	G_STORE	initial	first	f64,p0	f64@8@not_atomic@not_atomic	Legal	0	-	4	0.001212
lencod	G_STORE	initial	revisit	i32,p0	i32@64@not_atomic@not_atomic	Legal	0	-	4	0.001212
lencod	G_ZEXTLOAD	initial	first	i32,p0	i8@16@not_atomic@not_atomic	Legal	0	-	4	0.001212
lencod	G_AND	generated	first	i64	-	Legal	0	-	3	0.000909
lencod	G_ANYEXT	generated	first	i64,i32	-	Legal	0	-	3	0.000909
lencod	G_ASHR	initial	first	i64,i64	-	Legal	0	-	3	0.000909
lencod	G_FPTOUI	initial	first	i64,f32	-	Legal	0	-	3	0.000909
lencod	G_LOAD	initial	first	i16,p0	i16@64@not_atomic@not_atomic	Legal	0	-	3	0.000909
lencod	G_LOAD	initial	first	i32,p0	i16@64@not_atomic@not_atomic	Legal	0	-	3	0.000909
lencod	G_LOAD	initial	first	i32,p0	i16@128@not_atomic@not_atomic	Legal	0	-	3	0.000909
lencod	G_MUL	initial	first	i16	-	WidenScalar	0	i32	3	0.000909
lencod	G_MUL	initial	revisit	i32	-	Legal	0	-	3	0.000909
lencod	G_STORE	initial	first	f128,p0	s128@8@not_atomic@not_atomic	Legal	0	-	3	0.000909
lencod	G_STORE	initial	first	i8,p0	i8@16@not_atomic@not_atomic	Legal	0	-	3	0.000909
lencod	G_STORE	initial	first	i8,p0	i8@32@not_atomic@not_atomic	Legal	0	-	3	0.000909
lencod	G_ZEXTLOAD	initial	first	i32,p0	i16@64@not_atomic@not_atomic	Legal	0	-	3	0.000909
lencod	G_ZEXTLOAD	initial	first	i64,p0	s8@64@not_atomic@not_atomic	Legal	0	-	3	0.000909
lencod	G_AND	generated	revisit	i32	-	Legal	0	-	2	0.000606
lencod	G_AND	initial	revisit	i32	-	Legal	0	-	2	0.000606
lencod	G_BRJT	initial	first	p0,i64	-	Legal	0	-	2	0.000606
lencod	G_FCEIL	initial	first	f64	-	Legal	0	-	2	0.000606
lencod	G_JUMP_TABLE	initial	first	p0	-	Legal	0	-	2	0.000606
lencod	G_LOAD	initial	first	i16,p0	s16@16@not_atomic@not_atomic	Legal	0	-	2	0.000606
lencod	G_LOAD	initial	first	i32,p0	s32@16@not_atomic@not_atomic	Legal	0	-	2	0.000606
lencod	G_LOAD	initial	first	i64,p0	s64@64@not_atomic@not_atomic	Legal	0	-	2	0.000606
lencod	G_LOAD	initial	first	i8,p0	i8@32@not_atomic@not_atomic	Legal	0	-	2	0.000606
lencod	G_MEMSET	initial	first	p0,i8,i64	s8@64@not_atomic@not_atomic	Libcall	0	-	2	0.000606
lencod	G_SELECT	initial	first	f32,i1	-	WidenScalar	1	i32	2	0.000606
lencod	G_SEXT	generated	first	i32,i16	-	Legal	0	-	2	0.000606
lencod	G_SITOFP	initial	first	f32,i16	-	WidenScalar	1	i32	2	0.000606
lencod	G_SITOFP	initial	revisit	f32,i32	-	Legal	0	-	2	0.000606
lencod	G_STORE	initial	first	<2 x i64>,p0	<2 x i64>@64@not_atomic@not_atomic	Legal	0	-	2	0.000606
lencod	G_STORE	initial	first	i32,p0	s32@16@not_atomic@not_atomic	Legal	0	-	2	0.000606
lencod	G_UDIV	initial	first	i64	-	Legal	0	-	2	0.000606
lencod	G_UITOFP	initial	first	f32,i32	-	Legal	0	-	2	0.000606
lencod	G_ZEXTLOAD	initial	first	i32,p0	s8@16@not_atomic@not_atomic	Legal	0	-	2	0.000606
lencod	G_AND	generated	first	i16	-	WidenScalar	0	i32	1	0.000303
lencod	G_FPTOSI	initial	first	i64,f32	-	Legal	0	-	1	0.000303
lencod	G_LOAD	initial	first	i32,p0	s32@64@not_atomic@not_atomic	Legal	0	-	1	0.000303
lencod	G_LOAD	initial	first	i64,p0	s64@8@not_atomic@not_atomic	Legal	0	-	1	0.000303
lencod	G_LOAD	initial	first	i8,p0	s8@8@not_atomic@not_atomic	Legal	0	-	1	0.000303
lencod	G_MEMCPY	initial	first	p0,p0,i64	s8@8@not_atomic@not_atomic,s8@16@not_atomic@not_atomic	Libcall	0	-	1	0.000303
lencod	G_MEMCPY	initial	first	p0,p0,i64	s8@16@not_atomic@not_atomic,s8@8@not_atomic@not_atomic	Libcall	0	-	1	0.000303
lencod	G_MEMCPY	initial	first	p0,p0,i64	s8@32@not_atomic@not_atomic,s8@64@not_atomic@not_atomic	Libcall	0	-	1	0.000303
lencod	G_MEMCPY	initial	first	p0,p0,i64	s8@64@not_atomic@not_atomic,s8@32@not_atomic@not_atomic	Libcall	0	-	1	0.000303
lencod	G_SEXT_INREG	generated	first	i64	-	Legal	0	-	1	0.000303
lencod	G_STORE	initial	first	i16,p0	s16@16@not_atomic@not_atomic	Legal	0	-	1	0.000303
lencod	G_STORE	initial	first	i32,p0	s32@64@not_atomic@not_atomic	Legal	0	-	1	0.000303
lencod	G_STORE	initial	first	i64,p0	i64@8@not_atomic@not_atomic	Legal	0	-	1	0.000303
lencod	G_STORE	initial	first	i64,p0	s64@8@not_atomic@not_atomic	Legal	0	-	1	0.000303
lencod	G_STORE	initial	first	i8,p0	s8@8@not_atomic@not_atomic	Legal	0	-	1	0.000303
lencod	G_TRUNC	initial	first	i16,i64	-	Legal	0	-	1	0.000303
lencod	G_UITOFP	initial	first	f64,i64	-	Legal	0	-	1	0.000303
lencod	G_XOR	initial	first	i64	-	Legal	0	-	1	0.000303
lencod	G_ZEXTLOAD	initial	first	i16,p0	i8@8@not_atomic@not_atomic	WidenScalar	0	i32	1	0.000303
lencod	G_ZEXTLOAD	initial	first	i32,p0	i8@32@not_atomic@not_atomic	Legal	0	-	1	0.000303
lencod	G_ZEXTLOAD	initial	first	i64,p0	i8@8@not_atomic@not_atomic	Legal	0	-	1	0.000303
lencod	G_ZEXTLOAD	initial	revisit	i32,p0	i8@8@not_atomic@not_atomic	Legal	0	-	1	0.000303
mafft	G_FRAME_INDEX	initial	first	p0	-	Legal	0	-	26117	16.257688
mafft	G_LOAD	initial	first	p0,p0	p0@64@not_atomic@not_atomic	Legal	0	-	13820	8.602873
mafft	G_LOAD	initial	first	i32,p0	i32@32@not_atomic@not_atomic	Legal	0	-	12914	8.038893
mafft	G_BR	initial	first	-	-	Legal	0	-	12868	8.010259
mafft	G_BRCOND	initial	revisit	i32	-	Legal	0	-	9033	5.622992
mafft	G_PTR_ADD	initial	first	p0,i64	-	Legal	0	-	8435	5.250741
mafft	G_CONSTANT	initial	first	i32	-	Legal	0	-	8117	5.052788
mafft	G_STORE	initial	first	i32,p0	i32@32@not_atomic@not_atomic	Legal	0	-	7311	4.551057
mafft	G_CONSTANT	initial	first	i64	-	Legal	0	-	7249	4.512462
mafft	G_GLOBAL_VALUE	initial	first	p0	-	Custom	0	-	6467	4.025672
mafft	G_SEXTLOAD	initial	first	i64,p0	i32@32@not_atomic@not_atomic	Legal	0	-	5179	3.223899
mafft	G_SHL	initial	first	i64,i64	-	Legal	0	-	4966	3.091307
mafft	G_BRCOND	initial	first	i1	-	WidenScalar	0	i32	4531	2.820522
mafft	G_ADD	initial	first	i32	-	Legal	0	-	4366	2.717811
mafft	G_STORE	initial	first	p0,p0	p0@64@not_atomic@not_atomic	Legal	0	-	4115	2.561565
mafft	G_ICMP	initial	revisit	i32,i32	-	Legal	0	-	4106	2.555962
mafft	G_ICMP	initial	first	i1,i32	-	WidenScalar	0	i32	4062	2.528572
mafft	G_LOAD	initial	first	f32,p0	f32@32@not_atomic@not_atomic	Legal	0	-	2353	1.464729
mafft	G_STORE	initial	first	f32,p0	f32@32@not_atomic@not_atomic	Legal	0	-	1491	0.928139
mafft	G_STORE	initial	first	f64,p0	f64@64@not_atomic@not_atomic	Legal	0	-	1084	0.674784
mafft	G_LOAD	initial	first	f64,p0	f64@64@not_atomic@not_atomic	Legal	0	-	1013	0.630587
mafft	G_SEXT	initial	first	i64,i32	-	Legal	0	-	807	0.502353
mafft	G_ZEXTLOAD	initial	first	i32,p0	i8@8@not_atomic@not_atomic	Legal	0	-	716	0.445706
mafft	G_FCONSTANT	initial	first	f64	-	Legal	0	-	694	0.432011
mafft	G_FPEXT	initial	first	f64,f32	-	Legal	0	-	449	0.279500
mafft	G_STORE	initial	first	i8,p0	i8@8@not_atomic@not_atomic	Legal	0	-	448	0.278878
mafft	G_FADD	initial	first	f32	-	Legal	0	-	401	0.249620
mafft	G_FMUL	initial	first	f64	-	Legal	0	-	389	0.242150
mafft	G_CONSTANT	initial	first	p0	-	Legal	0	-	369	0.229700
mafft	G_SUB	initial	first	i32	-	Legal	0	-	348	0.216628
mafft	G_MUL	initial	first	i64	-	Legal	0	-	339	0.211026
mafft	G_SITOFP	initial	first	f64,i32	-	Legal	0	-	321	0.199821
mafft	G_CONSTANT	initial	first	i8	-	Legal	0	-	320	0.199198
mafft	G_ICMP	initial	first	i1,p0	-	WidenScalar	0	i32	298	0.185503
mafft	G_ICMP	initial	revisit	i32,p0	-	Legal	0	-	298	0.185503
mafft	G_FCONSTANT	initial	first	f32	-	Legal	0	-	269	0.167451
mafft	G_TRUNC	initial	first	i32,i64	-	Legal	0	-	239	0.148776
mafft	G_FPTRUNC	initial	first	f32,f64	-	Legal	0	-	218	0.135704
mafft	G_FCMP	initial	first	i1,f32	-	WidenScalar	0	i32	211	0.131346
mafft	G_FCMP	initial	revisit	i32,f32	-	Legal	0	-	211	0.131346
mafft	G_FSUB	initial	first	f64	-	Legal	0	-	211	0.131346
mafft	G_MUL	initial	first	i32	-	Legal	0	-	207	0.128856
mafft	G_LOAD	initial	first	i32,p0	i32@64@not_atomic@not_atomic	Legal	0	-	181	0.112671
mafft	G_FADD	initial	first	f64	-	Legal	0	-	175	0.108937
mafft	G_PHI	initial	first	i32	-	Legal	0	-	167	0.103957
mafft	G_LOAD	initial	first	i8,p0	i8@8@not_atomic@not_atomic	Legal	0	-	154	0.095864
mafft	G_FMA	initial	first	f64	-	Legal	0	-	149	0.092752
mafft	G_FDIV	initial	first	f64	-	Legal	0	-	145	0.090262
mafft	G_STORE	initial	first	p0,p0	p0@8@not_atomic@not_atomic	Legal	0	-	138	0.085904
mafft	G_MUL	initial	revisit	i32	-	Legal	0	-	122	0.075944
mafft	G_FPTOSI	initial	first	i32,f64	-	Legal	0	-	120	0.074699
mafft	G_STORE	initial	first	i32,p0	i32@64@not_atomic@not_atomic	Legal	0	-	119	0.074077
mafft	G_SITOFP	initial	first	f32,i32	-	Legal	0	-	107	0.066607
mafft	G_STORE	initial	first	i32,p0	i32@8@not_atomic@not_atomic	Legal	0	-	94	0.058514
mafft	G_FCMP	initial	first	i1,f64	-	WidenScalar	0	i32	93	0.057892
mafft	G_FCMP	initial	revisit	i32,f64	-	Legal	0	-	93	0.057892
mafft	G_LOAD	initial	first	p0,p0	p0@128@not_atomic@not_atomic	Legal	0	-	90	0.056025
mafft	G_PTRTOINT	initial	first	i64,p0	-	Legal	0	-	86	0.053535
mafft	G_CONSTANT	generated	first	i32	-	Legal	0	-	75	0.046687
mafft	G_FMA	initial	first	f32	-	Legal	0	-	74	0.046065
mafft	G_FMUL	initial	first	f32	-	Legal	0	-	66	0.041085
mafft	G_LOAD	initial	first	i32,p0	i32@128@not_atomic@not_atomic	Legal	0	-	52	0.032370
mafft	G_SUB	initial	first	i64	-	Legal	0	-	47	0.029257
mafft	G_ICMP	initial	first	i1,i8	-	WidenScalar	1	i32	44	0.027390
mafft	G_ICMP	initial	revisit	i1,i32	-	WidenScalar	0	i32	44	0.027390
mafft	G_ZEXT	generated	first	i32,i8	-	Legal	0	-	44	0.027390
mafft	G_CONSTANT	initial	first	i1	-	WidenScalar	0	i8	39	0.024277
mafft	G_CONSTANT	initial	revisit	i8	-	Legal	0	-	39	0.024277
mafft	G_STORE	initial	revisit	i32,p0	i32@32@not_atomic@not_atomic	Legal	0	-	39	0.024277
mafft	G_CONSTANT	generated	first	i16	-	Legal	0	-	36	0.022410
mafft	G_ADD	initial	first	i64	-	Legal	0	-	33	0.020542
mafft	G_ANYEXT	generated	first	i32,i16	-	Legal	0	-	32	0.019920
mafft	G_PHI	initial	first	i1	-	WidenScalar	0	i16	32	0.019920
mafft	G_PHI	initial	revisit	i16	-	Legal	0	-	32	0.019920
mafft	G_TRUNC	generated	first	i16,i32	-	Legal	0	-	32	0.019920
mafft	G_AND	generated	first	i32	-	Legal	0	-	30	0.018675
mafft	G_FNEG	initial	first	f64	-	Legal	0	-	27	0.016807
mafft	G_SDIV	initial	first	i32	-	Legal	0	-	27	0.016807
mafft	G_TRUNC	initial	first	i8,i32	-	Legal	0	-	24	0.014940
mafft	G_ICMP	initial	first	i1,i64	-	WidenScalar	0	i32	23	0.014317
mafft	G_ICMP	initial	revisit	i32,i64	-	Legal	0	-	23	0.014317
mafft	G_LOAD	initial	first	f32,p0	f32@64@not_atomic@not_atomic	Legal	0	-	18	0.011205
mafft	G_AND	initial	first	i32	-	Legal	0	-	17	0.010582
mafft	G_CONSTANT	generated	first	i64	-	Legal	0	-	17	0.010582
mafft	G_SHL	initial	first	i32,i32	-	Custom	0	-	16	0.009960
mafft	G_SHL	initial	revisit	i32,i64	-	Legal	0	-	16	0.009960
mafft	G_ZEXTLOAD	initial	first	i32,p0	i16@16@not_atomic@not_atomic	Legal	0	-	16	0.009960
mafft	G_LOAD	initial	first	i16,p0	s16@8@not_atomic@not_atomic	Legal	0	-	14	0.008715
mafft	G_MUL	generated	first	i32	-	Legal	0	-	14	0.008715
mafft	G_SDIV	generated	first	i32	-	Legal	0	-	14	0.008715
mafft	G_SREM	initial	first	i32	-	Lower	0	-	14	0.008715
mafft	G_STORE	initial	first	i16,p0	s16@8@not_atomic@not_atomic	Legal	0	-	14	0.008715
mafft	G_SUB	generated	first	i32	-	Legal	0	-	14	0.008715
mafft	G_LOAD	initial	first	i64,p0	i64@64@not_atomic@not_atomic	Legal	0	-	11	0.006847
mafft	G_STORE	initial	first	i64,p0	i64@64@not_atomic@not_atomic	Legal	0	-	11	0.006847
mafft	G_FNEG	initial	first	f32	-	Legal	0	-	10	0.006225
mafft	G_MEMCPY	initial	first	p0,p0,i64	s8@64@not_atomic@not_atomic,s8@64@not_atomic@not_atomic	Libcall	0	-	9	0.005602
mafft	G_FDIV	initial	first	f32	-	Legal	0	-	8	0.004980
mafft	G_FSUB	initial	first	f32	-	Legal	0	-	8	0.004980
mafft	G_LOAD	initial	first	f128,p0	s128@8@not_atomic@not_atomic	Legal	0	-	8	0.004980
mafft	G_PHI	initial	first	f64	-	Legal	0	-	8	0.004980
mafft	G_SELECT	initial	revisit	p0,i32	-	Legal	0	-	8	0.004980
mafft	G_STORE	initial	first	f128,p0	s128@8@not_atomic@not_atomic	Legal	0	-	8	0.004980
mafft	G_STORE	initial	first	f32,p0	f32@64@not_atomic@not_atomic	Legal	0	-	7	0.004357
mafft	G_PHI	initial	first	f32	-	Legal	0	-	6	0.003735
mafft	G_SITOFP	initial	first	f64,i64	-	Legal	0	-	6	0.003735
mafft	G_ADD	initial	revisit	i32	-	Legal	0	-	5	0.003112
mafft	G_ZEXT	initial	first	i64,i32	-	Legal	0	-	5	0.003112
mafft	G_SELECT	initial	first	p0,i1	-	WidenScalar	1	i32	4	0.002490
mafft	G_FPTOSI	initial	first	i32,f32	-	Legal	0	-	3	0.001867
mafft	G_SITOFP	initial	revisit	f32,i32	-	Legal	0	-	3	0.001867
mafft	G_XOR	initial	first	i1	-	WidenScalar	0	i32	3	0.001867
mafft	G_XOR	initial	revisit	i32	-	Legal	0	-	3	0.001867
mafft	G_BRJT	initial	first	p0,i64	-	Legal	0	-	2	0.001245
mafft	G_FPTOSI	initial	first	i64,f64	-	Legal	0	-	2	0.001245
mafft	G_JUMP_TABLE	initial	first	p0	-	Legal	0	-	2	0.001245
mafft	G_PHI	initial	first	i64	-	Legal	0	-	2	0.001245
mafft	G_SDIV	initial	first	i64	-	Legal	0	-	2	0.001245
mafft	G_SITOFP	initial	revisit	f64,i32	-	Legal	0	-	2	0.001245
mafft	G_AND	generated	first	i64	-	Legal	0	-	1	0.000622
mafft	G_ANYEXT	generated	first	i64,i32	-	Legal	0	-	1	0.000622
mafft	G_ASHR	initial	first	i32,i32	-	Custom	0	-	1	0.000622
mafft	G_ASHR	initial	revisit	i32,i64	-	Legal	0	-	1	0.000622
mafft	G_LOAD	initial	first	i32,p0	i8@8@not_atomic@not_atomic	Legal	0	-	1	0.000622
mafft	G_SITOFP	initial	first	f32,i64	-	Legal	0	-	1	0.000622
mafft	G_ZEXTLOAD	initial	first	i64,p0	i32@32@not_atomic@not_atomic	Legal	0	-	1	0.000622
SPASS	G_FRAME_INDEX	initial	first	p0	-	Legal	0	-	35568	19.517656
SPASS	G_LOAD	initial	first	p0,p0	p0@64@not_atomic@not_atomic	Legal	0	-	28222	15.486597
SPASS	G_BR	initial	first	-	-	Legal	0	-	18717	10.270804
SPASS	G_BRCOND	initial	revisit	i32	-	Legal	0	-	14841	8.143880
SPASS	G_STORE	initial	first	p0,p0	p0@64@not_atomic@not_atomic	Legal	0	-	12428	6.819766
SPASS	G_CONSTANT	initial	first	i32	-	Legal	0	-	10472	5.746426
SPASS	G_LOAD	initial	first	i32,p0	i32@32@not_atomic@not_atomic	Legal	0	-	8628	4.734546
SPASS	G_BRCOND	initial	first	i1	-	WidenScalar	0	i32	7523	4.128186
SPASS	G_ICMP	initial	revisit	i32,i32	-	Legal	0	-	7145	3.920762
SPASS	G_ICMP	initial	first	i1,i32	-	WidenScalar	0	i32	7141	3.918567
SPASS	G_STORE	initial	first	i32,p0	i32@32@not_atomic@not_atomic	Legal	0	-	6296	3.454880
SPASS	G_GLOBAL_VALUE	initial	first	p0	-	Custom	0	-	4275	2.345872
SPASS	G_CONSTANT	initial	first	i64	-	Legal	0	-	3499	1.920048
SPASS	G_PTR_ADD	initial	first	p0,i64	-	Legal	0	-	3463	1.900294
SPASS	G_ADD	initial	first	i32	-	Legal	0	-	1392	0.763849
SPASS	G_CONSTANT	initial	first	p0	-	Legal	0	-	865	0.474662
SPASS	G_ICMP	initial	first	i1,p0	-	WidenScalar	0	i32	813	0.446127
SPASS	G_ICMP	initial	revisit	i32,p0	-	Legal	0	-	813	0.446127
SPASS	G_SHL	initial	first	i64,i64	-	Legal	0	-	757	0.415398
SPASS	G_SEXTLOAD	initial	first	i64,p0	i32@32@not_atomic@not_atomic	Legal	0	-	548	0.300711
SPASS	G_CONSTANT	generated	first	i16	-	Legal	0	-	494	0.271079
SPASS	G_PHI	initial	revisit	i16	-	Legal	0	-	447	0.245288
SPASS	G_CONSTANT	initial	first	i1	-	WidenScalar	0	i8	423	0.232118
SPASS	G_CONSTANT	initial	revisit	i8	-	Legal	0	-	423	0.232118
SPASS	G_LOAD	initial	first	i32,p0	i32@64@not_atomic@not_atomic	Legal	0	-	393	0.215656
SPASS	G_PHI	initial	first	i1	-	WidenScalar	0	i16	393	0.215656
SPASS	G_ZEXTLOAD	initial	first	i64,p0	i32@32@not_atomic@not_atomic	Legal	0	-	378	0.207424
SPASS	G_CONSTANT	generated	first	i32	-	Legal	0	-	375	0.205778
SPASS	G_AND	generated	first	i32	-	Legal	0	-	360	0.197547
SPASS	G_TRUNC	generated	first	i16,i32	-	Legal	0	-	339	0.186024
SPASS	G_ANYEXT	generated	first	i32,i16	-	Legal	0	-	338	0.185475
SPASS	G_LOAD	initial	first	i64,p0	i64@64@not_atomic@not_atomic	Legal	0	-	284	0.155843
SPASS	G_STORE	initial	first	i32,p0	i32@64@not_atomic@not_atomic	Legal	0	-	249	0.136637
SPASS	G_ADD	initial	first	i64	-	Legal	0	-	246	0.134991
SPASS	G_SUB	initial	first	i32	-	Legal	0	-	226	0.124016
SPASS	G_INTTOPTR	initial	first	p0,i64	-	Legal	0	-	225	0.123467
SPASS	G_STORE	initial	first	i64,p0	i64@64@not_atomic@not_atomic	Legal	0	-	204	0.111943
SPASS	G_SEXT	initial	first	i64,i32	-	Legal	0	-	173	0.094932
SPASS	G_SUB	generated	first	i32	-	Legal	0	-	165	0.090542
SPASS	G_MUL	generated	first	i32	-	Legal	0	-	164	0.089994
SPASS	G_PTRTOINT	initial	first	i32,p0	-	WidenScalar	0	i64	162	0.088896
SPASS	G_PTRTOINT	initial	revisit	i64,p0	-	Legal	0	-	162	0.088896
SPASS	G_TRUNC	generated	first	i32,i64	-	Legal	0	-	162	0.088896
SPASS	G_UDIV	generated	first	i32	-	Legal	0	-	162	0.088896
SPASS	G_UREM	initial	first	i32	-	Lower	0	-	162	0.088896
SPASS	G_TRUNC	initial	first	i32,i64	-	Legal	0	-	144	0.079019
SPASS	G_ZEXT	initial	first	i64,i32	-	Legal	0	-	123	0.067495
SPASS	G_ZEXTLOAD	initial	first	i32,p0	i8@8@not_atomic@not_atomic	Legal	0	-	121	0.066398
SPASS	G_ICMP	initial	first	i1,i64	-	WidenScalar	0	i32	82	0.044997
SPASS	G_ICMP	initial	revisit	i32,i64	-	Legal	0	-	82	0.044997
SPASS	G_MUL	initial	first	i64	-	Legal	0	-	78	0.042802
SPASS	G_STORE	initial	first	i8,p0	i8@8@not_atomic@not_atomic	Legal	0	-	73	0.040058
SPASS	G_SUB	initial	first	i64	-	Legal	0	-	73	0.040058
SPASS	G_STORE	initial	first	p0,p0	p0@8@not_atomic@not_atomic	Legal	0	-	67	0.036766
SPASS	G_AND	initial	first	i32	-	Legal	0	-	53	0.029083
SPASS	G_SEXTLOAD	initial	first	i64,p0	i32@64@not_atomic@not_atomic	Legal	0	-	51	0.027986
SPASS	G_PTRTOINT	initial	first	i64,p0	-	Legal	0	-	44	0.024145
SPASS	G_SELECT	initial	revisit	i32,i32	-	Legal	0	-	42	0.023047
SPASS	G_CONSTANT	initial	first	i8	-	Legal	0	-	39	0.021401
SPASS	G_PHI	initial	first	i32	-	Legal	0	-	39	0.021401
SPASS	G_PHI	initial	first	p0	-	Legal	0	-	33	0.018108
SPASS	G_LOAD	initial	first	i8,p0	i8@8@not_atomic@not_atomic	Legal	0	-	31	0.017011
SPASS	G_SEXTLOAD	initial	first	i32,p0	i16@16@not_atomic@not_atomic	Legal	0	-	24	0.013170
SPASS	G_STORE	initial	revisit	i32,p0	i32@32@not_atomic@not_atomic	Legal	0	-	24	0.013170
SPASS	G_SELECT	initial	first	i32,i1	-	WidenScalar	1	i32	21	0.011524
SPASS	G_ASHR	initial	first	i32,i32	-	Custom	0	-	20	0.010975
SPASS	G_LOAD	initial	first	p0,p0	p0@128@not_atomic@not_atomic	Legal	0	-	19	0.010426
SPASS	G_OR	initial	first	i32	-	Legal	0	-	19	0.010426
SPASS	G_STORE	initial	first	i32,p0	i32@8@not_atomic@not_atomic	Legal	0	-	19	0.010426
SPASS	G_TRUNC	initial	first	i8,i32	-	Legal	0	-	18	0.009877
SPASS	G_ZEXTLOAD	initial	first	i64,p0	i32@64@not_atomic@not_atomic	Legal	0	-	18	0.009877
SPASS	G_CONSTANT	generated	first	i64	-	Legal	0	-	17	0.009329
SPASS	G_ZEXTLOAD	initial	first	i32,p0	i16@16@not_atomic@not_atomic	Legal	0	-	17	0.009329
SPASS	G_STORE	initial	first	s128,p0	s128@8@not_atomic@not_atomic	Legal	0	-	16	0.008780
SPASS	G_SELECT	initial	revisit	p0,i32	-	Legal	0	-	14	0.007682
SPASS	G_STORE	initial	first	i64,p0	i64@8@not_atomic@not_atomic	Legal	0	-	14	0.007682
SPASS	G_STORE	initial	first	i16,p0	i16@16@not_atomic@not_atomic	Legal	0	-	13	0.007134
SPASS	G_LOAD	initial	first	i32,p0	i16@16@not_atomic@not_atomic	Legal	0	-	12	0.006585
SPASS	G_TRUNC	initial	first	i16,i32	-	Legal	0	-	11	0.006036
SPASS	G_MUL	initial	first	i32	-	Legal	0	-	10	0.005487
SPASS	G_OR	initial	first	i64	-	Legal	0	-	10	0.005487
SPASS	G_SEXTLOAD	initial	first	i32,p0	i8@8@not_atomic@not_atomic	Legal	0	-	10	0.005487
SPASS	G_LOAD	initial	first	i64,p0	s64@64@not_atomic@not_atomic	Legal	0	-	8	0.004390
SPASS	G_STORE	initial	first	i64,p0	s64@64@not_atomic@not_atomic	Legal	0	-	8	0.004390
SPASS	G_SUB	generated	first	i64	-	Legal	0	-	8	0.004390
SPASS	G_AND	initial	first	i64	-	Legal	0	-	7	0.003841
SPASS	G_SELECT	initial	first	p0,i1	-	WidenScalar	1	i32	7	0.003841
SPASS	G_SHL	initial	first	i32,i32	-	Custom	0	-	7	0.003841
SPASS	G_SHL	initial	revisit	i32,i64	-	Legal	0	-	7	0.003841
SPASS	G_ADD	initial	first	i8	-	WidenScalar	0	i32	6	0.003292
SPASS	G_ADD	initial	revisit	i32	-	Legal	0	-	6	0.003292
SPASS	G_ANYEXT	generated	first	i32,i8	-	Legal	0	-	6	0.003292
SPASS	G_FCMP	initial	first	i1,f32	-	WidenScalar	0	i32	6	0.003292
SPASS	G_FCMP	initial	revisit	i32,f32	-	Legal	0	-	6	0.003292
SPASS	G_SDIV	initial	first	i32	-	Legal	0	-	6	0.003292
SPASS	G_SITOFP	initial	first	f32,i32	-	Legal	0	-	6	0.003292
SPASS	G_TRUNC	generated	first	i8,i32	-	Legal	0	-	6	0.003292
SPASS	G_UDIV	initial	first	i64	-	Legal	0	-	6	0.003292
SPASS	G_ZEXTLOAD	initial	first	i64,p0	i8@8@not_atomic@not_atomic	Legal	0	-	6	0.003292
SPASS	G_BRJT	initial	first	p0,i64	-	Legal	0	-	5	0.002744
SPASS	G_JUMP_TABLE	initial	first	p0	-	Legal	0	-	5	0.002744
SPASS	G_UDIV	initial	first	i32	-	Legal	0	-	5	0.002744
SPASS	G_DYN_STACKALLOC	initial	first	p0,i64	-	Custom	0	-	4	0.002195
SPASS	G_ICMP	initial	first	i1,i8	-	WidenScalar	1	i32	4	0.002195
SPASS	G_ICMP	initial	revisit	i1,i32	-	WidenScalar	0	i32	4	0.002195
SPASS	G_INTTOPTR	generated	first	p0,i64	-	Legal	0	-	4	0.002195
SPASS	G_LOAD	initial	first	f128,p0	s128@64@not_atomic@not_atomic	Legal	0	-	4	0.002195
SPASS	G_MUL	generated	first	i64	-	Legal	0	-	4	0.002195
SPASS	G_PTRTOINT	generated	first	i64,p0	-	Legal	0	-	4	0.002195
SPASS	G_STORE	initial	first	f128,p0	s128@64@not_atomic@not_atomic	Legal	0	-	4	0.002195
SPASS	G_UDIV	generated	first	i64	-	Legal	0	-	4	0.002195
SPASS	G_UREM	initial	first	i64	-	Lower	0	-	4	0.002195
SPASS	G_ZEXT	generated	first	i32,i8	-	Legal	0	-	4	0.002195
SPASS	G_ASHR	initial	revisit	i32,i64	-	Legal	0	-	3	0.001646
SPASS	G_CONSTANT	initial	first	i16	-	Legal	0	-	3	0.001646
SPASS	G_XOR	initial	first	i1	-	WidenScalar	0	i32	3	0.001646
SPASS	G_XOR	initial	revisit	i32	-	Legal	0	-	3	0.001646
SPASS	G_AND	generated	first	i64	-	Legal	0	-	2	0.001097
SPASS	G_FCONSTANT	initial	first	f32	-	Legal	0	-	2	0.001097
SPASS	G_FPTOUI	initial	first	i32,f64	-	Legal	0	-	2	0.001097
SPASS	G_LOAD	initial	first	i16,p0	i16@16@not_atomic@not_atomic	Legal	0	-	2	0.001097
SPASS	G_MEMCPY	initial	first	p0,p0,i64	s8@64@not_atomic@not_atomic,s8@16@not_atomic@not_atomic	Libcall	0	-	2	0.001097
SPASS	G_MEMCPY	initial	first	p0,p0,i64	s8@64@not_atomic@not_atomic,s8@64@not_atomic@not_atomic	Libcall	0	-	2	0.001097
SPASS	G_SDIV	generated	first	i32	-	Legal	0	-	2	0.001097
SPASS	G_SDIV	initial	first	i64	-	Legal	0	-	2	0.001097
SPASS	G_SELECT	generated	revisit	i32,s32	-	Legal	0	-	2	0.001097
SPASS	G_SEXTLOAD	initial	first	i64,p0	i16@16@not_atomic@not_atomic	Legal	0	-	2	0.001097
SPASS	G_SITOFP	initial	first	f64,i32	-	Legal	0	-	2	0.001097
SPASS	G_SREM	initial	first	i32	-	Lower	0	-	2	0.001097
SPASS	G_VASTART	initial	first	p0	s256@64@not_atomic@not_atomic	Legal	0	-	2	0.001097
SPASS	G_ABS	initial	first	i32	-	Custom	0	-	1	0.000549
SPASS	G_ANYEXT	generated	first	i64,i16	-	Legal	0	-	1	0.000549
SPASS	G_ICMP	generated	first	s1,i32	-	WidenScalar	0	s32	1	0.000549
SPASS	G_ICMP	generated	revisit	s32,i32	-	Legal	0	-	1	0.000549
SPASS	G_LOAD	initial	first	i32,p0	i16@64@not_atomic@not_atomic	Legal	0	-	1	0.000549
SPASS	G_LOAD	initial	first	i32,p0	i32@128@not_atomic@not_atomic	Legal	0	-	1	0.000549
SPASS	G_MEMSET	initial	first	p0,i8,i64	s8@8@not_atomic@not_atomic	Libcall	0	-	1	0.000549
SPASS	G_SELECT	generated	first	i32,s1	-	WidenScalar	1	s32	1	0.000549
SPASS	G_STORE	initial	first	f32,p0	f32@32@not_atomic@not_atomic	Legal	0	-	1	0.000549
SPASS	G_STORE	initial	first	i16,p0	i16@64@not_atomic@not_atomic	Legal	0	-	1	0.000549
sqlite3	G_FRAME_INDEX	initial	first	p0	-	Legal	0	-	28933	15.958192
sqlite3	G_LOAD	initial	first	p0,p0	p0@64@not_atomic@not_atomic	Legal	0	-	24182	13.337746
sqlite3	G_BR	initial	first	-	-	Legal	0	-	15505	8.551888
sqlite3	G_BRCOND	initial	revisit	i32	-	Legal	0	-	13467	7.427815
sqlite3	G_PTR_ADD	initial	first	p0,i64	-	Legal	0	-	12238	6.749952
sqlite3	G_CONSTANT	initial	first	i64	-	Legal	0	-	10695	5.898900
sqlite3	G_CONSTANT	initial	first	i32	-	Legal	0	-	10197	5.624224
sqlite3	G_LOAD	initial	first	i32,p0	i32@32@not_atomic@not_atomic	Legal	0	-	8050	4.440032
sqlite3	G_BRCOND	initial	first	i1	-	WidenScalar	0	i32	6803	3.752241
sqlite3	G_STORE	initial	first	i32,p0	i32@32@not_atomic@not_atomic	Legal	0	-	6138	3.385455
sqlite3	G_STORE	initial	first	p0,p0	p0@64@not_atomic@not_atomic	Legal	0	-	5722	3.156008
sqlite3	G_ICMP	initial	revisit	i32,i32	-	Legal	0	-	5187	2.860925
sqlite3	G_ICMP	initial	first	i1,i32	-	WidenScalar	0	i32	4773	2.632580
sqlite3	G_CONSTANT	initial	first	p0	-	Legal	0	-	2255	1.243761
sqlite3	G_ADD	initial	first	i32	-	Legal	0	-	1988	1.096495
sqlite3	G_ICMP	initial	first	i1,p0	-	WidenScalar	0	i32	1703	0.939301
sqlite3	G_ICMP	initial	revisit	i32,p0	-	Legal	0	-	1703	0.939301
sqlite3	G_LOAD	initial	first	i32,p0	i32@64@not_atomic@not_atomic	Legal	0	-	1448	0.798654
sqlite3	G_SEXTLOAD	initial	first	i64,p0	i32@32@not_atomic@not_atomic	Legal	0	-	1433	0.790381
sqlite3	G_GLOBAL_VALUE	initial	first	p0	-	Custom	0	-	1177	0.649182
sqlite3	G_CONSTANT	initial	first	i8	-	Legal	0	-	1123	0.619398
sqlite3	G_ZEXTLOAD	initial	first	i32,p0	i8@8@not_atomic@not_atomic	Legal	0	-	974	0.537216
sqlite3	G_CONSTANT	generated	first	i32	-	Legal	0	-	713	0.393260
sqlite3	G_STORE	initial	first	i8,p0	i8@8@not_atomic@not_atomic	Legal	0	-	670	0.369543
sqlite3	G_STORE	initial	first	i32,p0	i32@64@not_atomic@not_atomic	Legal	0	-	664	0.366234
sqlite3	G_AND	initial	first	i32	-	Legal	0	-	587	0.323764
sqlite3	G_SHL	initial	first	i64,i64	-	Legal	0	-	555	0.306114
sqlite3	G_LOAD	initial	first	i64,p0	i64@64@not_atomic@not_atomic	Legal	0	-	523	0.288464
sqlite3	G_MUL	initial	first	i64	-	Legal	0	-	516	0.284603
sqlite3	G_SEXT	initial	first	i64,i32	-	Legal	0	-	467	0.257577
sqlite3	G_ICMP	initial	revisit	i1,i32	-	WidenScalar	0	i32	414	0.228345
sqlite3	G_ICMP	initial	first	i1,i8	-	WidenScalar	1	i32	411	0.226690
sqlite3	G_ZEXT	generated	first	i32,i8	-	Legal	0	-	411	0.226690
sqlite3	G_TRUNC	initial	first	i32,i64	-	Legal	0	-	370	0.204076
sqlite3	G_STORE	initial	first	i64,p0	i64@64@not_atomic@not_atomic	Legal	0	-	367	0.202421
sqlite3	G_LOAD	initial	first	i8,p0	i8@8@not_atomic@not_atomic	Legal	0	-	299	0.164915
sqlite3	G_TRUNC	initial	first	i8,i32	-	Legal	0	-	281	0.154987
sqlite3	G_OR	initial	first	i32	-	Legal	0	-	276	0.152230
sqlite3	G_ZEXTLOAD	initial	first	i32,p0	i8@64@not_atomic@not_atomic	Legal	0	-	257	0.141750
sqlite3	G_ZEXTLOAD	initial	first	i32,p0	i16@16@not_atomic@not_atomic	Legal	0	-	245	0.135131
sqlite3	G_CONSTANT	generated	first	i64	-	Legal	0	-	244	0.134580
sqlite3	G_ZEXTLOAD	initial	first	i32,p0	i16@32@not_atomic@not_atomic	Legal	0	-	235	0.129616
sqlite3	G_CONSTANT	generated	first	i16	-	Legal	0	-	208	0.114724
sqlite3	G_CONSTANT	initial	first	i1	-	WidenScalar	0	i8	205	0.113069
sqlite3	G_CONSTANT	initial	revisit	i8	-	Legal	0	-	205	0.113069
sqlite3	G_PHI	initial	revisit	i16	-	Legal	0	-	196	0.108105
sqlite3	G_SHL	initial	first	i32,i32	-	Custom	0	-	188	0.103693
sqlite3	G_ADD	initial	first	i64	-	Legal	0	-	186	0.102590
sqlite3	G_PHI	initial	first	i1	-	WidenScalar	0	i16	184	0.101486
sqlite3	G_AND	generated	first	i32	-	Legal	0	-	183	0.100935
sqlite3	G_ANYEXT	generated	first	i32,i16	-	Legal	0	-	180	0.099280
sqlite3	G_TRUNC	generated	first	i16,i32	-	Legal	0	-	180	0.099280
sqlite3	G_SHL	initial	revisit	i32,i64	-	Legal	0	-	176	0.097074
sqlite3	G_SELECT	initial	revisit	i32,i32	-	Legal	0	-	175	0.096522
sqlite3	G_LOAD	initial	first	f64,p0	f64@64@not_atomic@not_atomic	Legal	0	-	165	0.091007
sqlite3	G_STORE	initial	first	i8,p0	i8@64@not_atomic@not_atomic	Legal	0	-	162	0.089352
sqlite3	G_ICMP	initial	first	i1,i64	-	WidenScalar	0	i32	159	0.087698
sqlite3	G_ICMP	initial	revisit	i32,i64	-	Legal	0	-	159	0.087698
sqlite3	G_SUB	initial	first	i32	-	Legal	0	-	153	0.084388
sqlite3	G_STORE	initial	first	i8,p0	i8@16@not_atomic@not_atomic	Legal	0	-	150	0.082734
sqlite3	G_TRUNC	initial	first	i16,i32	-	Legal	0	-	146	0.080527
sqlite3	G_SEXTLOAD	initial	first	i64,p0	i32@64@not_atomic@not_atomic	Legal	0	-	130	0.071702
sqlite3	G_STORE	initial	first	i16,p0	i16@32@not_atomic@not_atomic	Legal	0	-	126	0.069496
sqlite3	G_STORE	initial	first	f64,p0	f64@64@not_atomic@not_atomic	Legal	0	-	109	0.060120
sqlite3	G_CONSTANT	initial	first	i16	-	Legal	0	-	102	0.056259
sqlite3	G_LOAD	initial	first	i8,p0	i8@16@not_atomic@not_atomic	Legal	0	-	99	0.054604
sqlite3	G_LOAD	initial	first	i8,p0	i8@64@not_atomic@not_atomic	Legal	0	-	98	0.054053
sqlite3	G_MUL	initial	first	i32	-	Legal	0	-	98	0.054053
sqlite3	G_ZEXTLOAD	initial	first	i32,p0	i8@16@not_atomic@not_atomic	Legal	0	-	97	0.053501
sqlite3	G_LSHR	initial	first	i32,i32	-	Custom	0	-	95	0.052398
sqlite3	G_LSHR	initial	revisit	i32,i64	-	Legal	0	-	95	0.052398
sqlite3	G_STORE	initial	first	i16,p0	i16@16@not_atomic@not_atomic	Legal	0	-	93	0.051295
sqlite3	G_SELECT	initial	first	i32,i1	-	WidenScalar	1	i32	88	0.048537
sqlite3	G_FCONSTANT	initial	first	f64	-	Legal	0	-	84	0.046331
sqlite3	G_SELECT	initial	revisit	p0,i32	-	Legal	0	-	83	0.045779
sqlite3	G_STORE	initial	first	s128,p0	s128@8@not_atomic@not_atomic	Legal	0	-	80	0.044125
sqlite3	G_ZEXTLOAD	initial	first	i32,p0	i8@32@not_atomic@not_atomic	Legal	0	-	74	0.040815
sqlite3	G_PHI	initial	first	i32	-	Legal	0	-	69	0.038057
sqlite3	G_STORE	initial	first	i64,p0	i64@8@not_atomic@not_atomic	Legal	0	-	64	0.035300
sqlite3	G_PTRTOINT	initial	first	i64,p0	-	Legal	0	-	62	0.034197
sqlite3	G_PHI	initial	first	p0	-	Legal	0	-	61	0.033645
sqlite3	G_SDIV	initial	first	i32	-	Legal	0	-	60	0.033093
sqlite3	G_SUB	initial	first	i64	-	Legal	0	-	58	0.031990
sqlite3	G_STORE	initial	revisit	i32,p0	i32@32@not_atomic@not_atomic	Legal	0	-	55	0.030336
sqlite3	G_MEMCPY	initial	first	p0,p0,i64	s8@8@not_atomic@not_atomic,s8@8@not_atomic@not_atomic	Libcall	0	-	54	0.029784
sqlite3	G_LOAD	initial	first	i32,p0	i8@8@not_atomic@not_atomic	Legal	0	-	53	0.029233
sqlite3	G_STORE	initial	first	i8,p0	i8@32@not_atomic@not_atomic	Legal	0	-	53	0.029233
sqlite3	G_STORE	initial	first	f128,p0	s128@64@not_atomic@not_atomic	Legal	0	-	52	0.028681
sqlite3	G_SEXTLOAD	initial	first	i32,p0	i16@64@not_atomic@not_atomic	Legal	0	-	51	0.028129
sqlite3	G_LOAD	initial	first	f128,p0	s128@64@not_atomic@not_atomic	Legal	0	-	49	0.027026
sqlite3	G_LOAD	initial	first	i8,p0	i8@32@not_atomic@not_atomic	Legal	0	-	44	0.024268
sqlite3	G_STORE	initial	first	i32,p0	i32@8@not_atomic@not_atomic	Legal	0	-	44	0.024268
sqlite3	G_SELECT	initial	first	p0,i1	-	WidenScalar	1	i32	42	0.023165
sqlite3	G_ZEXTLOAD	initial	first	i64,p0	i32@32@not_atomic@not_atomic	Legal	0	-	40	0.022062
sqlite3	G_ZEXTLOAD	initial	first	i64,p0	i8@8@not_atomic@not_atomic	Legal	0	-	40	0.022062
sqlite3	G_ZEXT	initial	first	i64,i32	-	Legal	0	-	39	0.021511
sqlite3	G_LOAD	initial	first	f128,p0	f128@128@not_atomic@not_atomic	Legal	0	-	37	0.020408
sqlite3	G_MEMSET	initial	first	p0,i8,i64	s8@64@not_atomic@not_atomic	Libcall	0	-	36	0.019856
sqlite3	G_STORE	initial	first	p0,p0	p0@8@not_atomic@not_atomic	Legal	0	-	34	0.018753
sqlite3	G_SITOFP	initial	first	f64,i32	-	Legal	0	-	32	0.017650
sqlite3	G_MEMCPY	initial	first	p0,p0,i64	s8@64@not_atomic@not_atomic,s8@64@not_atomic@not_atomic	Libcall	0	-	30	0.016547
sqlite3	G_FADD	initial	first	f64	-	Legal	0	-	29	0.015995
sqlite3	G_FPTOSI	initial	first	i32,f64	-	Legal	0	-	27	0.014892
sqlite3	G_INTTOPTR	initial	first	p0,i64	-	Legal	0	-	25	0.013789
sqlite3	G_STORE	initial	first	f128,p0	f128@128@not_atomic@not_atomic	Legal	0	-	25	0.013789
sqlite3	G_STORE	initial	first	i16,p0	i16@64@not_atomic@not_atomic	Legal	0	-	25	0.013789
sqlite3	G_FCONSTANT	initial	first	f128	-	Legal	0	-	24	0.013237
sqlite3	G_ADD	initial	revisit	i32	-	Legal	0	-	23	0.012686
sqlite3	G_ASHR	initial	first	i32,i32	-	Custom	0	-	23	0.012686
sqlite3	G_ASHR	initial	revisit	i32,i64	-	Legal	0	-	23	0.012686
sqlite3	G_FMUL	initial	first	f64	-	Legal	0	-	23	0.012686
sqlite3	G_FCMP	initial	first	i1,f64	-	WidenScalar	0	i32	22	0.012134
sqlite3	G_FCMP	initial	revisit	i32,f64	-	Legal	0	-	22	0.012134
sqlite3	G_XOR	initial	first	i32	-	Legal	0	-	22	0.012134
sqlite3	G_SEXTLOAD	initial	first	i32,p0	i8@8@not_atomic@not_atomic	Legal	0	-	21	0.011583
sqlite3	G_FDIV	initial	first	f64	-	Legal	0	-	19	0.010480
sqlite3	G_FSUB	initial	first	f64	-	Legal	0	-	19	0.010480
sqlite3	G_OR	initial	first	i64	-	Legal	0	-	19	0.010480
sqlite3	G_AND	initial	first	i64	-	Legal	0	-	18	0.009928
sqlite3	G_SEXTLOAD	initial	first	i32,p0	i16@16@not_atomic@not_atomic	Legal	0	-	17	0.009376
sqlite3	G_MEMSET	initial	first	p0,i8,i64	s8@8@not_atomic@not_atomic	Libcall	0	-	16	0.008825
sqlite3	G_MUL	generated	first	i32	-	Legal	0	-	16	0.008825
sqlite3	G_SUB	generated	first	i32	-	Legal	0	-	16	0.008825
sqlite3	G_FMUL	initial	first	f128	-	Libcall	0	-	15	0.008273
sqlite3	G_SITOFP	initial	first	f64,i64	-	Legal	0	-	13	0.007170
sqlite3	G_ZEXTLOAD	initial	first	i32,p0	s8@32@not_atomic@not_atomic	Legal	0	-	13	0.007170
sqlite3	G_CONSTANT	initial	first	s64	-	Legal	0	-	12	0.006619
sqlite3	G_PTR_ADD	initial	first	p0,s64	-	Legal	0	-	12	0.006619
sqlite3	G_SDIV	generated	first	i32	-	Legal	0	-	12	0.006619
sqlite3	G_SREM	initial	first	i32	-	Lower	0	-	12	0.006619
sqlite3	G_STORE	initial	first	i32,p0	s32@8@not_atomic@not_atomic	Legal	0	-	12	0.006619
sqlite3	G_UDIV	initial	first	i32	-	Legal	0	-	12	0.006619
sqlite3	G_LOAD	initial	first	i32,p0	s32@8@not_atomic@not_atomic	Legal	0	-	11	0.006067
sqlite3	G_PHI	initial	first	i64	-	Legal	0	-	11	0.006067
sqlite3	G_VASTART	initial	first	p0	s256@64@not_atomic@not_atomic	Legal	0	-	11	0.006067
sqlite3	G_ZEXTLOAD	initial	first	i64,p0	i16@32@not_atomic@not_atomic	Legal	0	-	11	0.006067
sqlite3	G_BRJT	initial	first	p0,i64	-	Legal	0	-	10	0.005516
sqlite3	G_JUMP_TABLE	initial	first	p0	-	Legal	0	-	10	0.005516
sqlite3	G_LOAD	initial	first	i16,p0	i16@16@not_atomic@not_atomic	Legal	0	-	10	0.005516
sqlite3	G_ADD	initial	first	i8	-	WidenScalar	0	i32	9	0.004964
sqlite3	G_FCMP	initial	first	i1,f128	-	WidenScalar	0	i32	9	0.004964
sqlite3	G_FCMP	initial	revisit	i32,f128	-	Libcall	0	-	9	0.004964
sqlite3	G_FMA	initial	first	f64	-	Legal	0	-	9	0.004964
sqlite3	G_ICMP	generated	first	i32,i32	-	Legal	0	-	9	0.004964
sqlite3	G_TRUNC	generated	first	i8,i32	-	Legal	0	-	9	0.004964
sqlite3	G_ADD	initial	first	i16	-	WidenScalar	0	i32	8	0.004412
sqlite3	G_LOAD	initial	first	i16,p0	i16@32@not_atomic@not_atomic	Legal	0	-	8	0.004412
sqlite3	G_LOAD	initial	first	i64,p0	s64@64@not_atomic@not_atomic	Legal	0	-	8	0.004412
sqlite3	G_MUL	generated	first	i64	-	Legal	0	-	8	0.004412
sqlite3	G_SUB	generated	first	i64	-	Legal	0	-	8	0.004412
sqlite3	G_ZEXTLOAD	initial	first	i64,p0	i32@64@not_atomic@not_atomic	Legal	0	-	8	0.004412
sqlite3	G_ANYEXT	generated	first	i32,i8	-	Legal	0	-	7	0.003861
sqlite3	G_SDIV	initial	first	i64	-	Legal	0	-	7	0.003861
sqlite3	G_STORE	initial	first	i64,p0	s64@64@not_atomic@not_atomic	Legal	0	-	7	0.003861
sqlite3	G_ZEXTLOAD	initial	first	i64,p0	i16@16@not_atomic@not_atomic	Legal	0	-	7	0.003861
sqlite3	G_FPTOSI	initial	first	i64,f64	-	Legal	0	-	6	0.003309
sqlite3	G_LOAD	initial	first	i16,p0	s16@8@not_atomic@not_atomic	Legal	0	-	6	0.003309
sqlite3	G_LOAD	initial	first	i32,p0	i32@128@not_atomic@not_atomic	Legal	0	-	6	0.003309
sqlite3	G_LSHR	initial	first	i64,i64	-	Legal	0	-	6	0.003309
sqlite3	G_TRUNC	initial	first	i8,i64	-	Legal	0	-	6	0.003309
sqlite3	G_UDIV	generated	first	i64	-	Legal	0	-	6	0.003309
sqlite3	G_UREM	initial	first	i64	-	Lower	0	-	6	0.003309
sqlite3	G_ZEXTLOAD	initial	first	i32,p0	i16@64@not_atomic@not_atomic	Legal	0	-	6	0.003309
sqlite3	G_AND	generated	first	i64	-	Legal	0	-	5	0.002758
sqlite3	G_ANYEXT	generated	first	i64,i32	-	Legal	0	-	5	0.002758
sqlite3	G_SEXTLOAD	initial	first	i32,p0	i8@64@not_atomic@not_atomic	Legal	0	-	5	0.002758
sqlite3	G_SEXTLOAD	initial	first	i64,p0	i16@64@not_atomic@not_atomic	Legal	0	-	5	0.002758
sqlite3	G_STORE	initial	first	i64,p0	s64@8@not_atomic@not_atomic	Legal	0	-	5	0.002758
sqlite3	G_TRUNC	generated	first	i32,i64	-	Legal	0	-	5	0.002758
sqlite3	G_TRUNC	initial	first	i8,i16	-	Legal	0	-	5	0.002758
sqlite3	G_XOR	initial	first	i64	-	Legal	0	-	5	0.002758
sqlite3	G_ASHR	initial	first	i64,i64	-	Legal	0	-	4	0.002206
sqlite3	G_FADD	initial	first	f128	-	Libcall	0	-	4	0.002206
sqlite3	G_FNEG	initial	first	f64	-	Legal	0	-	4	0.002206
sqlite3	G_LOAD	initial	first	f128,p0	s128@8@not_atomic@not_atomic	Legal	0	-	4	0.002206
sqlite3	G_LOAD	initial	first	i64,p0	s64@8@not_atomic@not_atomic	Legal	0	-	4	0.002206
sqlite3	G_MEMSET	initial	first	p0,i8,i64	s8@32@not_atomic@not_atomic	Libcall	0	-	4	0.002206
sqlite3	G_PTRTOINT	initial	first	i32,p0	-	WidenScalar	0	i64	4	0.002206
sqlite3	G_PTRTOINT	initial	revisit	i64,p0	-	Legal	0	-	4	0.002206
sqlite3	G_SEXTLOAD	initial	first	i32,p0	i16@32@not_atomic@not_atomic	Legal	0	-	4	0.002206
sqlite3	G_STORE	initial	first	i16,p0	s16@8@not_atomic@not_atomic	Legal	0	-	4	0.002206
sqlite3	G_UDIV	generated	first	i32	-	Legal	0	-	4	0.002206
sqlite3	G_UREM	initial	first	i32	-	Lower	0	-	4	0.002206
sqlite3	G_XOR	generated	first	i64	-	Legal	0	-	4	0.002206
sqlite3	G_XOR	generated	revisit	i64	-	Legal	0	-	4	0.002206
sqlite3	G_FPEXT	initial	first	f128,f64	-	Libcall	0	-	3	0.001655
sqlite3	G_ICMP	initial	first	i1,i16	-	WidenScalar	1	i32	3	0.001655
sqlite3	G_LOAD	initial	first	i32,p0	s32@32@not_atomic@not_atomic	Legal	0	-	3	0.001655
sqlite3	G_LOAD	initial	first	p0,p0	p0@128@not_atomic@not_atomic	Legal	0	-	3	0.001655
sqlite3	G_MEMCPY	initial	first	p0,p0,i64	s8@64@not_atomic@not_atomic,s8@8@not_atomic@not_atomic	Libcall	0	-	3	0.001655
sqlite3	G_SITOFP	initial	first	f128,i32	-	Libcall	0	-	3	0.001655
sqlite3	G_UDIV	initial	first	i64	-	Legal	0	-	3	0.001655
sqlite3	G_ZEXT	generated	first	i32,i16	-	Legal	0	-	3	0.001655
sqlite3	G_ZEXTLOAD	initial	first	i64,p0	i8@64@not_atomic@not_atomic	Legal	0	-	3	0.001655
sqlite3	G_BITCAST	generated	first	f128,i128	-	Legal	0	-	2	0.001103
sqlite3	G_BITCAST	generated	first	i128,f128	-	Legal	0	-	2	0.001103
sqlite3	G_CONSTANT	generated	first	i128	-	NarrowScalar	0	i64	2	0.001103
sqlite3	G_FDIV	initial	first	f128	-	Libcall	0	-	2	0.001103
sqlite3	G_FNEG	initial	first	f128	-	Lower	0	-	2	0.001103
sqlite3	G_LOAD	initial	first	i16,p0	i16@64@not_atomic@not_atomic	Legal	0	-	2	0.001103
sqlite3	G_LOAD	initial	first	i32,p0	i8@16@not_atomic@not_atomic	Legal	0	-	2	0.001103
sqlite3	G_LOAD	initial	first	i32,p0	i8@64@not_atomic@not_atomic	Legal	0	-	2	0.001103
sqlite3	G_LOAD	initial	first	i64,p0	s64@32@not_atomic@not_atomic	Legal	0	-	2	0.001103
sqlite3	G_LOAD	initial	first	i8,p0	s8@8@not_atomic@not_atomic	Legal	0	-	2	0.001103
sqlite3	G_MEMCPY	initial	first	p0,p0,i64	s8@32@not_atomic@not_atomic,s8@32@not_atomic@not_atomic	Libcall	0	-	2	0.001103
sqlite3	G_MEMCPY	initial	first	p0,p0,i64	s8@32@not_atomic@not_atomic,s8@64@not_atomic@not_atomic	Libcall	0	-	2	0.001103
sqlite3	G_MERGE_VALUES	generated	first	i128,i64	-	Legal	0	-	2	0.001103
sqlite3	G_MUL	initial	revisit	i32	-	Legal	0	-	2	0.001103
sqlite3	G_PHI	generated	first	f64	-	Legal	0	-	2	0.001103
sqlite3	G_SDIV	generated	first	i64	-	Legal	0	-	2	0.001103
sqlite3	G_SREM	initial	first	i64	-	Lower	0	-	2	0.001103
sqlite3	G_STORE	initial	first	<2 x i64>,p0	<2 x i64>@64@not_atomic@not_atomic	Legal	0	-	2	0.001103
sqlite3	G_STORE	initial	first	i16,p0	s16@64@not_atomic@not_atomic	Legal	0	-	2	0.001103
sqlite3	G_STORE	initial	first	i32,p0	s32@32@not_atomic@not_atomic	Legal	0	-	2	0.001103
sqlite3	G_STORE	initial	first	i64,p0	s64@32@not_atomic@not_atomic	Legal	0	-	2	0.001103
sqlite3	G_STORE	initial	first	i8,p0	s8@8@not_atomic@not_atomic	Legal	0	-	2	0.001103
sqlite3	G_SUB	initial	revisit	i32	-	Legal	0	-	2	0.001103
sqlite3	G_UITOFP	initial	first	f64,i32	-	Legal	0	-	2	0.001103
sqlite3	G_UNMERGE_VALUES	generated	first	f64,f128	-	Legal	0	-	2	0.001103
sqlite3	G_UNMERGE_VALUES	generated	first	i64,i128	-	Legal	0	-	2	0.001103
sqlite3	G_XOR	generated	first	i128	-	NarrowScalar	0	i64	2	0.001103
sqlite3	G_BUILD_VECTOR	initial	first	<2 x i64>,i64	-	Legal	0	-	1	0.000552
sqlite3	G_FPTOSI	initial	first	i32,f128	-	Libcall	0	-	1	0.000552
sqlite3	G_FPTOUI	initial	first	i64,f64	-	Legal	0	-	1	0.000552
sqlite3	G_FPTRUNC	initial	first	f64,f128	-	Libcall	0	-	1	0.000552
sqlite3	G_FSUB	initial	first	f128	-	Libcall	0	-	1	0.000552
sqlite3	G_LOAD	initial	first	i32,p0	i16@16@not_atomic@not_atomic	Legal	0	-	1	0.000552
sqlite3	G_MEMCPY	initial	first	p0,p0,i64	s8@8@not_atomic@not_atomic,s8@64@not_atomic@not_atomic	Libcall	0	-	1	0.000552
sqlite3	G_MEMMOVE	initial	first	p0,p0,i64	s8@8@not_atomic@not_atomic,s8@8@not_atomic@not_atomic	Libcall	0	-	1	0.000552
sqlite3	G_MEMMOVE	initial	first	p0,p0,i64	s8@64@not_atomic@not_atomic,s8@64@not_atomic@not_atomic	Libcall	0	-	1	0.000552
sqlite3	G_MERGE_VALUES	generated	first	f128,f64	-	Legal	0	-	1	0.000552
sqlite3	G_OR	initial	revisit	i32	-	Legal	0	-	1	0.000552
sqlite3	G_PHI	initial	first	f128	-	NarrowScalar	0	f64	1	0.000552
sqlite3	G_PHI	initial	first	f64	-	Legal	0	-	1	0.000552
sqlite3	G_SEXTLOAD	initial	first	i64,p0	i8@8@not_atomic@not_atomic	Legal	0	-	1	0.000552
sqlite3	G_SEXT_INREG	generated	first	i64	-	Legal	0	-	1	0.000552
sqlite3	G_STORE	initial	first	f128,p0	s128@8@not_atomic@not_atomic	Legal	0	-	1	0.000552
sqlite3	G_XOR	initial	first	i1	-	WidenScalar	0	i32	1	0.000552
sqlite3	G_XOR	initial	revisit	i32	-	Legal	0	-	1	0.000552
sqlite3	G_ZEXTLOAD	initial	first	i64,p0	i8@16@not_atomic@not_atomic	Legal	0	-	1	0.000552
sqlite3	G_ZEXTLOAD	initial	first	i64,p0	s8@64@not_atomic@not_atomic	Legal	0	-	1	0.000552
tramp3d-v4	G_FRAME_INDEX	initial	first	p0	-	Legal	0	-	39765	24.730862
tramp3d-v4	G_LOAD	initial	first	p0,p0	p0@64@not_atomic@not_atomic	Legal	0	-	28439	17.686935
tramp3d-v4	G_STORE	initial	first	p0,p0	p0@64@not_atomic@not_atomic	Legal	0	-	23008	14.309259
tramp3d-v4	G_PTR_ADD	initial	first	p0,i64	-	Legal	0	-	8600	5.348558
tramp3d-v4	G_CONSTANT	initial	first	i64	-	Legal	0	-	8382	5.212978
tramp3d-v4	G_BR	initial	first	-	-	Legal	0	-	7639	4.750888
tramp3d-v4	G_BRCOND	initial	revisit	i32	-	Legal	0	-	4966	3.088481
tramp3d-v4	G_LOAD	initial	first	i32,p0	i32@32@not_atomic@not_atomic	Legal	0	-	4228	2.629500
tramp3d-v4	G_STORE	initial	first	i32,p0	i32@32@not_atomic@not_atomic	Legal	0	-	3406	2.118278
tramp3d-v4	G_BRCOND	initial	first	i1	-	WidenScalar	0	i32	2983	1.855203
tramp3d-v4	G_CONSTANT	initial	first	i32	-	Legal	0	-	2899	1.802962
tramp3d-v4	G_AND	generated	first	i32	-	Legal	0	-	1955	1.215864
tramp3d-v4	G_CONSTANT	generated	first	i32	-	Legal	0	-	1669	1.037993
tramp3d-v4	G_ICMP	initial	revisit	i32,i32	-	Legal	0	-	1390	0.864476
tramp3d-v4	G_LOAD	initial	first	i64,p0	i64@64@not_atomic@not_atomic	Legal	0	-	1259	0.783004
tramp3d-v4	G_ICMP	initial	first	i1,i32	-	WidenScalar	0	i32	1117	0.694691
tramp3d-v4	G_STORE	initial	first	i64,p0	i64@64@not_atomic@not_atomic	Legal	0	-	1083	0.673545
tramp3d-v4	G_GLOBAL_VALUE	initial	first	p0	-	Custom	0	-	925	0.575281
tramp3d-v4	G_ADD	initial	first	i32	-	Legal	0	-	908	0.564708
tramp3d-v4	G_LOAD	initial	first	f64,p0	f64@64@not_atomic@not_atomic	Legal	0	-	713	0.443433
tramp3d-v4	G_SEXTLOAD	initial	first	i64,p0	i32@32@not_atomic@not_atomic	Legal	0	-	677	0.421043
tramp3d-v4	G_ICMP	initial	first	i1,p0	-	WidenScalar	0	i32	587	0.365070
tramp3d-v4	G_ICMP	initial	revisit	i32,p0	-	Legal	0	-	587	0.365070
tramp3d-v4	G_STORE	initial	first	i64,p0	s64@64@not_atomic@not_atomic	Legal	0	-	536	0.333352
tramp3d-v4	G_PTRTOINT	initial	first	i64,p0	-	Legal	0	-	533	0.331486
tramp3d-v4	G_LOAD	initial	first	i64,p0	s64@64@not_atomic@not_atomic	Legal	0	-	520	0.323401
tramp3d-v4	G_INTTOPTR	initial	first	p0,i64	-	Legal	0	-	515	0.320292
tramp3d-v4	G_CONSTANT	initial	first	p0	-	Legal	0	-	506	0.314694
tramp3d-v4	G_STORE	initial	first	f64,p0	f64@64@not_atomic@not_atomic	Legal	0	-	461	0.286708
tramp3d-v4	G_STORE	initial	first	i8,p0	i8@8@not_atomic@not_atomic	Legal	0	-	460	0.286086
tramp3d-v4	G_SHL	initial	first	i64,i64	-	Legal	0	-	454	0.282354
tramp3d-v4	G_CONSTANT	initial	first	i8	-	Legal	0	-	410	0.254989
tramp3d-v4	G_TRUNC	generated	first	i8,i32	-	Legal	0	-	395	0.245661
tramp3d-v4	G_CONSTANT	initial	first	i1	-	WidenScalar	0	i8	394	0.245039
tramp3d-v4	G_CONSTANT	initial	revisit	i8	-	Legal	0	-	394	0.245039
tramp3d-v4	G_AND	generated	revisit	i32	-	Legal	0	-	363	0.225759
tramp3d-v4	G_MUL	initial	first	i64	-	Legal	0	-	339	0.210833
tramp3d-v4	G_AND	generated	first	i8	-	WidenScalar	0	i32	311	0.193419
tramp3d-v4	G_ZEXTLOAD	initial	first	i64,p0	i8@8@not_atomic@not_atomic	Legal	0	-	296	0.184090
tramp3d-v4	G_ICMP	initial	first	i1,i64	-	WidenScalar	0	i32	283	0.176005
tramp3d-v4	G_ICMP	initial	revisit	i32,i64	-	Legal	0	-	283	0.176005
tramp3d-v4	G_STORE	generated	first	i8,p0	i8@8@not_atomic@not_atomic	Legal	0	-	260	0.161701
tramp3d-v4	G_STORE	initial	first	i1,p0	i1@8@not_atomic@not_atomic	WidenScalar	0	i8	260	0.161701
tramp3d-v4	G_STORE	initial	revisit	i8,p0	i1@8@not_atomic@not_atomic	Lower	0	-	260	0.161701
tramp3d-v4	G_ICMP	initial	first	i1,i8	-	WidenScalar	1	i32	256	0.159213
tramp3d-v4	G_ICMP	initial	revisit	i1,i32	-	WidenScalar	0	i32	256	0.159213
tramp3d-v4	G_ZEXT	generated	first	i32,i8	-	Legal	0	-	239	0.148640
tramp3d-v4	G_SUB	initial	first	i64	-	Legal	0	-	216	0.134336
tramp3d-v4	G_CONSTANT	generated	first	i8	-	Legal	0	-	212	0.131848
tramp3d-v4	G_LOAD	initial	first	i8,p0	i8@8@not_atomic@not_atomic	Legal	0	-	202	0.125629
tramp3d-v4	G_STORE	initial	first	i32,p0	i32@64@not_atomic@not_atomic	Legal	0	-	196	0.121897
tramp3d-v4	G_FMUL	initial	first	f64	-	Legal	0	-	190	0.118166
tramp3d-v4	G_SDIV	initial	first	i64	-	Legal	0	-	177	0.110081
tramp3d-v4	G_FCONSTANT	initial	first	f64	-	Legal	0	-	167	0.103862
tramp3d-v4	G_TRUNC	initial	first	i8,i64	-	Legal	0	-	166	0.103240
tramp3d-v4	G_LOAD	initial	first	i32,p0	i32@64@not_atomic@not_atomic	Legal	0	-	147	0.091423
tramp3d-v4	G_ANYEXT	generated	first	i32,i8	-	Legal	0	-	143	0.088935
tramp3d-v4	G_TRUNC	initial	first	i32,i64	-	Legal	0	-	137	0.085204
tramp3d-v4	G_STORE	initial	first	f128,p0	s128@64@not_atomic@not_atomic	Legal	0	-	130	0.080850
tramp3d-v4	G_LOAD	generated	first	i8,p0	i8@8@not_atomic@not_atomic	Legal	0	-	126	0.078363
tramp3d-v4	G_LOAD	initial	first	i1,p0	i1@8@not_atomic@not_atomic	Lower	0	-	126	0.078363
tramp3d-v4	G_STORE	initial	revisit	i8,p0	i8@8@not_atomic@not_atomic	Legal	0	-	126	0.078363
tramp3d-v4	G_FSUB	initial	first	f64	-	Legal	0	-	123	0.076497
tramp3d-v4	G_LOAD	initial	first	f128,p0	s128@64@not_atomic@not_atomic	Legal	0	-	114	0.070899
tramp3d-v4	G_SEXT	initial	first	i64,i32	-	Legal	0	-	110	0.068412
tramp3d-v4	G_ADD	initial	first	i64	-	Legal	0	-	107	0.066546
tramp3d-v4	G_MUL	initial	first	i32	-	Legal	0	-	100	0.062193
tramp3d-v4	G_TRUNC	initial	first	i8,i32	-	Legal	0	-	100	0.062193
tramp3d-v4	G_FMA	initial	first	f64	-	Legal	0	-	99	0.061571
tramp3d-v4	G_STORE	initial	first	i8,p0	i8@64@not_atomic@not_atomic	Legal	0	-	87	0.054108
tramp3d-v4	G_FDIV	initial	first	f64	-	Legal	0	-	69	0.042913
tramp3d-v4	G_PHI	initial	first	p0	-	Legal	0	-	68	0.042291
tramp3d-v4	G_SUB	initial	first	i32	-	Legal	0	-	65	0.040425
tramp3d-v4	G_CONSTANT	generated	first	i16	-	Legal	0	-	57	0.035450
tramp3d-v4	G_PHI	initial	revisit	i16	-	Legal	0	-	57	0.035450
tramp3d-v4	G_PHI	initial	first	i1	-	WidenScalar	0	i16	53	0.032962
tramp3d-v4	G_ANYEXT	generated	first	i32,i16	-	Legal	0	-	49	0.030474
tramp3d-v4	G_TRUNC	generated	first	i16,i32	-	Legal	0	-	49	0.030474
tramp3d-v4	G_FADD	initial	first	f64	-	Legal	0	-	45	0.027987
tramp3d-v4	G_LOAD	initial	first	i8,p0	i8@64@not_atomic@not_atomic	Legal	0	-	42	0.026121
tramp3d-v4	G_FCMP	initial	first	i1,f64	-	WidenScalar	0	i32	39	0.024255
tramp3d-v4	G_FCMP	initial	revisit	i32,f64	-	Legal	0	-	39	0.024255
tramp3d-v4	G_LOAD	initial	first	f128,p0	s128@32@not_atomic@not_atomic	Legal	0	-	31	0.019280
tramp3d-v4	G_LOAD	initial	first	i64,p0	s64@32@not_atomic@not_atomic	Legal	0	-	29	0.018036
tramp3d-v4	G_UDIV	initial	first	i64	-	Legal	0	-	25	0.015548
tramp3d-v4	G_LOAD	initial	first	i32,p0	s32@64@not_atomic@not_atomic	Legal	0	-	24	0.014926
tramp3d-v4	G_STORE	initial	first	i32,p0	s32@64@not_atomic@not_atomic	Legal	0	-	24	0.014926
tramp3d-v4	G_STORE	initial	first	p0,p0	p0@8@not_atomic@not_atomic	Legal	0	-	22	0.013682
tramp3d-v4	G_XOR	initial	revisit	i32	-	Legal	0	-	22	0.013682
tramp3d-v4	G_PHI	initial	first	i64	-	Legal	0	-	21	0.013060
tramp3d-v4	G_FNEG	initial	first	f64	-	Legal	0	-	20	0.012439
tramp3d-v4	G_AND	initial	first	i8	-	WidenScalar	0	i32	17	0.010573
tramp3d-v4	G_AND	initial	revisit	i32	-	Legal	0	-	17	0.010573
tramp3d-v4	G_SDIV	initial	first	i32	-	Legal	0	-	16	0.009951
tramp3d-v4	G_SELECT	initial	revisit	i32,i32	-	Legal	0	-	16	0.009951
tramp3d-v4	G_PHI	initial	first	f64	-	Legal	0	-	15	0.009329
tramp3d-v4	G_STORE	initial	first	f128,p0	s128@32@not_atomic@not_atomic	Legal	0	-	15	0.009329
tramp3d-v4	G_STORE	initial	first	i8,p0	i8@32@not_atomic@not_atomic	Legal	0	-	14	0.008707
tramp3d-v4	G_STORE	initial	first	i64,p0	s64@32@not_atomic@not_atomic	Legal	0	-	13	0.008085
tramp3d-v4	G_ZEXTLOAD	initial	first	i32,p0	i8@8@not_atomic@not_atomic	Legal	0	-	13	0.008085
tramp3d-v4	G_LOAD	initial	first	i8,p0	i8@64@acquire@not_atomic	Legal	0	-	12	0.007463
tramp3d-v4	G_LOAD	initial	first	p0,p0	p0@128@not_atomic@not_atomic	Legal	0	-	11	0.006841
tramp3d-v4	G_PHI	initial	first	i32	-	Legal	0	-	11	0.006841
tramp3d-v4	G_SITOFP	initial	first	f64,i32	-	Legal	0	-	11	0.006841
tramp3d-v4	G_XOR	initial	first	i1	-	WidenScalar	0	i32	11	0.006841
tramp3d-v4	G_CONSTANT	generated	first	i64	-	Legal	0	-	10	0.006219
tramp3d-v4	G_MEMMOVE	initial	first	p0,p0,i64	s8@64@not_atomic@not_atomic,s8@64@not_atomic@not_atomic	Libcall	0	-	10	0.006219
tramp3d-v4	G_TRAP	initial	first	-	-	Legal	0	-	10	0.006219
tramp3d-v4	G_AND	initial	first	i32	-	Legal	0	-	9	0.005597
tramp3d-v4	G_STORE	initial	revisit	i8,p0	i8@64@not_atomic@not_atomic	Legal	0	-	9	0.005597
tramp3d-v4	G_MUL	generated	first	i32	-	Legal	0	-	8	0.004975
tramp3d-v4	G_SDIV	generated	first	i32	-	Legal	0	-	8	0.004975
tramp3d-v4	G_SELECT	initial	revisit	i64,i32	-	Legal	0	-	8	0.004975
tramp3d-v4	G_SREM	initial	first	i32	-	Lower	0	-	8	0.004975
tramp3d-v4	G_STORE	initial	first	i8,p0	i8@16@not_atomic@not_atomic	Legal	0	-	8	0.004975
tramp3d-v4	G_STORE	initial	first	s128,p0	s128@8@not_atomic@not_atomic	Legal	0	-	8	0.004975
tramp3d-v4	G_SUB	generated	first	i32	-	Legal	0	-	8	0.004975
tramp3d-v4	G_SHL	initial	first	i32,i32	-	Custom	0	-	7	0.004353
tramp3d-v4	G_ZEXTLOAD	initial	first	i64,p0	i32@32@not_atomic@not_atomic	Legal	0	-	7	0.004353
tramp3d-v4	G_FABS	initial	first	f64	-	Legal	0	-	6	0.003732
tramp3d-v4	G_ICMP	generated	first	i1,i64	-	WidenScalar	0	i32	6	0.003732
tramp3d-v4	G_ICMP	generated	revisit	i32,i64	-	Legal	0	-	6	0.003732
tramp3d-v4	G_LOAD	initial	first	i32,p0	i8@64@not_atomic@not_atomic	Legal	0	-	6	0.003732
tramp3d-v4	G_SELECT	initial	first	i32,i1	-	WidenScalar	1	i32	6	0.003732
tramp3d-v4	G_AND	initial	first	i64	-	Legal	0	-	5	0.003110
tramp3d-v4	G_LOAD	initial	first	i32,p0	i8@128@not_atomic@not_atomic	Legal	0	-	5	0.003110
tramp3d-v4	G_LOAD	initial	first	i8,p0	i8@32@not_atomic@not_atomic	Legal	0	-	5	0.003110
tramp3d-v4	G_SITOFP	initial	first	f64,i64	-	Legal	0	-	5	0.003110
tramp3d-v4	G_STORE	initial	first	i64,p0	i64@8@not_atomic@not_atomic	Legal	0	-	5	0.003110
tramp3d-v4	G_TRUNC	generated	first	i8,i16	-	Legal	0	-	5	0.003110
tramp3d-v4	G_ZEXTLOAD	initial	first	i64,p0	i32@64@not_atomic@not_atomic	Legal	0	-	5	0.003110
tramp3d-v4	G_LOAD	initial	first	i32,p0	s32@32@not_atomic@not_atomic	Legal	0	-	4	0.002488
tramp3d-v4	G_MUL	initial	revisit	i64	-	Legal	0	-	4	0.002488
tramp3d-v4	G_OR	generated	revisit	i32	-	Legal	0	-	4	0.002488
tramp3d-v4	G_SELECT	initial	first	i64,i1	-	WidenScalar	1	i32	4	0.002488
tramp3d-v4	G_STORE	initial	first	i32,p0	s32@32@not_atomic@not_atomic	Legal	0	-	4	0.002488
tramp3d-v4	G_UMULH	generated	first	i64	-	Legal	0	-	4	0.002488
tramp3d-v4	G_UMULO	initial	first	i64,i1	-	Lower	0	-	4	0.002488
tramp3d-v4	G_LOAD	initial	first	f128,p0	s128@8@not_atomic@not_atomic	Legal	0	-	3	0.001866
tramp3d-v4	G_OR	initial	first	i32	-	Legal	0	-	3	0.001866
tramp3d-v4	G_STORE	initial	first	f128,p0	s128@8@not_atomic@not_atomic	Legal	0	-	3	0.001866
tramp3d-v4	G_STORE	initial	first	i64,p0	i64@128@not_atomic@not_atomic	Legal	0	-	3	0.001866
tramp3d-v4	G_STORE	initial	first	i8,p0	s8@64@not_atomic@not_atomic	Legal	0	-	3	0.001866
tramp3d-v4	G_STORE	initial	revisit	i8,p0	i8@32@not_atomic@not_atomic	Legal	0	-	3	0.001866
tramp3d-v4	G_XOR	initial	first	i32	-	Legal	0	-	3	0.001866
tramp3d-v4	G_AND	generated	first	i64	-	Legal	0	-	2	0.001244
tramp3d-v4	G_BITCAST	generated	first	i64,f64	-	Legal	0	-	2	0.001244
tramp3d-v4	G_CONSTANT	generated	first	i1	-	WidenScalar	0	i8	2	0.001244
tramp3d-v4	G_CONSTANT	generated	revisit	i8	-	Legal	0	-	2	0.001244
tramp3d-v4	G_FPTOSI	initial	first	i32,f64	-	Legal	0	-	2	0.001244
tramp3d-v4	G_IS_FPCLASS	initial	first	i1,f64	-	Lower	0	-	2	0.001244
tramp3d-v4	G_LOAD	initial	first	i8,p0	i8@16@not_atomic@not_atomic	Legal	0	-	2	0.001244
tramp3d-v4	G_LOAD	initial	first	i8,p0	s8@64@not_atomic@not_atomic	Legal	0	-	2	0.001244
tramp3d-v4	G_MEMMOVE	initial	first	p0,p0,i64	s8@32@not_atomic@not_atomic,s8@32@not_atomic@not_atomic	Libcall	0	-	2	0.001244
tramp3d-v4	G_MUL	generated	first	i64	-	Legal	0	-	2	0.001244
tramp3d-v4	G_OR	generated	first	i1	-	WidenScalar	0	i32	2	0.001244
tramp3d-v4	G_SDIV	generated	first	i64	-	Legal	0	-	2	0.001244
tramp3d-v4	G_SELECT	initial	first	i1,i1	-	WidenScalar	0	i32	2	0.001244
tramp3d-v4	G_SELECT	initial	revisit	i32,i1	-	WidenScalar	1	i32	2	0.001244
tramp3d-v4	G_SELECT	initial	revisit	p0,i32	-	Legal	0	-	2	0.001244
tramp3d-v4	G_SHL	initial	revisit	i32,i64	-	Legal	0	-	2	0.001244
tramp3d-v4	G_SREM	initial	first	i64	-	Lower	0	-	2	0.001244
tramp3d-v4	G_SUB	generated	first	i64	-	Legal	0	-	2	0.001244
tramp3d-v4	G_ADD	initial	revisit	i32	-	Legal	0	-	1	0.000622
tramp3d-v4	G_CTLZ	initial	first	i64,i64	-	Legal	0	-	1	0.000622
tramp3d-v4	G_LOAD	initial	first	i8,p0	s8@8@not_atomic@not_atomic	Legal	0	-	1	0.000622
tramp3d-v4	G_MEMCPY	initial	first	p0,p0,i64	s8@64@not_atomic@not_atomic,s8@64@not_atomic@not_atomic	Libcall	0	-	1	0.000622
tramp3d-v4	G_MEMSET	initial	first	p0,i8,i64	s8@64@not_atomic@not_atomic	Libcall	0	-	1	0.000622
tramp3d-v4	G_OR	initial	first	i64	-	Legal	0	-	1	0.000622
tramp3d-v4	G_SELECT	initial	first	p0,i1	-	WidenScalar	1	i32	1	0.000622
tramp3d-v4	G_SEXTLOAD	initial	first	i64,p0	i32@64@not_atomic@not_atomic	Legal	0	-	1	0.000622
tramp3d-v4	G_STORE	initial	revisit	i8,p0	i8@16@not_atomic@not_atomic	Legal	0	-	1	0.000622
tramp3d-v4	G_VASTART	initial	first	p0	s256@64@not_atomic@not_atomic	Legal	0	-	1	0.000622
tramp3d-v4	G_XOR	initial	first	i64	-	Legal	0	-	1	0.000622
